<?xml version='1.0' encoding='utf-8'?>
<ns0:urlset xmlns:ns0="http://www.sitemaps.org/schemas/sitemap/0.9">
<url>
		<loc> https://geoconnex.us/ref/states/12 </loc>
		<lastmod> 2022-08-22 17:04:53.374465 </lastmod>
	</url><url>
		<loc> https://geoconnex.us/ref/states/78 </loc>
		<lastmod> 2022-08-22 17:04:53.374503 </lastmod>
	</url><url>
		<loc> https://geoconnex.us/ref/states/30 </loc>
		<lastmod> 2022-08-22 17:04:53.374526 </lastmod>
	</url><url>
		<loc> https://geoconnex.us/ref/states/27 </loc>
		<lastmod> 2022-08-22 17:04:53.374544 </lastmod>
	</url><url>
		<loc> https://geoconnex.us/ref/states/24 </loc>
		<lastmod> 2022-08-22 17:04:53.374561 </lastmod>
	</url><url>
		<loc> https://geoconnex.us/ref/states/45 </loc>
		<lastmod> 2022-08-22 17:04:53.374577 </lastmod>
	</url><url>
		<loc> https://geoconnex.us/ref/states/23 </loc>
		<lastmod> 2022-08-22 17:04:53.374595 </lastmod>
	</url><url>
		<loc> https://geoconnex.us/ref/states/15 </loc>
		<lastmod> 2022-08-22 17:04:53.374611 </lastmod>
	</url><url>
		<loc> https://geoconnex.us/ref/states/11 </loc>
		<lastmod> 2022-08-22 17:04:53.374627 </lastmod>
	</url><url>
		<loc> https://geoconnex.us/ref/states/69 </loc>
		<lastmod> 2022-08-22 17:04:53.374642 </lastmod>
	</url><url>
		<loc> https://geoconnex.us/ref/states/44 </loc>
		<lastmod> 2022-08-22 17:04:53.374658 </lastmod>
	</url><url>
		<loc> https://geoconnex.us/ref/states/31 </loc>
		<lastmod> 2022-08-22 17:04:53.374673 </lastmod>
	</url><url>
		<loc> https://geoconnex.us/ref/states/53 </loc>
		<lastmod> 2022-08-22 17:04:53.374688 </lastmod>
	</url><url>
		<loc> https://geoconnex.us/ref/states/35 </loc>
		<lastmod> 2022-08-22 17:04:53.374703 </lastmod>
	</url><url>
		<loc> https://geoconnex.us/ref/states/72 </loc>
		<lastmod> 2022-08-22 17:04:53.374719 </lastmod>
	</url><url>
		<loc> https://geoconnex.us/ref/states/46 </loc>
		<lastmod> 2022-08-22 17:04:53.374735 </lastmod>
	</url><url>
		<loc> https://geoconnex.us/ref/states/48 </loc>
		<lastmod> 2022-08-22 17:04:53.374751 </lastmod>
	</url><url>
		<loc> https://geoconnex.us/ref/states/06 </loc>
		<lastmod> 2022-08-22 17:04:53.374766 </lastmod>
	</url><url>
		<loc> https://geoconnex.us/ref/states/01 </loc>
		<lastmod> 2022-08-22 17:04:53.374781 </lastmod>
	</url><url>
		<loc> https://geoconnex.us/ref/states/13 </loc>
		<lastmod> 2022-08-22 17:04:53.374797 </lastmod>
	</url><url>
		<loc> https://geoconnex.us/ref/states/05 </loc>
		<lastmod> 2022-08-22 17:04:53.374812 </lastmod>
	</url><url>
		<loc> https://geoconnex.us/ref/states/42 </loc>
		<lastmod> 2022-08-22 17:04:53.374827 </lastmod>
	</url><url>
		<loc> https://geoconnex.us/ref/states/29 </loc>
		<lastmod> 2022-08-22 17:04:53.374842 </lastmod>
	</url><url>
		<loc> https://geoconnex.us/ref/states/49 </loc>
		<lastmod> 2022-08-22 17:04:53.374858 </lastmod>
	</url><url>
		<loc> https://geoconnex.us/ref/states/40 </loc>
		<lastmod> 2022-08-22 17:04:53.374873 </lastmod>
	</url><url>
		<loc> https://geoconnex.us/ref/states/47 </loc>
		<lastmod> 2022-08-22 17:04:53.374888 </lastmod>
	</url><url>
		<loc> https://geoconnex.us/ref/states/56 </loc>
		<lastmod> 2022-08-22 17:04:53.374904 </lastmod>
	</url><url>
		<loc> https://geoconnex.us/ref/states/18 </loc>
		<lastmod> 2022-08-22 17:04:53.374919 </lastmod>
	</url><url>
		<loc> https://geoconnex.us/ref/states/20 </loc>
		<lastmod> 2022-08-22 17:04:53.374934 </lastmod>
	</url><url>
		<loc> https://geoconnex.us/ref/states/16 </loc>
		<lastmod> 2022-08-22 17:04:53.374949 </lastmod>
	</url><url>
		<loc> https://geoconnex.us/ref/states/02 </loc>
		<lastmod> 2022-08-22 17:04:53.374964 </lastmod>
	</url><url>
		<loc> https://geoconnex.us/ref/states/32 </loc>
		<lastmod> 2022-08-22 17:04:53.374980 </lastmod>
	</url><url>
		<loc> https://geoconnex.us/ref/states/17 </loc>
		<lastmod> 2022-08-22 17:04:53.374995 </lastmod>
	</url><url>
		<loc> https://geoconnex.us/ref/states/50 </loc>
		<lastmod> 2022-08-22 17:04:53.375010 </lastmod>
	</url><url>
		<loc> https://geoconnex.us/ref/states/09 </loc>
		<lastmod> 2022-08-22 17:04:53.375025 </lastmod>
	</url><url>
		<loc> https://geoconnex.us/ref/states/34 </loc>
		<lastmod> 2022-08-22 17:04:53.375040 </lastmod>
	</url><url>
		<loc> https://geoconnex.us/ref/states/38 </loc>
		<lastmod> 2022-08-22 17:04:53.375055 </lastmod>
	</url><url>
		<loc> https://geoconnex.us/ref/states/19 </loc>
		<lastmod> 2022-08-22 17:04:53.375071 </lastmod>
	</url><url>
		<loc> https://geoconnex.us/ref/states/33 </loc>
		<lastmod> 2022-08-22 17:04:53.375086 </lastmod>
	</url><url>
		<loc> https://geoconnex.us/ref/states/04 </loc>
		<lastmod> 2022-08-22 17:04:53.375101 </lastmod>
	</url><url>
		<loc> https://geoconnex.us/ref/states/10 </loc>
		<lastmod> 2022-08-22 17:04:53.375117 </lastmod>
	</url><url>
		<loc> https://geoconnex.us/ref/states/66 </loc>
		<lastmod> 2022-08-22 17:04:53.375132 </lastmod>
	</url><url>
		<loc> https://geoconnex.us/ref/states/60 </loc>
		<lastmod> 2022-08-22 17:04:53.375147 </lastmod>
	</url><url>
		<loc> https://geoconnex.us/ref/states/21 </loc>
		<lastmod> 2022-08-22 17:04:53.375162 </lastmod>
	</url><url>
		<loc> https://geoconnex.us/ref/states/39 </loc>
		<lastmod> 2022-08-22 17:04:53.375177 </lastmod>
	</url><url>
		<loc> https://geoconnex.us/ref/states/55 </loc>
		<lastmod> 2022-08-22 17:04:53.375192 </lastmod>
	</url><url>
		<loc> https://geoconnex.us/ref/states/41 </loc>
		<lastmod> 2022-08-22 17:04:53.375208 </lastmod>
	</url><url>
		<loc> https://geoconnex.us/ref/states/28 </loc>
		<lastmod> 2022-08-22 17:04:53.375223 </lastmod>
	</url><url>
		<loc> https://geoconnex.us/ref/states/08 </loc>
		<lastmod> 2022-08-22 17:04:53.375239 </lastmod>
	</url><url>
		<loc> https://geoconnex.us/ref/states/37 </loc>
		<lastmod> 2022-08-22 17:04:53.375254 </lastmod>
	</url><url>
		<loc> https://geoconnex.us/ref/states/51 </loc>
		<lastmod> 2022-08-22 17:04:53.375269 </lastmod>
	</url><url>
		<loc> https://geoconnex.us/ref/states/54 </loc>
		<lastmod> 2022-08-22 17:04:53.375284 </lastmod>
	</url><url>
		<loc> https://geoconnex.us/ref/states/22 </loc>
		<lastmod> 2022-08-22 17:04:53.375299 </lastmod>
	</url><url>
		<loc> https://geoconnex.us/ref/states/36 </loc>
		<lastmod> 2022-08-22 17:04:53.375314 </lastmod>
	</url><url>
		<loc> https://geoconnex.us/ref/states/26 </loc>
		<lastmod> 2022-08-22 17:04:53.375329 </lastmod>
	</url><url>
		<loc> https://geoconnex.us/ref/states/25 </loc>
		<lastmod> 2022-08-22 17:04:53.375344 </lastmod>
	</url></ns0:urlset>