<?xml version='1.0' encoding='utf-8'?>
<ns0:urlset xmlns:ns0="http://www.sitemaps.org/schemas/sitemap/0.9">
<url>
		<loc> https://geoconnex.us/ref/hu04/0315 </loc>
		<lastmod> 2022-08-22 17:04:46.767084 </lastmod>
	</url><url>
		<loc> https://geoconnex.us/ref/hu04/0314 </loc>
		<lastmod> 2022-08-22 17:04:46.767121 </lastmod>
	</url><url>
		<loc> https://geoconnex.us/ref/hu04/0316 </loc>
		<lastmod> 2022-08-22 17:04:46.767143 </lastmod>
	</url><url>
		<loc> https://geoconnex.us/ref/hu04/0603 </loc>
		<lastmod> 2022-08-22 17:04:46.767161 </lastmod>
	</url><url>
		<loc> https://geoconnex.us/ref/hu04/0802 </loc>
		<lastmod> 2022-08-22 17:04:46.767179 </lastmod>
	</url><url>
		<loc> https://geoconnex.us/ref/hu04/1101 </loc>
		<lastmod> 2022-08-22 17:04:46.767195 </lastmod>
	</url><url>
		<loc> https://geoconnex.us/ref/hu04/1111 </loc>
		<lastmod> 2022-08-22 17:04:46.767213 </lastmod>
	</url><url>
		<loc> https://geoconnex.us/ref/hu04/2203 </loc>
		<lastmod> 2022-08-22 17:04:46.767229 </lastmod>
	</url><url>
		<loc> https://geoconnex.us/ref/hu04/1503 </loc>
		<lastmod> 2022-08-22 17:04:46.767245 </lastmod>
	</url><url>
		<loc> https://geoconnex.us/ref/hu04/1506 </loc>
		<lastmod> 2022-08-22 17:04:46.767262 </lastmod>
	</url><url>
		<loc> https://geoconnex.us/ref/hu04/1507 </loc>
		<lastmod> 2022-08-22 17:04:46.767277 </lastmod>
	</url><url>
		<loc> https://geoconnex.us/ref/hu04/1505 </loc>
		<lastmod> 2022-08-22 17:04:46.767292 </lastmod>
	</url><url>
		<loc> https://geoconnex.us/ref/hu04/1508 </loc>
		<lastmod> 2022-08-22 17:04:46.767307 </lastmod>
	</url><url>
		<loc> https://geoconnex.us/ref/hu04/1502 </loc>
		<lastmod> 2022-08-22 17:04:46.767322 </lastmod>
	</url><url>
		<loc> https://geoconnex.us/ref/hu04/1501 </loc>
		<lastmod> 2022-08-22 17:04:46.767338 </lastmod>
	</url><url>
		<loc> https://geoconnex.us/ref/hu04/1407 </loc>
		<lastmod> 2022-08-22 17:04:46.767353 </lastmod>
	</url><url>
		<loc> https://geoconnex.us/ref/hu04/1801 </loc>
		<lastmod> 2022-08-22 17:04:46.767368 </lastmod>
	</url><url>
		<loc> https://geoconnex.us/ref/hu04/1802 </loc>
		<lastmod> 2022-08-22 17:04:46.767383 </lastmod>
	</url><url>
		<loc> https://geoconnex.us/ref/hu04/1803 </loc>
		<lastmod> 2022-08-22 17:04:46.767399 </lastmod>
	</url><url>
		<loc> https://geoconnex.us/ref/hu04/1804 </loc>
		<lastmod> 2022-08-22 17:04:46.767414 </lastmod>
	</url><url>
		<loc> https://geoconnex.us/ref/hu04/1805 </loc>
		<lastmod> 2022-08-22 17:04:46.767430 </lastmod>
	</url><url>
		<loc> https://geoconnex.us/ref/hu04/1806 </loc>
		<lastmod> 2022-08-22 17:04:46.767445 </lastmod>
	</url><url>
		<loc> https://geoconnex.us/ref/hu04/1807 </loc>
		<lastmod> 2022-08-22 17:04:46.767460 </lastmod>
	</url><url>
		<loc> https://geoconnex.us/ref/hu04/1809 </loc>
		<lastmod> 2022-08-22 17:04:46.767476 </lastmod>
	</url><url>
		<loc> https://geoconnex.us/ref/hu04/1810 </loc>
		<lastmod> 2022-08-22 17:04:46.767491 </lastmod>
	</url><url>
		<loc> https://geoconnex.us/ref/hu04/1606 </loc>
		<lastmod> 2022-08-22 17:04:46.767506 </lastmod>
	</url><url>
		<loc> https://geoconnex.us/ref/hu04/1808 </loc>
		<lastmod> 2022-08-22 17:04:46.767522 </lastmod>
	</url><url>
		<loc> https://geoconnex.us/ref/hu04/0101 </loc>
		<lastmod> 2022-08-22 17:04:46.767537 </lastmod>
	</url><url>
		<loc> https://geoconnex.us/ref/hu04/1102 </loc>
		<lastmod> 2022-08-22 17:04:46.767552 </lastmod>
	</url><url>
		<loc> https://geoconnex.us/ref/hu04/1401 </loc>
		<lastmod> 2022-08-22 17:04:46.767567 </lastmod>
	</url><url>
		<loc> https://geoconnex.us/ref/hu04/1402 </loc>
		<lastmod> 2022-08-22 17:04:46.767582 </lastmod>
	</url><url>
		<loc> https://geoconnex.us/ref/hu04/1025 </loc>
		<lastmod> 2022-08-22 17:04:46.767598 </lastmod>
	</url><url>
		<loc> https://geoconnex.us/ref/hu04/1019 </loc>
		<lastmod> 2022-08-22 17:04:46.767613 </lastmod>
	</url><url>
		<loc> https://geoconnex.us/ref/hu04/1018 </loc>
		<lastmod> 2022-08-22 17:04:46.767629 </lastmod>
	</url><url>
		<loc> https://geoconnex.us/ref/hu04/1403 </loc>
		<lastmod> 2022-08-22 17:04:46.767644 </lastmod>
	</url><url>
		<loc> https://geoconnex.us/ref/hu04/1405 </loc>
		<lastmod> 2022-08-22 17:04:46.767659 </lastmod>
	</url><url>
		<loc> https://geoconnex.us/ref/hu04/0108 </loc>
		<lastmod> 2022-08-22 17:04:46.767675 </lastmod>
	</url><url>
		<loc> https://geoconnex.us/ref/hu04/0110 </loc>
		<lastmod> 2022-08-22 17:04:46.767690 </lastmod>
	</url><url>
		<loc> https://geoconnex.us/ref/hu04/0308 </loc>
		<lastmod> 2022-08-22 17:04:46.767705 </lastmod>
	</url><url>
		<loc> https://geoconnex.us/ref/hu04/0309 </loc>
		<lastmod> 2022-08-22 17:04:46.767720 </lastmod>
	</url><url>
		<loc> https://geoconnex.us/ref/hu04/0310 </loc>
		<lastmod> 2022-08-22 17:04:46.767736 </lastmod>
	</url><url>
		<loc> https://geoconnex.us/ref/hu04/0311 </loc>
		<lastmod> 2022-08-22 17:04:46.767751 </lastmod>
	</url><url>
		<loc> https://geoconnex.us/ref/hu04/0307 </loc>
		<lastmod> 2022-08-22 17:04:46.767766 </lastmod>
	</url><url>
		<loc> https://geoconnex.us/ref/hu04/0312 </loc>
		<lastmod> 2022-08-22 17:04:46.767781 </lastmod>
	</url><url>
		<loc> https://geoconnex.us/ref/hu04/0313 </loc>
		<lastmod> 2022-08-22 17:04:46.767796 </lastmod>
	</url><url>
		<loc> https://geoconnex.us/ref/hu04/0306 </loc>
		<lastmod> 2022-08-22 17:04:46.767811 </lastmod>
	</url><url>
		<loc> https://geoconnex.us/ref/hu04/0602 </loc>
		<lastmod> 2022-08-22 17:04:46.767826 </lastmod>
	</url><url>
		<loc> https://geoconnex.us/ref/hu04/2201 </loc>
		<lastmod> 2022-08-22 17:04:46.767841 </lastmod>
	</url><url>
		<loc> https://geoconnex.us/ref/hu04/2001 </loc>
		<lastmod> 2022-08-22 17:04:46.767856 </lastmod>
	</url><url>
		<loc> https://geoconnex.us/ref/hu04/2002 </loc>
		<lastmod> 2022-08-22 17:04:46.767872 </lastmod>
	</url><url>
		<loc> https://geoconnex.us/ref/hu04/2003 </loc>
		<lastmod> 2022-08-22 17:04:46.767887 </lastmod>
	</url><url>
		<loc> https://geoconnex.us/ref/hu04/2004 </loc>
		<lastmod> 2022-08-22 17:04:46.767902 </lastmod>
	</url><url>
		<loc> https://geoconnex.us/ref/hu04/2005 </loc>
		<lastmod> 2022-08-22 17:04:46.767917 </lastmod>
	</url><url>
		<loc> https://geoconnex.us/ref/hu04/2006 </loc>
		<lastmod> 2022-08-22 17:04:46.767932 </lastmod>
	</url><url>
		<loc> https://geoconnex.us/ref/hu04/2007 </loc>
		<lastmod> 2022-08-22 17:04:46.767947 </lastmod>
	</url><url>
		<loc> https://geoconnex.us/ref/hu04/2008 </loc>
		<lastmod> 2022-08-22 17:04:46.767962 </lastmod>
	</url><url>
		<loc> https://geoconnex.us/ref/hu04/0706 </loc>
		<lastmod> 2022-08-22 17:04:46.767977 </lastmod>
	</url><url>
		<loc> https://geoconnex.us/ref/hu04/0710 </loc>
		<lastmod> 2022-08-22 17:04:46.767992 </lastmod>
	</url><url>
		<loc> https://geoconnex.us/ref/hu04/1023 </loc>
		<lastmod> 2022-08-22 17:04:46.768007 </lastmod>
	</url><url>
		<loc> https://geoconnex.us/ref/hu04/0713 </loc>
		<lastmod> 2022-08-22 17:04:46.768022 </lastmod>
	</url><url>
		<loc> https://geoconnex.us/ref/hu04/0708 </loc>
		<lastmod> 2022-08-22 17:04:46.768063 </lastmod>
	</url><url>
		<loc> https://geoconnex.us/ref/hu04/0712 </loc>
		<lastmod> 2022-08-22 17:04:46.768081 </lastmod>
	</url><url>
		<loc> https://geoconnex.us/ref/hu04/0711 </loc>
		<lastmod> 2022-08-22 17:04:46.768096 </lastmod>
	</url><url>
		<loc> https://geoconnex.us/ref/hu04/0714 </loc>
		<lastmod> 2022-08-22 17:04:46.768111 </lastmod>
	</url><url>
		<loc> https://geoconnex.us/ref/hu04/0709 </loc>
		<lastmod> 2022-08-22 17:04:46.768126 </lastmod>
	</url><url>
		<loc> https://geoconnex.us/ref/hu04/0404 </loc>
		<lastmod> 2022-08-22 17:04:46.768141 </lastmod>
	</url><url>
		<loc> https://geoconnex.us/ref/hu04/0512 </loc>
		<lastmod> 2022-08-22 17:04:46.768156 </lastmod>
	</url><url>
		<loc> https://geoconnex.us/ref/hu04/0405 </loc>
		<lastmod> 2022-08-22 17:04:46.768171 </lastmod>
	</url><url>
		<loc> https://geoconnex.us/ref/hu04/1027 </loc>
		<lastmod> 2022-08-22 17:04:46.768186 </lastmod>
	</url><url>
		<loc> https://geoconnex.us/ref/hu04/1103 </loc>
		<lastmod> 2022-08-22 17:04:46.768202 </lastmod>
	</url><url>
		<loc> https://geoconnex.us/ref/hu04/1026 </loc>
		<lastmod> 2022-08-22 17:04:46.768217 </lastmod>
	</url><url>
		<loc> https://geoconnex.us/ref/hu04/0510 </loc>
		<lastmod> 2022-08-22 17:04:46.768232 </lastmod>
	</url><url>
		<loc> https://geoconnex.us/ref/hu04/0511 </loc>
		<lastmod> 2022-08-22 17:04:46.768247 </lastmod>
	</url><url>
		<loc> https://geoconnex.us/ref/hu04/0514 </loc>
		<lastmod> 2022-08-22 17:04:46.768263 </lastmod>
	</url><url>
		<loc> https://geoconnex.us/ref/hu04/0805 </loc>
		<lastmod> 2022-08-22 17:04:46.768278 </lastmod>
	</url><url>
		<loc> https://geoconnex.us/ref/hu04/0807 </loc>
		<lastmod> 2022-08-22 17:04:46.768293 </lastmod>
	</url><url>
		<loc> https://geoconnex.us/ref/hu04/0809 </loc>
		<lastmod> 2022-08-22 17:04:46.768308 </lastmod>
	</url><url>
		<loc> https://geoconnex.us/ref/hu04/0804 </loc>
		<lastmod> 2022-08-22 17:04:46.768323 </lastmod>
	</url><url>
		<loc> https://geoconnex.us/ref/hu04/0806 </loc>
		<lastmod> 2022-08-22 17:04:46.768338 </lastmod>
	</url><url>
		<loc> https://geoconnex.us/ref/hu04/0803 </loc>
		<lastmod> 2022-08-22 17:04:46.768354 </lastmod>
	</url><url>
		<loc> https://geoconnex.us/ref/hu04/0107 </loc>
		<lastmod> 2022-08-22 17:04:46.768369 </lastmod>
	</url><url>
		<loc> https://geoconnex.us/ref/hu04/0206 </loc>
		<lastmod> 2022-08-22 17:04:46.768384 </lastmod>
	</url><url>
		<loc> https://geoconnex.us/ref/hu04/0207 </loc>
		<lastmod> 2022-08-22 17:04:46.768399 </lastmod>
	</url><url>
		<loc> https://geoconnex.us/ref/hu04/0105 </loc>
		<lastmod> 2022-08-22 17:04:46.768414 </lastmod>
	</url><url>
		<loc> https://geoconnex.us/ref/hu04/0103 </loc>
		<lastmod> 2022-08-22 17:04:46.768430 </lastmod>
	</url><url>
		<loc> https://geoconnex.us/ref/hu04/0104 </loc>
		<lastmod> 2022-08-22 17:04:46.768445 </lastmod>
	</url><url>
		<loc> https://geoconnex.us/ref/hu04/0402 </loc>
		<lastmod> 2022-08-22 17:04:46.768460 </lastmod>
	</url><url>
		<loc> https://geoconnex.us/ref/hu04/0406 </loc>
		<lastmod> 2022-08-22 17:04:46.768475 </lastmod>
	</url><url>
		<loc> https://geoconnex.us/ref/hu04/0407 </loc>
		<lastmod> 2022-08-22 17:04:46.768490 </lastmod>
	</url><url>
		<loc> https://geoconnex.us/ref/hu04/0409 </loc>
		<lastmod> 2022-08-22 17:04:46.768506 </lastmod>
	</url><url>
		<loc> https://geoconnex.us/ref/hu04/0408 </loc>
		<lastmod> 2022-08-22 17:04:46.768521 </lastmod>
	</url><url>
		<loc> https://geoconnex.us/ref/hu04/0701 </loc>
		<lastmod> 2022-08-22 17:04:46.768536 </lastmod>
	</url><url>
		<loc> https://geoconnex.us/ref/hu04/0903 </loc>
		<lastmod> 2022-08-22 17:04:46.768551 </lastmod>
	</url><url>
		<loc> https://geoconnex.us/ref/hu04/0702 </loc>
		<lastmod> 2022-08-22 17:04:46.768566 </lastmod>
	</url><url>
		<loc> https://geoconnex.us/ref/hu04/0902 </loc>
		<lastmod> 2022-08-22 17:04:46.768581 </lastmod>
	</url><url>
		<loc> https://geoconnex.us/ref/hu04/0704 </loc>
		<lastmod> 2022-08-22 17:04:46.768596 </lastmod>
	</url><url>
		<loc> https://geoconnex.us/ref/hu04/1028 </loc>
		<lastmod> 2022-08-22 17:04:46.768611 </lastmod>
	</url><url>
		<loc> https://geoconnex.us/ref/hu04/1029 </loc>
		<lastmod> 2022-08-22 17:04:46.768626 </lastmod>
	</url><url>
		<loc> https://geoconnex.us/ref/hu04/1030 </loc>
		<lastmod> 2022-08-22 17:04:46.768642 </lastmod>
	</url><url>
		<loc> https://geoconnex.us/ref/hu04/1024 </loc>
		<lastmod> 2022-08-22 17:04:46.768657 </lastmod>
	</url><url>
		<loc> https://geoconnex.us/ref/hu04/2202 </loc>
		<lastmod> 2022-08-22 17:04:46.768672 </lastmod>
	</url><url>
		<loc> https://geoconnex.us/ref/hu04/0317 </loc>
		<lastmod> 2022-08-22 17:04:46.768688 </lastmod>
	</url><url>
		<loc> https://geoconnex.us/ref/hu04/0318 </loc>
		<lastmod> 2022-08-22 17:04:46.768703 </lastmod>
	</url><url>
		<loc> https://geoconnex.us/ref/hu04/0904 </loc>
		<lastmod> 2022-08-22 17:04:46.768718 </lastmod>
	</url><url>
		<loc> https://geoconnex.us/ref/hu04/1002 </loc>
		<lastmod> 2022-08-22 17:04:46.768733 </lastmod>
	</url><url>
		<loc> https://geoconnex.us/ref/hu04/1003 </loc>
		<lastmod> 2022-08-22 17:04:46.768748 </lastmod>
	</url><url>
		<loc> https://geoconnex.us/ref/hu04/1004 </loc>
		<lastmod> 2022-08-22 17:04:46.768763 </lastmod>
	</url><url>
		<loc> https://geoconnex.us/ref/hu04/1005 </loc>
		<lastmod> 2022-08-22 17:04:46.768779 </lastmod>
	</url><url>
		<loc> https://geoconnex.us/ref/hu04/1010 </loc>
		<lastmod> 2022-08-22 17:04:46.768794 </lastmod>
	</url><url>
		<loc> https://geoconnex.us/ref/hu04/1006 </loc>
		<lastmod> 2022-08-22 17:04:46.768809 </lastmod>
	</url><url>
		<loc> https://geoconnex.us/ref/hu04/1011 </loc>
		<lastmod> 2022-08-22 17:04:46.768824 </lastmod>
	</url><url>
		<loc> https://geoconnex.us/ref/hu04/0302 </loc>
		<lastmod> 2022-08-22 17:04:46.768839 </lastmod>
	</url><url>
		<loc> https://geoconnex.us/ref/hu04/0303 </loc>
		<lastmod> 2022-08-22 17:04:46.768854 </lastmod>
	</url><url>
		<loc> https://geoconnex.us/ref/hu04/0601 </loc>
		<lastmod> 2022-08-22 17:04:46.768869 </lastmod>
	</url><url>
		<loc> https://geoconnex.us/ref/hu04/0301 </loc>
		<lastmod> 2022-08-22 17:04:46.768885 </lastmod>
	</url><url>
		<loc> https://geoconnex.us/ref/hu04/0505 </loc>
		<lastmod> 2022-08-22 17:04:46.768900 </lastmod>
	</url><url>
		<loc> https://geoconnex.us/ref/hu04/0901 </loc>
		<lastmod> 2022-08-22 17:04:46.768915 </lastmod>
	</url><url>
		<loc> https://geoconnex.us/ref/hu04/1015 </loc>
		<lastmod> 2022-08-22 17:04:46.768930 </lastmod>
	</url><url>
		<loc> https://geoconnex.us/ref/hu04/1020 </loc>
		<lastmod> 2022-08-22 17:04:46.768945 </lastmod>
	</url><url>
		<loc> https://geoconnex.us/ref/hu04/1021 </loc>
		<lastmod> 2022-08-22 17:04:46.768960 </lastmod>
	</url><url>
		<loc> https://geoconnex.us/ref/hu04/1022 </loc>
		<lastmod> 2022-08-22 17:04:46.768975 </lastmod>
	</url><url>
		<loc> https://geoconnex.us/ref/hu04/1017 </loc>
		<lastmod> 2022-08-22 17:04:46.768990 </lastmod>
	</url><url>
		<loc> https://geoconnex.us/ref/hu04/1012 </loc>
		<lastmod> 2022-08-22 17:04:46.769005 </lastmod>
	</url><url>
		<loc> https://geoconnex.us/ref/hu04/0106 </loc>
		<lastmod> 2022-08-22 17:04:46.769020 </lastmod>
	</url><url>
		<loc> https://geoconnex.us/ref/hu04/0202 </loc>
		<lastmod> 2022-08-22 17:04:46.769035 </lastmod>
	</url><url>
		<loc> https://geoconnex.us/ref/hu04/1108 </loc>
		<lastmod> 2022-08-22 17:04:46.769051 </lastmod>
	</url><url>
		<loc> https://geoconnex.us/ref/hu04/1302 </loc>
		<lastmod> 2022-08-22 17:04:46.769066 </lastmod>
	</url><url>
		<loc> https://geoconnex.us/ref/hu04/1303 </loc>
		<lastmod> 2022-08-22 17:04:46.769081 </lastmod>
	</url><url>
		<loc> https://geoconnex.us/ref/hu04/1306 </loc>
		<lastmod> 2022-08-22 17:04:46.769139 </lastmod>
	</url><url>
		<loc> https://geoconnex.us/ref/hu04/1504 </loc>
		<lastmod> 2022-08-22 17:04:46.769155 </lastmod>
	</url><url>
		<loc> https://geoconnex.us/ref/hu04/1301 </loc>
		<lastmod> 2022-08-22 17:04:46.769170 </lastmod>
	</url><url>
		<loc> https://geoconnex.us/ref/hu04/1408 </loc>
		<lastmod> 2022-08-22 17:04:46.769185 </lastmod>
	</url><url>
		<loc> https://geoconnex.us/ref/hu04/1104 </loc>
		<lastmod> 2022-08-22 17:04:46.769200 </lastmod>
	</url><url>
		<loc> https://geoconnex.us/ref/hu04/1604 </loc>
		<lastmod> 2022-08-22 17:04:46.769215 </lastmod>
	</url><url>
		<loc> https://geoconnex.us/ref/hu04/1605 </loc>
		<lastmod> 2022-08-22 17:04:46.769231 </lastmod>
	</url><url>
		<loc> https://geoconnex.us/ref/hu04/0414 </loc>
		<lastmod> 2022-08-22 17:04:46.769246 </lastmod>
	</url><url>
		<loc> https://geoconnex.us/ref/hu04/0203 </loc>
		<lastmod> 2022-08-22 17:04:46.769261 </lastmod>
	</url><url>
		<loc> https://geoconnex.us/ref/hu04/0411 </loc>
		<lastmod> 2022-08-22 17:04:46.769276 </lastmod>
	</url><url>
		<loc> https://geoconnex.us/ref/hu04/0504 </loc>
		<lastmod> 2022-08-22 17:04:46.769291 </lastmod>
	</url><url>
		<loc> https://geoconnex.us/ref/hu04/0506 </loc>
		<lastmod> 2022-08-22 17:04:46.769306 </lastmod>
	</url><url>
		<loc> https://geoconnex.us/ref/hu04/0508 </loc>
		<lastmod> 2022-08-22 17:04:46.769321 </lastmod>
	</url><url>
		<loc> https://geoconnex.us/ref/hu04/0410 </loc>
		<lastmod> 2022-08-22 17:04:46.769337 </lastmod>
	</url><url>
		<loc> https://geoconnex.us/ref/hu04/1105 </loc>
		<lastmod> 2022-08-22 17:04:46.769352 </lastmod>
	</url><url>
		<loc> https://geoconnex.us/ref/hu04/1106 </loc>
		<lastmod> 2022-08-22 17:04:46.769367 </lastmod>
	</url><url>
		<loc> https://geoconnex.us/ref/hu04/1107 </loc>
		<lastmod> 2022-08-22 17:04:46.769382 </lastmod>
	</url><url>
		<loc> https://geoconnex.us/ref/hu04/1110 </loc>
		<lastmod> 2022-08-22 17:04:46.769397 </lastmod>
	</url><url>
		<loc> https://geoconnex.us/ref/hu04/1112 </loc>
		<lastmod> 2022-08-22 17:04:46.769412 </lastmod>
	</url><url>
		<loc> https://geoconnex.us/ref/hu04/1109 </loc>
		<lastmod> 2022-08-22 17:04:46.769427 </lastmod>
	</url><url>
		<loc> https://geoconnex.us/ref/hu04/0501 </loc>
		<lastmod> 2022-08-22 17:04:46.769442 </lastmod>
	</url><url>
		<loc> https://geoconnex.us/ref/hu04/0205 </loc>
		<lastmod> 2022-08-22 17:04:46.769457 </lastmod>
	</url><url>
		<loc> https://geoconnex.us/ref/hu04/0413 </loc>
		<lastmod> 2022-08-22 17:04:46.769473 </lastmod>
	</url><url>
		<loc> https://geoconnex.us/ref/hu04/2101 </loc>
		<lastmod> 2022-08-22 17:04:46.769488 </lastmod>
	</url><url>
		<loc> https://geoconnex.us/ref/hu04/2102 </loc>
		<lastmod> 2022-08-22 17:04:46.769503 </lastmod>
	</url><url>
		<loc> https://geoconnex.us/ref/hu04/0109 </loc>
		<lastmod> 2022-08-22 17:04:46.769518 </lastmod>
	</url><url>
		<loc> https://geoconnex.us/ref/hu04/0305 </loc>
		<lastmod> 2022-08-22 17:04:46.769533 </lastmod>
	</url><url>
		<loc> https://geoconnex.us/ref/hu04/0304 </loc>
		<lastmod> 2022-08-22 17:04:46.769549 </lastmod>
	</url><url>
		<loc> https://geoconnex.us/ref/hu04/1013 </loc>
		<lastmod> 2022-08-22 17:04:46.769564 </lastmod>
	</url><url>
		<loc> https://geoconnex.us/ref/hu04/1016 </loc>
		<lastmod> 2022-08-22 17:04:46.769579 </lastmod>
	</url><url>
		<loc> https://geoconnex.us/ref/hu04/1014 </loc>
		<lastmod> 2022-08-22 17:04:46.769594 </lastmod>
	</url><url>
		<loc> https://geoconnex.us/ref/hu04/0513 </loc>
		<lastmod> 2022-08-22 17:04:46.769609 </lastmod>
	</url><url>
		<loc> https://geoconnex.us/ref/hu04/0604 </loc>
		<lastmod> 2022-08-22 17:04:46.769625 </lastmod>
	</url><url>
		<loc> https://geoconnex.us/ref/hu04/0801 </loc>
		<lastmod> 2022-08-22 17:04:46.769640 </lastmod>
	</url><url>
		<loc> https://geoconnex.us/ref/hu04/1202 </loc>
		<lastmod> 2022-08-22 17:04:46.769655 </lastmod>
	</url><url>
		<loc> https://geoconnex.us/ref/hu04/1203 </loc>
		<lastmod> 2022-08-22 17:04:46.769670 </lastmod>
	</url><url>
		<loc> https://geoconnex.us/ref/hu04/1204 </loc>
		<lastmod> 2022-08-22 17:04:46.769685 </lastmod>
	</url><url>
		<loc> https://geoconnex.us/ref/hu04/1205 </loc>
		<lastmod> 2022-08-22 17:04:46.769700 </lastmod>
	</url><url>
		<loc> https://geoconnex.us/ref/hu04/1206 </loc>
		<lastmod> 2022-08-22 17:04:46.769715 </lastmod>
	</url><url>
		<loc> https://geoconnex.us/ref/hu04/1207 </loc>
		<lastmod> 2022-08-22 17:04:46.769730 </lastmod>
	</url><url>
		<loc> https://geoconnex.us/ref/hu04/1208 </loc>
		<lastmod> 2022-08-22 17:04:46.769745 </lastmod>
	</url><url>
		<loc> https://geoconnex.us/ref/hu04/1209 </loc>
		<lastmod> 2022-08-22 17:04:46.769760 </lastmod>
	</url><url>
		<loc> https://geoconnex.us/ref/hu04/1210 </loc>
		<lastmod> 2022-08-22 17:04:46.769775 </lastmod>
	</url><url>
		<loc> https://geoconnex.us/ref/hu04/1211 </loc>
		<lastmod> 2022-08-22 17:04:46.769790 </lastmod>
	</url><url>
		<loc> https://geoconnex.us/ref/hu04/1304 </loc>
		<lastmod> 2022-08-22 17:04:46.769806 </lastmod>
	</url><url>
		<loc> https://geoconnex.us/ref/hu04/1307 </loc>
		<lastmod> 2022-08-22 17:04:46.769821 </lastmod>
	</url><url>
		<loc> https://geoconnex.us/ref/hu04/1114 </loc>
		<lastmod> 2022-08-22 17:04:46.769836 </lastmod>
	</url><url>
		<loc> https://geoconnex.us/ref/hu04/1201 </loc>
		<lastmod> 2022-08-22 17:04:46.769852 </lastmod>
	</url><url>
		<loc> https://geoconnex.us/ref/hu04/1309 </loc>
		<lastmod> 2022-08-22 17:04:46.769867 </lastmod>
	</url><url>
		<loc> https://geoconnex.us/ref/hu04/1305 </loc>
		<lastmod> 2022-08-22 17:04:46.769882 </lastmod>
	</url><url>
		<loc> https://geoconnex.us/ref/hu04/1113 </loc>
		<lastmod> 2022-08-22 17:04:46.769897 </lastmod>
	</url><url>
		<loc> https://geoconnex.us/ref/hu04/1406 </loc>
		<lastmod> 2022-08-22 17:04:46.769912 </lastmod>
	</url><url>
		<loc> https://geoconnex.us/ref/hu04/1602 </loc>
		<lastmod> 2022-08-22 17:04:46.769927 </lastmod>
	</url><url>
		<loc> https://geoconnex.us/ref/hu04/1601 </loc>
		<lastmod> 2022-08-22 17:04:46.769942 </lastmod>
	</url><url>
		<loc> https://geoconnex.us/ref/hu04/1603 </loc>
		<lastmod> 2022-08-22 17:04:46.769958 </lastmod>
	</url><url>
		<loc> https://geoconnex.us/ref/hu04/0208 </loc>
		<lastmod> 2022-08-22 17:04:46.769973 </lastmod>
	</url><url>
		<loc> https://geoconnex.us/ref/hu04/0507 </loc>
		<lastmod> 2022-08-22 17:04:46.769988 </lastmod>
	</url><url>
		<loc> https://geoconnex.us/ref/hu04/0204 </loc>
		<lastmod> 2022-08-22 17:04:46.770004 </lastmod>
	</url><url>
		<loc> https://geoconnex.us/ref/hu04/0403 </loc>
		<lastmod> 2022-08-22 17:04:46.770019 </lastmod>
	</url><url>
		<loc> https://geoconnex.us/ref/hu04/0705 </loc>
		<lastmod> 2022-08-22 17:04:46.770034 </lastmod>
	</url><url>
		<loc> https://geoconnex.us/ref/hu04/0707 </loc>
		<lastmod> 2022-08-22 17:04:46.770049 </lastmod>
	</url><url>
		<loc> https://geoconnex.us/ref/hu04/0401 </loc>
		<lastmod> 2022-08-22 17:04:46.770064 </lastmod>
	</url><url>
		<loc> https://geoconnex.us/ref/hu04/0703 </loc>
		<lastmod> 2022-08-22 17:04:46.770079 </lastmod>
	</url><url>
		<loc> https://geoconnex.us/ref/hu04/0509 </loc>
		<lastmod> 2022-08-22 17:04:46.770095 </lastmod>
	</url><url>
		<loc> https://geoconnex.us/ref/hu04/0502 </loc>
		<lastmod> 2022-08-22 17:04:46.770110 </lastmod>
	</url><url>
		<loc> https://geoconnex.us/ref/hu04/0503 </loc>
		<lastmod> 2022-08-22 17:04:46.770125 </lastmod>
	</url><url>
		<loc> https://geoconnex.us/ref/hu04/1404 </loc>
		<lastmod> 2022-08-22 17:04:46.770140 </lastmod>
	</url><url>
		<loc> https://geoconnex.us/ref/hu04/1007 </loc>
		<lastmod> 2022-08-22 17:04:46.770155 </lastmod>
	</url><url>
		<loc> https://geoconnex.us/ref/hu04/1008 </loc>
		<lastmod> 2022-08-22 17:04:46.770170 </lastmod>
	</url><url>
		<loc> https://geoconnex.us/ref/hu04/1009 </loc>
		<lastmod> 2022-08-22 17:04:46.770185 </lastmod>
	</url><url>
		<loc> https://geoconnex.us/ref/hu04/1710 </loc>
		<lastmod> 2022-08-22 17:04:46.770200 </lastmod>
	</url><url>
		<loc> https://geoconnex.us/ref/hu04/1706 </loc>
		<lastmod> 2022-08-22 17:04:46.770216 </lastmod>
	</url><url>
		<loc> https://geoconnex.us/ref/hu04/1701 </loc>
		<lastmod> 2022-08-22 17:04:46.770231 </lastmod>
	</url><url>
		<loc> https://geoconnex.us/ref/hu04/1704 </loc>
		<lastmod> 2022-08-22 17:04:46.770246 </lastmod>
	</url><url>
		<loc> https://geoconnex.us/ref/hu04/1705 </loc>
		<lastmod> 2022-08-22 17:04:46.770262 </lastmod>
	</url><url>
		<loc> https://geoconnex.us/ref/hu04/1712 </loc>
		<lastmod> 2022-08-22 17:04:46.770277 </lastmod>
	</url><url>
		<loc> https://geoconnex.us/ref/hu04/1707 </loc>
		<lastmod> 2022-08-22 17:04:46.770292 </lastmod>
	</url><url>
		<loc> https://geoconnex.us/ref/hu04/1708 </loc>
		<lastmod> 2022-08-22 17:04:46.770307 </lastmod>
	</url><url>
		<loc> https://geoconnex.us/ref/hu04/1702 </loc>
		<lastmod> 2022-08-22 17:04:46.770323 </lastmod>
	</url><url>
		<loc> https://geoconnex.us/ref/hu04/1703 </loc>
		<lastmod> 2022-08-22 17:04:46.770338 </lastmod>
	</url><url>
		<loc> https://geoconnex.us/ref/hu04/1711 </loc>
		<lastmod> 2022-08-22 17:04:46.770353 </lastmod>
	</url><url>
		<loc> https://geoconnex.us/ref/hu04/1709 </loc>
		<lastmod> 2022-08-22 17:04:46.770368 </lastmod>
	</url><url>
		<loc> https://geoconnex.us/ref/hu04/0808 </loc>
		<lastmod> 2022-08-22 17:04:46.770383 </lastmod>
	</url><url>
		<loc> https://geoconnex.us/ref/hu04/0102 </loc>
		<lastmod> 2022-08-22 17:04:46.770398 </lastmod>
	</url><url>
		<loc> https://geoconnex.us/ref/hu04/1308 </loc>
		<lastmod> 2022-08-22 17:04:46.770413 </lastmod>
	</url><url>
		<loc> https://geoconnex.us/ref/hu04/0412 </loc>
		<lastmod> 2022-08-22 17:04:46.770429 </lastmod>
	</url><url>
		<loc> https://geoconnex.us/ref/hu04/1901 </loc>
		<lastmod> 2022-08-22 17:04:46.770444 </lastmod>
	</url><url>
		<loc> https://geoconnex.us/ref/hu04/1902 </loc>
		<lastmod> 2022-08-22 17:04:46.770459 </lastmod>
	</url><url>
		<loc> https://geoconnex.us/ref/hu04/1903 </loc>
		<lastmod> 2022-08-22 17:04:46.770474 </lastmod>
	</url><url>
		<loc> https://geoconnex.us/ref/hu04/1907 </loc>
		<lastmod> 2022-08-22 17:04:46.770489 </lastmod>
	</url><url>
		<loc> https://geoconnex.us/ref/hu04/1909 </loc>
		<lastmod> 2022-08-22 17:04:46.770504 </lastmod>
	</url><url>
		<loc> https://geoconnex.us/ref/hu04/1905 </loc>
		<lastmod> 2022-08-22 17:04:46.770519 </lastmod>
	</url><url>
		<loc> https://geoconnex.us/ref/hu04/1908 </loc>
		<lastmod> 2022-08-22 17:04:46.770534 </lastmod>
	</url><url>
		<loc> https://geoconnex.us/ref/hu04/1906 </loc>
		<lastmod> 2022-08-22 17:04:46.770550 </lastmod>
	</url><url>
		<loc> https://geoconnex.us/ref/hu04/1310 </loc>
		<lastmod> 2022-08-22 17:04:46.770565 </lastmod>
	</url><url>
		<loc> https://geoconnex.us/ref/hu04/1311 </loc>
		<lastmod> 2022-08-22 17:04:46.770580 </lastmod>
	</url><url>
		<loc> https://geoconnex.us/ref/hu04/1312 </loc>
		<lastmod> 2022-08-22 17:04:46.770595 </lastmod>
	</url><url>
		<loc> https://geoconnex.us/ref/hu04/0416 </loc>
		<lastmod> 2022-08-22 17:04:46.770610 </lastmod>
	</url><url>
		<loc> https://geoconnex.us/ref/hu04/0433 </loc>
		<lastmod> 2022-08-22 17:04:46.770625 </lastmod>
	</url><url>
		<loc> https://geoconnex.us/ref/hu04/0432 </loc>
		<lastmod> 2022-08-22 17:04:46.770640 </lastmod>
	</url><url>
		<loc> https://geoconnex.us/ref/hu04/0417 </loc>
		<lastmod> 2022-08-22 17:04:46.770656 </lastmod>
	</url><url>
		<loc> https://geoconnex.us/ref/hu04/0419 </loc>
		<lastmod> 2022-08-22 17:04:46.770671 </lastmod>
	</url><url>
		<loc> https://geoconnex.us/ref/hu04/0420 </loc>
		<lastmod> 2022-08-22 17:04:46.770686 </lastmod>
	</url><url>
		<loc> https://geoconnex.us/ref/hu04/0423 </loc>
		<lastmod> 2022-08-22 17:04:46.770701 </lastmod>
	</url><url>
		<loc> https://geoconnex.us/ref/hu04/0422 </loc>
		<lastmod> 2022-08-22 17:04:46.770717 </lastmod>
	</url><url>
		<loc> https://geoconnex.us/ref/hu04/0421 </loc>
		<lastmod> 2022-08-22 17:04:46.770732 </lastmod>
	</url><url>
		<loc> https://geoconnex.us/ref/hu04/0425 </loc>
		<lastmod> 2022-08-22 17:04:46.770747 </lastmod>
	</url><url>
		<loc> https://geoconnex.us/ref/hu04/0426 </loc>
		<lastmod> 2022-08-22 17:04:46.770762 </lastmod>
	</url><url>
		<loc> https://geoconnex.us/ref/hu04/0424 </loc>
		<lastmod> 2022-08-22 17:04:46.770777 </lastmod>
	</url><url>
		<loc> https://geoconnex.us/ref/hu04/0418 </loc>
		<lastmod> 2022-08-22 17:04:46.770792 </lastmod>
	</url><url>
		<loc> https://geoconnex.us/ref/hu04/0427 </loc>
		<lastmod> 2022-08-22 17:04:46.770807 </lastmod>
	</url><url>
		<loc> https://geoconnex.us/ref/hu04/0428 </loc>
		<lastmod> 2022-08-22 17:04:46.770822 </lastmod>
	</url><url>
		<loc> https://geoconnex.us/ref/hu04/0429 </loc>
		<lastmod> 2022-08-22 17:04:46.770838 </lastmod>
	</url><url>
		<loc> https://geoconnex.us/ref/hu04/0430 </loc>
		<lastmod> 2022-08-22 17:04:46.770854 </lastmod>
	</url><url>
		<loc> https://geoconnex.us/ref/hu04/0431 </loc>
		<lastmod> 2022-08-22 17:04:46.770869 </lastmod>
	</url><url>
		<loc> https://geoconnex.us/ref/hu04/2204 </loc>
		<lastmod> 2022-08-22 17:04:46.770884 </lastmod>
	</url></ns0:urlset>