<?xml version='1.0' encoding='utf-8'?>
<ns0:urlset xmlns:ns0="http://www.sitemaps.org/schemas/sitemap/0.9">
<url>
		<loc> https://geoconnex.us/ref/aiannh/0250 </loc>
		<lastmod> 2022-08-22 17:04:53.351252 </lastmod>
	</url><url>
		<loc> https://geoconnex.us/ref/aiannh/3355 </loc>
		<lastmod> 2022-08-22 17:04:53.351293 </lastmod>
	</url><url>
		<loc> https://geoconnex.us/ref/aiannh/7075 </loc>
		<lastmod> 2022-08-22 17:04:53.351316 </lastmod>
	</url><url>
		<loc> https://geoconnex.us/ref/aiannh/7310 </loc>
		<lastmod> 2022-08-22 17:04:53.351336 </lastmod>
	</url><url>
		<loc> https://geoconnex.us/ref/aiannh/6175 </loc>
		<lastmod> 2022-08-22 17:04:53.351353 </lastmod>
	</url><url>
		<loc> https://geoconnex.us/ref/aiannh/1970 </loc>
		<lastmod> 2022-08-22 17:04:53.351370 </lastmod>
	</url><url>
		<loc> https://geoconnex.us/ref/aiannh/3145 </loc>
		<lastmod> 2022-08-22 17:04:53.351386 </lastmod>
	</url><url>
		<loc> https://geoconnex.us/ref/aiannh/3070 </loc>
		<lastmod> 2022-08-22 17:04:53.351402 </lastmod>
	</url><url>
		<loc> https://geoconnex.us/ref/aiannh/1555 </loc>
		<lastmod> 2022-08-22 17:04:53.351418 </lastmod>
	</url><url>
		<loc> https://geoconnex.us/ref/aiannh/4635 </loc>
		<lastmod> 2022-08-22 17:04:53.351434 </lastmod>
	</url><url>
		<loc> https://geoconnex.us/ref/aiannh/0440 </loc>
		<lastmod> 2022-08-22 17:04:53.351450 </lastmod>
	</url><url>
		<loc> https://geoconnex.us/ref/aiannh/6440 </loc>
		<lastmod> 2022-08-22 17:04:53.351466 </lastmod>
	</url><url>
		<loc> https://geoconnex.us/ref/aiannh/6470 </loc>
		<lastmod> 2022-08-22 17:04:53.351481 </lastmod>
	</url><url>
		<loc> https://geoconnex.us/ref/aiannh/7005 </loc>
		<lastmod> 2022-08-22 17:04:53.351497 </lastmod>
	</url><url>
		<loc> https://geoconnex.us/ref/aiannh/0780 </loc>
		<lastmod> 2022-08-22 17:04:53.351512 </lastmod>
	</url><url>
		<loc> https://geoconnex.us/ref/aiannh/3860 </loc>
		<lastmod> 2022-08-22 17:04:53.351527 </lastmod>
	</url><url>
		<loc> https://geoconnex.us/ref/aiannh/5193 </loc>
		<lastmod> 2022-08-22 17:04:53.351543 </lastmod>
	</url><url>
		<loc> https://geoconnex.us/ref/aiannh/2255 </loc>
		<lastmod> 2022-08-22 17:04:53.351558 </lastmod>
	</url><url>
		<loc> https://geoconnex.us/ref/aiannh/7440 </loc>
		<lastmod> 2022-08-22 17:04:53.351573 </lastmod>
	</url><url>
		<loc> https://geoconnex.us/ref/aiannh/6615 </loc>
		<lastmod> 2022-08-22 17:04:53.351588 </lastmod>
	</url><url>
		<loc> https://geoconnex.us/ref/aiannh/5248 </loc>
		<lastmod> 2022-08-22 17:04:53.351603 </lastmod>
	</url><url>
		<loc> https://geoconnex.us/ref/aiannh/4580 </loc>
		<lastmod> 2022-08-22 17:04:53.351619 </lastmod>
	</url><url>
		<loc> https://geoconnex.us/ref/aiannh/0620 </loc>
		<lastmod> 2022-08-22 17:04:53.351634 </lastmod>
	</url><url>
		<loc> https://geoconnex.us/ref/aiannh/0095 </loc>
		<lastmod> 2022-08-22 17:04:53.351649 </lastmod>
	</url><url>
		<loc> https://geoconnex.us/ref/aiannh/2330 </loc>
		<lastmod> 2022-08-22 17:04:53.351665 </lastmod>
	</url><url>
		<loc> https://geoconnex.us/ref/aiannh/6825 </loc>
		<lastmod> 2022-08-22 17:04:53.351680 </lastmod>
	</url><url>
		<loc> https://geoconnex.us/ref/aiannh/4110 </loc>
		<lastmod> 2022-08-22 17:04:53.351695 </lastmod>
	</url><url>
		<loc> https://geoconnex.us/ref/aiannh/1075 </loc>
		<lastmod> 2022-08-22 17:04:53.351711 </lastmod>
	</url><url>
		<loc> https://geoconnex.us/ref/aiannh/0760 </loc>
		<lastmod> 2022-08-22 17:04:53.351727 </lastmod>
	</url><url>
		<loc> https://geoconnex.us/ref/aiannh/3625 </loc>
		<lastmod> 2022-08-22 17:04:53.351742 </lastmod>
	</url><url>
		<loc> https://geoconnex.us/ref/aiannh/3100 </loc>
		<lastmod> 2022-08-22 17:04:53.351758 </lastmod>
	</url><url>
		<loc> https://geoconnex.us/ref/aiannh/1940 </loc>
		<lastmod> 2022-08-22 17:04:53.351774 </lastmod>
	</url><url>
		<loc> https://geoconnex.us/ref/aiannh/4595 </loc>
		<lastmod> 2022-08-22 17:04:53.351789 </lastmod>
	</url><url>
		<loc> https://geoconnex.us/ref/aiannh/1505 </loc>
		<lastmod> 2022-08-22 17:04:53.351804 </lastmod>
	</url><url>
		<loc> https://geoconnex.us/ref/aiannh/4200 </loc>
		<lastmod> 2022-08-22 17:04:53.351819 </lastmod>
	</url><url>
		<loc> https://geoconnex.us/ref/aiannh/3970 </loc>
		<lastmod> 2022-08-22 17:04:53.351834 </lastmod>
	</url><url>
		<loc> https://geoconnex.us/ref/aiannh/4700 </loc>
		<lastmod> 2022-08-22 17:04:53.351849 </lastmod>
	</url><url>
		<loc> https://geoconnex.us/ref/aiannh/9820 </loc>
		<lastmod> 2022-08-22 17:04:53.351865 </lastmod>
	</url><url>
		<loc> https://geoconnex.us/ref/aiannh/6290 </loc>
		<lastmod> 2022-08-22 17:04:53.351880 </lastmod>
	</url><url>
		<loc> https://geoconnex.us/ref/aiannh/9680 </loc>
		<lastmod> 2022-08-22 17:04:53.351895 </lastmod>
	</url><url>
		<loc> https://geoconnex.us/ref/aiannh/9880 </loc>
		<lastmod> 2022-08-22 17:04:53.351910 </lastmod>
	</url><url>
		<loc> https://geoconnex.us/ref/aiannh/9560 </loc>
		<lastmod> 2022-08-22 17:04:53.351925 </lastmod>
	</url><url>
		<loc> https://geoconnex.us/ref/aiannh/7540 </loc>
		<lastmod> 2022-08-22 17:04:53.351940 </lastmod>
	</url><url>
		<loc> https://geoconnex.us/ref/aiannh/6280 </loc>
		<lastmod> 2022-08-22 17:04:53.351956 </lastmod>
	</url><url>
		<loc> https://geoconnex.us/ref/aiannh/7263 </loc>
		<lastmod> 2022-08-22 17:04:53.351970 </lastmod>
	</url><url>
		<loc> https://geoconnex.us/ref/aiannh/7110 </loc>
		<lastmod> 2022-08-22 17:04:53.351986 </lastmod>
	</url><url>
		<loc> https://geoconnex.us/ref/aiannh/6795 </loc>
		<lastmod> 2022-08-22 17:04:53.352001 </lastmod>
	</url><url>
		<loc> https://geoconnex.us/ref/aiannh/7035 </loc>
		<lastmod> 2022-08-22 17:04:53.352017 </lastmod>
	</url><url>
		<loc> https://geoconnex.us/ref/aiannh/6830 </loc>
		<lastmod> 2022-08-22 17:04:53.352032 </lastmod>
	</url><url>
		<loc> https://geoconnex.us/ref/aiannh/7133 </loc>
		<lastmod> 2022-08-22 17:04:53.352076 </lastmod>
	</url><url>
		<loc> https://geoconnex.us/ref/aiannh/6480 </loc>
		<lastmod> 2022-08-22 17:04:53.352093 </lastmod>
	</url><url>
		<loc> https://geoconnex.us/ref/aiannh/6205 </loc>
		<lastmod> 2022-08-22 17:04:53.352108 </lastmod>
	</url><url>
		<loc> https://geoconnex.us/ref/aiannh/6690 </loc>
		<lastmod> 2022-08-22 17:04:53.352123 </lastmod>
	</url><url>
		<loc> https://geoconnex.us/ref/aiannh/6165 </loc>
		<lastmod> 2022-08-22 17:04:53.352139 </lastmod>
	</url><url>
		<loc> https://geoconnex.us/ref/aiannh/7470 </loc>
		<lastmod> 2022-08-22 17:04:53.352154 </lastmod>
	</url><url>
		<loc> https://geoconnex.us/ref/aiannh/4375 </loc>
		<lastmod> 2022-08-22 17:04:53.352169 </lastmod>
	</url><url>
		<loc> https://geoconnex.us/ref/aiannh/1515 </loc>
		<lastmod> 2022-08-22 17:04:53.352184 </lastmod>
	</url><url>
		<loc> https://geoconnex.us/ref/aiannh/5076 </loc>
		<lastmod> 2022-08-22 17:04:53.352200 </lastmod>
	</url><url>
		<loc> https://geoconnex.us/ref/aiannh/5026 </loc>
		<lastmod> 2022-08-22 17:04:53.352215 </lastmod>
	</url><url>
		<loc> https://geoconnex.us/ref/aiannh/5188 </loc>
		<lastmod> 2022-08-22 17:04:53.352231 </lastmod>
	</url><url>
		<loc> https://geoconnex.us/ref/aiannh/4760 </loc>
		<lastmod> 2022-08-22 17:04:53.352246 </lastmod>
	</url><url>
		<loc> https://geoconnex.us/ref/aiannh/8100 </loc>
		<lastmod> 2022-08-22 17:04:53.352261 </lastmod>
	</url><url>
		<loc> https://geoconnex.us/ref/aiannh/4680 </loc>
		<lastmod> 2022-08-22 17:04:53.352277 </lastmod>
	</url><url>
		<loc> https://geoconnex.us/ref/aiannh/4610 </loc>
		<lastmod> 2022-08-22 17:04:53.352292 </lastmod>
	</url><url>
		<loc> https://geoconnex.us/ref/aiannh/9635 </loc>
		<lastmod> 2022-08-22 17:04:53.352307 </lastmod>
	</url><url>
		<loc> https://geoconnex.us/ref/aiannh/2430 </loc>
		<lastmod> 2022-08-22 17:04:53.352322 </lastmod>
	</url><url>
		<loc> https://geoconnex.us/ref/aiannh/3940 </loc>
		<lastmod> 2022-08-22 17:04:53.352337 </lastmod>
	</url><url>
		<loc> https://geoconnex.us/ref/aiannh/9400 </loc>
		<lastmod> 2022-08-22 17:04:53.352353 </lastmod>
	</url><url>
		<loc> https://geoconnex.us/ref/aiannh/4785 </loc>
		<lastmod> 2022-08-22 17:04:53.352368 </lastmod>
	</url><url>
		<loc> https://geoconnex.us/ref/aiannh/3235 </loc>
		<lastmod> 2022-08-22 17:04:53.352383 </lastmod>
	</url><url>
		<loc> https://geoconnex.us/ref/aiannh/1860 </loc>
		<lastmod> 2022-08-22 17:04:53.352398 </lastmod>
	</url><url>
		<loc> https://geoconnex.us/ref/aiannh/6785 </loc>
		<lastmod> 2022-08-22 17:04:53.352413 </lastmod>
	</url><url>
		<loc> https://geoconnex.us/ref/aiannh/7080 </loc>
		<lastmod> 2022-08-22 17:04:53.352428 </lastmod>
	</url><url>
		<loc> https://geoconnex.us/ref/aiannh/7580 </loc>
		<lastmod> 2022-08-22 17:04:53.352444 </lastmod>
	</url><url>
		<loc> https://geoconnex.us/ref/aiannh/7765 </loc>
		<lastmod> 2022-08-22 17:04:53.352460 </lastmod>
	</url><url>
		<loc> https://geoconnex.us/ref/aiannh/6790 </loc>
		<lastmod> 2022-08-22 17:04:53.352475 </lastmod>
	</url><url>
		<loc> https://geoconnex.us/ref/aiannh/7115 </loc>
		<lastmod> 2022-08-22 17:04:53.352491 </lastmod>
	</url><url>
		<loc> https://geoconnex.us/ref/aiannh/6335 </loc>
		<lastmod> 2022-08-22 17:04:53.352506 </lastmod>
	</url><url>
		<loc> https://geoconnex.us/ref/aiannh/6730 </loc>
		<lastmod> 2022-08-22 17:04:53.352521 </lastmod>
	</url><url>
		<loc> https://geoconnex.us/ref/aiannh/7095 </loc>
		<lastmod> 2022-08-22 17:04:53.352537 </lastmod>
	</url><url>
		<loc> https://geoconnex.us/ref/aiannh/6835 </loc>
		<lastmod> 2022-08-22 17:04:53.352552 </lastmod>
	</url><url>
		<loc> https://geoconnex.us/ref/aiannh/6075 </loc>
		<lastmod> 2022-08-22 17:04:53.352568 </lastmod>
	</url><url>
		<loc> https://geoconnex.us/ref/aiannh/7430 </loc>
		<lastmod> 2022-08-22 17:04:53.352583 </lastmod>
	</url><url>
		<loc> https://geoconnex.us/ref/aiannh/6910 </loc>
		<lastmod> 2022-08-22 17:04:53.352598 </lastmod>
	</url><url>
		<loc> https://geoconnex.us/ref/aiannh/7125 </loc>
		<lastmod> 2022-08-22 17:04:53.352614 </lastmod>
	</url><url>
		<loc> https://geoconnex.us/ref/aiannh/6890 </loc>
		<lastmod> 2022-08-22 17:04:53.352630 </lastmod>
	</url><url>
		<loc> https://geoconnex.us/ref/aiannh/6240 </loc>
		<lastmod> 2022-08-22 17:04:53.352645 </lastmod>
	</url><url>
		<loc> https://geoconnex.us/ref/aiannh/1815 </loc>
		<lastmod> 2022-08-22 17:04:53.352660 </lastmod>
	</url><url>
		<loc> https://geoconnex.us/ref/aiannh/4255 </loc>
		<lastmod> 2022-08-22 17:04:53.352676 </lastmod>
	</url><url>
		<loc> https://geoconnex.us/ref/aiannh/2100 </loc>
		<lastmod> 2022-08-22 17:04:53.352691 </lastmod>
	</url><url>
		<loc> https://geoconnex.us/ref/aiannh/0690 </loc>
		<lastmod> 2022-08-22 17:04:53.352707 </lastmod>
	</url><url>
		<loc> https://geoconnex.us/ref/aiannh/5123 </loc>
		<lastmod> 2022-08-22 17:04:53.352722 </lastmod>
	</url><url>
		<loc> https://geoconnex.us/ref/aiannh/4140 </loc>
		<lastmod> 2022-08-22 17:04:53.352737 </lastmod>
	</url><url>
		<loc> https://geoconnex.us/ref/aiannh/4930 </loc>
		<lastmod> 2022-08-22 17:04:53.352752 </lastmod>
	</url><url>
		<loc> https://geoconnex.us/ref/aiannh/5098 </loc>
		<lastmod> 2022-08-22 17:04:53.352767 </lastmod>
	</url><url>
		<loc> https://geoconnex.us/ref/aiannh/5008 </loc>
		<lastmod> 2022-08-22 17:04:53.352782 </lastmod>
	</url><url>
		<loc> https://geoconnex.us/ref/aiannh/1250 </loc>
		<lastmod> 2022-08-22 17:04:53.352798 </lastmod>
	</url><url>
		<loc> https://geoconnex.us/ref/aiannh/5135 </loc>
		<lastmod> 2022-08-22 17:04:53.352813 </lastmod>
	</url><url>
		<loc> https://geoconnex.us/ref/aiannh/5177 </loc>
		<lastmod> 2022-08-22 17:04:53.352828 </lastmod>
	</url><url>
		<loc> https://geoconnex.us/ref/aiannh/5560 </loc>
		<lastmod> 2022-08-22 17:04:53.352843 </lastmod>
	</url><url>
		<loc> https://geoconnex.us/ref/aiannh/5620 </loc>
		<lastmod> 2022-08-22 17:04:53.352859 </lastmod>
	</url><url>
		<loc> https://geoconnex.us/ref/aiannh/9720 </loc>
		<lastmod> 2022-08-22 17:04:53.352874 </lastmod>
	</url><url>
		<loc> https://geoconnex.us/ref/aiannh/3185 </loc>
		<lastmod> 2022-08-22 17:04:53.352890 </lastmod>
	</url><url>
		<loc> https://geoconnex.us/ref/aiannh/1955 </loc>
		<lastmod> 2022-08-22 17:04:53.352905 </lastmod>
	</url><url>
		<loc> https://geoconnex.us/ref/aiannh/0605 </loc>
		<lastmod> 2022-08-22 17:04:53.352920 </lastmod>
	</url><url>
		<loc> https://geoconnex.us/ref/aiannh/2810 </loc>
		<lastmod> 2022-08-22 17:04:53.352936 </lastmod>
	</url><url>
		<loc> https://geoconnex.us/ref/aiannh/9100 </loc>
		<lastmod> 2022-08-22 17:04:53.352951 </lastmod>
	</url><url>
		<loc> https://geoconnex.us/ref/aiannh/2595 </loc>
		<lastmod> 2022-08-22 17:04:53.352967 </lastmod>
	</url><url>
		<loc> https://geoconnex.us/ref/aiannh/5071 </loc>
		<lastmod> 2022-08-22 17:04:53.352982 </lastmod>
	</url><url>
		<loc> https://geoconnex.us/ref/aiannh/6275 </loc>
		<lastmod> 2022-08-22 17:04:53.352998 </lastmod>
	</url><url>
		<loc> https://geoconnex.us/ref/aiannh/1355 </loc>
		<lastmod> 2022-08-22 17:04:53.353013 </lastmod>
	</url><url>
		<loc> https://geoconnex.us/ref/aiannh/7390 </loc>
		<lastmod> 2022-08-22 17:04:53.353028 </lastmod>
	</url><url>
		<loc> https://geoconnex.us/ref/aiannh/6710 </loc>
		<lastmod> 2022-08-22 17:04:53.353043 </lastmod>
	</url><url>
		<loc> https://geoconnex.us/ref/aiannh/6225 </loc>
		<lastmod> 2022-08-22 17:04:53.353058 </lastmod>
	</url><url>
		<loc> https://geoconnex.us/ref/aiannh/6595 </loc>
		<lastmod> 2022-08-22 17:04:53.353073 </lastmod>
	</url><url>
		<loc> https://geoconnex.us/ref/aiannh/7185 </loc>
		<lastmod> 2022-08-22 17:04:53.353088 </lastmod>
	</url><url>
		<loc> https://geoconnex.us/ref/aiannh/6070 </loc>
		<lastmod> 2022-08-22 17:04:53.353103 </lastmod>
	</url><url>
		<loc> https://geoconnex.us/ref/aiannh/6820 </loc>
		<lastmod> 2022-08-22 17:04:53.353118 </lastmod>
	</url><url>
		<loc> https://geoconnex.us/ref/aiannh/7755 </loc>
		<lastmod> 2022-08-22 17:04:53.353133 </lastmod>
	</url><url>
		<loc> https://geoconnex.us/ref/aiannh/6725 </loc>
		<lastmod> 2022-08-22 17:04:53.353148 </lastmod>
	</url><url>
		<loc> https://geoconnex.us/ref/aiannh/1700 </loc>
		<lastmod> 2022-08-22 17:04:53.353162 </lastmod>
	</url><url>
		<loc> https://geoconnex.us/ref/aiannh/4940 </loc>
		<lastmod> 2022-08-22 17:04:53.353177 </lastmod>
	</url><url>
		<loc> https://geoconnex.us/ref/aiannh/9675 </loc>
		<lastmod> 2022-08-22 17:04:53.353192 </lastmod>
	</url><url>
		<loc> https://geoconnex.us/ref/aiannh/1895 </loc>
		<lastmod> 2022-08-22 17:04:53.353208 </lastmod>
	</url><url>
		<loc> https://geoconnex.us/ref/aiannh/9370 </loc>
		<lastmod> 2022-08-22 17:04:53.353223 </lastmod>
	</url><url>
		<loc> https://geoconnex.us/ref/aiannh/6855 </loc>
		<lastmod> 2022-08-22 17:04:53.353239 </lastmod>
	</url><url>
		<loc> https://geoconnex.us/ref/aiannh/1560 </loc>
		<lastmod> 2022-08-22 17:04:53.353254 </lastmod>
	</url><url>
		<loc> https://geoconnex.us/ref/aiannh/0720 </loc>
		<lastmod> 2022-08-22 17:04:53.353270 </lastmod>
	</url><url>
		<loc> https://geoconnex.us/ref/aiannh/9230 </loc>
		<lastmod> 2022-08-22 17:04:53.353336 </lastmod>
	</url><url>
		<loc> https://geoconnex.us/ref/aiannh/1135 </loc>
		<lastmod> 2022-08-22 17:04:53.353352 </lastmod>
	</url><url>
		<loc> https://geoconnex.us/ref/aiannh/0110 </loc>
		<lastmod> 2022-08-22 17:04:53.353367 </lastmod>
	</url><url>
		<loc> https://geoconnex.us/ref/aiannh/0750 </loc>
		<lastmod> 2022-08-22 17:04:53.353383 </lastmod>
	</url><url>
		<loc> https://geoconnex.us/ref/aiannh/0820 </loc>
		<lastmod> 2022-08-22 17:04:53.353398 </lastmod>
	</url><url>
		<loc> https://geoconnex.us/ref/aiannh/6720 </loc>
		<lastmod> 2022-08-22 17:04:53.353413 </lastmod>
	</url><url>
		<loc> https://geoconnex.us/ref/aiannh/7740 </loc>
		<lastmod> 2022-08-22 17:04:53.353428 </lastmod>
	</url><url>
		<loc> https://geoconnex.us/ref/aiannh/6545 </loc>
		<lastmod> 2022-08-22 17:04:53.353444 </lastmod>
	</url><url>
		<loc> https://geoconnex.us/ref/aiannh/5114 </loc>
		<lastmod> 2022-08-22 17:04:53.353458 </lastmod>
	</url><url>
		<loc> https://geoconnex.us/ref/aiannh/5067 </loc>
		<lastmod> 2022-08-22 17:04:53.353473 </lastmod>
	</url><url>
		<loc> https://geoconnex.us/ref/aiannh/1395 </loc>
		<lastmod> 2022-08-22 17:04:53.353488 </lastmod>
	</url><url>
		<loc> https://geoconnex.us/ref/aiannh/0955 </loc>
		<lastmod> 2022-08-22 17:04:53.353503 </lastmod>
	</url><url>
		<loc> https://geoconnex.us/ref/aiannh/5600 </loc>
		<lastmod> 2022-08-22 17:04:53.353518 </lastmod>
	</url><url>
		<loc> https://geoconnex.us/ref/aiannh/0215 </loc>
		<lastmod> 2022-08-22 17:04:53.353533 </lastmod>
	</url><url>
		<loc> https://geoconnex.us/ref/aiannh/1775 </loc>
		<lastmod> 2022-08-22 17:04:53.353548 </lastmod>
	</url><url>
		<loc> https://geoconnex.us/ref/aiannh/5134 </loc>
		<lastmod> 2022-08-22 17:04:53.353564 </lastmod>
	</url><url>
		<loc> https://geoconnex.us/ref/aiannh/1005 </loc>
		<lastmod> 2022-08-22 17:04:53.353579 </lastmod>
	</url><url>
		<loc> https://geoconnex.us/ref/aiannh/0560 </loc>
		<lastmod> 2022-08-22 17:04:53.353594 </lastmod>
	</url><url>
		<loc> https://geoconnex.us/ref/aiannh/2535 </loc>
		<lastmod> 2022-08-22 17:04:53.353609 </lastmod>
	</url><url>
		<loc> https://geoconnex.us/ref/aiannh/6605 </loc>
		<lastmod> 2022-08-22 17:04:53.353624 </lastmod>
	</url><url>
		<loc> https://geoconnex.us/ref/aiannh/6905 </loc>
		<lastmod> 2022-08-22 17:04:53.353639 </lastmod>
	</url><url>
		<loc> https://geoconnex.us/ref/aiannh/1925 </loc>
		<lastmod> 2022-08-22 17:04:53.353655 </lastmod>
	</url><url>
		<loc> https://geoconnex.us/ref/aiannh/4545 </loc>
		<lastmod> 2022-08-22 17:04:53.353671 </lastmod>
	</url><url>
		<loc> https://geoconnex.us/ref/aiannh/5069 </loc>
		<lastmod> 2022-08-22 17:04:53.353687 </lastmod>
	</url><url>
		<loc> https://geoconnex.us/ref/aiannh/0305 </loc>
		<lastmod> 2022-08-22 17:04:53.353702 </lastmod>
	</url><url>
		<loc> https://geoconnex.us/ref/aiannh/1010 </loc>
		<lastmod> 2022-08-22 17:04:53.353718 </lastmod>
	</url><url>
		<loc> https://geoconnex.us/ref/aiannh/7665 </loc>
		<lastmod> 2022-08-22 17:04:53.353733 </lastmod>
	</url><url>
		<loc> https://geoconnex.us/ref/aiannh/3520 </loc>
		<lastmod> 2022-08-22 17:04:53.353748 </lastmod>
	</url><url>
		<loc> https://geoconnex.us/ref/aiannh/0290 </loc>
		<lastmod> 2022-08-22 17:04:53.353763 </lastmod>
	</url><url>
		<loc> https://geoconnex.us/ref/aiannh/1550 </loc>
		<lastmod> 2022-08-22 17:04:53.353778 </lastmod>
	</url><url>
		<loc> https://geoconnex.us/ref/aiannh/2015 </loc>
		<lastmod> 2022-08-22 17:04:53.353794 </lastmod>
	</url><url>
		<loc> https://geoconnex.us/ref/aiannh/7695 </loc>
		<lastmod> 2022-08-22 17:04:53.353809 </lastmod>
	</url><url>
		<loc> https://geoconnex.us/ref/aiannh/2320 </loc>
		<lastmod> 2022-08-22 17:04:53.353824 </lastmod>
	</url><url>
		<loc> https://geoconnex.us/ref/aiannh/9280 </loc>
		<lastmod> 2022-08-22 17:04:53.353839 </lastmod>
	</url><url>
		<loc> https://geoconnex.us/ref/aiannh/0020 </loc>
		<lastmod> 2022-08-22 17:04:53.353854 </lastmod>
	</url><url>
		<loc> https://geoconnex.us/ref/aiannh/0540 </loc>
		<lastmod> 2022-08-22 17:04:53.353869 </lastmod>
	</url><url>
		<loc> https://geoconnex.us/ref/aiannh/3550 </loc>
		<lastmod> 2022-08-22 17:04:53.353884 </lastmod>
	</url><url>
		<loc> https://geoconnex.us/ref/aiannh/3750 </loc>
		<lastmod> 2022-08-22 17:04:53.353900 </lastmod>
	</url><url>
		<loc> https://geoconnex.us/ref/aiannh/9815 </loc>
		<lastmod> 2022-08-22 17:04:53.353915 </lastmod>
	</url><url>
		<loc> https://geoconnex.us/ref/aiannh/0010 </loc>
		<lastmod> 2022-08-22 17:04:53.353930 </lastmod>
	</url><url>
		<loc> https://geoconnex.us/ref/aiannh/5148 </loc>
		<lastmod> 2022-08-22 17:04:53.353945 </lastmod>
	</url><url>
		<loc> https://geoconnex.us/ref/aiannh/5156 </loc>
		<lastmod> 2022-08-22 17:04:53.353960 </lastmod>
	</url><url>
		<loc> https://geoconnex.us/ref/aiannh/5009 </loc>
		<lastmod> 2022-08-22 17:04:53.353975 </lastmod>
	</url><url>
		<loc> https://geoconnex.us/ref/aiannh/5196 </loc>
		<lastmod> 2022-08-22 17:04:53.353990 </lastmod>
	</url><url>
		<loc> https://geoconnex.us/ref/aiannh/5111 </loc>
		<lastmod> 2022-08-22 17:04:53.354005 </lastmod>
	</url><url>
		<loc> https://geoconnex.us/ref/aiannh/0275 </loc>
		<lastmod> 2022-08-22 17:04:53.354020 </lastmod>
	</url><url>
		<loc> https://geoconnex.us/ref/aiannh/5251 </loc>
		<lastmod> 2022-08-22 17:04:53.354036 </lastmod>
	</url><url>
		<loc> https://geoconnex.us/ref/aiannh/5540 </loc>
		<lastmod> 2022-08-22 17:04:53.354052 </lastmod>
	</url><url>
		<loc> https://geoconnex.us/ref/aiannh/5820 </loc>
		<lastmod> 2022-08-22 17:04:53.354067 </lastmod>
	</url><url>
		<loc> https://geoconnex.us/ref/aiannh/5580 </loc>
		<lastmod> 2022-08-22 17:04:53.354083 </lastmod>
	</url><url>
		<loc> https://geoconnex.us/ref/aiannh/9515 </loc>
		<lastmod> 2022-08-22 17:04:53.354099 </lastmod>
	</url><url>
		<loc> https://geoconnex.us/ref/aiannh/9745 </loc>
		<lastmod> 2022-08-22 17:04:53.354114 </lastmod>
	</url><url>
		<loc> https://geoconnex.us/ref/aiannh/4665 </loc>
		<lastmod> 2022-08-22 17:04:53.354129 </lastmod>
	</url><url>
		<loc> https://geoconnex.us/ref/aiannh/2490 </loc>
		<lastmod> 2022-08-22 17:04:53.354145 </lastmod>
	</url><url>
		<loc> https://geoconnex.us/ref/aiannh/9150 </loc>
		<lastmod> 2022-08-22 17:04:53.354160 </lastmod>
	</url><url>
		<loc> https://geoconnex.us/ref/aiannh/5830 </loc>
		<lastmod> 2022-08-22 17:04:53.354176 </lastmod>
	</url><url>
		<loc> https://geoconnex.us/ref/aiannh/5780 </loc>
		<lastmod> 2022-08-22 17:04:53.354192 </lastmod>
	</url><url>
		<loc> https://geoconnex.us/ref/aiannh/5011 </loc>
		<lastmod> 2022-08-22 17:04:53.354207 </lastmod>
	</url><url>
		<loc> https://geoconnex.us/ref/aiannh/0240 </loc>
		<lastmod> 2022-08-22 17:04:53.354222 </lastmod>
	</url><url>
		<loc> https://geoconnex.us/ref/aiannh/0185 </loc>
		<lastmod> 2022-08-22 17:04:53.354238 </lastmod>
	</url><url>
		<loc> https://geoconnex.us/ref/aiannh/1140 </loc>
		<lastmod> 2022-08-22 17:04:53.354253 </lastmod>
	</url><url>
		<loc> https://geoconnex.us/ref/aiannh/1440 </loc>
		<lastmod> 2022-08-22 17:04:53.354268 </lastmod>
	</url><url>
		<loc> https://geoconnex.us/ref/aiannh/5740 </loc>
		<lastmod> 2022-08-22 17:04:53.354283 </lastmod>
	</url><url>
		<loc> https://geoconnex.us/ref/aiannh/6750 </loc>
		<lastmod> 2022-08-22 17:04:53.354298 </lastmod>
	</url><url>
		<loc> https://geoconnex.us/ref/aiannh/6350 </loc>
		<lastmod> 2022-08-22 17:04:53.354313 </lastmod>
	</url><url>
		<loc> https://geoconnex.us/ref/aiannh/6250 </loc>
		<lastmod> 2022-08-22 17:04:53.354328 </lastmod>
	</url><url>
		<loc> https://geoconnex.us/ref/aiannh/7050 </loc>
		<lastmod> 2022-08-22 17:04:53.354343 </lastmod>
	</url><url>
		<loc> https://geoconnex.us/ref/aiannh/7135 </loc>
		<lastmod> 2022-08-22 17:04:53.354359 </lastmod>
	</url><url>
		<loc> https://geoconnex.us/ref/aiannh/6755 </loc>
		<lastmod> 2022-08-22 17:04:53.354373 </lastmod>
	</url><url>
		<loc> https://geoconnex.us/ref/aiannh/0350 </loc>
		<lastmod> 2022-08-22 17:04:53.354389 </lastmod>
	</url><url>
		<loc> https://geoconnex.us/ref/aiannh/3265 </loc>
		<lastmod> 2022-08-22 17:04:53.354403 </lastmod>
	</url><url>
		<loc> https://geoconnex.us/ref/aiannh/4030 </loc>
		<lastmod> 2022-08-22 17:04:53.354419 </lastmod>
	</url><url>
		<loc> https://geoconnex.us/ref/aiannh/7100 </loc>
		<lastmod> 2022-08-22 17:04:53.354434 </lastmod>
	</url><url>
		<loc> https://geoconnex.us/ref/aiannh/1670 </loc>
		<lastmod> 2022-08-22 17:04:53.354449 </lastmod>
	</url><url>
		<loc> https://geoconnex.us/ref/aiannh/1260 </loc>
		<lastmod> 2022-08-22 17:04:53.354464 </lastmod>
	</url><url>
		<loc> https://geoconnex.us/ref/aiannh/3935 </loc>
		<lastmod> 2022-08-22 17:04:53.354479 </lastmod>
	</url><url>
		<loc> https://geoconnex.us/ref/aiannh/2115 </loc>
		<lastmod> 2022-08-22 17:04:53.354494 </lastmod>
	</url><url>
		<loc> https://geoconnex.us/ref/aiannh/9300 </loc>
		<lastmod> 2022-08-22 17:04:53.354510 </lastmod>
	</url><url>
		<loc> https://geoconnex.us/ref/aiannh/2505 </loc>
		<lastmod> 2022-08-22 17:04:53.354526 </lastmod>
	</url><url>
		<loc> https://geoconnex.us/ref/aiannh/6630 </loc>
		<lastmod> 2022-08-22 17:04:53.354541 </lastmod>
	</url><url>
		<loc> https://geoconnex.us/ref/aiannh/1270 </loc>
		<lastmod> 2022-08-22 17:04:53.354557 </lastmod>
	</url><url>
		<loc> https://geoconnex.us/ref/aiannh/9260 </loc>
		<lastmod> 2022-08-22 17:04:53.354572 </lastmod>
	</url><url>
		<loc> https://geoconnex.us/ref/aiannh/2555 </loc>
		<lastmod> 2022-08-22 17:04:53.354588 </lastmod>
	</url><url>
		<loc> https://geoconnex.us/ref/aiannh/4910 </loc>
		<lastmod> 2022-08-22 17:04:53.354603 </lastmod>
	</url><url>
		<loc> https://geoconnex.us/ref/aiannh/3665 </loc>
		<lastmod> 2022-08-22 17:04:53.354618 </lastmod>
	</url><url>
		<loc> https://geoconnex.us/ref/aiannh/4360 </loc>
		<lastmod> 2022-08-22 17:04:53.354633 </lastmod>
	</url><url>
		<loc> https://geoconnex.us/ref/aiannh/7745 </loc>
		<lastmod> 2022-08-22 17:04:53.354648 </lastmod>
	</url><url>
		<loc> https://geoconnex.us/ref/aiannh/2835 </loc>
		<lastmod> 2022-08-22 17:04:53.354663 </lastmod>
	</url><url>
		<loc> https://geoconnex.us/ref/aiannh/5550 </loc>
		<lastmod> 2022-08-22 17:04:53.354678 </lastmod>
	</url><url>
		<loc> https://geoconnex.us/ref/aiannh/9550 </loc>
		<lastmod> 2022-08-22 17:04:53.354693 </lastmod>
	</url><url>
		<loc> https://geoconnex.us/ref/aiannh/7275 </loc>
		<lastmod> 2022-08-22 17:04:53.354709 </lastmod>
	</url><url>
		<loc> https://geoconnex.us/ref/aiannh/6080 </loc>
		<lastmod> 2022-08-22 17:04:53.354724 </lastmod>
	</url><url>
		<loc> https://geoconnex.us/ref/aiannh/6975 </loc>
		<lastmod> 2022-08-22 17:04:53.354739 </lastmod>
	</url><url>
		<loc> https://geoconnex.us/ref/aiannh/6815 </loc>
		<lastmod> 2022-08-22 17:04:53.354754 </lastmod>
	</url><url>
		<loc> https://geoconnex.us/ref/aiannh/6895 </loc>
		<lastmod> 2022-08-22 17:04:53.354769 </lastmod>
	</url><url>
		<loc> https://geoconnex.us/ref/aiannh/4470 </loc>
		<lastmod> 2022-08-22 17:04:53.354784 </lastmod>
	</url><url>
		<loc> https://geoconnex.us/ref/aiannh/2785 </loc>
		<lastmod> 2022-08-22 17:04:53.354799 </lastmod>
	</url><url>
		<loc> https://geoconnex.us/ref/aiannh/4390 </loc>
		<lastmod> 2022-08-22 17:04:53.354815 </lastmod>
	</url><url>
		<loc> https://geoconnex.us/ref/aiannh/1185 </loc>
		<lastmod> 2022-08-22 17:04:53.354830 </lastmod>
	</url><url>
		<loc> https://geoconnex.us/ref/aiannh/5590 </loc>
		<lastmod> 2022-08-22 17:04:53.354845 </lastmod>
	</url><url>
		<loc> https://geoconnex.us/ref/aiannh/9960 </loc>
		<lastmod> 2022-08-22 17:04:53.354860 </lastmod>
	</url><url>
		<loc> https://geoconnex.us/ref/aiannh/1110 </loc>
		<lastmod> 2022-08-22 17:04:53.354875 </lastmod>
	</url><url>
		<loc> https://geoconnex.us/ref/aiannh/2075 </loc>
		<lastmod> 2022-08-22 17:04:53.354890 </lastmod>
	</url><url>
		<loc> https://geoconnex.us/ref/aiannh/3985 </loc>
		<lastmod> 2022-08-22 17:04:53.354905 </lastmod>
	</url><url>
		<loc> https://geoconnex.us/ref/aiannh/0555 </loc>
		<lastmod> 2022-08-22 17:04:53.354920 </lastmod>
	</url><url>
		<loc> https://geoconnex.us/ref/aiannh/5720 </loc>
		<lastmod> 2022-08-22 17:04:53.354935 </lastmod>
	</url><url>
		<loc> https://geoconnex.us/ref/aiannh/5955 </loc>
		<lastmod> 2022-08-22 17:04:53.354951 </lastmod>
	</url><url>
		<loc> https://geoconnex.us/ref/aiannh/6455 </loc>
		<lastmod> 2022-08-22 17:04:53.354967 </lastmod>
	</url><url>
		<loc> https://geoconnex.us/ref/aiannh/7245 </loc>
		<lastmod> 2022-08-22 17:04:53.354983 </lastmod>
	</url><url>
		<loc> https://geoconnex.us/ref/aiannh/7565 </loc>
		<lastmod> 2022-08-22 17:04:53.354998 </lastmod>
	</url><url>
		<loc> https://geoconnex.us/ref/aiannh/6100 </loc>
		<lastmod> 2022-08-22 17:04:53.355013 </lastmod>
	</url><url>
		<loc> https://geoconnex.us/ref/aiannh/7180 </loc>
		<lastmod> 2022-08-22 17:04:53.355028 </lastmod>
	</url><url>
		<loc> https://geoconnex.us/ref/aiannh/7300 </loc>
		<lastmod> 2022-08-22 17:04:53.355044 </lastmod>
	</url><url>
		<loc> https://geoconnex.us/ref/aiannh/4455 </loc>
		<lastmod> 2022-08-22 17:04:53.355059 </lastmod>
	</url><url>
		<loc> https://geoconnex.us/ref/aiannh/3955 </loc>
		<lastmod> 2022-08-22 17:04:53.355075 </lastmod>
	</url><url>
		<loc> https://geoconnex.us/ref/aiannh/2300 </loc>
		<lastmod> 2022-08-22 17:04:53.355090 </lastmod>
	</url><url>
		<loc> https://geoconnex.us/ref/aiannh/1125 </loc>
		<lastmod> 2022-08-22 17:04:53.355131 </lastmod>
	</url><url>
		<loc> https://geoconnex.us/ref/aiannh/3250 </loc>
		<lastmod> 2022-08-22 17:04:53.355147 </lastmod>
	</url><url>
		<loc> https://geoconnex.us/ref/aiannh/1310 </loc>
		<lastmod> 2022-08-22 17:04:53.355162 </lastmod>
	</url><url>
		<loc> https://geoconnex.us/ref/aiannh/0775 </loc>
		<lastmod> 2022-08-22 17:04:53.355177 </lastmod>
	</url><url>
		<loc> https://geoconnex.us/ref/aiannh/4405 </loc>
		<lastmod> 2022-08-22 17:04:53.355192 </lastmod>
	</url><url>
		<loc> https://geoconnex.us/ref/aiannh/1785 </loc>
		<lastmod> 2022-08-22 17:04:53.355207 </lastmod>
	</url><url>
		<loc> https://geoconnex.us/ref/aiannh/0400 </loc>
		<lastmod> 2022-08-22 17:04:53.355223 </lastmod>
	</url><url>
		<loc> https://geoconnex.us/ref/aiannh/5166 </loc>
		<lastmod> 2022-08-22 17:04:53.355238 </lastmod>
	</url><url>
		<loc> https://geoconnex.us/ref/aiannh/5029 </loc>
		<lastmod> 2022-08-22 17:04:53.355253 </lastmod>
	</url><url>
		<loc> https://geoconnex.us/ref/aiannh/1840 </loc>
		<lastmod> 2022-08-22 17:04:53.355268 </lastmod>
	</url><url>
		<loc> https://geoconnex.us/ref/aiannh/3400 </loc>
		<lastmod> 2022-08-22 17:04:53.355283 </lastmod>
	</url><url>
		<loc> https://geoconnex.us/ref/aiannh/2240 </loc>
		<lastmod> 2022-08-22 17:04:53.355299 </lastmod>
	</url><url>
		<loc> https://geoconnex.us/ref/aiannh/1735 </loc>
		<lastmod> 2022-08-22 17:04:53.355313 </lastmod>
	</url><url>
		<loc> https://geoconnex.us/ref/aiannh/3825 </loc>
		<lastmod> 2022-08-22 17:04:53.355328 </lastmod>
	</url><url>
		<loc> https://geoconnex.us/ref/aiannh/6430 </loc>
		<lastmod> 2022-08-22 17:04:53.355344 </lastmod>
	</url><url>
		<loc> https://geoconnex.us/ref/aiannh/6285 </loc>
		<lastmod> 2022-08-22 17:04:53.355359 </lastmod>
	</url><url>
		<loc> https://geoconnex.us/ref/aiannh/6550 </loc>
		<lastmod> 2022-08-22 17:04:53.355374 </lastmod>
	</url><url>
		<loc> https://geoconnex.us/ref/aiannh/6045 </loc>
		<lastmod> 2022-08-22 17:04:53.355390 </lastmod>
	</url><url>
		<loc> https://geoconnex.us/ref/aiannh/6105 </loc>
		<lastmod> 2022-08-22 17:04:53.355406 </lastmod>
	</url><url>
		<loc> https://geoconnex.us/ref/aiannh/6065 </loc>
		<lastmod> 2022-08-22 17:04:53.355421 </lastmod>
	</url><url>
		<loc> https://geoconnex.us/ref/aiannh/6525 </loc>
		<lastmod> 2022-08-22 17:04:53.355436 </lastmod>
	</url><url>
		<loc> https://geoconnex.us/ref/aiannh/6915 </loc>
		<lastmod> 2022-08-22 17:04:53.355452 </lastmod>
	</url><url>
		<loc> https://geoconnex.us/ref/aiannh/6965 </loc>
		<lastmod> 2022-08-22 17:04:53.355467 </lastmod>
	</url><url>
		<loc> https://geoconnex.us/ref/aiannh/7020 </loc>
		<lastmod> 2022-08-22 17:04:53.355482 </lastmod>
	</url><url>
		<loc> https://geoconnex.us/ref/aiannh/6195 </loc>
		<lastmod> 2022-08-22 17:04:53.355497 </lastmod>
	</url><url>
		<loc> https://geoconnex.us/ref/aiannh/0855 </loc>
		<lastmod> 2022-08-22 17:04:53.355513 </lastmod>
	</url><url>
		<loc> https://geoconnex.us/ref/aiannh/9580 </loc>
		<lastmod> 2022-08-22 17:04:53.355528 </lastmod>
	</url><url>
		<loc> https://geoconnex.us/ref/aiannh/4330 </loc>
		<lastmod> 2022-08-22 17:04:53.355545 </lastmod>
	</url><url>
		<loc> https://geoconnex.us/ref/aiannh/1490 </loc>
		<lastmod> 2022-08-22 17:04:53.355560 </lastmod>
	</url><url>
		<loc> https://geoconnex.us/ref/aiannh/5770 </loc>
		<lastmod> 2022-08-22 17:04:53.355576 </lastmod>
	</url><url>
		<loc> https://geoconnex.us/ref/aiannh/5198 </loc>
		<lastmod> 2022-08-22 17:04:53.355591 </lastmod>
	</url><url>
		<loc> https://geoconnex.us/ref/aiannh/0080 </loc>
		<lastmod> 2022-08-22 17:04:53.355606 </lastmod>
	</url><url>
		<loc> https://geoconnex.us/ref/aiannh/9835 </loc>
		<lastmod> 2022-08-22 17:04:53.355621 </lastmod>
	</url><url>
		<loc> https://geoconnex.us/ref/aiannh/1690 </loc>
		<lastmod> 2022-08-22 17:04:53.355637 </lastmod>
	</url><url>
		<loc> https://geoconnex.us/ref/aiannh/9800 </loc>
		<lastmod> 2022-08-22 17:04:53.355652 </lastmod>
	</url><url>
		<loc> https://geoconnex.us/ref/aiannh/4755 </loc>
		<lastmod> 2022-08-22 17:04:53.355667 </lastmod>
	</url><url>
		<loc> https://geoconnex.us/ref/aiannh/2040 </loc>
		<lastmod> 2022-08-22 17:04:53.355682 </lastmod>
	</url><url>
		<loc> https://geoconnex.us/ref/aiannh/1460 </loc>
		<lastmod> 2022-08-22 17:04:53.355698 </lastmod>
	</url><url>
		<loc> https://geoconnex.us/ref/aiannh/2990 </loc>
		<lastmod> 2022-08-22 17:04:53.355713 </lastmod>
	</url><url>
		<loc> https://geoconnex.us/ref/aiannh/2205 </loc>
		<lastmod> 2022-08-22 17:04:53.355728 </lastmod>
	</url><url>
		<loc> https://geoconnex.us/ref/aiannh/2625 </loc>
		<lastmod> 2022-08-22 17:04:53.355743 </lastmod>
	</url><url>
		<loc> https://geoconnex.us/ref/aiannh/2445 </loc>
		<lastmod> 2022-08-22 17:04:53.355758 </lastmod>
	</url><url>
		<loc> https://geoconnex.us/ref/aiannh/5271 </loc>
		<lastmod> 2022-08-22 17:04:53.355773 </lastmod>
	</url><url>
		<loc> https://geoconnex.us/ref/aiannh/5091 </loc>
		<lastmod> 2022-08-22 17:04:53.355788 </lastmod>
	</url><url>
		<loc> https://geoconnex.us/ref/aiannh/5106 </loc>
		<lastmod> 2022-08-22 17:04:53.355804 </lastmod>
	</url><url>
		<loc> https://geoconnex.us/ref/aiannh/5146 </loc>
		<lastmod> 2022-08-22 17:04:53.355820 </lastmod>
	</url><url>
		<loc> https://geoconnex.us/ref/aiannh/3415 </loc>
		<lastmod> 2022-08-22 17:04:53.355835 </lastmod>
	</url><url>
		<loc> https://geoconnex.us/ref/aiannh/5161 </loc>
		<lastmod> 2022-08-22 17:04:53.355851 </lastmod>
	</url><url>
		<loc> https://geoconnex.us/ref/aiannh/5044 </loc>
		<lastmod> 2022-08-22 17:04:53.355866 </lastmod>
	</url><url>
		<loc> https://geoconnex.us/ref/aiannh/5104 </loc>
		<lastmod> 2022-08-22 17:04:53.355881 </lastmod>
	</url><url>
		<loc> https://geoconnex.us/ref/aiannh/5053 </loc>
		<lastmod> 2022-08-22 17:04:53.355897 </lastmod>
	</url><url>
		<loc> https://geoconnex.us/ref/aiannh/5222 </loc>
		<lastmod> 2022-08-22 17:04:53.355912 </lastmod>
	</url><url>
		<loc> https://geoconnex.us/ref/aiannh/6305 </loc>
		<lastmod> 2022-08-22 17:04:53.355927 </lastmod>
	</url><url>
		<loc> https://geoconnex.us/ref/aiannh/6530 </loc>
		<lastmod> 2022-08-22 17:04:53.355942 </lastmod>
	</url><url>
		<loc> https://geoconnex.us/ref/aiannh/2560 </loc>
		<lastmod> 2022-08-22 17:04:53.355957 </lastmod>
	</url><url>
		<loc> https://geoconnex.us/ref/aiannh/3085 </loc>
		<lastmod> 2022-08-22 17:04:53.355973 </lastmod>
	</url><url>
		<loc> https://geoconnex.us/ref/aiannh/1825 </loc>
		<lastmod> 2022-08-22 17:04:53.355988 </lastmod>
	</url><url>
		<loc> https://geoconnex.us/ref/aiannh/0140 </loc>
		<lastmod> 2022-08-22 17:04:53.356003 </lastmod>
	</url><url>
		<loc> https://geoconnex.us/ref/aiannh/4015 </loc>
		<lastmod> 2022-08-22 17:04:53.356018 </lastmod>
	</url><url>
		<loc> https://geoconnex.us/ref/aiannh/1963 </loc>
		<lastmod> 2022-08-22 17:04:53.356033 </lastmod>
	</url><url>
		<loc> https://geoconnex.us/ref/aiannh/3195 </loc>
		<lastmod> 2022-08-22 17:04:53.356068 </lastmod>
	</url><url>
		<loc> https://geoconnex.us/ref/aiannh/2495 </loc>
		<lastmod> 2022-08-22 17:04:53.356083 </lastmod>
	</url><url>
		<loc> https://geoconnex.us/ref/aiannh/2147 </loc>
		<lastmod> 2022-08-22 17:04:53.356099 </lastmod>
	</url><url>
		<loc> https://geoconnex.us/ref/aiannh/6625 </loc>
		<lastmod> 2022-08-22 17:04:53.356114 </lastmod>
	</url><url>
		<loc> https://geoconnex.us/ref/aiannh/6520 </loc>
		<lastmod> 2022-08-22 17:04:53.356129 </lastmod>
	</url><url>
		<loc> https://geoconnex.us/ref/aiannh/7625 </loc>
		<lastmod> 2022-08-22 17:04:53.356144 </lastmod>
	</url><url>
		<loc> https://geoconnex.us/ref/aiannh/3030 </loc>
		<lastmod> 2022-08-22 17:04:53.356160 </lastmod>
	</url><url>
		<loc> https://geoconnex.us/ref/aiannh/0845 </loc>
		<lastmod> 2022-08-22 17:04:53.356175 </lastmod>
	</url><url>
		<loc> https://geoconnex.us/ref/aiannh/0225 </loc>
		<lastmod> 2022-08-22 17:04:53.356190 </lastmod>
	</url><url>
		<loc> https://geoconnex.us/ref/aiannh/2400 </loc>
		<lastmod> 2022-08-22 17:04:53.356205 </lastmod>
	</url><url>
		<loc> https://geoconnex.us/ref/aiannh/3870 </loc>
		<lastmod> 2022-08-22 17:04:53.356220 </lastmod>
	</url><url>
		<loc> https://geoconnex.us/ref/aiannh/3020 </loc>
		<lastmod> 2022-08-22 17:04:53.356236 </lastmod>
	</url><url>
		<loc> https://geoconnex.us/ref/aiannh/4060 </loc>
		<lastmod> 2022-08-22 17:04:53.356251 </lastmod>
	</url><url>
		<loc> https://geoconnex.us/ref/aiannh/4430 </loc>
		<lastmod> 2022-08-22 17:04:53.356266 </lastmod>
	</url><url>
		<loc> https://geoconnex.us/ref/aiannh/2715 </loc>
		<lastmod> 2022-08-22 17:04:53.356282 </lastmod>
	</url><url>
		<loc> https://geoconnex.us/ref/aiannh/0415 </loc>
		<lastmod> 2022-08-22 17:04:53.356297 </lastmod>
	</url><url>
		<loc> https://geoconnex.us/ref/aiannh/0155 </loc>
		<lastmod> 2022-08-22 17:04:53.356313 </lastmod>
	</url><url>
		<loc> https://geoconnex.us/ref/aiannh/6500 </loc>
		<lastmod> 2022-08-22 17:04:53.356328 </lastmod>
	</url><url>
		<loc> https://geoconnex.us/ref/aiannh/7085 </loc>
		<lastmod> 2022-08-22 17:04:53.356344 </lastmod>
	</url><url>
		<loc> https://geoconnex.us/ref/aiannh/6840 </loc>
		<lastmod> 2022-08-22 17:04:53.356359 </lastmod>
	</url><url>
		<loc> https://geoconnex.us/ref/aiannh/6255 </loc>
		<lastmod> 2022-08-22 17:04:53.356374 </lastmod>
	</url><url>
		<loc> https://geoconnex.us/ref/aiannh/7500 </loc>
		<lastmod> 2022-08-22 17:04:53.356390 </lastmod>
	</url><url>
		<loc> https://geoconnex.us/ref/aiannh/6865 </loc>
		<lastmod> 2022-08-22 17:04:53.356405 </lastmod>
	</url><url>
		<loc> https://geoconnex.us/ref/aiannh/7650 </loc>
		<lastmod> 2022-08-22 17:04:53.356420 </lastmod>
	</url><url>
		<loc> https://geoconnex.us/ref/aiannh/4130 </loc>
		<lastmod> 2022-08-22 17:04:53.356435 </lastmod>
	</url><url>
		<loc> https://geoconnex.us/ref/aiannh/3115 </loc>
		<lastmod> 2022-08-22 17:04:53.356450 </lastmod>
	</url><url>
		<loc> https://geoconnex.us/ref/aiannh/4625 </loc>
		<lastmod> 2022-08-22 17:04:53.356465 </lastmod>
	</url><url>
		<loc> https://geoconnex.us/ref/aiannh/3285 </loc>
		<lastmod> 2022-08-22 17:04:53.356481 </lastmod>
	</url><url>
		<loc> https://geoconnex.us/ref/aiannh/0325 </loc>
		<lastmod> 2022-08-22 17:04:53.356496 </lastmod>
	</url><url>
		<loc> https://geoconnex.us/ref/aiannh/9950 </loc>
		<lastmod> 2022-08-22 17:04:53.356511 </lastmod>
	</url><url>
		<loc> https://geoconnex.us/ref/aiannh/7415 </loc>
		<lastmod> 2022-08-22 17:04:53.356526 </lastmod>
	</url><url>
		<loc> https://geoconnex.us/ref/aiannh/1040 </loc>
		<lastmod> 2022-08-22 17:04:53.356541 </lastmod>
	</url><url>
		<loc> https://geoconnex.us/ref/aiannh/0165 </loc>
		<lastmod> 2022-08-22 17:04:53.356556 </lastmod>
	</url><url>
		<loc> https://geoconnex.us/ref/aiannh/6300 </loc>
		<lastmod> 2022-08-22 17:04:53.356571 </lastmod>
	</url><url>
		<loc> https://geoconnex.us/ref/aiannh/7250 </loc>
		<lastmod> 2022-08-22 17:04:53.356587 </lastmod>
	</url><url>
		<loc> https://geoconnex.us/ref/aiannh/6490 </loc>
		<lastmod> 2022-08-22 17:04:53.356602 </lastmod>
	</url><url>
		<loc> https://geoconnex.us/ref/aiannh/7225 </loc>
		<lastmod> 2022-08-22 17:04:53.356618 </lastmod>
	</url><url>
		<loc> https://geoconnex.us/ref/aiannh/2475 </loc>
		<lastmod> 2022-08-22 17:04:53.356633 </lastmod>
	</url><url>
		<loc> https://geoconnex.us/ref/aiannh/0575 </loc>
		<lastmod> 2022-08-22 17:04:53.356648 </lastmod>
	</url><url>
		<loc> https://geoconnex.us/ref/aiannh/2925 </loc>
		<lastmod> 2022-08-22 17:04:53.356664 </lastmod>
	</url><url>
		<loc> https://geoconnex.us/ref/aiannh/2985 </loc>
		<lastmod> 2022-08-22 17:04:53.356680 </lastmod>
	</url><url>
		<loc> https://geoconnex.us/ref/aiannh/0335 </loc>
		<lastmod> 2022-08-22 17:04:53.356695 </lastmod>
	</url><url>
		<loc> https://geoconnex.us/ref/aiannh/5730 </loc>
		<lastmod> 2022-08-22 17:04:53.356711 </lastmod>
	</url><url>
		<loc> https://geoconnex.us/ref/aiannh/3280 </loc>
		<lastmod> 2022-08-22 17:04:53.356726 </lastmod>
	</url><url>
		<loc> https://geoconnex.us/ref/aiannh/5088 </loc>
		<lastmod> 2022-08-22 17:04:53.356740 </lastmod>
	</url><url>
		<loc> https://geoconnex.us/ref/aiannh/5116 </loc>
		<lastmod> 2022-08-22 17:04:53.356756 </lastmod>
	</url><url>
		<loc> https://geoconnex.us/ref/aiannh/4500 </loc>
		<lastmod> 2022-08-22 17:04:53.356771 </lastmod>
	</url><url>
		<loc> https://geoconnex.us/ref/aiannh/1055 </loc>
		<lastmod> 2022-08-22 17:04:53.356786 </lastmod>
	</url><url>
		<loc> https://geoconnex.us/ref/aiannh/3095 </loc>
		<lastmod> 2022-08-22 17:04:53.356801 </lastmod>
	</url><url>
		<loc> https://geoconnex.us/ref/aiannh/1915 </loc>
		<lastmod> 2022-08-22 17:04:53.356816 </lastmod>
	</url><url>
		<loc> https://geoconnex.us/ref/aiannh/7315 </loc>
		<lastmod> 2022-08-22 17:04:53.356831 </lastmod>
	</url><url>
		<loc> https://geoconnex.us/ref/aiannh/7450 </loc>
		<lastmod> 2022-08-22 17:04:53.356847 </lastmod>
	</url><url>
		<loc> https://geoconnex.us/ref/aiannh/7495 </loc>
		<lastmod> 2022-08-22 17:04:53.356862 </lastmod>
	</url><url>
		<loc> https://geoconnex.us/ref/aiannh/6015 </loc>
		<lastmod> 2022-08-22 17:04:53.356877 </lastmod>
	</url><url>
		<loc> https://geoconnex.us/ref/aiannh/6860 </loc>
		<lastmod> 2022-08-22 17:04:53.356892 </lastmod>
	</url><url>
		<loc> https://geoconnex.us/ref/aiannh/2055 </loc>
		<lastmod> 2022-08-22 17:04:53.356907 </lastmod>
	</url><url>
		<loc> https://geoconnex.us/ref/aiannh/2150 </loc>
		<lastmod> 2022-08-22 17:04:53.356948 </lastmod>
	</url><url>
		<loc> https://geoconnex.us/ref/aiannh/5051 </loc>
		<lastmod> 2022-08-22 17:04:53.356963 </lastmod>
	</url><url>
		<loc> https://geoconnex.us/ref/aiannh/5239 </loc>
		<lastmod> 2022-08-22 17:04:53.356979 </lastmod>
	</url><url>
		<loc> https://geoconnex.us/ref/aiannh/5640 </loc>
		<lastmod> 2022-08-22 17:04:53.356994 </lastmod>
	</url><url>
		<loc> https://geoconnex.us/ref/aiannh/3010 </loc>
		<lastmod> 2022-08-22 17:04:53.357009 </lastmod>
	</url><url>
		<loc> https://geoconnex.us/ref/aiannh/7145 </loc>
		<lastmod> 2022-08-22 17:04:53.357025 </lastmod>
	</url><url>
		<loc> https://geoconnex.us/ref/aiannh/2070 </loc>
		<lastmod> 2022-08-22 17:04:53.357040 </lastmod>
	</url><url>
		<loc> https://geoconnex.us/ref/aiannh/0200 </loc>
		<lastmod> 2022-08-22 17:04:53.357056 </lastmod>
	</url><url>
		<loc> https://geoconnex.us/ref/aiannh/6810 </loc>
		<lastmod> 2022-08-22 17:04:53.357071 </lastmod>
	</url><url>
		<loc> https://geoconnex.us/ref/aiannh/6995 </loc>
		<lastmod> 2022-08-22 17:04:53.357087 </lastmod>
	</url><url>
		<loc> https://geoconnex.us/ref/aiannh/6365 </loc>
		<lastmod> 2022-08-22 17:04:53.357102 </lastmod>
	</url><url>
		<loc> https://geoconnex.us/ref/aiannh/2285 </loc>
		<lastmod> 2022-08-22 17:04:53.357117 </lastmod>
	</url><url>
		<loc> https://geoconnex.us/ref/aiannh/3885 </loc>
		<lastmod> 2022-08-22 17:04:53.357132 </lastmod>
	</url><url>
		<loc> https://geoconnex.us/ref/aiannh/5915 </loc>
		<lastmod> 2022-08-22 17:04:53.357148 </lastmod>
	</url><url>
		<loc> https://geoconnex.us/ref/aiannh/9975 </loc>
		<lastmod> 2022-08-22 17:04:53.357163 </lastmod>
	</url><url>
		<loc> https://geoconnex.us/ref/aiannh/2850 </loc>
		<lastmod> 2022-08-22 17:04:53.357178 </lastmod>
	</url><url>
		<loc> https://geoconnex.us/ref/aiannh/0940 </loc>
		<lastmod> 2022-08-22 17:04:53.357193 </lastmod>
	</url><url>
		<loc> https://geoconnex.us/ref/aiannh/1380 </loc>
		<lastmod> 2022-08-22 17:04:53.357209 </lastmod>
	</url><url>
		<loc> https://geoconnex.us/ref/aiannh/0265 </loc>
		<lastmod> 2022-08-22 17:04:53.357224 </lastmod>
	</url><url>
		<loc> https://geoconnex.us/ref/aiannh/4235 </loc>
		<lastmod> 2022-08-22 17:04:53.357239 </lastmod>
	</url><url>
		<loc> https://geoconnex.us/ref/aiannh/6590 </loc>
		<lastmod> 2022-08-22 17:04:53.357254 </lastmod>
	</url><url>
		<loc> https://geoconnex.us/ref/aiannh/6680 </loc>
		<lastmod> 2022-08-22 17:04:53.357269 </lastmod>
	</url><url>
		<loc> https://geoconnex.us/ref/aiannh/7130 </loc>
		<lastmod> 2022-08-22 17:04:53.357284 </lastmod>
	</url><url>
		<loc> https://geoconnex.us/ref/aiannh/7150 </loc>
		<lastmod> 2022-08-22 17:04:53.357299 </lastmod>
	</url><url>
		<loc> https://geoconnex.us/ref/aiannh/7260 </loc>
		<lastmod> 2022-08-22 17:04:53.357314 </lastmod>
	</url><url>
		<loc> https://geoconnex.us/ref/aiannh/6390 </loc>
		<lastmod> 2022-08-22 17:04:53.357329 </lastmod>
	</url><url>
		<loc> https://geoconnex.us/ref/aiannh/4290 </loc>
		<lastmod> 2022-08-22 17:04:53.357345 </lastmod>
	</url><url>
		<loc> https://geoconnex.us/ref/aiannh/2085 </loc>
		<lastmod> 2022-08-22 17:04:53.357360 </lastmod>
	</url><url>
		<loc> https://geoconnex.us/ref/aiannh/2685 </loc>
		<lastmod> 2022-08-22 17:04:53.357375 </lastmod>
	</url><url>
		<loc> https://geoconnex.us/ref/aiannh/0125 </loc>
		<lastmod> 2022-08-22 17:04:53.357391 </lastmod>
	</url><url>
		<loc> https://geoconnex.us/ref/aiannh/2820 </loc>
		<lastmod> 2022-08-22 17:04:53.357407 </lastmod>
	</url><url>
		<loc> https://geoconnex.us/ref/aiannh/6235 </loc>
		<lastmod> 2022-08-22 17:04:53.357423 </lastmod>
	</url><url>
		<loc> https://geoconnex.us/ref/aiannh/6540 </loc>
		<lastmod> 2022-08-22 17:04:53.357438 </lastmod>
	</url><url>
		<loc> https://geoconnex.us/ref/aiannh/6650 </loc>
		<lastmod> 2022-08-22 17:04:53.357453 </lastmod>
	</url><url>
		<loc> https://geoconnex.us/ref/aiannh/6265 </loc>
		<lastmod> 2022-08-22 17:04:53.357469 </lastmod>
	</url><url>
		<loc> https://geoconnex.us/ref/aiannh/1195 </loc>
		<lastmod> 2022-08-22 17:04:53.357484 </lastmod>
	</url><url>
		<loc> https://geoconnex.us/ref/aiannh/1770 </loc>
		<lastmod> 2022-08-22 17:04:53.357499 </lastmod>
	</url><url>
		<loc> https://geoconnex.us/ref/aiannh/3165 </loc>
		<lastmod> 2022-08-22 17:04:53.357514 </lastmod>
	</url><url>
		<loc> https://geoconnex.us/ref/aiannh/1625 </loc>
		<lastmod> 2022-08-22 17:04:53.357530 </lastmod>
	</url><url>
		<loc> https://geoconnex.us/ref/aiannh/3000 </loc>
		<lastmod> 2022-08-22 17:04:53.357545 </lastmod>
	</url><url>
		<loc> https://geoconnex.us/ref/aiannh/4690 </loc>
		<lastmod> 2022-08-22 17:04:53.357560 </lastmod>
	</url><url>
		<loc> https://geoconnex.us/ref/aiannh/6295 </loc>
		<lastmod> 2022-08-22 17:04:53.357575 </lastmod>
	</url><url>
		<loc> https://geoconnex.us/ref/aiannh/7065 </loc>
		<lastmod> 2022-08-22 17:04:53.357590 </lastmod>
	</url><url>
		<loc> https://geoconnex.us/ref/aiannh/7465 </loc>
		<lastmod> 2022-08-22 17:04:53.357606 </lastmod>
	</url><url>
		<loc> https://geoconnex.us/ref/aiannh/7270 </loc>
		<lastmod> 2022-08-22 17:04:53.357621 </lastmod>
	</url><url>
		<loc> https://geoconnex.us/ref/aiannh/6945 </loc>
		<lastmod> 2022-08-22 17:04:53.357636 </lastmod>
	</url><url>
		<loc> https://geoconnex.us/ref/aiannh/7605 </loc>
		<lastmod> 2022-08-22 17:04:53.357652 </lastmod>
	</url><url>
		<loc> https://geoconnex.us/ref/aiannh/7220 </loc>
		<lastmod> 2022-08-22 17:04:53.357667 </lastmod>
	</url><url>
		<loc> https://geoconnex.us/ref/aiannh/6040 </loc>
		<lastmod> 2022-08-22 17:04:53.357682 </lastmod>
	</url><url>
		<loc> https://geoconnex.us/ref/aiannh/6570 </loc>
		<lastmod> 2022-08-22 17:04:53.357697 </lastmod>
	</url><url>
		<loc> https://geoconnex.us/ref/aiannh/6405 </loc>
		<lastmod> 2022-08-22 17:04:53.357713 </lastmod>
	</url><url>
		<loc> https://geoconnex.us/ref/aiannh/7475 </loc>
		<lastmod> 2022-08-22 17:04:53.357728 </lastmod>
	</url><url>
		<loc> https://geoconnex.us/ref/aiannh/7030 </loc>
		<lastmod> 2022-08-22 17:04:53.357743 </lastmod>
	</url><url>
		<loc> https://geoconnex.us/ref/aiannh/2745 </loc>
		<lastmod> 2022-08-22 17:04:53.357758 </lastmod>
	</url><url>
		<loc> https://geoconnex.us/ref/aiannh/9963 </loc>
		<lastmod> 2022-08-22 17:04:53.357774 </lastmod>
	</url><url>
		<loc> https://geoconnex.us/ref/aiannh/1100 </loc>
		<lastmod> 2022-08-22 17:04:53.357790 </lastmod>
	</url><url>
		<loc> https://geoconnex.us/ref/aiannh/6670 </loc>
		<lastmod> 2022-08-22 17:04:53.357806 </lastmod>
	</url><url>
		<loc> https://geoconnex.us/ref/aiannh/0510 </loc>
		<lastmod> 2022-08-22 17:04:53.357822 </lastmod>
	</url><url>
		<loc> https://geoconnex.us/ref/aiannh/2510 </loc>
		<lastmod> 2022-08-22 17:04:53.357837 </lastmod>
	</url><url>
		<loc> https://geoconnex.us/ref/aiannh/2270 </loc>
		<lastmod> 2022-08-22 17:04:53.357853 </lastmod>
	</url><url>
		<loc> https://geoconnex.us/ref/aiannh/4708 </loc>
		<lastmod> 2022-08-22 17:04:53.357868 </lastmod>
	</url><url>
		<loc> https://geoconnex.us/ref/aiannh/2680 </loc>
		<lastmod> 2022-08-22 17:04:53.357884 </lastmod>
	</url><url>
		<loc> https://geoconnex.us/ref/aiannh/2315 </loc>
		<lastmod> 2022-08-22 17:04:53.357899 </lastmod>
	</url><url>
		<loc> https://geoconnex.us/ref/aiannh/3480 </loc>
		<lastmod> 2022-08-22 17:04:53.357914 </lastmod>
	</url><url>
		<loc> https://geoconnex.us/ref/aiannh/4770 </loc>
		<lastmod> 2022-08-22 17:04:53.357930 </lastmod>
	</url><url>
		<loc> https://geoconnex.us/ref/aiannh/9970 </loc>
		<lastmod> 2022-08-22 17:04:53.357945 </lastmod>
	</url><url>
		<loc> https://geoconnex.us/ref/aiannh/5181 </loc>
		<lastmod> 2022-08-22 17:04:53.357960 </lastmod>
	</url><url>
		<loc> https://geoconnex.us/ref/aiannh/5216 </loc>
		<lastmod> 2022-08-22 17:04:53.357975 </lastmod>
	</url><url>
		<loc> https://geoconnex.us/ref/aiannh/7205 </loc>
		<lastmod> 2022-08-22 17:04:53.357990 </lastmod>
	</url><url>
		<loc> https://geoconnex.us/ref/aiannh/5970 </loc>
		<lastmod> 2022-08-22 17:04:53.358006 </lastmod>
	</url><url>
		<loc> https://geoconnex.us/ref/aiannh/6990 </loc>
		<lastmod> 2022-08-22 17:04:53.358021 </lastmod>
	</url><url>
		<loc> https://geoconnex.us/ref/aiannh/6445 </loc>
		<lastmod> 2022-08-22 17:04:53.358036 </lastmod>
	</url><url>
		<loc> https://geoconnex.us/ref/aiannh/6415 </loc>
		<lastmod> 2022-08-22 17:04:53.358051 </lastmod>
	</url><url>
		<loc> https://geoconnex.us/ref/aiannh/6310 </loc>
		<lastmod> 2022-08-22 17:04:53.358066 </lastmod>
	</url><url>
		<loc> https://geoconnex.us/ref/aiannh/7070 </loc>
		<lastmod> 2022-08-22 17:04:53.358081 </lastmod>
	</url><url>
		<loc> https://geoconnex.us/ref/aiannh/7485 </loc>
		<lastmod> 2022-08-22 17:04:53.358097 </lastmod>
	</url><url>
		<loc> https://geoconnex.us/ref/aiannh/7640 </loc>
		<lastmod> 2022-08-22 17:04:53.358113 </lastmod>
	</url><url>
		<loc> https://geoconnex.us/ref/aiannh/6025 </loc>
		<lastmod> 2022-08-22 17:04:53.358129 </lastmod>
	</url><url>
		<loc> https://geoconnex.us/ref/aiannh/7055 </loc>
		<lastmod> 2022-08-22 17:04:53.358144 </lastmod>
	</url><url>
		<loc> https://geoconnex.us/ref/aiannh/6585 </loc>
		<lastmod> 2022-08-22 17:04:53.358159 </lastmod>
	</url><url>
		<loc> https://geoconnex.us/ref/aiannh/7175 </loc>
		<lastmod> 2022-08-22 17:04:53.358175 </lastmod>
	</url><url>
		<loc> https://geoconnex.us/ref/aiannh/7410 </loc>
		<lastmod> 2022-08-22 17:04:53.358190 </lastmod>
	</url><url>
		<loc> https://geoconnex.us/ref/aiannh/3340 </loc>
		<lastmod> 2022-08-22 17:04:53.358205 </lastmod>
	</url><url>
		<loc> https://geoconnex.us/ref/aiannh/3320 </loc>
		<lastmod> 2022-08-22 17:04:53.358221 </lastmod>
	</url><url>
		<loc> https://geoconnex.us/ref/aiannh/7510 </loc>
		<lastmod> 2022-08-22 17:04:53.358236 </lastmod>
	</url><url>
		<loc> https://geoconnex.us/ref/aiannh/6935 </loc>
		<lastmod> 2022-08-22 17:04:53.358252 </lastmod>
	</url><url>
		<loc> https://geoconnex.us/ref/aiannh/7040 </loc>
		<lastmod> 2022-08-22 17:04:53.358267 </lastmod>
	</url><url>
		<loc> https://geoconnex.us/ref/aiannh/7255 </loc>
		<lastmod> 2022-08-22 17:04:53.358282 </lastmod>
	</url><url>
		<loc> https://geoconnex.us/ref/aiannh/7630 </loc>
		<lastmod> 2022-08-22 17:04:53.358298 </lastmod>
	</url><url>
		<loc> https://geoconnex.us/ref/aiannh/7435 </loc>
		<lastmod> 2022-08-22 17:04:53.358313 </lastmod>
	</url><url>
		<loc> https://geoconnex.us/ref/aiannh/5061 </loc>
		<lastmod> 2022-08-22 17:04:53.358328 </lastmod>
	</url><url>
		<loc> https://geoconnex.us/ref/aiannh/5238 </loc>
		<lastmod> 2022-08-22 17:04:53.358343 </lastmod>
	</url><url>
		<loc> https://geoconnex.us/ref/aiannh/5176 </loc>
		<lastmod> 2022-08-22 17:04:53.358358 </lastmod>
	</url><url>
		<loc> https://geoconnex.us/ref/aiannh/4075 </loc>
		<lastmod> 2022-08-22 17:04:53.358374 </lastmod>
	</url><url>
		<loc> https://geoconnex.us/ref/aiannh/2910 </loc>
		<lastmod> 2022-08-22 17:04:53.358389 </lastmod>
	</url><url>
		<loc> https://geoconnex.us/ref/aiannh/3370 </loc>
		<lastmod> 2022-08-22 17:04:53.358404 </lastmod>
	</url><url>
		<loc> https://geoconnex.us/ref/aiannh/6340 </loc>
		<lastmod> 2022-08-22 17:04:53.358420 </lastmod>
	</url><url>
		<loc> https://geoconnex.us/ref/aiannh/6460 </loc>
		<lastmod> 2022-08-22 17:04:53.358435 </lastmod>
	</url><url>
		<loc> https://geoconnex.us/ref/aiannh/1610 </loc>
		<lastmod> 2022-08-22 17:04:53.358450 </lastmod>
	</url><url>
		<loc> https://geoconnex.us/ref/aiannh/3735 </loc>
		<lastmod> 2022-08-22 17:04:53.358465 </lastmod>
	</url><url>
		<loc> https://geoconnex.us/ref/aiannh/5223 </loc>
		<lastmod> 2022-08-22 17:04:53.358481 </lastmod>
	</url><url>
		<loc> https://geoconnex.us/ref/aiannh/5030 </loc>
		<lastmod> 2022-08-22 17:04:53.358496 </lastmod>
	</url><url>
		<loc> https://geoconnex.us/ref/aiannh/5046 </loc>
		<lastmod> 2022-08-22 17:04:53.358511 </lastmod>
	</url><url>
		<loc> https://geoconnex.us/ref/aiannh/3795 </loc>
		<lastmod> 2022-08-22 17:04:53.358527 </lastmod>
	</url><url>
		<loc> https://geoconnex.us/ref/aiannh/5186 </loc>
		<lastmod> 2022-08-22 17:04:53.358543 </lastmod>
	</url><url>
		<loc> https://geoconnex.us/ref/aiannh/5033 </loc>
		<lastmod> 2022-08-22 17:04:53.358558 </lastmod>
	</url><url>
		<loc> https://geoconnex.us/ref/aiannh/5101 </loc>
		<lastmod> 2022-08-22 17:04:53.358574 </lastmod>
	</url><url>
		<loc> https://geoconnex.us/ref/aiannh/3930 </loc>
		<lastmod> 2022-08-22 17:04:53.358590 </lastmod>
	</url><url>
		<loc> https://geoconnex.us/ref/aiannh/5800 </loc>
		<lastmod> 2022-08-22 17:04:53.358605 </lastmod>
	</url><url>
		<loc> https://geoconnex.us/ref/aiannh/6325 </loc>
		<lastmod> 2022-08-22 17:04:53.358620 </lastmod>
	</url><url>
		<loc> https://geoconnex.us/ref/aiannh/6575 </loc>
		<lastmod> 2022-08-22 17:04:53.358636 </lastmod>
	</url><url>
		<loc> https://geoconnex.us/ref/aiannh/6450 </loc>
		<lastmod> 2022-08-22 17:04:53.358651 </lastmod>
	</url><url>
		<loc> https://geoconnex.us/ref/aiannh/2775 </loc>
		<lastmod> 2022-08-22 17:04:53.358666 </lastmod>
	</url><url>
		<loc> https://geoconnex.us/ref/aiannh/0495 </loc>
		<lastmod> 2022-08-22 17:04:53.358681 </lastmod>
	</url><url>
		<loc> https://geoconnex.us/ref/aiannh/7530 </loc>
		<lastmod> 2022-08-22 17:04:53.358696 </lastmod>
	</url><url>
		<loc> https://geoconnex.us/ref/aiannh/1160 </loc>
		<lastmod> 2022-08-22 17:04:53.358727 </lastmod>
	</url><url>
		<loc> https://geoconnex.us/ref/aiannh/9865 </loc>
		<lastmod> 2022-08-22 17:04:53.358770 </lastmod>
	</url><url>
		<loc> https://geoconnex.us/ref/aiannh/1750 </loc>
		<lastmod> 2022-08-22 17:04:53.358786 </lastmod>
	</url><url>
		<loc> https://geoconnex.us/ref/aiannh/2190 </loc>
		<lastmod> 2022-08-22 17:04:53.358801 </lastmod>
	</url><url>
		<loc> https://geoconnex.us/ref/aiannh/4090 </loc>
		<lastmod> 2022-08-22 17:04:53.358816 </lastmod>
	</url><url>
		<loc> https://geoconnex.us/ref/aiannh/4530 </loc>
		<lastmod> 2022-08-22 17:04:53.358831 </lastmod>
	</url><url>
		<loc> https://geoconnex.us/ref/aiannh/4225 </loc>
		<lastmod> 2022-08-22 17:04:53.358846 </lastmod>
	</url><url>
		<loc> https://geoconnex.us/ref/aiannh/5056 </loc>
		<lastmod> 2022-08-22 17:04:53.358861 </lastmod>
	</url><url>
		<loc> https://geoconnex.us/ref/aiannh/1590 </loc>
		<lastmod> 2022-08-22 17:04:53.358877 </lastmod>
	</url><url>
		<loc> https://geoconnex.us/ref/aiannh/7505 </loc>
		<lastmod> 2022-08-22 17:04:53.358892 </lastmod>
	</url><url>
		<loc> https://geoconnex.us/ref/aiannh/6515 </loc>
		<lastmod> 2022-08-22 17:04:53.358908 </lastmod>
	</url><url>
		<loc> https://geoconnex.us/ref/aiannh/6125 </loc>
		<lastmod> 2022-08-22 17:04:53.358923 </lastmod>
	</url><url>
		<loc> https://geoconnex.us/ref/aiannh/6150 </loc>
		<lastmod> 2022-08-22 17:04:53.358939 </lastmod>
	</url><url>
		<loc> https://geoconnex.us/ref/aiannh/6765 </loc>
		<lastmod> 2022-08-22 17:04:53.358954 </lastmod>
	</url><url>
		<loc> https://geoconnex.us/ref/aiannh/6385 </loc>
		<lastmod> 2022-08-22 17:04:53.358969 </lastmod>
	</url><url>
		<loc> https://geoconnex.us/ref/aiannh/1410 </loc>
		<lastmod> 2022-08-22 17:04:53.358985 </lastmod>
	</url><url>
		<loc> https://geoconnex.us/ref/aiannh/3780 </loc>
		<lastmod> 2022-08-22 17:04:53.359000 </lastmod>
	</url><url>
		<loc> https://geoconnex.us/ref/aiannh/9838 </loc>
		<lastmod> 2022-08-22 17:04:53.359016 </lastmod>
	</url><url>
		<loc> https://geoconnex.us/ref/aiannh/5179 </loc>
		<lastmod> 2022-08-22 17:04:53.359031 </lastmod>
	</url><url>
		<loc> https://geoconnex.us/ref/aiannh/5083 </loc>
		<lastmod> 2022-08-22 17:04:53.359046 </lastmod>
	</url><url>
		<loc> https://geoconnex.us/ref/aiannh/5276 </loc>
		<lastmod> 2022-08-22 17:04:53.359061 </lastmod>
	</url><url>
		<loc> https://geoconnex.us/ref/aiannh/4315 </loc>
		<lastmod> 2022-08-22 17:04:53.359076 </lastmod>
	</url><url>
		<loc> https://geoconnex.us/ref/aiannh/9830 </loc>
		<lastmod> 2022-08-22 17:04:53.359091 </lastmod>
	</url><url>
		<loc> https://geoconnex.us/ref/aiannh/2375 </loc>
		<lastmod> 2022-08-22 17:04:53.359106 </lastmod>
	</url><url>
		<loc> https://geoconnex.us/ref/aiannh/3680 </loc>
		<lastmod> 2022-08-22 17:04:53.359125 </lastmod>
	</url><url>
		<loc> https://geoconnex.us/ref/aiannh/6160 </loc>
		<lastmod> 2022-08-22 17:04:53.359140 </lastmod>
	</url><url>
		<loc> https://geoconnex.us/ref/aiannh/7560 </loc>
		<lastmod> 2022-08-22 17:04:53.359155 </lastmod>
	</url><url>
		<loc> https://geoconnex.us/ref/aiannh/6685 </loc>
		<lastmod> 2022-08-22 17:04:53.359170 </lastmod>
	</url><url>
		<loc> https://geoconnex.us/ref/aiannh/6495 </loc>
		<lastmod> 2022-08-22 17:04:53.359184 </lastmod>
	</url><url>
		<loc> https://geoconnex.us/ref/aiannh/1880 </loc>
		<lastmod> 2022-08-22 17:04:53.359199 </lastmod>
	</url><url>
		<loc> https://geoconnex.us/ref/aiannh/0815 </loc>
		<lastmod> 2022-08-22 17:04:53.359215 </lastmod>
	</url><url>
		<loc> https://geoconnex.us/ref/aiannh/6740 </loc>
		<lastmod> 2022-08-22 17:04:53.359230 </lastmod>
	</url><url>
		<loc> https://geoconnex.us/ref/aiannh/4710 </loc>
		<lastmod> 2022-08-22 17:04:53.359245 </lastmod>
	</url><url>
		<loc> https://geoconnex.us/ref/aiannh/1220 </loc>
		<lastmod> 2022-08-22 17:04:53.359259 </lastmod>
	</url><url>
		<loc> https://geoconnex.us/ref/aiannh/3840 </loc>
		<lastmod> 2022-08-22 17:04:53.359274 </lastmod>
	</url><url>
		<loc> https://geoconnex.us/ref/aiannh/6620 </loc>
		<lastmod> 2022-08-22 17:04:53.359289 </lastmod>
	</url><url>
		<loc> https://geoconnex.us/ref/aiannh/1830 </loc>
		<lastmod> 2022-08-22 17:04:53.359304 </lastmod>
	</url><url>
		<loc> https://geoconnex.us/ref/aiannh/0975 </loc>
		<lastmod> 2022-08-22 17:04:53.359320 </lastmod>
	</url><url>
		<loc> https://geoconnex.us/ref/aiannh/9825 </loc>
		<lastmod> 2022-08-22 17:04:53.359336 </lastmod>
	</url><url>
		<loc> https://geoconnex.us/ref/aiannh/2865 </loc>
		<lastmod> 2022-08-22 17:04:53.359351 </lastmod>
	</url><url>
		<loc> https://geoconnex.us/ref/aiannh/6700 </loc>
		<lastmod> 2022-08-22 17:04:53.359366 </lastmod>
	</url><url>
		<loc> https://geoconnex.us/ref/aiannh/3635 </loc>
		<lastmod> 2022-08-22 17:04:53.359382 </lastmod>
	</url><url>
		<loc> https://geoconnex.us/ref/aiannh/2635 </loc>
		<lastmod> 2022-08-22 17:04:53.359397 </lastmod>
	</url><url>
		<loc> https://geoconnex.us/ref/aiannh/1655 </loc>
		<lastmod> 2022-08-22 17:04:53.359412 </lastmod>
	</url><url>
		<loc> https://geoconnex.us/ref/aiannh/2360 </loc>
		<lastmod> 2022-08-22 17:04:53.359427 </lastmod>
	</url><url>
		<loc> https://geoconnex.us/ref/aiannh/7375 </loc>
		<lastmod> 2022-08-22 17:04:53.359442 </lastmod>
	</url><url>
		<loc> https://geoconnex.us/ref/aiannh/6735 </loc>
		<lastmod> 2022-08-22 17:04:53.359457 </lastmod>
	</url><url>
		<loc> https://geoconnex.us/ref/aiannh/5004 </loc>
		<lastmod> 2022-08-22 17:04:53.359472 </lastmod>
	</url><url>
		<loc> https://geoconnex.us/ref/aiannh/9510 </loc>
		<lastmod> 2022-08-22 17:04:53.359487 </lastmod>
	</url><url>
		<loc> https://geoconnex.us/ref/aiannh/6420 </loc>
		<lastmod> 2022-08-22 17:04:53.359503 </lastmod>
	</url><url>
		<loc> https://geoconnex.us/ref/aiannh/7735 </loc>
		<lastmod> 2022-08-22 17:04:53.359518 </lastmod>
	</url><url>
		<loc> https://geoconnex.us/ref/aiannh/7645 </loc>
		<lastmod> 2022-08-22 17:04:53.359533 </lastmod>
	</url><url>
		<loc> https://geoconnex.us/ref/aiannh/9525 </loc>
		<lastmod> 2022-08-22 17:04:53.359548 </lastmod>
	</url><url>
		<loc> https://geoconnex.us/ref/aiannh/7215 </loc>
		<lastmod> 2022-08-22 17:04:53.359563 </lastmod>
	</url><url>
		<loc> https://geoconnex.us/ref/aiannh/1475 </loc>
		<lastmod> 2022-08-22 17:04:53.359578 </lastmod>
	</url><url>
		<loc> https://geoconnex.us/ref/aiannh/5031 </loc>
		<lastmod> 2022-08-22 17:04:53.359593 </lastmod>
	</url><url>
		<loc> https://geoconnex.us/ref/aiannh/1685 </loc>
		<lastmod> 2022-08-22 17:04:53.359608 </lastmod>
	</url><url>
		<loc> https://geoconnex.us/ref/aiannh/2550 </loc>
		<lastmod> 2022-08-22 17:04:53.359623 </lastmod>
	</url><url>
		<loc> https://geoconnex.us/ref/aiannh/5041 </loc>
		<lastmod> 2022-08-22 17:04:53.359638 </lastmod>
	</url><url>
		<loc> https://geoconnex.us/ref/aiannh/5138 </loc>
		<lastmod> 2022-08-22 17:04:53.359653 </lastmod>
	</url><url>
		<loc> https://geoconnex.us/ref/aiannh/5213 </loc>
		<lastmod> 2022-08-22 17:04:53.359668 </lastmod>
	</url><url>
		<loc> https://geoconnex.us/ref/aiannh/5120 </loc>
		<lastmod> 2022-08-22 17:04:53.359683 </lastmod>
	</url><url>
		<loc> https://geoconnex.us/ref/aiannh/5086 </loc>
		<lastmod> 2022-08-22 17:04:53.359698 </lastmod>
	</url><url>
		<loc> https://geoconnex.us/ref/aiannh/5133 </loc>
		<lastmod> 2022-08-22 17:04:53.359713 </lastmod>
	</url><url>
		<loc> https://geoconnex.us/ref/aiannh/5066 </loc>
		<lastmod> 2022-08-22 17:04:53.359729 </lastmod>
	</url><url>
		<loc> https://geoconnex.us/ref/aiannh/5256 </loc>
		<lastmod> 2022-08-22 17:04:53.359745 </lastmod>
	</url><url>
		<loc> https://geoconnex.us/ref/aiannh/2760 </loc>
		<lastmod> 2022-08-22 17:04:53.359761 </lastmod>
	</url><url>
		<loc> https://geoconnex.us/ref/aiannh/2695 </loc>
		<lastmod> 2022-08-22 17:04:53.359777 </lastmod>
	</url><url>
		<loc> https://geoconnex.us/ref/aiannh/3040 </loc>
		<lastmod> 2022-08-22 17:04:53.359793 </lastmod>
	</url><url>
		<loc> https://geoconnex.us/ref/aiannh/3925 </loc>
		<lastmod> 2022-08-22 17:04:53.359808 </lastmod>
	</url><url>
		<loc> https://geoconnex.us/ref/aiannh/9630 </loc>
		<lastmod> 2022-08-22 17:04:53.359824 </lastmod>
	</url><url>
		<loc> https://geoconnex.us/ref/aiannh/3565 </loc>
		<lastmod> 2022-08-22 17:04:53.359840 </lastmod>
	</url><url>
		<loc> https://geoconnex.us/ref/aiannh/2900 </loc>
		<lastmod> 2022-08-22 17:04:53.359855 </lastmod>
	</url><url>
		<loc> https://geoconnex.us/ref/aiannh/8450 </loc>
		<lastmod> 2022-08-22 17:04:53.359870 </lastmod>
	</url><url>
		<loc> https://geoconnex.us/ref/aiannh/7340 </loc>
		<lastmod> 2022-08-22 17:04:53.359885 </lastmod>
	</url><url>
		<loc> https://geoconnex.us/ref/aiannh/1850 </loc>
		<lastmod> 2022-08-22 17:04:53.359901 </lastmod>
	</url><url>
		<loc> https://geoconnex.us/ref/aiannh/2580 </loc>
		<lastmod> 2022-08-22 17:04:53.359916 </lastmod>
	</url><url>
		<loc> https://geoconnex.us/ref/aiannh/6400 </loc>
		<lastmod> 2022-08-22 17:04:53.359931 </lastmod>
	</url><url>
		<loc> https://geoconnex.us/ref/aiannh/6535 </loc>
		<lastmod> 2022-08-22 17:04:53.359946 </lastmod>
	</url><url>
		<loc> https://geoconnex.us/ref/aiannh/5670 </loc>
		<lastmod> 2022-08-22 17:04:53.359961 </lastmod>
	</url><url>
		<loc> https://geoconnex.us/ref/aiannh/2570 </loc>
		<lastmod> 2022-08-22 17:04:53.359977 </lastmod>
	</url><url>
		<loc> https://geoconnex.us/ref/aiannh/2175 </loc>
		<lastmod> 2022-08-22 17:04:53.359992 </lastmod>
	</url><url>
		<loc> https://geoconnex.us/ref/aiannh/6380 </loc>
		<lastmod> 2022-08-22 17:04:53.360007 </lastmod>
	</url><url>
		<loc> https://geoconnex.us/ref/aiannh/1280 </loc>
		<lastmod> 2022-08-22 17:04:53.360022 </lastmod>
	</url><url>
		<loc> https://geoconnex.us/ref/aiannh/3220 </loc>
		<lastmod> 2022-08-22 17:04:53.360050 </lastmod>
	</url><url>
		<loc> https://geoconnex.us/ref/aiannh/1980 </loc>
		<lastmod> 2022-08-22 17:04:53.360068 </lastmod>
	</url><url>
		<loc> https://geoconnex.us/ref/aiannh/1065 </loc>
		<lastmod> 2022-08-22 17:04:53.360083 </lastmod>
	</url><url>
		<loc> https://geoconnex.us/ref/aiannh/7570 </loc>
		<lastmod> 2022-08-22 17:04:53.360098 </lastmod>
	</url><url>
		<loc> https://geoconnex.us/ref/aiannh/6900 </loc>
		<lastmod> 2022-08-22 17:04:53.360113 </lastmod>
	</url><url>
		<loc> https://geoconnex.us/ref/aiannh/7025 </loc>
		<lastmod> 2022-08-22 17:04:53.360129 </lastmod>
	</url><url>
		<loc> https://geoconnex.us/ref/aiannh/6030 </loc>
		<lastmod> 2022-08-22 17:04:53.360144 </lastmod>
	</url><url>
		<loc> https://geoconnex.us/ref/aiannh/1960 </loc>
		<lastmod> 2022-08-22 17:04:53.360160 </lastmod>
	</url><url>
		<loc> https://geoconnex.us/ref/aiannh/4345 </loc>
		<lastmod> 2022-08-22 17:04:53.360175 </lastmod>
	</url><url>
		<loc> https://geoconnex.us/ref/aiannh/3205 </loc>
		<lastmod> 2022-08-22 17:04:53.360191 </lastmod>
	</url><url>
		<loc> https://geoconnex.us/ref/aiannh/1150 </loc>
		<lastmod> 2022-08-22 17:04:53.360207 </lastmod>
	</url><url>
		<loc> https://geoconnex.us/ref/aiannh/1995 </loc>
		<lastmod> 2022-08-22 17:04:53.360222 </lastmod>
	</url><url>
		<loc> https://geoconnex.us/ref/aiannh/1170 </loc>
		<lastmod> 2022-08-22 17:04:53.360237 </lastmod>
	</url><url>
		<loc> https://geoconnex.us/ref/aiannh/7690 </loc>
		<lastmod> 2022-08-22 17:04:53.360253 </lastmod>
	</url><url>
		<loc> https://geoconnex.us/ref/aiannh/5890 </loc>
		<lastmod> 2022-08-22 17:04:53.360268 </lastmod>
	</url><url>
		<loc> https://geoconnex.us/ref/aiannh/9850 </loc>
		<lastmod> 2022-08-22 17:04:53.360283 </lastmod>
	</url><url>
		<loc> https://geoconnex.us/ref/aiannh/0360 </loc>
		<lastmod> 2022-08-22 17:04:53.360298 </lastmod>
	</url><url>
		<loc> https://geoconnex.us/ref/aiannh/0795 </loc>
		<lastmod> 2022-08-22 17:04:53.360313 </lastmod>
	</url><url>
		<loc> https://geoconnex.us/ref/aiannh/3130 </loc>
		<lastmod> 2022-08-22 17:04:53.360328 </lastmod>
	</url><url>
		<loc> https://geoconnex.us/ref/aiannh/6257 </loc>
		<lastmod> 2022-08-22 17:04:53.360343 </lastmod>
	</url><url>
		<loc> https://geoconnex.us/ref/aiannh/1450 </loc>
		<lastmod> 2022-08-22 17:04:53.360358 </lastmod>
	</url><url>
		<loc> https://geoconnex.us/ref/aiannh/5236 </loc>
		<lastmod> 2022-08-22 17:04:53.360373 </lastmod>
	</url><url>
		<loc> https://geoconnex.us/ref/aiannh/5136 </loc>
		<lastmod> 2022-08-22 17:04:53.360389 </lastmod>
	</url><url>
		<loc> https://geoconnex.us/ref/aiannh/5139 </loc>
		<lastmod> 2022-08-22 17:04:53.360404 </lastmod>
	</url><url>
		<loc> https://geoconnex.us/ref/aiannh/5283 </loc>
		<lastmod> 2022-08-22 17:04:53.360419 </lastmod>
	</url><url>
		<loc> https://geoconnex.us/ref/aiannh/1800 </loc>
		<lastmod> 2022-08-22 17:04:53.360434 </lastmod>
	</url><url>
		<loc> https://geoconnex.us/ref/aiannh/5018 </loc>
		<lastmod> 2022-08-22 17:04:53.360449 </lastmod>
	</url><url>
		<loc> https://geoconnex.us/ref/aiannh/5199 </loc>
		<lastmod> 2022-08-22 17:04:53.360464 </lastmod>
	</url><url>
		<loc> https://geoconnex.us/ref/aiannh/3980 </loc>
		<lastmod> 2022-08-22 17:04:53.360480 </lastmod>
	</url><url>
		<loc> https://geoconnex.us/ref/aiannh/4740 </loc>
		<lastmod> 2022-08-22 17:04:53.360495 </lastmod>
	</url><url>
		<loc> https://geoconnex.us/ref/aiannh/9240 </loc>
		<lastmod> 2022-08-22 17:04:53.360510 </lastmod>
	</url><url>
		<loc> https://geoconnex.us/ref/aiannh/6360 </loc>
		<lastmod> 2022-08-22 17:04:53.360525 </lastmod>
	</url><url>
		<loc> https://geoconnex.us/ref/aiannh/7230 </loc>
		<lastmod> 2022-08-22 17:04:53.360540 </lastmod>
	</url><url>
		<loc> https://geoconnex.us/ref/aiannh/7425 </loc>
		<lastmod> 2022-08-22 17:04:53.360582 </lastmod>
	</url><url>
		<loc> https://geoconnex.us/ref/aiannh/7400 </loc>
		<lastmod> 2022-08-22 17:04:53.360598 </lastmod>
	</url><url>
		<loc> https://geoconnex.us/ref/aiannh/6845 </loc>
		<lastmod> 2022-08-22 17:04:53.360613 </lastmod>
	</url><url>
		<loc> https://geoconnex.us/ref/aiannh/6330 </loc>
		<lastmod> 2022-08-22 17:04:53.360629 </lastmod>
	</url><url>
		<loc> https://geoconnex.us/ref/aiannh/7525 </loc>
		<lastmod> 2022-08-22 17:04:53.360644 </lastmod>
	</url><url>
		<loc> https://geoconnex.us/ref/aiannh/6560 </loc>
		<lastmod> 2022-08-22 17:04:53.360660 </lastmod>
	</url><url>
		<loc> https://geoconnex.us/ref/aiannh/7305 </loc>
		<lastmod> 2022-08-22 17:04:53.360675 </lastmod>
	</url><url>
		<loc> https://geoconnex.us/ref/aiannh/5286 </loc>
		<lastmod> 2022-08-22 17:04:53.360690 </lastmod>
	</url><url>
		<loc> https://geoconnex.us/ref/aiannh/4180 </loc>
		<lastmod> 2022-08-22 17:04:53.360705 </lastmod>
	</url><url>
		<loc> https://geoconnex.us/ref/aiannh/0050 </loc>
		<lastmod> 2022-08-22 17:04:53.360720 </lastmod>
	</url><url>
		<loc> https://geoconnex.us/ref/aiannh/2460 </loc>
		<lastmod> 2022-08-22 17:04:53.360735 </lastmod>
	</url><url>
		<loc> https://geoconnex.us/ref/aiannh/4275 </loc>
		<lastmod> 2022-08-22 17:04:53.360750 </lastmod>
	</url><url>
		<loc> https://geoconnex.us/ref/aiannh/7725 </loc>
		<lastmod> 2022-08-22 17:04:53.360766 </lastmod>
	</url><url>
		<loc> https://geoconnex.us/ref/aiannh/6095 </loc>
		<lastmod> 2022-08-22 17:04:53.360781 </lastmod>
	</url><url>
		<loc> https://geoconnex.us/ref/aiannh/7555 </loc>
		<lastmod> 2022-08-22 17:04:53.360796 </lastmod>
	</url><url>
		<loc> https://geoconnex.us/ref/aiannh/7520 </loc>
		<lastmod> 2022-08-22 17:04:53.360811 </lastmod>
	</url><url>
		<loc> https://geoconnex.us/ref/aiannh/6800 </loc>
		<lastmod> 2022-08-22 17:04:53.360826 </lastmod>
	</url><url>
		<loc> https://geoconnex.us/ref/aiannh/7265 </loc>
		<lastmod> 2022-08-22 17:04:53.360841 </lastmod>
	</url><url>
		<loc> https://geoconnex.us/ref/aiannh/6190 </loc>
		<lastmod> 2022-08-22 17:04:53.360856 </lastmod>
	</url><url>
		<loc> https://geoconnex.us/ref/aiannh/6705 </loc>
		<lastmod> 2022-08-22 17:04:53.360871 </lastmod>
	</url><url>
		<loc> https://geoconnex.us/ref/aiannh/9844 </loc>
		<lastmod> 2022-08-22 17:04:53.360886 </lastmod>
	</url><url>
		<loc> https://geoconnex.us/ref/aiannh/0825 </loc>
		<lastmod> 2022-08-22 17:04:53.360901 </lastmod>
	</url><url>
		<loc> https://geoconnex.us/ref/aiannh/9967 </loc>
		<lastmod> 2022-08-22 17:04:53.360915 </lastmod>
	</url><url>
		<loc> https://geoconnex.us/ref/aiannh/0635 </loc>
		<lastmod> 2022-08-22 17:04:53.360930 </lastmod>
	</url><url>
		<loc> https://geoconnex.us/ref/aiannh/5281 </loc>
		<lastmod> 2022-08-22 17:04:53.360945 </lastmod>
	</url><url>
		<loc> https://geoconnex.us/ref/aiannh/1640 </loc>
		<lastmod> 2022-08-22 17:04:53.360960 </lastmod>
	</url><url>
		<loc> https://geoconnex.us/ref/aiannh/0435 </loc>
		<lastmod> 2022-08-22 17:04:53.360976 </lastmod>
	</url><url>
		<loc> https://geoconnex.us/ref/aiannh/4045 </loc>
		<lastmod> 2022-08-22 17:04:53.360991 </lastmod>
	</url><url>
		<loc> https://geoconnex.us/ref/aiannh/6315 </loc>
		<lastmod> 2022-08-22 17:04:53.361006 </lastmod>
	</url><url>
		<loc> https://geoconnex.us/ref/aiannh/4725 </loc>
		<lastmod> 2022-08-22 17:04:53.361022 </lastmod>
	</url><url>
		<loc> https://geoconnex.us/ref/aiannh/2145 </loc>
		<lastmod> 2022-08-22 17:04:53.361037 </lastmod>
	</url><url>
		<loc> https://geoconnex.us/ref/aiannh/1235 </loc>
		<lastmod> 2022-08-22 17:04:53.361052 </lastmod>
	</url><url>
		<loc> https://geoconnex.us/ref/aiannh/0990 </loc>
		<lastmod> 2022-08-22 17:04:53.361067 </lastmod>
	</url><url>
		<loc> https://geoconnex.us/ref/aiannh/3495 </loc>
		<lastmod> 2022-08-22 17:04:53.361082 </lastmod>
	</url><url>
		<loc> https://geoconnex.us/ref/aiannh/8750 </loc>
		<lastmod> 2022-08-22 17:04:53.361097 </lastmod>
	</url><url>
		<loc> https://geoconnex.us/ref/aiannh/4445 </loc>
		<lastmod> 2022-08-22 17:04:53.361112 </lastmod>
	</url><url>
		<loc> https://geoconnex.us/ref/aiannh/7535 </loc>
		<lastmod> 2022-08-22 17:04:53.361127 </lastmod>
	</url><url>
		<loc> https://geoconnex.us/ref/aiannh/0735 </loc>
		<lastmod> 2022-08-22 17:04:53.361142 </lastmod>
	</url><url>
		<loc> https://geoconnex.us/ref/aiannh/1545 </loc>
		<lastmod> 2022-08-22 17:04:53.361157 </lastmod>
	</url><url>
		<loc> https://geoconnex.us/ref/aiannh/2130 </loc>
		<lastmod> 2022-08-22 17:04:53.361171 </lastmod>
	</url><url>
		<loc> https://geoconnex.us/ref/aiannh/1720 </loc>
		<lastmod> 2022-08-22 17:04:53.361186 </lastmod>
	</url><url>
		<loc> https://geoconnex.us/ref/aiannh/1070 </loc>
		<lastmod> 2022-08-22 17:04:53.361201 </lastmod>
	</url><url>
		<loc> https://geoconnex.us/ref/aiannh/0120 </loc>
		<lastmod> 2022-08-22 17:04:53.361216 </lastmod>
	</url><url>
		<loc> https://geoconnex.us/ref/aiannh/3540 </loc>
		<lastmod> 2022-08-22 17:04:53.361232 </lastmod>
	</url><url>
		<loc> https://geoconnex.us/ref/aiannh/0585 </loc>
		<lastmod> 2022-08-22 17:04:53.361247 </lastmod>
	</url><url>
		<loc> https://geoconnex.us/ref/aiannh/5835 </loc>
		<lastmod> 2022-08-22 17:04:53.361262 </lastmod>
	</url><url>
		<loc> https://geoconnex.us/ref/aiannh/5810 </loc>
		<lastmod> 2022-08-22 17:04:53.361277 </lastmod>
	</url><url>
		<loc> https://geoconnex.us/ref/aiannh/0770 </loc>
		<lastmod> 2022-08-22 17:04:53.361292 </lastmod>
	</url><url>
		<loc> https://geoconnex.us/ref/aiannh/5760 </loc>
		<lastmod> 2022-08-22 17:04:53.361307 </lastmod>
	</url><url>
		<loc> https://geoconnex.us/ref/aiannh/0115 </loc>
		<lastmod> 2022-08-22 17:04:53.361322 </lastmod>
	</url><url>
		<loc> https://geoconnex.us/ref/aiannh/1530 </loc>
		<lastmod> 2022-08-22 17:04:53.361337 </lastmod>
	</url><url>
		<loc> https://geoconnex.us/ref/aiannh/6875 </loc>
		<lastmod> 2022-08-22 17:04:53.361352 </lastmod>
	</url><url>
		<loc> https://geoconnex.us/ref/aiannh/6140 </loc>
		<lastmod> 2022-08-22 17:04:53.361367 </lastmod>
	</url><url>
		<loc> https://geoconnex.us/ref/aiannh/6020 </loc>
		<lastmod> 2022-08-22 17:04:53.361383 </lastmod>
	</url><url>
		<loc> https://geoconnex.us/ref/aiannh/7235 </loc>
		<lastmod> 2022-08-22 17:04:53.361398 </lastmod>
	</url><url>
		<loc> https://geoconnex.us/ref/aiannh/3305 </loc>
		<lastmod> 2022-08-22 17:04:53.361413 </lastmod>
	</url><url>
		<loc> https://geoconnex.us/ref/aiannh/7655 </loc>
		<lastmod> 2022-08-22 17:04:53.361429 </lastmod>
	</url><url>
		<loc> https://geoconnex.us/ref/aiannh/6035 </loc>
		<lastmod> 2022-08-22 17:04:53.361444 </lastmod>
	</url><url>
		<loc> https://geoconnex.us/ref/aiannh/7420 </loc>
		<lastmod> 2022-08-22 17:04:53.361459 </lastmod>
	</url><url>
		<loc> https://geoconnex.us/ref/aiannh/6610 </loc>
		<lastmod> 2022-08-22 17:04:53.361475 </lastmod>
	</url><url>
		<loc> https://geoconnex.us/ref/aiannh/7010 </loc>
		<lastmod> 2022-08-22 17:04:53.361490 </lastmod>
	</url><url>
		<loc> https://geoconnex.us/ref/aiannh/2890 </loc>
		<lastmod> 2022-08-22 17:04:53.361505 </lastmod>
	</url><url>
		<loc> https://geoconnex.us/ref/aiannh/2340 </loc>
		<lastmod> 2022-08-22 17:04:53.361520 </lastmod>
	</url><url>
		<loc> https://geoconnex.us/ref/aiannh/5795 </loc>
		<lastmod> 2022-08-22 17:04:53.361535 </lastmod>
	</url><url>
		<loc> https://geoconnex.us/ref/aiannh/5950 </loc>
		<lastmod> 2022-08-22 17:04:53.361549 </lastmod>
	</url><url>
		<loc> https://geoconnex.us/ref/aiannh/5860 </loc>
		<lastmod> 2022-08-22 17:04:53.361564 </lastmod>
	</url><url>
		<loc> https://geoconnex.us/ref/aiannh/2415 </loc>
		<lastmod> 2022-08-22 17:04:53.361579 </lastmod>
	</url><url>
		<loc> https://geoconnex.us/ref/aiannh/9875 </loc>
		<lastmod> 2022-08-22 17:04:53.361594 </lastmod>
	</url><url>
		<loc> https://geoconnex.us/ref/aiannh/1575 </loc>
		<lastmod> 2022-08-22 17:04:53.361609 </lastmod>
	</url><url>
		<loc> https://geoconnex.us/ref/aiannh/4515 </loc>
		<lastmod> 2022-08-22 17:04:53.361624 </lastmod>
	</url><url>
		<loc> https://geoconnex.us/ref/aiannh/0965 </loc>
		<lastmod> 2022-08-22 17:04:53.361639 </lastmod>
	</url><url>
		<loc> https://geoconnex.us/ref/aiannh/0170 </loc>
		<lastmod> 2022-08-22 17:04:53.361654 </lastmod>
	</url><url>
		<loc> https://geoconnex.us/ref/aiannh/1340 </loc>
		<lastmod> 2022-08-22 17:04:53.361669 </lastmod>
	</url><url>
		<loc> https://geoconnex.us/ref/aiannh/3525 </loc>
		<lastmod> 2022-08-22 17:04:53.361684 </lastmod>
	</url><url>
		<loc> https://geoconnex.us/ref/aiannh/4095 </loc>
		<lastmod> 2022-08-22 17:04:53.361699 </lastmod>
	</url><url>
		<loc> https://geoconnex.us/ref/aiannh/0450 </loc>
		<lastmod> 2022-08-22 17:04:53.361714 </lastmod>
	</url><url>
		<loc> https://geoconnex.us/ref/aiannh/0525 </loc>
		<lastmod> 2022-08-22 17:04:53.361728 </lastmod>
	</url><url>
		<loc> https://geoconnex.us/ref/aiannh/9350 </loc>
		<lastmod> 2022-08-22 17:04:53.361743 </lastmod>
	</url><url>
		<loc> https://geoconnex.us/ref/aiannh/4300 </loc>
		<lastmod> 2022-08-22 17:04:53.361758 </lastmod>
	</url><url>
		<loc> https://geoconnex.us/ref/aiannh/3585 </loc>
		<lastmod> 2022-08-22 17:04:53.361773 </lastmod>
	</url><url>
		<loc> https://geoconnex.us/ref/aiannh/3855 </loc>
		<lastmod> 2022-08-22 17:04:53.361788 </lastmod>
	</url><url>
		<loc> https://geoconnex.us/ref/aiannh/2030 </loc>
		<lastmod> 2022-08-22 17:04:53.361804 </lastmod>
	</url><url>
		<loc> https://geoconnex.us/ref/aiannh/5700 </loc>
		<lastmod> 2022-08-22 17:04:53.361819 </lastmod>
	</url><url>
		<loc> https://geoconnex.us/ref/aiannh/5241 </loc>
		<lastmod> 2022-08-22 17:04:53.361835 </lastmod>
	</url><url>
		<loc> https://geoconnex.us/ref/aiannh/1210 </loc>
		<lastmod> 2022-08-22 17:04:53.361850 </lastmod>
	</url><url>
		<loc> https://geoconnex.us/ref/aiannh/4560 </loc>
		<lastmod> 2022-08-22 17:04:53.361865 </lastmod>
	</url><url>
		<loc> https://geoconnex.us/ref/aiannh/3460 </loc>
		<lastmod> 2022-08-22 17:04:53.361880 </lastmod>
	</url><url>
		<loc> https://geoconnex.us/ref/aiannh/0695 </loc>
		<lastmod> 2022-08-22 17:04:53.361896 </lastmod>
	</url><url>
		<loc> https://geoconnex.us/ref/aiannh/5690 </loc>
		<lastmod> 2022-08-22 17:04:53.361912 </lastmod>
	</url><url>
		<loc> https://geoconnex.us/ref/aiannh/8300 </loc>
		<lastmod> 2022-08-22 17:04:53.361927 </lastmod>
	</url><url>
		<loc> https://geoconnex.us/ref/aiannh/6850 </loc>
		<lastmod> 2022-08-22 17:04:53.361942 </lastmod>
	</url><url>
		<loc> https://geoconnex.us/ref/aiannh/1400 </loc>
		<lastmod> 2022-08-22 17:04:53.361958 </lastmod>
	</url><url>
		<loc> https://geoconnex.us/ref/aiannh/2980 </loc>
		<lastmod> 2022-08-22 17:04:53.361973 </lastmod>
	</url><url>
		<loc> https://geoconnex.us/ref/aiannh/4000 </loc>
		<lastmod> 2022-08-22 17:04:53.361988 </lastmod>
	</url><url>
		<loc> https://geoconnex.us/ref/aiannh/4170 </loc>
		<lastmod> 2022-08-22 17:04:53.362003 </lastmod>
	</url><url>
		<loc> https://geoconnex.us/ref/aiannh/0680 </loc>
		<lastmod> 2022-08-22 17:04:53.362019 </lastmod>
	</url><url>
		<loc> https://geoconnex.us/ref/aiannh/0705 </loc>
		<lastmod> 2022-08-22 17:04:53.362034 </lastmod>
	</url><url>
		<loc> https://geoconnex.us/ref/aiannh/5043 </loc>
		<lastmod> 2022-08-22 17:04:53.362049 </lastmod>
	</url><url>
		<loc> https://geoconnex.us/ref/aiannh/5003 </loc>
		<lastmod> 2022-08-22 17:04:53.362064 </lastmod>
	</url><url>
		<loc> https://geoconnex.us/ref/aiannh/1370 </loc>
		<lastmod> 2022-08-22 17:04:53.362080 </lastmod>
	</url><url>
		<loc> https://geoconnex.us/ref/aiannh/3445 </loc>
		<lastmod> 2022-08-22 17:04:53.362095 </lastmod>
	</url><url>
		<loc> https://geoconnex.us/ref/aiannh/5201 </loc>
		<lastmod> 2022-08-22 17:04:53.362110 </lastmod>
	</url><url>
		<loc> https://geoconnex.us/ref/aiannh/1365 </loc>
		<lastmod> 2022-08-22 17:04:53.362125 </lastmod>
	</url></ns0:urlset>