<?xml version='1.0' encoding='utf-8'?>
<ns0:urlset xmlns:ns0="http://www.sitemaps.org/schemas/sitemap/0.9">
<url>
		<loc> https://geoconnex.us/ref/principal_aq/101 </loc>
		<lastmod> 2022-08-22 17:04:46.746015 </lastmod>
	</url><url>
		<loc> https://geoconnex.us/ref/principal_aq/102 </loc>
		<lastmod> 2022-08-22 17:04:46.746053 </lastmod>
	</url><url>
		<loc> https://geoconnex.us/ref/principal_aq/103 </loc>
		<lastmod> 2022-08-22 17:04:46.746075 </lastmod>
	</url><url>
		<loc> https://geoconnex.us/ref/principal_aq/104 </loc>
		<lastmod> 2022-08-22 17:04:46.746094 </lastmod>
	</url><url>
		<loc> https://geoconnex.us/ref/principal_aq/105 </loc>
		<lastmod> 2022-08-22 17:04:46.746110 </lastmod>
	</url><url>
		<loc> https://geoconnex.us/ref/principal_aq/106 </loc>
		<lastmod> 2022-08-22 17:04:46.746126 </lastmod>
	</url><url>
		<loc> https://geoconnex.us/ref/principal_aq/107 </loc>
		<lastmod> 2022-08-22 17:04:46.746143 </lastmod>
	</url><url>
		<loc> https://geoconnex.us/ref/principal_aq/108 </loc>
		<lastmod> 2022-08-22 17:04:46.746159 </lastmod>
	</url><url>
		<loc> https://geoconnex.us/ref/principal_aq/109 </loc>
		<lastmod> 2022-08-22 17:04:46.746174 </lastmod>
	</url><url>
		<loc> https://geoconnex.us/ref/principal_aq/110 </loc>
		<lastmod> 2022-08-22 17:04:46.746191 </lastmod>
	</url><url>
		<loc> https://geoconnex.us/ref/principal_aq/111 </loc>
		<lastmod> 2022-08-22 17:04:46.746206 </lastmod>
	</url><url>
		<loc> https://geoconnex.us/ref/principal_aq/112 </loc>
		<lastmod> 2022-08-22 17:04:46.746221 </lastmod>
	</url><url>
		<loc> https://geoconnex.us/ref/principal_aq/114 </loc>
		<lastmod> 2022-08-22 17:04:46.746236 </lastmod>
	</url><url>
		<loc> https://geoconnex.us/ref/principal_aq/115 </loc>
		<lastmod> 2022-08-22 17:04:46.746251 </lastmod>
	</url><url>
		<loc> https://geoconnex.us/ref/principal_aq/116 </loc>
		<lastmod> 2022-08-22 17:04:46.746266 </lastmod>
	</url><url>
		<loc> https://geoconnex.us/ref/principal_aq/117 </loc>
		<lastmod> 2022-08-22 17:04:46.746281 </lastmod>
	</url><url>
		<loc> https://geoconnex.us/ref/principal_aq/201 </loc>
		<lastmod> 2022-08-22 17:04:46.746296 </lastmod>
	</url><url>
		<loc> https://geoconnex.us/ref/principal_aq/202 </loc>
		<lastmod> 2022-08-22 17:04:46.746311 </lastmod>
	</url><url>
		<loc> https://geoconnex.us/ref/principal_aq/203 </loc>
		<lastmod> 2022-08-22 17:04:46.746326 </lastmod>
	</url><url>
		<loc> https://geoconnex.us/ref/principal_aq/204 </loc>
		<lastmod> 2022-08-22 17:04:46.746341 </lastmod>
	</url><url>
		<loc> https://geoconnex.us/ref/principal_aq/205 </loc>
		<lastmod> 2022-08-22 17:04:46.746356 </lastmod>
	</url><url>
		<loc> https://geoconnex.us/ref/principal_aq/301 </loc>
		<lastmod> 2022-08-22 17:04:46.746372 </lastmod>
	</url><url>
		<loc> https://geoconnex.us/ref/principal_aq/302 </loc>
		<lastmod> 2022-08-22 17:04:46.746387 </lastmod>
	</url><url>
		<loc> https://geoconnex.us/ref/principal_aq/304 </loc>
		<lastmod> 2022-08-22 17:04:46.746402 </lastmod>
	</url><url>
		<loc> https://geoconnex.us/ref/principal_aq/305 </loc>
		<lastmod> 2022-08-22 17:04:46.746417 </lastmod>
	</url><url>
		<loc> https://geoconnex.us/ref/principal_aq/306 </loc>
		<lastmod> 2022-08-22 17:04:46.746432 </lastmod>
	</url><url>
		<loc> https://geoconnex.us/ref/principal_aq/307 </loc>
		<lastmod> 2022-08-22 17:04:46.746447 </lastmod>
	</url><url>
		<loc> https://geoconnex.us/ref/principal_aq/308 </loc>
		<lastmod> 2022-08-22 17:04:46.746462 </lastmod>
	</url><url>
		<loc> https://geoconnex.us/ref/principal_aq/309 </loc>
		<lastmod> 2022-08-22 17:04:46.746478 </lastmod>
	</url><url>
		<loc> https://geoconnex.us/ref/principal_aq/310 </loc>
		<lastmod> 2022-08-22 17:04:46.746493 </lastmod>
	</url><url>
		<loc> https://geoconnex.us/ref/principal_aq/311 </loc>
		<lastmod> 2022-08-22 17:04:46.746508 </lastmod>
	</url><url>
		<loc> https://geoconnex.us/ref/principal_aq/312 </loc>
		<lastmod> 2022-08-22 17:04:46.746523 </lastmod>
	</url><url>
		<loc> https://geoconnex.us/ref/principal_aq/313 </loc>
		<lastmod> 2022-08-22 17:04:46.746538 </lastmod>
	</url><url>
		<loc> https://geoconnex.us/ref/principal_aq/314 </loc>
		<lastmod> 2022-08-22 17:04:46.746553 </lastmod>
	</url><url>
		<loc> https://geoconnex.us/ref/principal_aq/315 </loc>
		<lastmod> 2022-08-22 17:04:46.746568 </lastmod>
	</url><url>
		<loc> https://geoconnex.us/ref/principal_aq/316 </loc>
		<lastmod> 2022-08-22 17:04:46.746583 </lastmod>
	</url><url>
		<loc> https://geoconnex.us/ref/principal_aq/401 </loc>
		<lastmod> 2022-08-22 17:04:46.746599 </lastmod>
	</url><url>
		<loc> https://geoconnex.us/ref/principal_aq/402 </loc>
		<lastmod> 2022-08-22 17:04:46.746614 </lastmod>
	</url><url>
		<loc> https://geoconnex.us/ref/principal_aq/405 </loc>
		<lastmod> 2022-08-22 17:04:46.746629 </lastmod>
	</url><url>
		<loc> https://geoconnex.us/ref/principal_aq/406 </loc>
		<lastmod> 2022-08-22 17:04:46.746644 </lastmod>
	</url><url>
		<loc> https://geoconnex.us/ref/principal_aq/407 </loc>
		<lastmod> 2022-08-22 17:04:46.746659 </lastmod>
	</url><url>
		<loc> https://geoconnex.us/ref/principal_aq/410 </loc>
		<lastmod> 2022-08-22 17:04:46.746674 </lastmod>
	</url><url>
		<loc> https://geoconnex.us/ref/principal_aq/411 </loc>
		<lastmod> 2022-08-22 17:04:46.746689 </lastmod>
	</url><url>
		<loc> https://geoconnex.us/ref/principal_aq/412 </loc>
		<lastmod> 2022-08-22 17:04:46.746704 </lastmod>
	</url><url>
		<loc> https://geoconnex.us/ref/principal_aq/413 </loc>
		<lastmod> 2022-08-22 17:04:46.746719 </lastmod>
	</url><url>
		<loc> https://geoconnex.us/ref/principal_aq/414 </loc>
		<lastmod> 2022-08-22 17:04:46.746734 </lastmod>
	</url><url>
		<loc> https://geoconnex.us/ref/principal_aq/416 </loc>
		<lastmod> 2022-08-22 17:04:46.746749 </lastmod>
	</url><url>
		<loc> https://geoconnex.us/ref/principal_aq/417 </loc>
		<lastmod> 2022-08-22 17:04:46.746764 </lastmod>
	</url><url>
		<loc> https://geoconnex.us/ref/principal_aq/418 </loc>
		<lastmod> 2022-08-22 17:04:46.746779 </lastmod>
	</url><url>
		<loc> https://geoconnex.us/ref/principal_aq/419 </loc>
		<lastmod> 2022-08-22 17:04:46.746794 </lastmod>
	</url><url>
		<loc> https://geoconnex.us/ref/principal_aq/420 </loc>
		<lastmod> 2022-08-22 17:04:46.746809 </lastmod>
	</url><url>
		<loc> https://geoconnex.us/ref/principal_aq/501 </loc>
		<lastmod> 2022-08-22 17:04:46.746824 </lastmod>
	</url><url>
		<loc> https://geoconnex.us/ref/principal_aq/502 </loc>
		<lastmod> 2022-08-22 17:04:46.746839 </lastmod>
	</url><url>
		<loc> https://geoconnex.us/ref/principal_aq/503 </loc>
		<lastmod> 2022-08-22 17:04:46.746854 </lastmod>
	</url><url>
		<loc> https://geoconnex.us/ref/principal_aq/504 </loc>
		<lastmod> 2022-08-22 17:04:46.746869 </lastmod>
	</url><url>
		<loc> https://geoconnex.us/ref/principal_aq/505 </loc>
		<lastmod> 2022-08-22 17:04:46.746884 </lastmod>
	</url><url>
		<loc> https://geoconnex.us/ref/principal_aq/601 </loc>
		<lastmod> 2022-08-22 17:04:46.746900 </lastmod>
	</url><url>
		<loc> https://geoconnex.us/ref/principal_aq/606 </loc>
		<lastmod> 2022-08-22 17:04:46.746915 </lastmod>
	</url><url>
		<loc> https://geoconnex.us/ref/principal_aq/607 </loc>
		<lastmod> 2022-08-22 17:04:46.746930 </lastmod>
	</url><url>
		<loc> https://geoconnex.us/ref/principal_aq/608 </loc>
		<lastmod> 2022-08-22 17:04:46.746945 </lastmod>
	</url><url>
		<loc> https://geoconnex.us/ref/principal_aq/609 </loc>
		<lastmod> 2022-08-22 17:04:46.746960 </lastmod>
	</url><url>
		<loc> https://geoconnex.us/ref/principal_aq/610 </loc>
		<lastmod> 2022-08-22 17:04:46.746975 </lastmod>
	</url><url>
		<loc> https://geoconnex.us/ref/principal_aq/611 </loc>
		<lastmod> 2022-08-22 17:04:46.746990 </lastmod>
	</url><url>
		<loc> https://geoconnex.us/ref/principal_aq/999 </loc>
		<lastmod> 2022-08-22 17:04:46.747005 </lastmod>
	</url></ns0:urlset>