<?xml version='1.0' encoding='utf-8'?>
<ns0:urlset xmlns:ns0="http://www.sitemaps.org/schemas/sitemap/0.9">
<url>
		<loc> https://geoconnex.us/ref/sec_hydrg_reg/S53 </loc>
		<lastmod> 2022-08-22 17:04:53.304189 </lastmod>
	</url><url>
		<loc> https://geoconnex.us/ref/sec_hydrg_reg/S50 </loc>
		<lastmod> 2022-08-22 17:04:53.304235 </lastmod>
	</url><url>
		<loc> https://geoconnex.us/ref/sec_hydrg_reg/S38 </loc>
		<lastmod> 2022-08-22 17:04:53.304258 </lastmod>
	</url><url>
		<loc> https://geoconnex.us/ref/sec_hydrg_reg/S13 </loc>
		<lastmod> 2022-08-22 17:04:53.304276 </lastmod>
	</url><url>
		<loc> https://geoconnex.us/ref/sec_hydrg_reg/S28 </loc>
		<lastmod> 2022-08-22 17:04:53.304292 </lastmod>
	</url><url>
		<loc> https://geoconnex.us/ref/sec_hydrg_reg/S27 </loc>
		<lastmod> 2022-08-22 17:04:53.304308 </lastmod>
	</url><url>
		<loc> https://geoconnex.us/ref/sec_hydrg_reg/S12 </loc>
		<lastmod> 2022-08-22 17:04:53.304326 </lastmod>
	</url><url>
		<loc> https://geoconnex.us/ref/sec_hydrg_reg/S47 </loc>
		<lastmod> 2022-08-22 17:04:53.304343 </lastmod>
	</url><url>
		<loc> https://geoconnex.us/ref/sec_hydrg_reg/S61 </loc>
		<lastmod> 2022-08-22 17:04:53.304359 </lastmod>
	</url><url>
		<loc> https://geoconnex.us/ref/sec_hydrg_reg/S59 </loc>
		<lastmod> 2022-08-22 17:04:53.304375 </lastmod>
	</url><url>
		<loc> https://geoconnex.us/ref/sec_hydrg_reg/S58 </loc>
		<lastmod> 2022-08-22 17:04:53.304390 </lastmod>
	</url><url>
		<loc> https://geoconnex.us/ref/sec_hydrg_reg/S08 </loc>
		<lastmod> 2022-08-22 17:04:53.304406 </lastmod>
	</url><url>
		<loc> https://geoconnex.us/ref/sec_hydrg_reg/S32 </loc>
		<lastmod> 2022-08-22 17:04:53.304421 </lastmod>
	</url><url>
		<loc> https://geoconnex.us/ref/sec_hydrg_reg/S45 </loc>
		<lastmod> 2022-08-22 17:04:53.304436 </lastmod>
	</url><url>
		<loc> https://geoconnex.us/ref/sec_hydrg_reg/S69 </loc>
		<lastmod> 2022-08-22 17:04:53.304451 </lastmod>
	</url><url>
		<loc> https://geoconnex.us/ref/sec_hydrg_reg/S68 </loc>
		<lastmod> 2022-08-22 17:04:53.304466 </lastmod>
	</url><url>
		<loc> https://geoconnex.us/ref/sec_hydrg_reg/S29 </loc>
		<lastmod> 2022-08-22 17:04:53.304481 </lastmod>
	</url><url>
		<loc> https://geoconnex.us/ref/sec_hydrg_reg/S14 </loc>
		<lastmod> 2022-08-22 17:04:53.304496 </lastmod>
	</url><url>
		<loc> https://geoconnex.us/ref/sec_hydrg_reg/S66 </loc>
		<lastmod> 2022-08-22 17:04:53.304511 </lastmod>
	</url><url>
		<loc> https://geoconnex.us/ref/sec_hydrg_reg/S56 </loc>
		<lastmod> 2022-08-22 17:04:53.304526 </lastmod>
	</url><url>
		<loc> https://geoconnex.us/ref/sec_hydrg_reg/S57 </loc>
		<lastmod> 2022-08-22 17:04:53.304542 </lastmod>
	</url><url>
		<loc> https://geoconnex.us/ref/sec_hydrg_reg/S52 </loc>
		<lastmod> 2022-08-22 17:04:53.304557 </lastmod>
	</url><url>
		<loc> https://geoconnex.us/ref/sec_hydrg_reg/S34 </loc>
		<lastmod> 2022-08-22 17:04:53.304573 </lastmod>
	</url><url>
		<loc> https://geoconnex.us/ref/sec_hydrg_reg/S33 </loc>
		<lastmod> 2022-08-22 17:04:53.304589 </lastmod>
	</url><url>
		<loc> https://geoconnex.us/ref/sec_hydrg_reg/S07 </loc>
		<lastmod> 2022-08-22 17:04:53.304604 </lastmod>
	</url><url>
		<loc> https://geoconnex.us/ref/sec_hydrg_reg/S44 </loc>
		<lastmod> 2022-08-22 17:04:53.304619 </lastmod>
	</url><url>
		<loc> https://geoconnex.us/ref/sec_hydrg_reg/S05 </loc>
		<lastmod> 2022-08-22 17:04:53.304634 </lastmod>
	</url><url>
		<loc> https://geoconnex.us/ref/sec_hydrg_reg/S65 </loc>
		<lastmod> 2022-08-22 17:04:53.304649 </lastmod>
	</url><url>
		<loc> https://geoconnex.us/ref/sec_hydrg_reg/S22 </loc>
		<lastmod> 2022-08-22 17:04:53.304664 </lastmod>
	</url><url>
		<loc> https://geoconnex.us/ref/sec_hydrg_reg/S23 </loc>
		<lastmod> 2022-08-22 17:04:53.304679 </lastmod>
	</url><url>
		<loc> https://geoconnex.us/ref/sec_hydrg_reg/S21 </loc>
		<lastmod> 2022-08-22 17:04:53.304694 </lastmod>
	</url><url>
		<loc> https://geoconnex.us/ref/sec_hydrg_reg/S06 </loc>
		<lastmod> 2022-08-22 17:04:53.304709 </lastmod>
	</url><url>
		<loc> https://geoconnex.us/ref/sec_hydrg_reg/S54 </loc>
		<lastmod> 2022-08-22 17:04:53.304724 </lastmod>
	</url><url>
		<loc> https://geoconnex.us/ref/sec_hydrg_reg/S60 </loc>
		<lastmod> 2022-08-22 17:04:53.304739 </lastmod>
	</url><url>
		<loc> https://geoconnex.us/ref/sec_hydrg_reg/S49 </loc>
		<lastmod> 2022-08-22 17:04:53.304754 </lastmod>
	</url><url>
		<loc> https://geoconnex.us/ref/sec_hydrg_reg/S48 </loc>
		<lastmod> 2022-08-22 17:04:53.304769 </lastmod>
	</url><url>
		<loc> https://geoconnex.us/ref/sec_hydrg_reg/S55 </loc>
		<lastmod> 2022-08-22 17:04:53.304784 </lastmod>
	</url><url>
		<loc> https://geoconnex.us/ref/sec_hydrg_reg/S04 </loc>
		<lastmod> 2022-08-22 17:04:53.304799 </lastmod>
	</url><url>
		<loc> https://geoconnex.us/ref/sec_hydrg_reg/S20 </loc>
		<lastmod> 2022-08-22 17:04:53.304814 </lastmod>
	</url><url>
		<loc> https://geoconnex.us/ref/sec_hydrg_reg/S18 </loc>
		<lastmod> 2022-08-22 17:04:53.304829 </lastmod>
	</url><url>
		<loc> https://geoconnex.us/ref/sec_hydrg_reg/S19 </loc>
		<lastmod> 2022-08-22 17:04:53.304844 </lastmod>
	</url><url>
		<loc> https://geoconnex.us/ref/sec_hydrg_reg/S17 </loc>
		<lastmod> 2022-08-22 17:04:53.304860 </lastmod>
	</url><url>
		<loc> https://geoconnex.us/ref/sec_hydrg_reg/S35 </loc>
		<lastmod> 2022-08-22 17:04:53.304875 </lastmod>
	</url><url>
		<loc> https://geoconnex.us/ref/sec_hydrg_reg/S63 </loc>
		<lastmod> 2022-08-22 17:04:53.304890 </lastmod>
	</url><url>
		<loc> https://geoconnex.us/ref/sec_hydrg_reg/S51 </loc>
		<lastmod> 2022-08-22 17:04:53.304905 </lastmod>
	</url><url>
		<loc> https://geoconnex.us/ref/sec_hydrg_reg/S37 </loc>
		<lastmod> 2022-08-22 17:04:53.304920 </lastmod>
	</url><url>
		<loc> https://geoconnex.us/ref/sec_hydrg_reg/S36 </loc>
		<lastmod> 2022-08-22 17:04:53.304934 </lastmod>
	</url><url>
		<loc> https://geoconnex.us/ref/sec_hydrg_reg/S11 </loc>
		<lastmod> 2022-08-22 17:04:53.304950 </lastmod>
	</url><url>
		<loc> https://geoconnex.us/ref/sec_hydrg_reg/S31 </loc>
		<lastmod> 2022-08-22 17:04:53.304965 </lastmod>
	</url><url>
		<loc> https://geoconnex.us/ref/sec_hydrg_reg/S16 </loc>
		<lastmod> 2022-08-22 17:04:53.304980 </lastmod>
	</url><url>
		<loc> https://geoconnex.us/ref/sec_hydrg_reg/S10 </loc>
		<lastmod> 2022-08-22 17:04:53.304996 </lastmod>
	</url><url>
		<loc> https://geoconnex.us/ref/sec_hydrg_reg/S67 </loc>
		<lastmod> 2022-08-22 17:04:53.305011 </lastmod>
	</url><url>
		<loc> https://geoconnex.us/ref/sec_hydrg_reg/S09 </loc>
		<lastmod> 2022-08-22 17:04:53.305025 </lastmod>
	</url><url>
		<loc> https://geoconnex.us/ref/sec_hydrg_reg/S25 </loc>
		<lastmod> 2022-08-22 17:04:53.305040 </lastmod>
	</url><url>
		<loc> https://geoconnex.us/ref/sec_hydrg_reg/S26 </loc>
		<lastmod> 2022-08-22 17:04:53.305056 </lastmod>
	</url><url>
		<loc> https://geoconnex.us/ref/sec_hydrg_reg/S24 </loc>
		<lastmod> 2022-08-22 17:04:53.305071 </lastmod>
	</url><url>
		<loc> https://geoconnex.us/ref/sec_hydrg_reg/S40 </loc>
		<lastmod> 2022-08-22 17:04:53.305086 </lastmod>
	</url><url>
		<loc> https://geoconnex.us/ref/sec_hydrg_reg/S64 </loc>
		<lastmod> 2022-08-22 17:04:53.305100 </lastmod>
	</url><url>
		<loc> https://geoconnex.us/ref/sec_hydrg_reg/S41 </loc>
		<lastmod> 2022-08-22 17:04:53.305115 </lastmod>
	</url><url>
		<loc> https://geoconnex.us/ref/sec_hydrg_reg/S39 </loc>
		<lastmod> 2022-08-22 17:04:53.305131 </lastmod>
	</url><url>
		<loc> https://geoconnex.us/ref/sec_hydrg_reg/S46 </loc>
		<lastmod> 2022-08-22 17:04:53.305146 </lastmod>
	</url><url>
		<loc> https://geoconnex.us/ref/sec_hydrg_reg/S30 </loc>
		<lastmod> 2022-08-22 17:04:53.305160 </lastmod>
	</url><url>
		<loc> https://geoconnex.us/ref/sec_hydrg_reg/S01 </loc>
		<lastmod> 2022-08-22 17:04:53.305175 </lastmod>
	</url><url>
		<loc> https://geoconnex.us/ref/sec_hydrg_reg/S02 </loc>
		<lastmod> 2022-08-22 17:04:53.305190 </lastmod>
	</url><url>
		<loc> https://geoconnex.us/ref/sec_hydrg_reg/S43 </loc>
		<lastmod> 2022-08-22 17:04:53.305205 </lastmod>
	</url><url>
		<loc> https://geoconnex.us/ref/sec_hydrg_reg/S42 </loc>
		<lastmod> 2022-08-22 17:04:53.305220 </lastmod>
	</url><url>
		<loc> https://geoconnex.us/ref/sec_hydrg_reg/S15 </loc>
		<lastmod> 2022-08-22 17:04:53.305235 </lastmod>
	</url><url>
		<loc> https://geoconnex.us/ref/sec_hydrg_reg/S62 </loc>
		<lastmod> 2022-08-22 17:04:53.305250 </lastmod>
	</url></ns0:urlset>