<?xml version='1.0' encoding='utf-8'?>
<ns0:urlset xmlns:ns0="http://www.sitemaps.org/schemas/sitemap/0.9">
<url>
		<loc> https://geoconnex.us/cuahsi/his/NashRWA/BR1039 </loc>
		<lastmod> 2022-08-22 17:04:41.766061 </lastmod>
	</url><url>
		<loc> https://geoconnex.us/cuahsi/his/NashRWA/CT0195 </loc>
		<lastmod> 2022-08-22 17:04:41.766096 </lastmod>
	</url><url>
		<loc> https://geoconnex.us/cuahsi/his/NashRWA/CT0425 </loc>
		<lastmod> 2022-08-22 17:04:41.766117 </lastmod>
	</url><url>
		<loc> https://geoconnex.us/cuahsi/his/NashRWA/FT0380 </loc>
		<lastmod> 2022-08-22 17:04:41.766135 </lastmod>
	</url><url>
		<loc> https://geoconnex.us/cuahsi/his/NashRWA/GB0312 </loc>
		<lastmod> 2022-08-22 17:04:41.766152 </lastmod>
	</url><url>
		<loc> https://geoconnex.us/cuahsi/his/NashRWA/JB0121 </loc>
		<lastmod> 2022-08-22 17:04:41.766167 </lastmod>
	</url><url>
		<loc> https://geoconnex.us/cuahsi/his/NashRWA/JB0583 </loc>
		<lastmod> 2022-08-22 17:04:41.766183 </lastmod>
	</url><url>
		<loc> https://geoconnex.us/cuahsi/his/NashRWA/MN0009 </loc>
		<lastmod> 2022-08-22 17:04:41.766199 </lastmod>
	</url><url>
		<loc> https://geoconnex.us/cuahsi/his/NashRWA/MN0223 </loc>
		<lastmod> 2022-08-22 17:04:41.766214 </lastmod>
	</url><url>
		<loc> https://geoconnex.us/cuahsi/his/NashRWA/MN0419 </loc>
		<lastmod> 2022-08-22 17:04:41.766229 </lastmod>
	</url><url>
		<loc> https://geoconnex.us/cuahsi/his/NashRWA/MN0520 </loc>
		<lastmod> 2022-08-22 17:04:41.766246 </lastmod>
	</url><url>
		<loc> https://geoconnex.us/cuahsi/his/NashRWA/MU0647 </loc>
		<lastmod> 2022-08-22 17:04:41.766261 </lastmod>
	</url><url>
		<loc> https://geoconnex.us/cuahsi/his/NashRWA/MU2011 </loc>
		<lastmod> 2022-08-22 17:04:41.766276 </lastmod>
	</url><url>
		<loc> https://geoconnex.us/cuahsi/his/NashRWA/NB0006 </loc>
		<lastmod> 2022-08-22 17:04:41.766302 </lastmod>
	</url><url>
		<loc> https://geoconnex.us/cuahsi/his/NashRWA/NM0121 </loc>
		<lastmod> 2022-08-22 17:04:41.766316 </lastmod>
	</url><url>
		<loc> https://geoconnex.us/cuahsi/his/NashRWA/NM0875 </loc>
		<lastmod> 2022-08-22 17:04:41.766330 </lastmod>
	</url><url>
		<loc> https://geoconnex.us/cuahsi/his/NashRWA/NM1567 </loc>
		<lastmod> 2022-08-22 17:04:41.766345 </lastmod>
	</url><url>
		<loc> https://geoconnex.us/cuahsi/his/NashRWA/NM2256 </loc>
		<lastmod> 2022-08-22 17:04:41.766359 </lastmod>
	</url><url>
		<loc> https://geoconnex.us/cuahsi/his/NashRWA/NM2443B </loc>
		<lastmod> 2022-08-22 17:04:41.766373 </lastmod>
	</url><url>
		<loc> https://geoconnex.us/cuahsi/his/NashRWA/NM2928 </loc>
		<lastmod> 2022-08-22 17:04:41.766387 </lastmod>
	</url><url>
		<loc> https://geoconnex.us/cuahsi/his/NashRWA/NM4201 </loc>
		<lastmod> 2022-08-22 17:04:41.766406 </lastmod>
	</url><url>
		<loc> https://geoconnex.us/cuahsi/his/NashRWA/NM5837 </loc>
		<lastmod> 2022-08-22 17:04:41.766421 </lastmod>
	</url><url>
		<loc> https://geoconnex.us/cuahsi/his/NashRWA/NN0049 </loc>
		<lastmod> 2022-08-22 17:04:41.766435 </lastmod>
	</url><url>
		<loc> https://geoconnex.us/cuahsi/his/NashRWA/NN0426 </loc>
		<lastmod> 2022-08-22 17:04:41.766449 </lastmod>
	</url><url>
		<loc> https://geoconnex.us/cuahsi/his/NashRWA/NN1194 </loc>
		<lastmod> 2022-08-22 17:04:41.766463 </lastmod>
	</url><url>
		<loc> https://geoconnex.us/cuahsi/his/NashRWA/NN1905 </loc>
		<lastmod> 2022-08-22 17:04:41.766477 </lastmod>
	</url><url>
		<loc> https://geoconnex.us/cuahsi/his/NashRWA/NN2657 </loc>
		<lastmod> 2022-08-22 17:04:41.766492 </lastmod>
	</url><url>
		<loc> https://geoconnex.us/cuahsi/his/NashRWA/NN2888 </loc>
		<lastmod> 2022-08-22 17:04:41.766506 </lastmod>
	</url><url>
		<loc> https://geoconnex.us/cuahsi/his/NashRWA/NN3071 </loc>
		<lastmod> 2022-08-22 17:04:41.766520 </lastmod>
	</url><url>
		<loc> https://geoconnex.us/cuahsi/his/NashRWA/NT0082 </loc>
		<lastmod> 2022-08-22 17:04:41.766534 </lastmod>
	</url><url>
		<loc> https://geoconnex.us/cuahsi/his/NashRWA/NT0418 </loc>
		<lastmod> 2022-08-22 17:04:41.766548 </lastmod>
	</url><url>
		<loc> https://geoconnex.us/cuahsi/his/NashRWA/NT0890 </loc>
		<lastmod> 2022-08-22 17:04:41.766562 </lastmod>
	</url><url>
		<loc> https://geoconnex.us/cuahsi/his/NashRWA/PB0480 </loc>
		<lastmod> 2022-08-22 17:04:41.766576 </lastmod>
	</url><url>
		<loc> https://geoconnex.us/cuahsi/his/NashRWA/SB0025 </loc>
		<lastmod> 2022-08-22 17:04:41.766590 </lastmod>
	</url><url>
		<loc> https://geoconnex.us/cuahsi/his/NashRWA/SB0295 </loc>
		<lastmod> 2022-08-22 17:04:41.766604 </lastmod>
	</url><url>
		<loc> https://geoconnex.us/cuahsi/his/NashRWA/SN0169 </loc>
		<lastmod> 2022-08-22 17:04:41.766618 </lastmod>
	</url><url>
		<loc> https://geoconnex.us/cuahsi/his/NashRWA/SQ0356 </loc>
		<lastmod> 2022-08-22 17:04:41.766632 </lastmod>
	</url><url>
		<loc> https://geoconnex.us/cuahsi/his/NashRWA/SQ1329 </loc>
		<lastmod> 2022-08-22 17:04:41.766646 </lastmod>
	</url><url>
		<loc> https://geoconnex.us/cuahsi/his/NashRWA/SQ1788 </loc>
		<lastmod> 2022-08-22 17:04:41.766660 </lastmod>
	</url><url>
		<loc> https://geoconnex.us/cuahsi/his/NashRWA/SQ2400 </loc>
		<lastmod> 2022-08-22 17:04:41.766674 </lastmod>
	</url><url>
		<loc> https://geoconnex.us/cuahsi/his/NashRWA/WE0034 </loc>
		<lastmod> 2022-08-22 17:04:41.766688 </lastmod>
	</url><url>
		<loc> https://geoconnex.us/cuahsi/his/NashRWA/WK0545 </loc>
		<lastmod> 2022-08-22 17:04:41.766702 </lastmod>
	</url><url>
		<loc> https://geoconnex.us/cuahsi/his/NashRWA/WK0600 </loc>
		<lastmod> 2022-08-22 17:04:41.766716 </lastmod>
	</url><url>
		<loc> https://geoconnex.us/cuahsi/his/NashRWA/BK0430 </loc>
		<lastmod> 2022-08-22 17:04:41.766730 </lastmod>
	</url><url>
		<loc> https://geoconnex.us/cuahsi/his/NashRWA/BR0895 </loc>
		<lastmod> 2022-08-22 17:04:41.766744 </lastmod>
	</url><url>
		<loc> https://geoconnex.us/cuahsi/his/NashRWA/CT0151 </loc>
		<lastmod> 2022-08-22 17:04:41.766757 </lastmod>
	</url><url>
		<loc> https://geoconnex.us/cuahsi/his/NashRWA/CT0743 </loc>
		<lastmod> 2022-08-22 17:04:41.766771 </lastmod>
	</url><url>
		<loc> https://geoconnex.us/cuahsi/his/NashRWA/EB0023 </loc>
		<lastmod> 2022-08-22 17:04:41.766785 </lastmod>
	</url><url>
		<loc> https://geoconnex.us/cuahsi/his/NashRWA/FT0290 </loc>
		<lastmod> 2022-08-22 17:04:41.766800 </lastmod>
	</url><url>
		<loc> https://geoconnex.us/cuahsi/his/NashRWA/JB0200 </loc>
		<lastmod> 2022-08-22 17:04:41.766813 </lastmod>
	</url><url>
		<loc> https://geoconnex.us/cuahsi/his/NashRWA/JB0457 </loc>
		<lastmod> 2022-08-22 17:04:41.766827 </lastmod>
	</url><url>
		<loc> https://geoconnex.us/cuahsi/his/NashRWA/LB0038 </loc>
		<lastmod> 2022-08-22 17:04:41.766841 </lastmod>
	</url><url>
		<loc> https://geoconnex.us/cuahsi/his/NashRWA/MN0713 </loc>
		<lastmod> 2022-08-22 17:04:41.766855 </lastmod>
	</url><url>
		<loc> https://geoconnex.us/cuahsi/his/NashRWA/NM0140 </loc>
		<lastmod> 2022-08-22 17:04:41.766869 </lastmod>
	</url><url>
		<loc> https://geoconnex.us/cuahsi/his/NashRWA/NM0200 </loc>
		<lastmod> 2022-08-22 17:04:41.766883 </lastmod>
	</url><url>
		<loc> https://geoconnex.us/cuahsi/his/NashRWA/NM6274 </loc>
		<lastmod> 2022-08-22 17:04:41.766897 </lastmod>
	</url><url>
		<loc> https://geoconnex.us/cuahsi/his/NashRWA/NT0768 </loc>
		<lastmod> 2022-08-22 17:04:41.766911 </lastmod>
	</url><url>
		<loc> https://geoconnex.us/cuahsi/his/NashRWA/NT1648 </loc>
		<lastmod> 2022-08-22 17:04:41.766924 </lastmod>
	</url><url>
		<loc> https://geoconnex.us/cuahsi/his/NashRWA/PB0840 </loc>
		<lastmod> 2022-08-22 17:04:41.766938 </lastmod>
	</url><url>
		<loc> https://geoconnex.us/cuahsi/his/NashRWA/SQ1840 </loc>
		<lastmod> 2022-08-22 17:04:41.766952 </lastmod>
	</url><url>
		<loc> https://geoconnex.us/cuahsi/his/NashRWA/VB0075 </loc>
		<lastmod> 2022-08-22 17:04:41.766966 </lastmod>
	</url><url>
		<loc> https://geoconnex.us/cuahsi/his/NashRWA/WB0300 </loc>
		<lastmod> 2022-08-22 17:04:41.766980 </lastmod>
	</url><url>
		<loc> https://geoconnex.us/cuahsi/his/NashRWA/WE0180 </loc>
		<lastmod> 2022-08-22 17:04:41.766994 </lastmod>
	</url><url>
		<loc> https://geoconnex.us/cuahsi/his/NashRWA/WK0550 </loc>
		<lastmod> 2022-08-22 17:04:41.767007 </lastmod>
	</url><url>
		<loc> https://geoconnex.us/cuahsi/his/NashRWA/NM4426 </loc>
		<lastmod> 2022-08-22 17:04:41.767022 </lastmod>
	</url></ns0:urlset>