<?xml version='1.0' encoding='utf-8'?>
<ns0:urlset xmlns:ns0="http://www.sitemaps.org/schemas/sitemap/0.9">
<url>
		<loc> https://geoconnex.us/cuahsi/his/GLEON_LakeAnnie/1 </loc>
		<lastmod> 2022-08-22 17:04:41.820591 </lastmod>
	</url><url>
		<loc> https://geoconnex.us/cuahsi/his/GLEON_LakeAnnie/2 </loc>
		<lastmod> 2022-08-22 17:04:41.820625 </lastmod>
	</url><url>
		<loc> https://geoconnex.us/cuahsi/his/GLEON_LakeAnnie/3 </loc>
		<lastmod> 2022-08-22 17:04:41.820647 </lastmod>
	</url><url>
		<loc> https://geoconnex.us/cuahsi/his/GLEON_LakeAnnie/1100 </loc>
		<lastmod> 2022-08-22 17:04:41.820665 </lastmod>
	</url><url>
		<loc> https://geoconnex.us/cuahsi/his/GLEON_LakeAnnie/1020 </loc>
		<lastmod> 2022-08-22 17:04:41.820682 </lastmod>
	</url><url>
		<loc> https://geoconnex.us/cuahsi/his/GLEON_LakeAnnie/1010 </loc>
		<lastmod> 2022-08-22 17:04:41.820698 </lastmod>
	</url><url>
		<loc> https://geoconnex.us/cuahsi/his/GLEON_LakeAnnie/1005 </loc>
		<lastmod> 2022-08-22 17:04:41.820713 </lastmod>
	</url><url>
		<loc> https://geoconnex.us/cuahsi/his/GLEON_LakeAnnie/1002 </loc>
		<lastmod> 2022-08-22 17:04:41.820729 </lastmod>
	</url><url>
		<loc> https://geoconnex.us/cuahsi/his/GLEON_LakeAnnie/1001 </loc>
		<lastmod> 2022-08-22 17:04:41.820745 </lastmod>
	</url><url>
		<loc> https://geoconnex.us/cuahsi/his/GLEON_LakeAnnie/-1001 </loc>
		<lastmod> 2022-08-22 17:04:41.820760 </lastmod>
	</url><url>
		<loc> https://geoconnex.us/cuahsi/his/GLEON_LakeAnnie/-1011 </loc>
		<lastmod> 2022-08-22 17:04:41.820775 </lastmod>
	</url><url>
		<loc> https://geoconnex.us/cuahsi/his/GLEON_LakeAnnie/-1012 </loc>
		<lastmod> 2022-08-22 17:04:41.820791 </lastmod>
	</url><url>
		<loc> https://geoconnex.us/cuahsi/his/GLEON_LakeAnnie/-1013 </loc>
		<lastmod> 2022-08-22 17:04:41.820806 </lastmod>
	</url><url>
		<loc> https://geoconnex.us/cuahsi/his/GLEON_LakeAnnie/-1021 </loc>
		<lastmod> 2022-08-22 17:04:41.820821 </lastmod>
	</url><url>
		<loc> https://geoconnex.us/cuahsi/his/GLEON_LakeAnnie/-1031 </loc>
		<lastmod> 2022-08-22 17:04:41.820836 </lastmod>
	</url><url>
		<loc> https://geoconnex.us/cuahsi/his/GLEON_LakeAnnie/-1041 </loc>
		<lastmod> 2022-08-22 17:04:41.820850 </lastmod>
	</url><url>
		<loc> https://geoconnex.us/cuahsi/his/GLEON_LakeAnnie/-1051 </loc>
		<lastmod> 2022-08-22 17:04:41.820865 </lastmod>
	</url><url>
		<loc> https://geoconnex.us/cuahsi/his/GLEON_LakeAnnie/-1061 </loc>
		<lastmod> 2022-08-22 17:04:41.820880 </lastmod>
	</url><url>
		<loc> https://geoconnex.us/cuahsi/his/GLEON_LakeAnnie/-1071 </loc>
		<lastmod> 2022-08-22 17:04:41.820895 </lastmod>
	</url><url>
		<loc> https://geoconnex.us/cuahsi/his/GLEON_LakeAnnie/-1081 </loc>
		<lastmod> 2022-08-22 17:04:41.820910 </lastmod>
	</url><url>
		<loc> https://geoconnex.us/cuahsi/his/GLEON_LakeAnnie/-1091 </loc>
		<lastmod> 2022-08-22 17:04:41.820924 </lastmod>
	</url><url>
		<loc> https://geoconnex.us/cuahsi/his/GLEON_LakeAnnie/-1101 </loc>
		<lastmod> 2022-08-22 17:04:41.820939 </lastmod>
	</url><url>
		<loc> https://geoconnex.us/cuahsi/his/GLEON_LakeAnnie/-1111 </loc>
		<lastmod> 2022-08-22 17:04:41.820954 </lastmod>
	</url><url>
		<loc> https://geoconnex.us/cuahsi/his/GLEON_LakeAnnie/-1121 </loc>
		<lastmod> 2022-08-22 17:04:41.820969 </lastmod>
	</url><url>
		<loc> https://geoconnex.us/cuahsi/his/GLEON_LakeAnnie/-1131 </loc>
		<lastmod> 2022-08-22 17:04:41.820984 </lastmod>
	</url><url>
		<loc> https://geoconnex.us/cuahsi/his/GLEON_LakeAnnie/-1141 </loc>
		<lastmod> 2022-08-22 17:04:41.820998 </lastmod>
	</url><url>
		<loc> https://geoconnex.us/cuahsi/his/GLEON_LakeAnnie/-1151 </loc>
		<lastmod> 2022-08-22 17:04:41.821013 </lastmod>
	</url><url>
		<loc> https://geoconnex.us/cuahsi/his/GLEON_LakeAnnie/-1161 </loc>
		<lastmod> 2022-08-22 17:04:41.821028 </lastmod>
	</url><url>
		<loc> https://geoconnex.us/cuahsi/his/GLEON_LakeAnnie/-1171 </loc>
		<lastmod> 2022-08-22 17:04:41.821043 </lastmod>
	</url><url>
		<loc> https://geoconnex.us/cuahsi/his/GLEON_LakeAnnie/-1181 </loc>
		<lastmod> 2022-08-22 17:04:41.821058 </lastmod>
	</url><url>
		<loc> https://geoconnex.us/cuahsi/his/GLEON_LakeAnnie/-1003 </loc>
		<lastmod> 2022-08-22 17:04:41.821073 </lastmod>
	</url></ns0:urlset>