<?xml version='1.0' encoding='utf-8'?>
<ns0:urlset xmlns:ns0="http://www.sitemaps.org/schemas/sitemap/0.9">
<url>
		<loc> https://geoconnex.us/cuahsi/his/UMBCGW/DR5 </loc>
		<lastmod> 2022-08-22 17:04:41.472173 </lastmod>
	</url><url>
		<loc> https://geoconnex.us/cuahsi/his/UMBCGW/DR5.015m </loc>
		<lastmod> 2022-08-22 17:04:41.472208 </lastmod>
	</url><url>
		<loc> https://geoconnex.us/cuahsi/his/UMBCGW/DR5.108m </loc>
		<lastmod> 2022-08-22 17:04:41.472229 </lastmod>
	</url><url>
		<loc> https://geoconnex.us/cuahsi/his/UMBCGW/DR5.190m </loc>
		<lastmod> 2022-08-22 17:04:41.472248 </lastmod>
	</url><url>
		<loc> https://geoconnex.us/cuahsi/his/UMBCGW/DR5.231m </loc>
		<lastmod> 2022-08-22 17:04:41.472264 </lastmod>
	</url><url>
		<loc> https://geoconnex.us/cuahsi/his/UMBCGW/DR5.382m </loc>
		<lastmod> 2022-08-22 17:04:41.472280 </lastmod>
	</url><url>
		<loc> https://geoconnex.us/cuahsi/his/UMBCGW/DR5.514m </loc>
		<lastmod> 2022-08-22 17:04:41.472297 </lastmod>
	</url><url>
		<loc> https://geoconnex.us/cuahsi/his/UMBCGW/DR5.582m </loc>
		<lastmod> 2022-08-22 17:04:41.472313 </lastmod>
	</url><url>
		<loc> https://geoconnex.us/cuahsi/his/UMBCGW/DR5.786m </loc>
		<lastmod> 2022-08-22 17:04:41.472328 </lastmod>
	</url><url>
		<loc> https://geoconnex.us/cuahsi/his/UMBCGW/DR5.893m </loc>
		<lastmod> 2022-08-22 17:04:41.472344 </lastmod>
	</url><url>
		<loc> https://geoconnex.us/cuahsi/his/UMBCGW/DR5.902m </loc>
		<lastmod> 2022-08-22 17:04:41.472360 </lastmod>
	</url><url>
		<loc> https://geoconnex.us/cuahsi/his/UMBCGW/DR2 </loc>
		<lastmod> 2022-08-22 17:04:41.472375 </lastmod>
	</url><url>
		<loc> https://geoconnex.us/cuahsi/his/UMBCGW/DR3 </loc>
		<lastmod> 2022-08-22 17:04:41.472391 </lastmod>
	</url><url>
		<loc> https://geoconnex.us/cuahsi/his/UMBCGW/DR4 </loc>
		<lastmod> 2022-08-22 17:04:41.472406 </lastmod>
	</url><url>
		<loc> https://geoconnex.us/cuahsi/his/UMBCGW/DRKR </loc>
		<lastmod> 2022-08-22 17:04:41.472421 </lastmod>
	</url><url>
		<loc> https://geoconnex.us/cuahsi/his/UMBCGW/DR1 </loc>
		<lastmod> 2022-08-22 17:04:41.472436 </lastmod>
	</url></ns0:urlset>