<?xml version='1.0' encoding='utf-8'?>
<ns0:urlset xmlns:ns0="http://www.sitemaps.org/schemas/sitemap/0.9">
<url>
		<loc> https://geoconnex.us/cuahsi/his/SCAN/2057_AL_SCAN </loc>
		<lastmod> 2022-08-22 17:04:46.326053 </lastmod>
	</url><url>
		<loc> https://geoconnex.us/cuahsi/his/SCAN/2092_KS_SCAN </loc>
		<lastmod> 2022-08-22 17:04:46.326088 </lastmod>
	</url><url>
		<loc> https://geoconnex.us/cuahsi/his/SCAN/2015_NM_SCAN </loc>
		<lastmod> 2022-08-22 17:04:46.326110 </lastmod>
	</url><url>
		<loc> https://geoconnex.us/cuahsi/his/SCAN/2172_NM_SCAN </loc>
		<lastmod> 2022-08-22 17:04:46.326127 </lastmod>
	</url><url>
		<loc> https://geoconnex.us/cuahsi/his/SCAN/2138_UT_SCAN </loc>
		<lastmod> 2022-08-22 17:04:46.326143 </lastmod>
	</url><url>
		<loc> https://geoconnex.us/cuahsi/his/SCAN/2076_TN_SCAN </loc>
		<lastmod> 2022-08-22 17:04:46.326159 </lastmod>
	</url><url>
		<loc> https://geoconnex.us/cuahsi/his/SCAN/2031_IA_SCAN </loc>
		<lastmod> 2022-08-22 17:04:46.326175 </lastmod>
	</url><url>
		<loc> https://geoconnex.us/cuahsi/his/SCAN/2065_AK_SCAN </loc>
		<lastmod> 2022-08-22 17:04:46.326190 </lastmod>
	</url><url>
		<loc> https://geoconnex.us/cuahsi/his/SCAN/2214_CA_SCAN </loc>
		<lastmod> 2022-08-22 17:04:46.326205 </lastmod>
	</url><url>
		<loc> https://geoconnex.us/cuahsi/his/SCAN/2032_MS_SCAN </loc>
		<lastmod> 2022-08-22 17:04:46.326220 </lastmod>
	</url><url>
		<loc> https://geoconnex.us/cuahsi/his/SCAN/2207_TX_SCAN </loc>
		<lastmod> 2022-08-22 17:04:46.326235 </lastmod>
	</url><url>
		<loc> https://geoconnex.us/cuahsi/his/SCAN/2135_UT_SCAN </loc>
		<lastmod> 2022-08-22 17:04:46.326250 </lastmod>
	</url><url>
		<loc> https://geoconnex.us/cuahsi/his/SCAN/2215_CA_SCAN </loc>
		<lastmod> 2022-08-22 17:04:46.326265 </lastmod>
	</url><url>
		<loc> https://geoconnex.us/cuahsi/his/SCAN/2067_PR_SCAN </loc>
		<lastmod> 2022-08-22 17:04:46.326280 </lastmod>
	</url><url>
		<loc> https://geoconnex.us/cuahsi/his/SCAN/2078_AL_SCAN </loc>
		<lastmod> 2022-08-22 17:04:46.326295 </lastmod>
	</url><url>
		<loc> https://geoconnex.us/cuahsi/his/SCAN/2177_AL_SCAN </loc>
		<lastmod> 2022-08-22 17:04:46.326310 </lastmod>
	</url><url>
		<loc> https://geoconnex.us/cuahsi/his/SCAN/2216_NV_SCAN </loc>
		<lastmod> 2022-08-22 17:04:46.326324 </lastmod>
	</url><url>
		<loc> https://geoconnex.us/cuahsi/his/SCAN/2151_UT_SCAN </loc>
		<lastmod> 2022-08-22 17:04:46.326339 </lastmod>
	</url><url>
		<loc> https://geoconnex.us/cuahsi/his/SCAN/2224_MO_SCAN </loc>
		<lastmod> 2022-08-22 17:04:46.326353 </lastmod>
	</url><url>
		<loc> https://geoconnex.us/cuahsi/his/SCAN/2006_TX_SCAN </loc>
		<lastmod> 2022-08-22 17:04:46.326368 </lastmod>
	</url><url>
		<loc> https://geoconnex.us/cuahsi/his/SCAN/2136_UT_SCAN </loc>
		<lastmod> 2022-08-22 17:04:46.326383 </lastmod>
	</url><url>
		<loc> https://geoconnex.us/cuahsi/his/SCAN/1232_AK_SCAN </loc>
		<lastmod> 2022-08-22 17:04:46.326398 </lastmod>
	</url><url>
		<loc> https://geoconnex.us/cuahsi/his/SCAN/2223_MO_SCAN </loc>
		<lastmod> 2022-08-22 17:04:46.326412 </lastmod>
	</url><url>
		<loc> https://geoconnex.us/cuahsi/his/SCAN/2161_UT_SCAN </loc>
		<lastmod> 2022-08-22 17:04:46.326427 </lastmod>
	</url><url>
		<loc> https://geoconnex.us/cuahsi/his/SCAN/2094_KS_SCAN </loc>
		<lastmod> 2022-08-22 17:04:46.326441 </lastmod>
	</url><url>
		<loc> https://geoconnex.us/cuahsi/his/SCAN/2145_NV_SCAN </loc>
		<lastmod> 2022-08-22 17:04:46.326456 </lastmod>
	</url><url>
		<loc> https://geoconnex.us/cuahsi/his/SCAN/2213_AK_SCAN </loc>
		<lastmod> 2022-08-22 17:04:46.326471 </lastmod>
	</url><url>
		<loc> https://geoconnex.us/cuahsi/his/SCAN/2150_UT_SCAN </loc>
		<lastmod> 2022-08-22 17:04:46.326485 </lastmod>
	</url><url>
		<loc> https://geoconnex.us/cuahsi/his/SCAN/2124_VI_SCAN </loc>
		<lastmod> 2022-08-22 17:04:46.326500 </lastmod>
	</url><url>
		<loc> https://geoconnex.us/cuahsi/his/SCAN/2125_UT_SCAN </loc>
		<lastmod> 2022-08-22 17:04:46.326515 </lastmod>
	</url><url>
		<loc> https://geoconnex.us/cuahsi/his/SCAN/2195_MO_SCAN </loc>
		<lastmod> 2022-08-22 17:04:46.326530 </lastmod>
	</url><url>
		<loc> https://geoconnex.us/cuahsi/his/SCAN/2189_CA_SCAN </loc>
		<lastmod> 2022-08-22 17:04:46.326544 </lastmod>
	</url><url>
		<loc> https://geoconnex.us/cuahsi/his/SCAN/2066_PR_SCAN </loc>
		<lastmod> 2022-08-22 17:04:46.326559 </lastmod>
	</url><url>
		<loc> https://geoconnex.us/cuahsi/his/SCAN/2117_MT_SCAN </loc>
		<lastmod> 2022-08-22 17:04:46.326574 </lastmod>
	</url><url>
		<loc> https://geoconnex.us/cuahsi/his/SCAN/2198_WA_SCAN </loc>
		<lastmod> 2022-08-22 17:04:46.326589 </lastmod>
	</url><url>
		<loc> https://geoconnex.us/cuahsi/his/SCAN/2188_PR_SCAN </loc>
		<lastmod> 2022-08-22 17:04:46.326604 </lastmod>
	</url><url>
		<loc> https://geoconnex.us/cuahsi/his/SCAN/2197_CO_SCAN </loc>
		<lastmod> 2022-08-22 17:04:46.326618 </lastmod>
	</url><url>
		<loc> https://geoconnex.us/cuahsi/his/SCAN/2002_MN_SCAN </loc>
		<lastmod> 2022-08-22 17:04:46.326633 </lastmod>
	</url><url>
		<loc> https://geoconnex.us/cuahsi/his/SCAN/2107_NM_SCAN </loc>
		<lastmod> 2022-08-22 17:04:46.326648 </lastmod>
	</url><url>
		<loc> https://geoconnex.us/cuahsi/his/SCAN/2113_AL_SCAN </loc>
		<lastmod> 2022-08-22 17:04:46.326663 </lastmod>
	</url><url>
		<loc> https://geoconnex.us/cuahsi/his/SCAN/2190_CA_SCAN </loc>
		<lastmod> 2022-08-22 17:04:46.326678 </lastmod>
	</url><url>
		<loc> https://geoconnex.us/cuahsi/his/SCAN/2174_AL_SCAN </loc>
		<lastmod> 2022-08-22 17:04:46.326692 </lastmod>
	</url><url>
		<loc> https://geoconnex.us/cuahsi/his/SCAN/2187_CA_SCAN </loc>
		<lastmod> 2022-08-22 17:04:46.326707 </lastmod>
	</url><url>
		<loc> https://geoconnex.us/cuahsi/his/SCAN/2183_CA_SCAN </loc>
		<lastmod> 2022-08-22 17:04:46.326721 </lastmod>
	</url><url>
		<loc> https://geoconnex.us/cuahsi/his/SCAN/2048_MO_SCAN </loc>
		<lastmod> 2022-08-22 17:04:46.326736 </lastmod>
	</url><url>
		<loc> https://geoconnex.us/cuahsi/his/SCAN/2191_CA_SCAN </loc>
		<lastmod> 2022-08-22 17:04:46.326751 </lastmod>
	</url><url>
		<loc> https://geoconnex.us/cuahsi/his/SCAN/2167_UT_SCAN </loc>
		<lastmod> 2022-08-22 17:04:46.326765 </lastmod>
	</url><url>
		<loc> https://geoconnex.us/cuahsi/his/SCAN/2192_CA_SCAN </loc>
		<lastmod> 2022-08-22 17:04:46.326780 </lastmod>
	</url><url>
		<loc> https://geoconnex.us/cuahsi/his/SCAN/2130_UT_SCAN </loc>
		<lastmod> 2022-08-22 17:04:46.326795 </lastmod>
	</url><url>
		<loc> https://geoconnex.us/cuahsi/his/SCAN/2077_TN_SCAN </loc>
		<lastmod> 2022-08-22 17:04:46.326809 </lastmod>
	</url><url>
		<loc> https://geoconnex.us/cuahsi/his/SCAN/2220_MO_SCAN </loc>
		<lastmod> 2022-08-22 17:04:46.326824 </lastmod>
	</url><url>
		<loc> https://geoconnex.us/cuahsi/his/SCAN/2128_UT_SCAN </loc>
		<lastmod> 2022-08-22 17:04:46.326839 </lastmod>
	</url><url>
		<loc> https://geoconnex.us/cuahsi/his/SCAN/2126_UT_SCAN </loc>
		<lastmod> 2022-08-22 17:04:46.326854 </lastmod>
	</url><url>
		<loc> https://geoconnex.us/cuahsi/his/SCAN/2072_SD_SCAN </loc>
		<lastmod> 2022-08-22 17:04:46.326869 </lastmod>
	</url><url>
		<loc> https://geoconnex.us/cuahsi/his/SCAN/2185_CA_SCAN </loc>
		<lastmod> 2022-08-22 17:04:46.326883 </lastmod>
	</url><url>
		<loc> https://geoconnex.us/cuahsi/his/SCAN/2051_FL_SCAN </loc>
		<lastmod> 2022-08-22 17:04:46.326898 </lastmod>
	</url><url>
		<loc> https://geoconnex.us/cuahsi/his/SCAN/2184_CA_SCAN </loc>
		<lastmod> 2022-08-22 17:04:46.326913 </lastmod>
	</url><url>
		<loc> https://geoconnex.us/cuahsi/his/SCAN/2019_MT_SCAN </loc>
		<lastmod> 2022-08-22 17:04:46.326928 </lastmod>
	</url><url>
		<loc> https://geoconnex.us/cuahsi/his/SCAN/2022_OK_SCAN </loc>
		<lastmod> 2022-08-22 17:04:46.326943 </lastmod>
	</url><url>
		<loc> https://geoconnex.us/cuahsi/his/SCAN/2122_PR_SCAN </loc>
		<lastmod> 2022-08-22 17:04:46.326958 </lastmod>
	</url><url>
		<loc> https://geoconnex.us/cuahsi/his/SCAN/2218_CA_SCAN </loc>
		<lastmod> 2022-08-22 17:04:46.326973 </lastmod>
	</url><url>
		<loc> https://geoconnex.us/cuahsi/his/SCAN/2011_NY_SCAN </loc>
		<lastmod> 2022-08-22 17:04:46.326987 </lastmod>
	</url><url>
		<loc> https://geoconnex.us/cuahsi/his/SCAN/2050_MN_SCAN </loc>
		<lastmod> 2022-08-22 17:04:46.327002 </lastmod>
	</url><url>
		<loc> https://geoconnex.us/cuahsi/his/SCAN/2024_MS_SCAN </loc>
		<lastmod> 2022-08-22 17:04:46.327017 </lastmod>
	</url><url>
		<loc> https://geoconnex.us/cuahsi/his/SCAN/2025_MS_SCAN </loc>
		<lastmod> 2022-08-22 17:04:46.327032 </lastmod>
	</url><url>
		<loc> https://geoconnex.us/cuahsi/his/SCAN/2165_UT_SCAN </loc>
		<lastmod> 2022-08-22 17:04:46.327047 </lastmod>
	</url><url>
		<loc> https://geoconnex.us/cuahsi/his/SCAN/2152_UT_SCAN </loc>
		<lastmod> 2022-08-22 17:04:46.327062 </lastmod>
	</url><url>
		<loc> https://geoconnex.us/cuahsi/his/SCAN/2131_UT_SCAN </loc>
		<lastmod> 2022-08-22 17:04:46.327076 </lastmod>
	</url><url>
		<loc> https://geoconnex.us/cuahsi/his/SCAN/2160_UT_SCAN </loc>
		<lastmod> 2022-08-22 17:04:46.327091 </lastmod>
	</url><url>
		<loc> https://geoconnex.us/cuahsi/his/SCAN/2045_PR_SCAN </loc>
		<lastmod> 2022-08-22 17:04:46.327106 </lastmod>
	</url><url>
		<loc> https://geoconnex.us/cuahsi/his/SCAN/2222_AK_SCAN </loc>
		<lastmod> 2022-08-22 17:04:46.327121 </lastmod>
	</url><url>
		<loc> https://geoconnex.us/cuahsi/his/SCAN/2164_UT_SCAN </loc>
		<lastmod> 2022-08-22 17:04:46.327135 </lastmod>
	</url><url>
		<loc> https://geoconnex.us/cuahsi/his/SCAN/2166_UT_SCAN </loc>
		<lastmod> 2022-08-22 17:04:46.327150 </lastmod>
	</url><url>
		<loc> https://geoconnex.us/cuahsi/his/SCAN/2143_NV_SCAN </loc>
		<lastmod> 2022-08-22 17:04:46.327165 </lastmod>
	</url><url>
		<loc> https://geoconnex.us/cuahsi/his/SCAN/2055_AL_SCAN </loc>
		<lastmod> 2022-08-22 17:04:46.327180 </lastmod>
	</url><url>
		<loc> https://geoconnex.us/cuahsi/his/SCAN/2127_UT_SCAN </loc>
		<lastmod> 2022-08-22 17:04:46.327195 </lastmod>
	</url><url>
		<loc> https://geoconnex.us/cuahsi/his/SCAN/2210_AK_SCAN </loc>
		<lastmod> 2022-08-22 17:04:46.327210 </lastmod>
	</url><url>
		<loc> https://geoconnex.us/cuahsi/his/SCAN/2069_NH_SCAN </loc>
		<lastmod> 2022-08-22 17:04:46.327224 </lastmod>
	</url><url>
		<loc> https://geoconnex.us/cuahsi/his/SCAN/2211_AK_SCAN </loc>
		<lastmod> 2022-08-22 17:04:46.327239 </lastmod>
	</url><url>
		<loc> https://geoconnex.us/cuahsi/his/SCAN/2052_PR_SCAN </loc>
		<lastmod> 2022-08-22 17:04:46.327254 </lastmod>
	</url><url>
		<loc> https://geoconnex.us/cuahsi/his/SCAN/2173_AL_SCAN </loc>
		<lastmod> 2022-08-22 17:04:46.327269 </lastmod>
	</url><url>
		<loc> https://geoconnex.us/cuahsi/his/SCAN/2100_HI_SCAN </loc>
		<lastmod> 2022-08-22 17:04:46.327284 </lastmod>
	</url><url>
		<loc> https://geoconnex.us/cuahsi/his/SCAN/2111_NE_SCAN </loc>
		<lastmod> 2022-08-22 17:04:46.327299 </lastmod>
	</url><url>
		<loc> https://geoconnex.us/cuahsi/his/SCAN/2121_MT_SCAN </loc>
		<lastmod> 2022-08-22 17:04:46.327313 </lastmod>
	</url><url>
		<loc> https://geoconnex.us/cuahsi/his/SCAN/2148_ID_SCAN </loc>
		<lastmod> 2022-08-22 17:04:46.327328 </lastmod>
	</url><url>
		<loc> https://geoconnex.us/cuahsi/his/SCAN/2168_NM_SCAN </loc>
		<lastmod> 2022-08-22 17:04:46.327343 </lastmod>
	</url><url>
		<loc> https://geoconnex.us/cuahsi/his/SCAN/2194_MO_SCAN </loc>
		<lastmod> 2022-08-22 17:04:46.327357 </lastmod>
	</url><url>
		<loc> https://geoconnex.us/cuahsi/his/SCAN/2096_HI_SCAN </loc>
		<lastmod> 2022-08-22 17:04:46.327372 </lastmod>
	</url><url>
		<loc> https://geoconnex.us/cuahsi/his/SCAN/2208_AK_SCAN </loc>
		<lastmod> 2022-08-22 17:04:46.327386 </lastmod>
	</url><url>
		<loc> https://geoconnex.us/cuahsi/his/SCAN/2212_AK_SCAN </loc>
		<lastmod> 2022-08-22 17:04:46.327401 </lastmod>
	</url><url>
		<loc> https://geoconnex.us/cuahsi/his/SCAN/2103_HI_SCAN </loc>
		<lastmod> 2022-08-22 17:04:46.327416 </lastmod>
	</url><url>
		<loc> https://geoconnex.us/cuahsi/his/SCAN/2206_TX_SCAN </loc>
		<lastmod> 2022-08-22 17:04:46.327431 </lastmod>
	</url><url>
		<loc> https://geoconnex.us/cuahsi/his/SCAN/2201_TX_SCAN </loc>
		<lastmod> 2022-08-22 17:04:46.327445 </lastmod>
	</url><url>
		<loc> https://geoconnex.us/cuahsi/his/SCAN/2180_AL_SCAN </loc>
		<lastmod> 2022-08-22 17:04:46.327460 </lastmod>
	</url><url>
		<loc> https://geoconnex.us/cuahsi/his/SCAN/2147_KS_SCAN </loc>
		<lastmod> 2022-08-22 17:04:46.327475 </lastmod>
	</url><url>
		<loc> https://geoconnex.us/cuahsi/his/SCAN/2097_HI_SCAN </loc>
		<lastmod> 2022-08-22 17:04:46.327489 </lastmod>
	</url><url>
		<loc> https://geoconnex.us/cuahsi/his/SCAN/2141_NV_SCAN </loc>
		<lastmod> 2022-08-22 17:04:46.327504 </lastmod>
	</url><url>
		<loc> https://geoconnex.us/cuahsi/his/SCAN/2106_TX_SCAN </loc>
		<lastmod> 2022-08-22 17:04:46.327519 </lastmod>
	</url><url>
		<loc> https://geoconnex.us/cuahsi/his/SCAN/2105_TX_SCAN </loc>
		<lastmod> 2022-08-22 17:04:46.327533 </lastmod>
	</url><url>
		<loc> https://geoconnex.us/cuahsi/his/SCAN/2021_WA_SCAN </loc>
		<lastmod> 2022-08-22 17:04:46.327548 </lastmod>
	</url><url>
		<loc> https://geoconnex.us/cuahsi/his/SCAN/581_MT_SCAN </loc>
		<lastmod> 2022-08-22 17:04:46.327563 </lastmod>
	</url><url>
		<loc> https://geoconnex.us/cuahsi/his/SCAN/2155_UT_SCAN </loc>
		<lastmod> 2022-08-22 17:04:46.327577 </lastmod>
	</url><url>
		<loc> https://geoconnex.us/cuahsi/his/SCAN/2027_GA_SCAN </loc>
		<lastmod> 2022-08-22 17:04:46.327592 </lastmod>
	</url><url>
		<loc> https://geoconnex.us/cuahsi/his/SCAN/2114_AL_SCAN </loc>
		<lastmod> 2022-08-22 17:04:46.327607 </lastmod>
	</url><url>
		<loc> https://geoconnex.us/cuahsi/his/SCAN/2169_NM_SCAN </loc>
		<lastmod> 2022-08-22 17:04:46.327621 </lastmod>
	</url><url>
		<loc> https://geoconnex.us/cuahsi/his/SCAN/2146_NV_SCAN </loc>
		<lastmod> 2022-08-22 17:04:46.327636 </lastmod>
	</url><url>
		<loc> https://geoconnex.us/cuahsi/his/SCAN/2116_NV_SCAN </loc>
		<lastmod> 2022-08-22 17:04:46.327650 </lastmod>
	</url><url>
		<loc> https://geoconnex.us/cuahsi/his/SCAN/1233_AK_SCAN </loc>
		<lastmod> 2022-08-22 17:04:46.327665 </lastmod>
	</url><url>
		<loc> https://geoconnex.us/cuahsi/his/SCAN/2042_VT_SCAN </loc>
		<lastmod> 2022-08-22 17:04:46.327680 </lastmod>
	</url><url>
		<loc> https://geoconnex.us/cuahsi/his/SCAN/2074_OR_SCAN </loc>
		<lastmod> 2022-08-22 17:04:46.327695 </lastmod>
	</url><url>
		<loc> https://geoconnex.us/cuahsi/his/SCAN/2028_PA_SCAN </loc>
		<lastmod> 2022-08-22 17:04:46.327710 </lastmod>
	</url><url>
		<loc> https://geoconnex.us/cuahsi/his/SCAN/2079_KY_SCAN </loc>
		<lastmod> 2022-08-22 17:04:46.327725 </lastmod>
	</url><url>
		<loc> https://geoconnex.us/cuahsi/his/SCAN/2102_HI_SCAN </loc>
		<lastmod> 2022-08-22 17:04:46.327739 </lastmod>
	</url><url>
		<loc> https://geoconnex.us/cuahsi/his/SCAN/2020_ND_SCAN </loc>
		<lastmod> 2022-08-22 17:04:46.327754 </lastmod>
	</url><url>
		<loc> https://geoconnex.us/cuahsi/his/SCAN/2156_UT_SCAN </loc>
		<lastmod> 2022-08-22 17:04:46.327768 </lastmod>
	</url><url>
		<loc> https://geoconnex.us/cuahsi/his/SCAN/2149_CA_SCAN </loc>
		<lastmod> 2022-08-22 17:04:46.327783 </lastmod>
	</url><url>
		<loc> https://geoconnex.us/cuahsi/his/SCAN/15_PR_SCAN </loc>
		<lastmod> 2022-08-22 17:04:46.327798 </lastmod>
	</url><url>
		<loc> https://geoconnex.us/cuahsi/his/SCAN/2225_MO_SCAN </loc>
		<lastmod> 2022-08-22 17:04:46.327813 </lastmod>
	</url><url>
		<loc> https://geoconnex.us/cuahsi/his/SCAN/2043_NH_SCAN </loc>
		<lastmod> 2022-08-22 17:04:46.327828 </lastmod>
	</url><url>
		<loc> https://geoconnex.us/cuahsi/his/SCAN/2004_IL_SCAN </loc>
		<lastmod> 2022-08-22 17:04:46.327843 </lastmod>
	</url><url>
		<loc> https://geoconnex.us/cuahsi/his/SCAN/2112_PR_SCAN </loc>
		<lastmod> 2022-08-22 17:04:46.327858 </lastmod>
	</url><url>
		<loc> https://geoconnex.us/cuahsi/his/SCAN/2110_MS_SCAN </loc>
		<lastmod> 2022-08-22 17:04:46.327872 </lastmod>
	</url><url>
		<loc> https://geoconnex.us/cuahsi/his/SCAN/2075_TN_SCAN </loc>
		<lastmod> 2022-08-22 17:04:46.327887 </lastmod>
	</url><url>
		<loc> https://geoconnex.us/cuahsi/his/SCAN/2140_UT_SCAN </loc>
		<lastmod> 2022-08-22 17:04:46.327901 </lastmod>
	</url><url>
		<loc> https://geoconnex.us/cuahsi/his/SCAN/2129_UT_SCAN </loc>
		<lastmod> 2022-08-22 17:04:46.327916 </lastmod>
	</url><url>
		<loc> https://geoconnex.us/cuahsi/his/SCAN/2119_MT_SCAN </loc>
		<lastmod> 2022-08-22 17:04:46.327931 </lastmod>
	</url><url>
		<loc> https://geoconnex.us/cuahsi/his/SCAN/2014_OH_SCAN </loc>
		<lastmod> 2022-08-22 17:04:46.327946 </lastmod>
	</url><url>
		<loc> https://geoconnex.us/cuahsi/his/SCAN/2217_CA_SCAN </loc>
		<lastmod> 2022-08-22 17:04:46.327960 </lastmod>
	</url><url>
		<loc> https://geoconnex.us/cuahsi/his/SCAN/2062_AK_SCAN </loc>
		<lastmod> 2022-08-22 17:04:46.328011 </lastmod>
	</url><url>
		<loc> https://geoconnex.us/cuahsi/his/SCAN/2133_UT_SCAN </loc>
		<lastmod> 2022-08-22 17:04:46.328026 </lastmod>
	</url><url>
		<loc> https://geoconnex.us/cuahsi/his/SCAN/2178_AL_SCAN </loc>
		<lastmod> 2022-08-22 17:04:46.328072 </lastmod>
	</url><url>
		<loc> https://geoconnex.us/cuahsi/his/SCAN/2041_VT_SCAN </loc>
		<lastmod> 2022-08-22 17:04:46.328090 </lastmod>
	</url><url>
		<loc> https://geoconnex.us/cuahsi/his/SCAN/2134_UT_SCAN </loc>
		<lastmod> 2022-08-22 17:04:46.328105 </lastmod>
	</url><url>
		<loc> https://geoconnex.us/cuahsi/his/SCAN/2060_MO_SCAN </loc>
		<lastmod> 2022-08-22 17:04:46.328120 </lastmod>
	</url><url>
		<loc> https://geoconnex.us/cuahsi/his/SCAN/2039_VA_SCAN </loc>
		<lastmod> 2022-08-22 17:04:46.328135 </lastmod>
	</url><url>
		<loc> https://geoconnex.us/cuahsi/his/SCAN/2228_TX_SCAN </loc>
		<lastmod> 2022-08-22 17:04:46.328150 </lastmod>
	</url><url>
		<loc> https://geoconnex.us/cuahsi/his/SCAN/2209_AK_SCAN </loc>
		<lastmod> 2022-08-22 17:04:46.328165 </lastmod>
	</url><url>
		<loc> https://geoconnex.us/cuahsi/his/SCAN/2081_AK_SCAN </loc>
		<lastmod> 2022-08-22 17:04:46.328180 </lastmod>
	</url><url>
		<loc> https://geoconnex.us/cuahsi/his/SCAN/2137_UT_SCAN </loc>
		<lastmod> 2022-08-22 17:04:46.328195 </lastmod>
	</url><url>
		<loc> https://geoconnex.us/cuahsi/his/SCAN/2087_MS_SCAN </loc>
		<lastmod> 2022-08-22 17:04:46.328210 </lastmod>
	</url><url>
		<loc> https://geoconnex.us/cuahsi/his/SCAN/2017_CO_SCAN </loc>
		<lastmod> 2022-08-22 17:04:46.328225 </lastmod>
	</url><url>
		<loc> https://geoconnex.us/cuahsi/his/SCAN/2033_MS_SCAN </loc>
		<lastmod> 2022-08-22 17:04:46.328239 </lastmod>
	</url><url>
		<loc> https://geoconnex.us/cuahsi/his/SCAN/674_ID_SCAN </loc>
		<lastmod> 2022-08-22 17:04:46.328255 </lastmod>
	</url><url>
		<loc> https://geoconnex.us/cuahsi/his/SCAN/2157_UT_SCAN </loc>
		<lastmod> 2022-08-22 17:04:46.328270 </lastmod>
	</url><url>
		<loc> https://geoconnex.us/cuahsi/his/SCAN/2153_UT_SCAN </loc>
		<lastmod> 2022-08-22 17:04:46.328284 </lastmod>
	</url><url>
		<loc> https://geoconnex.us/cuahsi/his/SCAN/2037_SC_SCAN </loc>
		<lastmod> 2022-08-22 17:04:46.328299 </lastmod>
	</url><url>
		<loc> https://geoconnex.us/cuahsi/his/SCAN/2181_AL_SCAN </loc>
		<lastmod> 2022-08-22 17:04:46.328314 </lastmod>
	</url><url>
		<loc> https://geoconnex.us/cuahsi/his/SCAN/2046_MS_SCAN </loc>
		<lastmod> 2022-08-22 17:04:46.328329 </lastmod>
	</url><url>
		<loc> https://geoconnex.us/cuahsi/his/SCAN/2093_KS_SCAN </loc>
		<lastmod> 2022-08-22 17:04:46.328344 </lastmod>
	</url><url>
		<loc> https://geoconnex.us/cuahsi/his/SCAN/2144_NV_SCAN </loc>
		<lastmod> 2022-08-22 17:04:46.328360 </lastmod>
	</url><url>
		<loc> https://geoconnex.us/cuahsi/his/SCAN/2049_MD_SCAN </loc>
		<lastmod> 2022-08-22 17:04:46.328375 </lastmod>
	</url><url>
		<loc> https://geoconnex.us/cuahsi/his/SCAN/2061_MO_SCAN </loc>
		<lastmod> 2022-08-22 17:04:46.328390 </lastmod>
	</url><url>
		<loc> https://geoconnex.us/cuahsi/his/SCAN/2016_TX_SCAN </loc>
		<lastmod> 2022-08-22 17:04:46.328405 </lastmod>
	</url><url>
		<loc> https://geoconnex.us/cuahsi/his/SCAN/2132_UT_SCAN </loc>
		<lastmod> 2022-08-22 17:04:46.328420 </lastmod>
	</url><url>
		<loc> https://geoconnex.us/cuahsi/his/SCAN/2005_KY_SCAN </loc>
		<lastmod> 2022-08-22 17:04:46.328435 </lastmod>
	</url><url>
		<loc> https://geoconnex.us/cuahsi/his/SCAN/2098_HI_SCAN </loc>
		<lastmod> 2022-08-22 17:04:46.328450 </lastmod>
	</url><url>
		<loc> https://geoconnex.us/cuahsi/his/SCAN/2104_TX_SCAN </loc>
		<lastmod> 2022-08-22 17:04:46.328466 </lastmod>
	</url><url>
		<loc> https://geoconnex.us/cuahsi/his/SCAN/2089_VA_SCAN </loc>
		<lastmod> 2022-08-22 17:04:46.328481 </lastmod>
	</url><url>
		<loc> https://geoconnex.us/cuahsi/his/SCAN/2199_TX_SCAN </loc>
		<lastmod> 2022-08-22 17:04:46.328495 </lastmod>
	</url><url>
		<loc> https://geoconnex.us/cuahsi/his/SCAN/2182_AL_SCAN </loc>
		<lastmod> 2022-08-22 17:04:46.328510 </lastmod>
	</url><url>
		<loc> https://geoconnex.us/cuahsi/his/SCAN/2036_PA_SCAN </loc>
		<lastmod> 2022-08-22 17:04:46.328525 </lastmod>
	</url><url>
		<loc> https://geoconnex.us/cuahsi/his/SCAN/2001_NE_SCAN </loc>
		<lastmod> 2022-08-22 17:04:46.328540 </lastmod>
	</url><url>
		<loc> https://geoconnex.us/cuahsi/his/SCAN/2229_NV_SCAN </loc>
		<lastmod> 2022-08-22 17:04:46.328555 </lastmod>
	</url><url>
		<loc> https://geoconnex.us/cuahsi/his/SCAN/2200_TX_SCAN </loc>
		<lastmod> 2022-08-22 17:04:46.328570 </lastmod>
	</url><url>
		<loc> https://geoconnex.us/cuahsi/his/SCAN/2159_UT_SCAN </loc>
		<lastmod> 2022-08-22 17:04:46.328585 </lastmod>
	</url><url>
		<loc> https://geoconnex.us/cuahsi/his/SCAN/2109_MS_SCAN </loc>
		<lastmod> 2022-08-22 17:04:46.328600 </lastmod>
	</url><url>
		<loc> https://geoconnex.us/cuahsi/his/SCAN/2193_MO_SCAN </loc>
		<lastmod> 2022-08-22 17:04:46.328615 </lastmod>
	</url><url>
		<loc> https://geoconnex.us/cuahsi/his/SCAN/2063_AK_SCAN </loc>
		<lastmod> 2022-08-22 17:04:46.328630 </lastmod>
	</url><url>
		<loc> https://geoconnex.us/cuahsi/his/SCAN/2070_MS_SCAN </loc>
		<lastmod> 2022-08-22 17:04:46.328645 </lastmod>
	</url><url>
		<loc> https://geoconnex.us/cuahsi/his/SCAN/2012_FL_SCAN </loc>
		<lastmod> 2022-08-22 17:04:46.328660 </lastmod>
	</url><url>
		<loc> https://geoconnex.us/cuahsi/his/SCAN/2176_AL_SCAN </loc>
		<lastmod> 2022-08-22 17:04:46.328675 </lastmod>
	</url><url>
		<loc> https://geoconnex.us/cuahsi/his/SCAN/2171_NM_SCAN </loc>
		<lastmod> 2022-08-22 17:04:46.328690 </lastmod>
	</url><url>
		<loc> https://geoconnex.us/cuahsi/his/SCAN/2186_CA_SCAN </loc>
		<lastmod> 2022-08-22 17:04:46.328705 </lastmod>
	</url><url>
		<loc> https://geoconnex.us/cuahsi/his/SCAN/2068_IA_SCAN </loc>
		<lastmod> 2022-08-22 17:04:46.328720 </lastmod>
	</url><url>
		<loc> https://geoconnex.us/cuahsi/his/SCAN/2227_MO_SCAN </loc>
		<lastmod> 2022-08-22 17:04:46.328736 </lastmod>
	</url><url>
		<loc> https://geoconnex.us/cuahsi/his/SCAN/2088_VA_SCAN </loc>
		<lastmod> 2022-08-22 17:04:46.328751 </lastmod>
	</url><url>
		<loc> https://geoconnex.us/cuahsi/his/SCAN/2120_MT_SCAN </loc>
		<lastmod> 2022-08-22 17:04:46.328765 </lastmod>
	</url><url>
		<loc> https://geoconnex.us/cuahsi/his/SCAN/2086_MS_SCAN </loc>
		<lastmod> 2022-08-22 17:04:46.328780 </lastmod>
	</url><url>
		<loc> https://geoconnex.us/cuahsi/his/SCAN/2101_HI_SCAN </loc>
		<lastmod> 2022-08-22 17:04:46.328795 </lastmod>
	</url><url>
		<loc> https://geoconnex.us/cuahsi/his/SCAN/2047_MO_SCAN </loc>
		<lastmod> 2022-08-22 17:04:46.328810 </lastmod>
	</url><url>
		<loc> https://geoconnex.us/cuahsi/his/SCAN/2154_UT_SCAN </loc>
		<lastmod> 2022-08-22 17:04:46.328825 </lastmod>
	</url><url>
		<loc> https://geoconnex.us/cuahsi/his/SCAN/2158_UT_SCAN </loc>
		<lastmod> 2022-08-22 17:04:46.328840 </lastmod>
	</url><url>
		<loc> https://geoconnex.us/cuahsi/his/SCAN/2044_AK_SCAN </loc>
		<lastmod> 2022-08-22 17:04:46.328855 </lastmod>
	</url><url>
		<loc> https://geoconnex.us/cuahsi/his/SCAN/2056_AL_SCAN </loc>
		<lastmod> 2022-08-22 17:04:46.328870 </lastmod>
	</url><url>
		<loc> https://geoconnex.us/cuahsi/his/SCAN/2064_MS_SCAN </loc>
		<lastmod> 2022-08-22 17:04:46.328884 </lastmod>
	</url><url>
		<loc> https://geoconnex.us/cuahsi/his/SCAN/2203_TX_SCAN </loc>
		<lastmod> 2022-08-22 17:04:46.328899 </lastmod>
	</url><url>
		<loc> https://geoconnex.us/cuahsi/his/SCAN/2219_CA_SCAN </loc>
		<lastmod> 2022-08-22 17:04:46.328914 </lastmod>
	</url><url>
		<loc> https://geoconnex.us/cuahsi/his/SCAN/2179_AL_SCAN </loc>
		<lastmod> 2022-08-22 17:04:46.328929 </lastmod>
	</url><url>
		<loc> https://geoconnex.us/cuahsi/his/SCAN/2073_OH_SCAN </loc>
		<lastmod> 2022-08-22 17:04:46.328944 </lastmod>
	</url><url>
		<loc> https://geoconnex.us/cuahsi/his/SCAN/808_MT_SCAN </loc>
		<lastmod> 2022-08-22 17:04:46.328959 </lastmod>
	</url><url>
		<loc> https://geoconnex.us/cuahsi/his/SCAN/2008_NC_SCAN </loc>
		<lastmod> 2022-08-22 17:04:46.328974 </lastmod>
	</url><url>
		<loc> https://geoconnex.us/cuahsi/his/SCAN/2040_VA_SCAN </loc>
		<lastmod> 2022-08-22 17:04:46.328989 </lastmod>
	</url><url>
		<loc> https://geoconnex.us/cuahsi/his/SCAN/2082_MS_SCAN </loc>
		<lastmod> 2022-08-22 17:04:46.329004 </lastmod>
	</url><url>
		<loc> https://geoconnex.us/cuahsi/his/SCAN/2080_AK_SCAN </loc>
		<lastmod> 2022-08-22 17:04:46.329019 </lastmod>
	</url><url>
		<loc> https://geoconnex.us/cuahsi/his/SCAN/2018_WY_SCAN </loc>
		<lastmod> 2022-08-22 17:04:46.329034 </lastmod>
	</url><url>
		<loc> https://geoconnex.us/cuahsi/his/SCAN/2142_NV_SCAN </loc>
		<lastmod> 2022-08-22 17:04:46.329049 </lastmod>
	</url><url>
		<loc> https://geoconnex.us/cuahsi/his/SCAN/2163_UT_SCAN </loc>
		<lastmod> 2022-08-22 17:04:46.329064 </lastmod>
	</url><url>
		<loc> https://geoconnex.us/cuahsi/his/SCAN/2034_MS_SCAN </loc>
		<lastmod> 2022-08-22 17:04:46.329079 </lastmod>
	</url><url>
		<loc> https://geoconnex.us/cuahsi/his/SCAN/2115_AL_SCAN </loc>
		<lastmod> 2022-08-22 17:04:46.329094 </lastmod>
	</url><url>
		<loc> https://geoconnex.us/cuahsi/his/SCAN/2226_MO_SCAN </loc>
		<lastmod> 2022-08-22 17:04:46.329109 </lastmod>
	</url><url>
		<loc> https://geoconnex.us/cuahsi/his/SCAN/2083_AR_SCAN </loc>
		<lastmod> 2022-08-22 17:04:46.329124 </lastmod>
	</url><url>
		<loc> https://geoconnex.us/cuahsi/his/SCAN/2091_AR_SCAN </loc>
		<lastmod> 2022-08-22 17:04:46.329139 </lastmod>
	</url><url>
		<loc> https://geoconnex.us/cuahsi/his/SCAN/2090_AR_SCAN </loc>
		<lastmod> 2022-08-22 17:04:46.329154 </lastmod>
	</url><url>
		<loc> https://geoconnex.us/cuahsi/his/SCAN/2085_AR_SCAN </loc>
		<lastmod> 2022-08-22 17:04:46.329170 </lastmod>
	</url><url>
		<loc> https://geoconnex.us/cuahsi/his/SCAN/2030_AR_SCAN </loc>
		<lastmod> 2022-08-22 17:04:46.329185 </lastmod>
	</url><url>
		<loc> https://geoconnex.us/cuahsi/his/SCAN/2084_AR_SCAN </loc>
		<lastmod> 2022-08-22 17:04:46.329200 </lastmod>
	</url><url>
		<loc> https://geoconnex.us/cuahsi/his/SCAN/2221_AK_SCAN </loc>
		<lastmod> 2022-08-22 17:04:46.329215 </lastmod>
	</url><url>
		<loc> https://geoconnex.us/cuahsi/his/SCAN/2123_VI_SCAN </loc>
		<lastmod> 2022-08-22 17:04:46.329230 </lastmod>
	</url><url>
		<loc> https://geoconnex.us/cuahsi/his/SCAN/2204_TX_SCAN </loc>
		<lastmod> 2022-08-22 17:04:46.329245 </lastmod>
	</url><url>
		<loc> https://geoconnex.us/cuahsi/his/SCAN/2196_WI_SCAN </loc>
		<lastmod> 2022-08-22 17:04:46.329260 </lastmod>
	</url><url>
		<loc> https://geoconnex.us/cuahsi/his/SCAN/2035_MS_SCAN </loc>
		<lastmod> 2022-08-22 17:04:46.329275 </lastmod>
	</url><url>
		<loc> https://geoconnex.us/cuahsi/his/SCAN/2162_UT_SCAN </loc>
		<lastmod> 2022-08-22 17:04:46.329290 </lastmod>
	</url><url>
		<loc> https://geoconnex.us/cuahsi/his/SCAN/2202_TX_SCAN </loc>
		<lastmod> 2022-08-22 17:04:46.329305 </lastmod>
	</url><url>
		<loc> https://geoconnex.us/cuahsi/his/SCAN/2118_MT_SCAN </loc>
		<lastmod> 2022-08-22 17:04:46.329320 </lastmod>
	</url><url>
		<loc> https://geoconnex.us/cuahsi/his/SCAN/2003_WI_SCAN </loc>
		<lastmod> 2022-08-22 17:04:46.329335 </lastmod>
	</url><url>
		<loc> https://geoconnex.us/cuahsi/his/SCAN/2099_HI_SCAN </loc>
		<lastmod> 2022-08-22 17:04:46.329350 </lastmod>
	</url><url>
		<loc> https://geoconnex.us/cuahsi/his/SCAN/2009_FL_SCAN </loc>
		<lastmod> 2022-08-22 17:04:46.329365 </lastmod>
	</url><url>
		<loc> https://geoconnex.us/cuahsi/his/SCAN/2026_AZ_SCAN </loc>
		<lastmod> 2022-08-22 17:04:46.329380 </lastmod>
	</url><url>
		<loc> https://geoconnex.us/cuahsi/his/SCAN/2013_GA_SCAN </loc>
		<lastmod> 2022-08-22 17:04:46.329394 </lastmod>
	</url><url>
		<loc> https://geoconnex.us/cuahsi/his/SCAN/1234_AK_SCAN </loc>
		<lastmod> 2022-08-22 17:04:46.329409 </lastmod>
	</url><url>
		<loc> https://geoconnex.us/cuahsi/his/SCAN/2175_AL_SCAN </loc>
		<lastmod> 2022-08-22 17:04:46.329424 </lastmod>
	</url><url>
		<loc> https://geoconnex.us/cuahsi/his/SCAN/2205_TX_SCAN </loc>
		<lastmod> 2022-08-22 17:04:46.329439 </lastmod>
	</url><url>
		<loc> https://geoconnex.us/cuahsi/his/SCAN/2139_UT_SCAN </loc>
		<lastmod> 2022-08-22 17:04:46.329454 </lastmod>
	</url><url>
		<loc> https://geoconnex.us/cuahsi/his/SCAN/2108_NM_SCAN </loc>
		<lastmod> 2022-08-22 17:04:46.329469 </lastmod>
	</url><url>
		<loc> https://geoconnex.us/cuahsi/his/SCAN/2053_AL_SCAN </loc>
		<lastmod> 2022-08-22 17:04:46.329484 </lastmod>
	</url><url>
		<loc> https://geoconnex.us/cuahsi/his/SCAN/2038_SC_SCAN </loc>
		<lastmod> 2022-08-22 17:04:46.329499 </lastmod>
	</url></ns0:urlset>