<?xml version='1.0' encoding='utf-8'?>
<ns0:urlset xmlns:ns0="http://www.sitemaps.org/schemas/sitemap/0.9">
<url>
		<loc> https://geoconnex.us/cuahsi/his/Mazar_River_Project/Mazar1 </loc>
		<lastmod> 2022-08-22 17:04:46.284195 </lastmod>
	</url><url>
		<loc> https://geoconnex.us/cuahsi/his/Mazar_River_Project/La_Libertad </loc>
		<lastmod> 2022-08-22 17:04:46.284233 </lastmod>
	</url><url>
		<loc> https://geoconnex.us/cuahsi/his/Mazar_River_Project/Rio_Mazar </loc>
		<lastmod> 2022-08-22 17:04:46.284256 </lastmod>
	</url><url>
		<loc> https://geoconnex.us/cuahsi/his/Mazar_River_Project/Jennings </loc>
		<lastmod> 2022-08-22 17:04:46.284274 </lastmod>
	</url><url>
		<loc> https://geoconnex.us/cuahsi/his/Mazar_River_Project/KOH </loc>
		<lastmod> 2022-08-22 17:04:46.284290 </lastmod>
	</url><url>
		<loc> https://geoconnex.us/cuahsi/his/Mazar_River_Project/391423077150501 </loc>
		<lastmod> 2022-08-22 17:04:46.284306 </lastmod>
	</url><url>
		<loc> https://geoconnex.us/cuahsi/his/Mazar_River_Project/391426077151701 </loc>
		<lastmod> 2022-08-22 17:04:46.284323 </lastmod>
	</url><url>
		<loc> https://geoconnex.us/cuahsi/his/Mazar_River_Project/391421077153901 </loc>
		<lastmod> 2022-08-22 17:04:46.284338 </lastmod>
	</url><url>
		<loc> https://geoconnex.us/cuahsi/his/Mazar_River_Project/391433077154101 </loc>
		<lastmod> 2022-08-22 17:04:46.284354 </lastmod>
	</url><url>
		<loc> https://geoconnex.us/cuahsi/his/Mazar_River_Project/391425077160301 </loc>
		<lastmod> 2022-08-22 17:04:46.284369 </lastmod>
	</url><url>
		<loc> https://geoconnex.us/cuahsi/his/Mazar_River_Project/391420077153301 </loc>
		<lastmod> 2022-08-22 17:04:46.284385 </lastmod>
	</url><url>
		<loc> https://geoconnex.us/cuahsi/his/Mazar_River_Project/391359077152601 </loc>
		<lastmod> 2022-08-22 17:04:46.284400 </lastmod>
	</url><url>
		<loc> https://geoconnex.us/cuahsi/his/Mazar_River_Project/wq7 </loc>
		<lastmod> 2022-08-22 17:04:46.284415 </lastmod>
	</url><url>
		<loc> https://geoconnex.us/cuahsi/his/Mazar_River_Project/wq8 </loc>
		<lastmod> 2022-08-22 17:04:46.284430 </lastmod>
	</url><url>
		<loc> https://geoconnex.us/cuahsi/his/Mazar_River_Project/wq117 </loc>
		<lastmod> 2022-08-22 17:04:46.284445 </lastmod>
	</url><url>
		<loc> https://geoconnex.us/cuahsi/his/Mazar_River_Project/wq118 </loc>
		<lastmod> 2022-08-22 17:04:46.284461 </lastmod>
	</url><url>
		<loc> https://geoconnex.us/cuahsi/his/Mazar_River_Project/wq119 </loc>
		<lastmod> 2022-08-22 17:04:46.284476 </lastmod>
	</url><url>
		<loc> https://geoconnex.us/cuahsi/his/Mazar_River_Project/wq120 </loc>
		<lastmod> 2022-08-22 17:04:46.284491 </lastmod>
	</url><url>
		<loc> https://geoconnex.us/cuahsi/his/Mazar_River_Project/wq127 </loc>
		<lastmod> 2022-08-22 17:04:46.284506 </lastmod>
	</url><url>
		<loc> https://geoconnex.us/cuahsi/his/Mazar_River_Project/wq129 </loc>
		<lastmod> 2022-08-22 17:04:46.284522 </lastmod>
	</url><url>
		<loc> https://geoconnex.us/cuahsi/his/Mazar_River_Project/wq131 </loc>
		<lastmod> 2022-08-22 17:04:46.284537 </lastmod>
	</url><url>
		<loc> https://geoconnex.us/cuahsi/his/Mazar_River_Project/wq133 </loc>
		<lastmod> 2022-08-22 17:04:46.284552 </lastmod>
	</url><url>
		<loc> https://geoconnex.us/cuahsi/his/Mazar_River_Project/wq134 </loc>
		<lastmod> 2022-08-22 17:04:46.284567 </lastmod>
	</url><url>
		<loc> https://geoconnex.us/cuahsi/his/Mazar_River_Project/wq135 </loc>
		<lastmod> 2022-08-22 17:04:46.284582 </lastmod>
	</url><url>
		<loc> https://geoconnex.us/cuahsi/his/Mazar_River_Project/wq136 </loc>
		<lastmod> 2022-08-22 17:04:46.284597 </lastmod>
	</url><url>
		<loc> https://geoconnex.us/cuahsi/his/Mazar_River_Project/wq138 </loc>
		<lastmod> 2022-08-22 17:04:46.284612 </lastmod>
	</url><url>
		<loc> https://geoconnex.us/cuahsi/his/Mazar_River_Project/wq139 </loc>
		<lastmod> 2022-08-22 17:04:46.284627 </lastmod>
	</url><url>
		<loc> https://geoconnex.us/cuahsi/his/Mazar_River_Project/wq140 </loc>
		<lastmod> 2022-08-22 17:04:46.284642 </lastmod>
	</url><url>
		<loc> https://geoconnex.us/cuahsi/his/Mazar_River_Project/wq143 </loc>
		<lastmod> 2022-08-22 17:04:46.284656 </lastmod>
	</url><url>
		<loc> https://geoconnex.us/cuahsi/his/Mazar_River_Project/wq193 </loc>
		<lastmod> 2022-08-22 17:04:46.284671 </lastmod>
	</url><url>
		<loc> https://geoconnex.us/cuahsi/his/Mazar_River_Project/wq221 </loc>
		<lastmod> 2022-08-22 17:04:46.284686 </lastmod>
	</url><url>
		<loc> https://geoconnex.us/cuahsi/his/Mazar_River_Project/wq222 </loc>
		<lastmod> 2022-08-22 17:04:46.284712 </lastmod>
	</url><url>
		<loc> https://geoconnex.us/cuahsi/his/Mazar_River_Project/wq224 </loc>
		<lastmod> 2022-08-22 17:04:46.284726 </lastmod>
	</url><url>
		<loc> https://geoconnex.us/cuahsi/his/Mazar_River_Project/wq225 </loc>
		<lastmod> 2022-08-22 17:04:46.284740 </lastmod>
	</url><url>
		<loc> https://geoconnex.us/cuahsi/his/Mazar_River_Project/wq226 </loc>
		<lastmod> 2022-08-22 17:04:46.284770 </lastmod>
	</url><url>
		<loc> https://geoconnex.us/cuahsi/his/Mazar_River_Project/wq227 </loc>
		<lastmod> 2022-08-22 17:04:46.284785 </lastmod>
	</url><url>
		<loc> https://geoconnex.us/cuahsi/his/Mazar_River_Project/wq228 </loc>
		<lastmod> 2022-08-22 17:04:46.284799 </lastmod>
	</url><url>
		<loc> https://geoconnex.us/cuahsi/his/Mazar_River_Project/wq233 </loc>
		<lastmod> 2022-08-22 17:04:46.284814 </lastmod>
	</url><url>
		<loc> https://geoconnex.us/cuahsi/his/Mazar_River_Project/wq234 </loc>
		<lastmod> 2022-08-22 17:04:46.284829 </lastmod>
	</url><url>
		<loc> https://geoconnex.us/cuahsi/his/Mazar_River_Project/wq235 </loc>
		<lastmod> 2022-08-22 17:04:46.284844 </lastmod>
	</url><url>
		<loc> https://geoconnex.us/cuahsi/his/Mazar_River_Project/wq236 </loc>
		<lastmod> 2022-08-22 17:04:46.284859 </lastmod>
	</url><url>
		<loc> https://geoconnex.us/cuahsi/his/Mazar_River_Project/wq238 </loc>
		<lastmod> 2022-08-22 17:04:46.284874 </lastmod>
	</url><url>
		<loc> https://geoconnex.us/cuahsi/his/Mazar_River_Project/wq239 </loc>
		<lastmod> 2022-08-22 17:04:46.284889 </lastmod>
	</url><url>
		<loc> https://geoconnex.us/cuahsi/his/Mazar_River_Project/wq240 </loc>
		<lastmod> 2022-08-22 17:04:46.284904 </lastmod>
	</url><url>
		<loc> https://geoconnex.us/cuahsi/his/Mazar_River_Project/wq241 </loc>
		<lastmod> 2022-08-22 17:04:46.284919 </lastmod>
	</url><url>
		<loc> https://geoconnex.us/cuahsi/his/Mazar_River_Project/wq253 </loc>
		<lastmod> 2022-08-22 17:04:46.284933 </lastmod>
	</url><url>
		<loc> https://geoconnex.us/cuahsi/his/Mazar_River_Project/wq255 </loc>
		<lastmod> 2022-08-22 17:04:46.284948 </lastmod>
	</url><url>
		<loc> https://geoconnex.us/cuahsi/his/Mazar_River_Project/wq259 </loc>
		<lastmod> 2022-08-22 17:04:46.284963 </lastmod>
	</url><url>
		<loc> https://geoconnex.us/cuahsi/his/Mazar_River_Project/wq260 </loc>
		<lastmod> 2022-08-22 17:04:46.284978 </lastmod>
	</url><url>
		<loc> https://geoconnex.us/cuahsi/his/Mazar_River_Project/wq261 </loc>
		<lastmod> 2022-08-22 17:04:46.284993 </lastmod>
	</url><url>
		<loc> https://geoconnex.us/cuahsi/his/Mazar_River_Project/wq262 </loc>
		<lastmod> 2022-08-22 17:04:46.285007 </lastmod>
	</url><url>
		<loc> https://geoconnex.us/cuahsi/his/Mazar_River_Project/wq264 </loc>
		<lastmod> 2022-08-22 17:04:46.285022 </lastmod>
	</url><url>
		<loc> https://geoconnex.us/cuahsi/his/Mazar_River_Project/wq265 </loc>
		<lastmod> 2022-08-22 17:04:46.285037 </lastmod>
	</url><url>
		<loc> https://geoconnex.us/cuahsi/his/Mazar_River_Project/wq266 </loc>
		<lastmod> 2022-08-22 17:04:46.285052 </lastmod>
	</url><url>
		<loc> https://geoconnex.us/cuahsi/his/Mazar_River_Project/wq267 </loc>
		<lastmod> 2022-08-22 17:04:46.285066 </lastmod>
	</url><url>
		<loc> https://geoconnex.us/cuahsi/his/Mazar_River_Project/wq268 </loc>
		<lastmod> 2022-08-22 17:04:46.285081 </lastmod>
	</url><url>
		<loc> https://geoconnex.us/cuahsi/his/Mazar_River_Project/wq269 </loc>
		<lastmod> 2022-08-22 17:04:46.285096 </lastmod>
	</url><url>
		<loc> https://geoconnex.us/cuahsi/his/Mazar_River_Project/wq270 </loc>
		<lastmod> 2022-08-22 17:04:46.285111 </lastmod>
	</url><url>
		<loc> https://geoconnex.us/cuahsi/his/Mazar_River_Project/wq271 </loc>
		<lastmod> 2022-08-22 17:04:46.285126 </lastmod>
	</url><url>
		<loc> https://geoconnex.us/cuahsi/his/Mazar_River_Project/wq272 </loc>
		<lastmod> 2022-08-22 17:04:46.285141 </lastmod>
	</url><url>
		<loc> https://geoconnex.us/cuahsi/his/Mazar_River_Project/wq275 </loc>
		<lastmod> 2022-08-22 17:04:46.285156 </lastmod>
	</url><url>
		<loc> https://geoconnex.us/cuahsi/his/Mazar_River_Project/wq290 </loc>
		<lastmod> 2022-08-22 17:04:46.285171 </lastmod>
	</url><url>
		<loc> https://geoconnex.us/cuahsi/his/Mazar_River_Project/wq296 </loc>
		<lastmod> 2022-08-22 17:04:46.285185 </lastmod>
	</url><url>
		<loc> https://geoconnex.us/cuahsi/his/Mazar_River_Project/wq297 </loc>
		<lastmod> 2022-08-22 17:04:46.285200 </lastmod>
	</url><url>
		<loc> https://geoconnex.us/cuahsi/his/Mazar_River_Project/wq299 </loc>
		<lastmod> 2022-08-22 17:04:46.285215 </lastmod>
	</url><url>
		<loc> https://geoconnex.us/cuahsi/his/Mazar_River_Project/wq300 </loc>
		<lastmod> 2022-08-22 17:04:46.285230 </lastmod>
	</url><url>
		<loc> https://geoconnex.us/cuahsi/his/Mazar_River_Project/wq301 </loc>
		<lastmod> 2022-08-22 17:04:46.285244 </lastmod>
	</url><url>
		<loc> https://geoconnex.us/cuahsi/his/Mazar_River_Project/wq302 </loc>
		<lastmod> 2022-08-22 17:04:46.285259 </lastmod>
	</url><url>
		<loc> https://geoconnex.us/cuahsi/his/Mazar_River_Project/wq303 </loc>
		<lastmod> 2022-08-22 17:04:46.285274 </lastmod>
	</url><url>
		<loc> https://geoconnex.us/cuahsi/his/Mazar_River_Project/wq304 </loc>
		<lastmod> 2022-08-22 17:04:46.285289 </lastmod>
	</url><url>
		<loc> https://geoconnex.us/cuahsi/his/Mazar_River_Project/wq305 </loc>
		<lastmod> 2022-08-22 17:04:46.285303 </lastmod>
	</url><url>
		<loc> https://geoconnex.us/cuahsi/his/Mazar_River_Project/wq306 </loc>
		<lastmod> 2022-08-22 17:04:46.285318 </lastmod>
	</url><url>
		<loc> https://geoconnex.us/cuahsi/his/Mazar_River_Project/wq308 </loc>
		<lastmod> 2022-08-22 17:04:46.285333 </lastmod>
	</url><url>
		<loc> https://geoconnex.us/cuahsi/his/Mazar_River_Project/wq309 </loc>
		<lastmod> 2022-08-22 17:04:46.285348 </lastmod>
	</url><url>
		<loc> https://geoconnex.us/cuahsi/his/Mazar_River_Project/wq310 </loc>
		<lastmod> 2022-08-22 17:04:46.285363 </lastmod>
	</url><url>
		<loc> https://geoconnex.us/cuahsi/his/Mazar_River_Project/wq311 </loc>
		<lastmod> 2022-08-22 17:04:46.285377 </lastmod>
	</url><url>
		<loc> https://geoconnex.us/cuahsi/his/Mazar_River_Project/wq312 </loc>
		<lastmod> 2022-08-22 17:04:46.285392 </lastmod>
	</url><url>
		<loc> https://geoconnex.us/cuahsi/his/Mazar_River_Project/wq325 </loc>
		<lastmod> 2022-08-22 17:04:46.285407 </lastmod>
	</url><url>
		<loc> https://geoconnex.us/cuahsi/his/Mazar_River_Project/wq326 </loc>
		<lastmod> 2022-08-22 17:04:46.285422 </lastmod>
	</url><url>
		<loc> https://geoconnex.us/cuahsi/his/Mazar_River_Project/wq456 </loc>
		<lastmod> 2022-08-22 17:04:46.285437 </lastmod>
	</url><url>
		<loc> https://geoconnex.us/cuahsi/his/Mazar_River_Project/wq457 </loc>
		<lastmod> 2022-08-22 17:04:46.285452 </lastmod>
	</url><url>
		<loc> https://geoconnex.us/cuahsi/his/Mazar_River_Project/wq475 </loc>
		<lastmod> 2022-08-22 17:04:46.285466 </lastmod>
	</url><url>
		<loc> https://geoconnex.us/cuahsi/his/Mazar_River_Project/wq477 </loc>
		<lastmod> 2022-08-22 17:04:46.285481 </lastmod>
	</url><url>
		<loc> https://geoconnex.us/cuahsi/his/Mazar_River_Project/wq478 </loc>
		<lastmod> 2022-08-22 17:04:46.285496 </lastmod>
	</url><url>
		<loc> https://geoconnex.us/cuahsi/his/Mazar_River_Project/wq480 </loc>
		<lastmod> 2022-08-22 17:04:46.285511 </lastmod>
	</url><url>
		<loc> https://geoconnex.us/cuahsi/his/Mazar_River_Project/wq482 </loc>
		<lastmod> 2022-08-22 17:04:46.285526 </lastmod>
	</url><url>
		<loc> https://geoconnex.us/cuahsi/his/Mazar_River_Project/wq484 </loc>
		<lastmod> 2022-08-22 17:04:46.285541 </lastmod>
	</url><url>
		<loc> https://geoconnex.us/cuahsi/his/Mazar_River_Project/wq553 </loc>
		<lastmod> 2022-08-22 17:04:46.285555 </lastmod>
	</url><url>
		<loc> https://geoconnex.us/cuahsi/his/Mazar_River_Project/wq554 </loc>
		<lastmod> 2022-08-22 17:04:46.285570 </lastmod>
	</url><url>
		<loc> https://geoconnex.us/cuahsi/his/Mazar_River_Project/wq555 </loc>
		<lastmod> 2022-08-22 17:04:46.285585 </lastmod>
	</url><url>
		<loc> https://geoconnex.us/cuahsi/his/Mazar_River_Project/wq563 </loc>
		<lastmod> 2022-08-22 17:04:46.285600 </lastmod>
	</url><url>
		<loc> https://geoconnex.us/cuahsi/his/Mazar_River_Project/wq566 </loc>
		<lastmod> 2022-08-22 17:04:46.285615 </lastmod>
	</url><url>
		<loc> https://geoconnex.us/cuahsi/his/Mazar_River_Project/wq567 </loc>
		<lastmod> 2022-08-22 17:04:46.285630 </lastmod>
	</url><url>
		<loc> https://geoconnex.us/cuahsi/his/Mazar_River_Project/wq568 </loc>
		<lastmod> 2022-08-22 17:04:46.285645 </lastmod>
	</url><url>
		<loc> https://geoconnex.us/cuahsi/his/Mazar_River_Project/wq569 </loc>
		<lastmod> 2022-08-22 17:04:46.285660 </lastmod>
	</url><url>
		<loc> https://geoconnex.us/cuahsi/his/Mazar_River_Project/wq572 </loc>
		<lastmod> 2022-08-22 17:04:46.285675 </lastmod>
	</url><url>
		<loc> https://geoconnex.us/cuahsi/his/Mazar_River_Project/wq586 </loc>
		<lastmod> 2022-08-22 17:04:46.285689 </lastmod>
	</url><url>
		<loc> https://geoconnex.us/cuahsi/his/Mazar_River_Project/wq872 </loc>
		<lastmod> 2022-08-22 17:04:46.285704 </lastmod>
	</url><url>
		<loc> https://geoconnex.us/cuahsi/his/Mazar_River_Project/wq874 </loc>
		<lastmod> 2022-08-22 17:04:46.285719 </lastmod>
	</url><url>
		<loc> https://geoconnex.us/cuahsi/his/Mazar_River_Project/wq880 </loc>
		<lastmod> 2022-08-22 17:04:46.285734 </lastmod>
	</url><url>
		<loc> https://geoconnex.us/cuahsi/his/Mazar_River_Project/wq925 </loc>
		<lastmod> 2022-08-22 17:04:46.285749 </lastmod>
	</url><url>
		<loc> https://geoconnex.us/cuahsi/his/Mazar_River_Project/wq926 </loc>
		<lastmod> 2022-08-22 17:04:46.285764 </lastmod>
	</url><url>
		<loc> https://geoconnex.us/cuahsi/his/Mazar_River_Project/wq927 </loc>
		<lastmod> 2022-08-22 17:04:46.285778 </lastmod>
	</url><url>
		<loc> https://geoconnex.us/cuahsi/his/Mazar_River_Project/wq928 </loc>
		<lastmod> 2022-08-22 17:04:46.285793 </lastmod>
	</url><url>
		<loc> https://geoconnex.us/cuahsi/his/Mazar_River_Project/wq929 </loc>
		<lastmod> 2022-08-22 17:04:46.285808 </lastmod>
	</url><url>
		<loc> https://geoconnex.us/cuahsi/his/Mazar_River_Project/wq1155 </loc>
		<lastmod> 2022-08-22 17:04:46.285823 </lastmod>
	</url><url>
		<loc> https://geoconnex.us/cuahsi/his/Mazar_River_Project/wq1159 </loc>
		<lastmod> 2022-08-22 17:04:46.285838 </lastmod>
	</url><url>
		<loc> https://geoconnex.us/cuahsi/his/Mazar_River_Project/wq1167 </loc>
		<lastmod> 2022-08-22 17:04:46.285853 </lastmod>
	</url><url>
		<loc> https://geoconnex.us/cuahsi/his/Mazar_River_Project/wq1169 </loc>
		<lastmod> 2022-08-22 17:04:46.285869 </lastmod>
	</url><url>
		<loc> https://geoconnex.us/cuahsi/his/Mazar_River_Project/wq1170 </loc>
		<lastmod> 2022-08-22 17:04:46.285883 </lastmod>
	</url><url>
		<loc> https://geoconnex.us/cuahsi/his/Mazar_River_Project/wq1171 </loc>
		<lastmod> 2022-08-22 17:04:46.285898 </lastmod>
	</url><url>
		<loc> https://geoconnex.us/cuahsi/his/Mazar_River_Project/wq1174 </loc>
		<lastmod> 2022-08-22 17:04:46.285913 </lastmod>
	</url><url>
		<loc> https://geoconnex.us/cuahsi/his/Mazar_River_Project/wq1201 </loc>
		<lastmod> 2022-08-22 17:04:46.285928 </lastmod>
	</url><url>
		<loc> https://geoconnex.us/cuahsi/his/Mazar_River_Project/wq1202 </loc>
		<lastmod> 2022-08-22 17:04:46.285942 </lastmod>
	</url><url>
		<loc> https://geoconnex.us/cuahsi/his/Mazar_River_Project/wq1203 </loc>
		<lastmod> 2022-08-22 17:04:46.285957 </lastmod>
	</url><url>
		<loc> https://geoconnex.us/cuahsi/his/Mazar_River_Project/wq1204 </loc>
		<lastmod> 2022-08-22 17:04:46.285972 </lastmod>
	</url><url>
		<loc> https://geoconnex.us/cuahsi/his/Mazar_River_Project/wq1205 </loc>
		<lastmod> 2022-08-22 17:04:46.285986 </lastmod>
	</url><url>
		<loc> https://geoconnex.us/cuahsi/his/Mazar_River_Project/wq1206 </loc>
		<lastmod> 2022-08-22 17:04:46.286001 </lastmod>
	</url><url>
		<loc> https://geoconnex.us/cuahsi/his/Mazar_River_Project/wq1207 </loc>
		<lastmod> 2022-08-22 17:04:46.286049 </lastmod>
	</url><url>
		<loc> https://geoconnex.us/cuahsi/his/Mazar_River_Project/wq1208 </loc>
		<lastmod> 2022-08-22 17:04:46.286065 </lastmod>
	</url><url>
		<loc> https://geoconnex.us/cuahsi/his/Mazar_River_Project/wq1211 </loc>
		<lastmod> 2022-08-22 17:04:46.286080 </lastmod>
	</url><url>
		<loc> https://geoconnex.us/cuahsi/his/Mazar_River_Project/wq1220 </loc>
		<lastmod> 2022-08-22 17:04:46.286094 </lastmod>
	</url><url>
		<loc> https://geoconnex.us/cuahsi/his/Mazar_River_Project/wq1245 </loc>
		<lastmod> 2022-08-22 17:04:46.286109 </lastmod>
	</url><url>
		<loc> https://geoconnex.us/cuahsi/his/Mazar_River_Project/wq1256 </loc>
		<lastmod> 2022-08-22 17:04:46.286124 </lastmod>
	</url><url>
		<loc> https://geoconnex.us/cuahsi/his/Mazar_River_Project/wq1259 </loc>
		<lastmod> 2022-08-22 17:04:46.286139 </lastmod>
	</url><url>
		<loc> https://geoconnex.us/cuahsi/his/Mazar_River_Project/wq1260 </loc>
		<lastmod> 2022-08-22 17:04:46.286153 </lastmod>
	</url><url>
		<loc> https://geoconnex.us/cuahsi/his/Mazar_River_Project/wq1262 </loc>
		<lastmod> 2022-08-22 17:04:46.286168 </lastmod>
	</url><url>
		<loc> https://geoconnex.us/cuahsi/his/Mazar_River_Project/wq1263 </loc>
		<lastmod> 2022-08-22 17:04:46.286183 </lastmod>
	</url><url>
		<loc> https://geoconnex.us/cuahsi/his/Mazar_River_Project/wq1282 </loc>
		<lastmod> 2022-08-22 17:04:46.286198 </lastmod>
	</url><url>
		<loc> https://geoconnex.us/cuahsi/his/Mazar_River_Project/wq1296 </loc>
		<lastmod> 2022-08-22 17:04:46.286213 </lastmod>
	</url><url>
		<loc> https://geoconnex.us/cuahsi/his/Mazar_River_Project/wq1312 </loc>
		<lastmod> 2022-08-22 17:04:46.286228 </lastmod>
	</url><url>
		<loc> https://geoconnex.us/cuahsi/his/Mazar_River_Project/wq1328 </loc>
		<lastmod> 2022-08-22 17:04:46.286242 </lastmod>
	</url><url>
		<loc> https://geoconnex.us/cuahsi/his/Mazar_River_Project/wq1329 </loc>
		<lastmod> 2022-08-22 17:04:46.286257 </lastmod>
	</url><url>
		<loc> https://geoconnex.us/cuahsi/his/Mazar_River_Project/wq1331 </loc>
		<lastmod> 2022-08-22 17:04:46.286272 </lastmod>
	</url><url>
		<loc> https://geoconnex.us/cuahsi/his/Mazar_River_Project/wq1332 </loc>
		<lastmod> 2022-08-22 17:04:46.286287 </lastmod>
	</url><url>
		<loc> https://geoconnex.us/cuahsi/his/Mazar_River_Project/wq1333 </loc>
		<lastmod> 2022-08-22 17:04:46.286302 </lastmod>
	</url><url>
		<loc> https://geoconnex.us/cuahsi/his/Mazar_River_Project/wq1334 </loc>
		<lastmod> 2022-08-22 17:04:46.286317 </lastmod>
	</url><url>
		<loc> https://geoconnex.us/cuahsi/his/Mazar_River_Project/wq1335 </loc>
		<lastmod> 2022-08-22 17:04:46.286331 </lastmod>
	</url><url>
		<loc> https://geoconnex.us/cuahsi/his/Mazar_River_Project/wq1353 </loc>
		<lastmod> 2022-08-22 17:04:46.286347 </lastmod>
	</url><url>
		<loc> https://geoconnex.us/cuahsi/his/Mazar_River_Project/wq1354 </loc>
		<lastmod> 2022-08-22 17:04:46.286361 </lastmod>
	</url><url>
		<loc> https://geoconnex.us/cuahsi/his/Mazar_River_Project/wq1355 </loc>
		<lastmod> 2022-08-22 17:04:46.286386 </lastmod>
	</url><url>
		<loc> https://geoconnex.us/cuahsi/his/Mazar_River_Project/wq1356 </loc>
		<lastmod> 2022-08-22 17:04:46.286400 </lastmod>
	</url><url>
		<loc> https://geoconnex.us/cuahsi/his/Mazar_River_Project/wq1357 </loc>
		<lastmod> 2022-08-22 17:04:46.286414 </lastmod>
	</url><url>
		<loc> https://geoconnex.us/cuahsi/his/Mazar_River_Project/wq1358 </loc>
		<lastmod> 2022-08-22 17:04:46.286427 </lastmod>
	</url><url>
		<loc> https://geoconnex.us/cuahsi/his/Mazar_River_Project/wq1359 </loc>
		<lastmod> 2022-08-22 17:04:46.286441 </lastmod>
	</url><url>
		<loc> https://geoconnex.us/cuahsi/his/Mazar_River_Project/wq1361 </loc>
		<lastmod> 2022-08-22 17:04:46.286455 </lastmod>
	</url><url>
		<loc> https://geoconnex.us/cuahsi/his/Mazar_River_Project/wq1362 </loc>
		<lastmod> 2022-08-22 17:04:46.286468 </lastmod>
	</url><url>
		<loc> https://geoconnex.us/cuahsi/his/Mazar_River_Project/wq1363 </loc>
		<lastmod> 2022-08-22 17:04:46.286482 </lastmod>
	</url><url>
		<loc> https://geoconnex.us/cuahsi/his/Mazar_River_Project/wq1367 </loc>
		<lastmod> 2022-08-22 17:04:46.286496 </lastmod>
	</url><url>
		<loc> https://geoconnex.us/cuahsi/his/Mazar_River_Project/wq1375 </loc>
		<lastmod> 2022-08-22 17:04:46.286510 </lastmod>
	</url><url>
		<loc> https://geoconnex.us/cuahsi/his/Mazar_River_Project/wq1398 </loc>
		<lastmod> 2022-08-22 17:04:46.286524 </lastmod>
	</url><url>
		<loc> https://geoconnex.us/cuahsi/his/Mazar_River_Project/wq1400 </loc>
		<lastmod> 2022-08-22 17:04:46.286538 </lastmod>
	</url><url>
		<loc> https://geoconnex.us/cuahsi/his/Mazar_River_Project/wq1445 </loc>
		<lastmod> 2022-08-22 17:04:46.286569 </lastmod>
	</url><url>
		<loc> https://geoconnex.us/cuahsi/his/Mazar_River_Project/wq1447 </loc>
		<lastmod> 2022-08-22 17:04:46.286583 </lastmod>
	</url><url>
		<loc> https://geoconnex.us/cuahsi/his/Mazar_River_Project/wq1456 </loc>
		<lastmod> 2022-08-22 17:04:46.286598 </lastmod>
	</url><url>
		<loc> https://geoconnex.us/cuahsi/his/Mazar_River_Project/wq1460 </loc>
		<lastmod> 2022-08-22 17:04:46.286613 </lastmod>
	</url><url>
		<loc> https://geoconnex.us/cuahsi/his/Mazar_River_Project/wq1462 </loc>
		<lastmod> 2022-08-22 17:04:46.286628 </lastmod>
	</url><url>
		<loc> https://geoconnex.us/cuahsi/his/Mazar_River_Project/wq1472 </loc>
		<lastmod> 2022-08-22 17:04:46.286643 </lastmod>
	</url><url>
		<loc> https://geoconnex.us/cuahsi/his/Mazar_River_Project/wq1473 </loc>
		<lastmod> 2022-08-22 17:04:46.286658 </lastmod>
	</url><url>
		<loc> https://geoconnex.us/cuahsi/his/Mazar_River_Project/wq1490 </loc>
		<lastmod> 2022-08-22 17:04:46.286673 </lastmod>
	</url><url>
		<loc> https://geoconnex.us/cuahsi/his/Mazar_River_Project/wq1492 </loc>
		<lastmod> 2022-08-22 17:04:46.286688 </lastmod>
	</url><url>
		<loc> https://geoconnex.us/cuahsi/his/Mazar_River_Project/wq1494 </loc>
		<lastmod> 2022-08-22 17:04:46.286703 </lastmod>
	</url><url>
		<loc> https://geoconnex.us/cuahsi/his/Mazar_River_Project/wq1495 </loc>
		<lastmod> 2022-08-22 17:04:46.286717 </lastmod>
	</url><url>
		<loc> https://geoconnex.us/cuahsi/his/Mazar_River_Project/wq1531 </loc>
		<lastmod> 2022-08-22 17:04:46.286732 </lastmod>
	</url><url>
		<loc> https://geoconnex.us/cuahsi/his/Mazar_River_Project/wq1532 </loc>
		<lastmod> 2022-08-22 17:04:46.286747 </lastmod>
	</url><url>
		<loc> https://geoconnex.us/cuahsi/his/Mazar_River_Project/wq1533 </loc>
		<lastmod> 2022-08-22 17:04:46.286762 </lastmod>
	</url><url>
		<loc> https://geoconnex.us/cuahsi/his/Mazar_River_Project/wq1534 </loc>
		<lastmod> 2022-08-22 17:04:46.286777 </lastmod>
	</url><url>
		<loc> https://geoconnex.us/cuahsi/his/Mazar_River_Project/wq1535 </loc>
		<lastmod> 2022-08-22 17:04:46.286792 </lastmod>
	</url><url>
		<loc> https://geoconnex.us/cuahsi/his/Mazar_River_Project/wq1536 </loc>
		<lastmod> 2022-08-22 17:04:46.286806 </lastmod>
	</url><url>
		<loc> https://geoconnex.us/cuahsi/his/Mazar_River_Project/wq1537 </loc>
		<lastmod> 2022-08-22 17:04:46.286821 </lastmod>
	</url><url>
		<loc> https://geoconnex.us/cuahsi/his/Mazar_River_Project/wq1538 </loc>
		<lastmod> 2022-08-22 17:04:46.286836 </lastmod>
	</url><url>
		<loc> https://geoconnex.us/cuahsi/his/Mazar_River_Project/wq1539 </loc>
		<lastmod> 2022-08-22 17:04:46.286851 </lastmod>
	</url><url>
		<loc> https://geoconnex.us/cuahsi/his/Mazar_River_Project/wq1540 </loc>
		<lastmod> 2022-08-22 17:04:46.286866 </lastmod>
	</url><url>
		<loc> https://geoconnex.us/cuahsi/his/Mazar_River_Project/wq1541 </loc>
		<lastmod> 2022-08-22 17:04:46.286880 </lastmod>
	</url><url>
		<loc> https://geoconnex.us/cuahsi/his/Mazar_River_Project/wq1542 </loc>
		<lastmod> 2022-08-22 17:04:46.286895 </lastmod>
	</url><url>
		<loc> https://geoconnex.us/cuahsi/his/Mazar_River_Project/wq1543 </loc>
		<lastmod> 2022-08-22 17:04:46.286910 </lastmod>
	</url><url>
		<loc> https://geoconnex.us/cuahsi/his/Mazar_River_Project/wq1544 </loc>
		<lastmod> 2022-08-22 17:04:46.286936 </lastmod>
	</url><url>
		<loc> https://geoconnex.us/cuahsi/his/Mazar_River_Project/wq1588 </loc>
		<lastmod> 2022-08-22 17:04:46.286950 </lastmod>
	</url><url>
		<loc> https://geoconnex.us/cuahsi/his/Mazar_River_Project/wq1591 </loc>
		<lastmod> 2022-08-22 17:04:46.286964 </lastmod>
	</url><url>
		<loc> https://geoconnex.us/cuahsi/his/Mazar_River_Project/wq1595 </loc>
		<lastmod> 2022-08-22 17:04:46.286978 </lastmod>
	</url><url>
		<loc> https://geoconnex.us/cuahsi/his/Mazar_River_Project/wq1596 </loc>
		<lastmod> 2022-08-22 17:04:46.286991 </lastmod>
	</url><url>
		<loc> https://geoconnex.us/cuahsi/his/Mazar_River_Project/wq1629 </loc>
		<lastmod> 2022-08-22 17:04:46.287005 </lastmod>
	</url><url>
		<loc> https://geoconnex.us/cuahsi/his/Mazar_River_Project/wq1657 </loc>
		<lastmod> 2022-08-22 17:04:46.287019 </lastmod>
	</url><url>
		<loc> https://geoconnex.us/cuahsi/his/Mazar_River_Project/wq1671 </loc>
		<lastmod> 2022-08-22 17:04:46.287033 </lastmod>
	</url><url>
		<loc> https://geoconnex.us/cuahsi/his/Mazar_River_Project/wq1681 </loc>
		<lastmod> 2022-08-22 17:04:46.287046 </lastmod>
	</url><url>
		<loc> https://geoconnex.us/cuahsi/his/Mazar_River_Project/wq1749 </loc>
		<lastmod> 2022-08-22 17:04:46.287060 </lastmod>
	</url><url>
		<loc> https://geoconnex.us/cuahsi/his/Mazar_River_Project/wq1750 </loc>
		<lastmod> 2022-08-22 17:04:46.287073 </lastmod>
	</url><url>
		<loc> https://geoconnex.us/cuahsi/his/Mazar_River_Project/wq1751 </loc>
		<lastmod> 2022-08-22 17:04:46.287087 </lastmod>
	</url><url>
		<loc> https://geoconnex.us/cuahsi/his/Mazar_River_Project/wq1752 </loc>
		<lastmod> 2022-08-22 17:04:46.287101 </lastmod>
	</url><url>
		<loc> https://geoconnex.us/cuahsi/his/Mazar_River_Project/wq1753 </loc>
		<lastmod> 2022-08-22 17:04:46.287115 </lastmod>
	</url><url>
		<loc> https://geoconnex.us/cuahsi/his/Mazar_River_Project/wq1759 </loc>
		<lastmod> 2022-08-22 17:04:46.287129 </lastmod>
	</url><url>
		<loc> https://geoconnex.us/cuahsi/his/Mazar_River_Project/wq1761 </loc>
		<lastmod> 2022-08-22 17:04:46.287142 </lastmod>
	</url><url>
		<loc> https://geoconnex.us/cuahsi/his/Mazar_River_Project/wq1763 </loc>
		<lastmod> 2022-08-22 17:04:46.287156 </lastmod>
	</url><url>
		<loc> https://geoconnex.us/cuahsi/his/Mazar_River_Project/wq1850 </loc>
		<lastmod> 2022-08-22 17:04:46.287170 </lastmod>
	</url><url>
		<loc> https://geoconnex.us/cuahsi/his/Mazar_River_Project/wq1852 </loc>
		<lastmod> 2022-08-22 17:04:46.287183 </lastmod>
	</url><url>
		<loc> https://geoconnex.us/cuahsi/his/Mazar_River_Project/wq1853 </loc>
		<lastmod> 2022-08-22 17:04:46.287197 </lastmod>
	</url><url>
		<loc> https://geoconnex.us/cuahsi/his/Mazar_River_Project/wq1858 </loc>
		<lastmod> 2022-08-22 17:04:46.287211 </lastmod>
	</url><url>
		<loc> https://geoconnex.us/cuahsi/his/Mazar_River_Project/wq1864 </loc>
		<lastmod> 2022-08-22 17:04:46.287225 </lastmod>
	</url><url>
		<loc> https://geoconnex.us/cuahsi/his/Mazar_River_Project/wq1873 </loc>
		<lastmod> 2022-08-22 17:04:46.287239 </lastmod>
	</url><url>
		<loc> https://geoconnex.us/cuahsi/his/Mazar_River_Project/wq1875 </loc>
		<lastmod> 2022-08-22 17:04:46.287253 </lastmod>
	</url><url>
		<loc> https://geoconnex.us/cuahsi/his/Mazar_River_Project/wq1877 </loc>
		<lastmod> 2022-08-22 17:04:46.287266 </lastmod>
	</url><url>
		<loc> https://geoconnex.us/cuahsi/his/Mazar_River_Project/wq1878 </loc>
		<lastmod> 2022-08-22 17:04:46.287280 </lastmod>
	</url><url>
		<loc> https://geoconnex.us/cuahsi/his/Mazar_River_Project/wq1879 </loc>
		<lastmod> 2022-08-22 17:04:46.287294 </lastmod>
	</url><url>
		<loc> https://geoconnex.us/cuahsi/his/Mazar_River_Project/wq2029 </loc>
		<lastmod> 2022-08-22 17:04:46.287308 </lastmod>
	</url><url>
		<loc> https://geoconnex.us/cuahsi/his/Mazar_River_Project/wq2032 </loc>
		<lastmod> 2022-08-22 17:04:46.287322 </lastmod>
	</url><url>
		<loc> https://geoconnex.us/cuahsi/his/Mazar_River_Project/wq2033 </loc>
		<lastmod> 2022-08-22 17:04:46.287336 </lastmod>
	</url><url>
		<loc> https://geoconnex.us/cuahsi/his/Mazar_River_Project/wq2101 </loc>
		<lastmod> 2022-08-22 17:04:46.287350 </lastmod>
	</url><url>
		<loc> https://geoconnex.us/cuahsi/his/Mazar_River_Project/wq2121 </loc>
		<lastmod> 2022-08-22 17:04:46.287364 </lastmod>
	</url><url>
		<loc> https://geoconnex.us/cuahsi/his/Mazar_River_Project/wq2123 </loc>
		<lastmod> 2022-08-22 17:04:46.287378 </lastmod>
	</url><url>
		<loc> https://geoconnex.us/cuahsi/his/Mazar_River_Project/wq2124 </loc>
		<lastmod> 2022-08-22 17:04:46.287391 </lastmod>
	</url><url>
		<loc> https://geoconnex.us/cuahsi/his/Mazar_River_Project/wq2125 </loc>
		<lastmod> 2022-08-22 17:04:46.287405 </lastmod>
	</url><url>
		<loc> https://geoconnex.us/cuahsi/his/Mazar_River_Project/wq2126 </loc>
		<lastmod> 2022-08-22 17:04:46.287419 </lastmod>
	</url><url>
		<loc> https://geoconnex.us/cuahsi/his/Mazar_River_Project/wq2129 </loc>
		<lastmod> 2022-08-22 17:04:46.287433 </lastmod>
	</url><url>
		<loc> https://geoconnex.us/cuahsi/his/Mazar_River_Project/wq2132 </loc>
		<lastmod> 2022-08-22 17:04:46.287446 </lastmod>
	</url><url>
		<loc> https://geoconnex.us/cuahsi/his/Mazar_River_Project/wq2133 </loc>
		<lastmod> 2022-08-22 17:04:46.287460 </lastmod>
	</url><url>
		<loc> https://geoconnex.us/cuahsi/his/Mazar_River_Project/wq2135 </loc>
		<lastmod> 2022-08-22 17:04:46.287474 </lastmod>
	</url><url>
		<loc> https://geoconnex.us/cuahsi/his/Mazar_River_Project/wq2136 </loc>
		<lastmod> 2022-08-22 17:04:46.287488 </lastmod>
	</url><url>
		<loc> https://geoconnex.us/cuahsi/his/Mazar_River_Project/wq2256 </loc>
		<lastmod> 2022-08-22 17:04:46.287502 </lastmod>
	</url><url>
		<loc> https://geoconnex.us/cuahsi/his/Mazar_River_Project/wq2257 </loc>
		<lastmod> 2022-08-22 17:04:46.287516 </lastmod>
	</url><url>
		<loc> https://geoconnex.us/cuahsi/his/Mazar_River_Project/wq2371 </loc>
		<lastmod> 2022-08-22 17:04:46.287530 </lastmod>
	</url><url>
		<loc> https://geoconnex.us/cuahsi/his/Mazar_River_Project/wq2775 </loc>
		<lastmod> 2022-08-22 17:04:46.287544 </lastmod>
	</url><url>
		<loc> https://geoconnex.us/cuahsi/his/Mazar_River_Project/wq2780 </loc>
		<lastmod> 2022-08-22 17:04:46.287557 </lastmod>
	</url><url>
		<loc> https://geoconnex.us/cuahsi/his/Mazar_River_Project/wq2781 </loc>
		<lastmod> 2022-08-22 17:04:46.287571 </lastmod>
	</url><url>
		<loc> https://geoconnex.us/cuahsi/his/Mazar_River_Project/wq2782 </loc>
		<lastmod> 2022-08-22 17:04:46.287585 </lastmod>
	</url></ns0:urlset>