<?xml version='1.0' encoding='utf-8'?>
<ns0:urlset xmlns:ns0="http://www.sitemaps.org/schemas/sitemap/0.9">
<url>
		<loc> https://geoconnex.us/cuahsi/his/Swedish_Monitoring_Data/wq1 </loc>
		<lastmod> 2022-08-22 17:04:37.053441 </lastmod>
	</url><url>
		<loc> https://geoconnex.us/cuahsi/his/Swedish_Monitoring_Data/wq1155 </loc>
		<lastmod> 2022-08-22 17:04:37.053477 </lastmod>
	</url><url>
		<loc> https://geoconnex.us/cuahsi/his/Swedish_Monitoring_Data/wq1159 </loc>
		<lastmod> 2022-08-22 17:04:37.053499 </lastmod>
	</url><url>
		<loc> https://geoconnex.us/cuahsi/his/Swedish_Monitoring_Data/wq1167 </loc>
		<lastmod> 2022-08-22 17:04:37.053518 </lastmod>
	</url><url>
		<loc> https://geoconnex.us/cuahsi/his/Swedish_Monitoring_Data/wq1169 </loc>
		<lastmod> 2022-08-22 17:04:37.053535 </lastmod>
	</url><url>
		<loc> https://geoconnex.us/cuahsi/his/Swedish_Monitoring_Data/wq117 </loc>
		<lastmod> 2022-08-22 17:04:37.053551 </lastmod>
	</url><url>
		<loc> https://geoconnex.us/cuahsi/his/Swedish_Monitoring_Data/wq1170 </loc>
		<lastmod> 2022-08-22 17:04:37.053567 </lastmod>
	</url><url>
		<loc> https://geoconnex.us/cuahsi/his/Swedish_Monitoring_Data/wq1171 </loc>
		<lastmod> 2022-08-22 17:04:37.053583 </lastmod>
	</url><url>
		<loc> https://geoconnex.us/cuahsi/his/Swedish_Monitoring_Data/wq1174 </loc>
		<lastmod> 2022-08-22 17:04:37.053599 </lastmod>
	</url><url>
		<loc> https://geoconnex.us/cuahsi/his/Swedish_Monitoring_Data/wq118 </loc>
		<lastmod> 2022-08-22 17:04:37.053615 </lastmod>
	</url><url>
		<loc> https://geoconnex.us/cuahsi/his/Swedish_Monitoring_Data/wq119 </loc>
		<lastmod> 2022-08-22 17:04:37.053631 </lastmod>
	</url><url>
		<loc> https://geoconnex.us/cuahsi/his/Swedish_Monitoring_Data/wq120 </loc>
		<lastmod> 2022-08-22 17:04:37.053646 </lastmod>
	</url><url>
		<loc> https://geoconnex.us/cuahsi/his/Swedish_Monitoring_Data/wq1201 </loc>
		<lastmod> 2022-08-22 17:04:37.053662 </lastmod>
	</url><url>
		<loc> https://geoconnex.us/cuahsi/his/Swedish_Monitoring_Data/wq1202 </loc>
		<lastmod> 2022-08-22 17:04:37.053677 </lastmod>
	</url><url>
		<loc> https://geoconnex.us/cuahsi/his/Swedish_Monitoring_Data/wq1203 </loc>
		<lastmod> 2022-08-22 17:04:37.053692 </lastmod>
	</url><url>
		<loc> https://geoconnex.us/cuahsi/his/Swedish_Monitoring_Data/wq1204 </loc>
		<lastmod> 2022-08-22 17:04:37.053708 </lastmod>
	</url><url>
		<loc> https://geoconnex.us/cuahsi/his/Swedish_Monitoring_Data/wq1205 </loc>
		<lastmod> 2022-08-22 17:04:37.053723 </lastmod>
	</url><url>
		<loc> https://geoconnex.us/cuahsi/his/Swedish_Monitoring_Data/wq1206 </loc>
		<lastmod> 2022-08-22 17:04:37.053738 </lastmod>
	</url><url>
		<loc> https://geoconnex.us/cuahsi/his/Swedish_Monitoring_Data/wq1207 </loc>
		<lastmod> 2022-08-22 17:04:37.053753 </lastmod>
	</url><url>
		<loc> https://geoconnex.us/cuahsi/his/Swedish_Monitoring_Data/wq1208 </loc>
		<lastmod> 2022-08-22 17:04:37.053768 </lastmod>
	</url><url>
		<loc> https://geoconnex.us/cuahsi/his/Swedish_Monitoring_Data/wq1211 </loc>
		<lastmod> 2022-08-22 17:04:37.053783 </lastmod>
	</url><url>
		<loc> https://geoconnex.us/cuahsi/his/Swedish_Monitoring_Data/wq1220 </loc>
		<lastmod> 2022-08-22 17:04:37.053798 </lastmod>
	</url><url>
		<loc> https://geoconnex.us/cuahsi/his/Swedish_Monitoring_Data/wq1245 </loc>
		<lastmod> 2022-08-22 17:04:37.053813 </lastmod>
	</url><url>
		<loc> https://geoconnex.us/cuahsi/his/Swedish_Monitoring_Data/wq1256 </loc>
		<lastmod> 2022-08-22 17:04:37.053828 </lastmod>
	</url><url>
		<loc> https://geoconnex.us/cuahsi/his/Swedish_Monitoring_Data/wq1259 </loc>
		<lastmod> 2022-08-22 17:04:37.053843 </lastmod>
	</url><url>
		<loc> https://geoconnex.us/cuahsi/his/Swedish_Monitoring_Data/wq1260 </loc>
		<lastmod> 2022-08-22 17:04:37.053858 </lastmod>
	</url><url>
		<loc> https://geoconnex.us/cuahsi/his/Swedish_Monitoring_Data/wq1262 </loc>
		<lastmod> 2022-08-22 17:04:37.053874 </lastmod>
	</url><url>
		<loc> https://geoconnex.us/cuahsi/his/Swedish_Monitoring_Data/wq1263 </loc>
		<lastmod> 2022-08-22 17:04:37.053889 </lastmod>
	</url><url>
		<loc> https://geoconnex.us/cuahsi/his/Swedish_Monitoring_Data/wq127 </loc>
		<lastmod> 2022-08-22 17:04:37.053904 </lastmod>
	</url><url>
		<loc> https://geoconnex.us/cuahsi/his/Swedish_Monitoring_Data/wq1282 </loc>
		<lastmod> 2022-08-22 17:04:37.053919 </lastmod>
	</url><url>
		<loc> https://geoconnex.us/cuahsi/his/Swedish_Monitoring_Data/wq129 </loc>
		<lastmod> 2022-08-22 17:04:37.053935 </lastmod>
	</url><url>
		<loc> https://geoconnex.us/cuahsi/his/Swedish_Monitoring_Data/wq1296 </loc>
		<lastmod> 2022-08-22 17:04:37.053950 </lastmod>
	</url><url>
		<loc> https://geoconnex.us/cuahsi/his/Swedish_Monitoring_Data/wq131 </loc>
		<lastmod> 2022-08-22 17:04:37.053965 </lastmod>
	</url><url>
		<loc> https://geoconnex.us/cuahsi/his/Swedish_Monitoring_Data/wq1312 </loc>
		<lastmod> 2022-08-22 17:04:37.053980 </lastmod>
	</url><url>
		<loc> https://geoconnex.us/cuahsi/his/Swedish_Monitoring_Data/wq1328 </loc>
		<lastmod> 2022-08-22 17:04:37.053995 </lastmod>
	</url><url>
		<loc> https://geoconnex.us/cuahsi/his/Swedish_Monitoring_Data/wq1329 </loc>
		<lastmod> 2022-08-22 17:04:37.054010 </lastmod>
	</url><url>
		<loc> https://geoconnex.us/cuahsi/his/Swedish_Monitoring_Data/wq133 </loc>
		<lastmod> 2022-08-22 17:04:37.054026 </lastmod>
	</url><url>
		<loc> https://geoconnex.us/cuahsi/his/Swedish_Monitoring_Data/wq1331 </loc>
		<lastmod> 2022-08-22 17:04:37.054041 </lastmod>
	</url><url>
		<loc> https://geoconnex.us/cuahsi/his/Swedish_Monitoring_Data/wq1332 </loc>
		<lastmod> 2022-08-22 17:04:37.054056 </lastmod>
	</url><url>
		<loc> https://geoconnex.us/cuahsi/his/Swedish_Monitoring_Data/wq1333 </loc>
		<lastmod> 2022-08-22 17:04:37.054071 </lastmod>
	</url><url>
		<loc> https://geoconnex.us/cuahsi/his/Swedish_Monitoring_Data/wq1334 </loc>
		<lastmod> 2022-08-22 17:04:37.054086 </lastmod>
	</url><url>
		<loc> https://geoconnex.us/cuahsi/his/Swedish_Monitoring_Data/wq1335 </loc>
		<lastmod> 2022-08-22 17:04:37.054101 </lastmod>
	</url><url>
		<loc> https://geoconnex.us/cuahsi/his/Swedish_Monitoring_Data/wq134 </loc>
		<lastmod> 2022-08-22 17:04:37.054117 </lastmod>
	</url><url>
		<loc> https://geoconnex.us/cuahsi/his/Swedish_Monitoring_Data/wq135 </loc>
		<lastmod> 2022-08-22 17:04:37.054132 </lastmod>
	</url><url>
		<loc> https://geoconnex.us/cuahsi/his/Swedish_Monitoring_Data/wq1353 </loc>
		<lastmod> 2022-08-22 17:04:37.054147 </lastmod>
	</url><url>
		<loc> https://geoconnex.us/cuahsi/his/Swedish_Monitoring_Data/wq1354 </loc>
		<lastmod> 2022-08-22 17:04:37.054162 </lastmod>
	</url><url>
		<loc> https://geoconnex.us/cuahsi/his/Swedish_Monitoring_Data/wq1355 </loc>
		<lastmod> 2022-08-22 17:04:37.054177 </lastmod>
	</url><url>
		<loc> https://geoconnex.us/cuahsi/his/Swedish_Monitoring_Data/wq1356 </loc>
		<lastmod> 2022-08-22 17:04:37.054193 </lastmod>
	</url><url>
		<loc> https://geoconnex.us/cuahsi/his/Swedish_Monitoring_Data/wq1357 </loc>
		<lastmod> 2022-08-22 17:04:37.054208 </lastmod>
	</url><url>
		<loc> https://geoconnex.us/cuahsi/his/Swedish_Monitoring_Data/wq1358 </loc>
		<lastmod> 2022-08-22 17:04:37.054223 </lastmod>
	</url><url>
		<loc> https://geoconnex.us/cuahsi/his/Swedish_Monitoring_Data/wq1359 </loc>
		<lastmod> 2022-08-22 17:04:37.054238 </lastmod>
	</url><url>
		<loc> https://geoconnex.us/cuahsi/his/Swedish_Monitoring_Data/wq136 </loc>
		<lastmod> 2022-08-22 17:04:37.054253 </lastmod>
	</url><url>
		<loc> https://geoconnex.us/cuahsi/his/Swedish_Monitoring_Data/wq1361 </loc>
		<lastmod> 2022-08-22 17:04:37.054268 </lastmod>
	</url><url>
		<loc> https://geoconnex.us/cuahsi/his/Swedish_Monitoring_Data/wq1362 </loc>
		<lastmod> 2022-08-22 17:04:37.054283 </lastmod>
	</url><url>
		<loc> https://geoconnex.us/cuahsi/his/Swedish_Monitoring_Data/wq1363 </loc>
		<lastmod> 2022-08-22 17:04:37.054298 </lastmod>
	</url><url>
		<loc> https://geoconnex.us/cuahsi/his/Swedish_Monitoring_Data/wq1367 </loc>
		<lastmod> 2022-08-22 17:04:37.054313 </lastmod>
	</url><url>
		<loc> https://geoconnex.us/cuahsi/his/Swedish_Monitoring_Data/wq1375 </loc>
		<lastmod> 2022-08-22 17:04:37.054328 </lastmod>
	</url><url>
		<loc> https://geoconnex.us/cuahsi/his/Swedish_Monitoring_Data/wq138 </loc>
		<lastmod> 2022-08-22 17:04:37.054349 </lastmod>
	</url><url>
		<loc> https://geoconnex.us/cuahsi/his/Swedish_Monitoring_Data/wq139 </loc>
		<lastmod> 2022-08-22 17:04:37.054364 </lastmod>
	</url><url>
		<loc> https://geoconnex.us/cuahsi/his/Swedish_Monitoring_Data/wq1398 </loc>
		<lastmod> 2022-08-22 17:04:37.054379 </lastmod>
	</url><url>
		<loc> https://geoconnex.us/cuahsi/his/Swedish_Monitoring_Data/wq140 </loc>
		<lastmod> 2022-08-22 17:04:37.054395 </lastmod>
	</url><url>
		<loc> https://geoconnex.us/cuahsi/his/Swedish_Monitoring_Data/wq1400 </loc>
		<lastmod> 2022-08-22 17:04:37.054410 </lastmod>
	</url><url>
		<loc> https://geoconnex.us/cuahsi/his/Swedish_Monitoring_Data/wq143 </loc>
		<lastmod> 2022-08-22 17:04:37.054425 </lastmod>
	</url><url>
		<loc> https://geoconnex.us/cuahsi/his/Swedish_Monitoring_Data/wq1445 </loc>
		<lastmod> 2022-08-22 17:04:37.054440 </lastmod>
	</url><url>
		<loc> https://geoconnex.us/cuahsi/his/Swedish_Monitoring_Data/wq1447 </loc>
		<lastmod> 2022-08-22 17:04:37.054455 </lastmod>
	</url><url>
		<loc> https://geoconnex.us/cuahsi/his/Swedish_Monitoring_Data/wq1456 </loc>
		<lastmod> 2022-08-22 17:04:37.054470 </lastmod>
	</url><url>
		<loc> https://geoconnex.us/cuahsi/his/Swedish_Monitoring_Data/wq1460 </loc>
		<lastmod> 2022-08-22 17:04:37.054485 </lastmod>
	</url><url>
		<loc> https://geoconnex.us/cuahsi/his/Swedish_Monitoring_Data/wq1462 </loc>
		<lastmod> 2022-08-22 17:04:37.054500 </lastmod>
	</url><url>
		<loc> https://geoconnex.us/cuahsi/his/Swedish_Monitoring_Data/wq1472 </loc>
		<lastmod> 2022-08-22 17:04:37.054516 </lastmod>
	</url><url>
		<loc> https://geoconnex.us/cuahsi/his/Swedish_Monitoring_Data/wq1473 </loc>
		<lastmod> 2022-08-22 17:04:37.054531 </lastmod>
	</url><url>
		<loc> https://geoconnex.us/cuahsi/his/Swedish_Monitoring_Data/wq1490 </loc>
		<lastmod> 2022-08-22 17:04:37.054546 </lastmod>
	</url><url>
		<loc> https://geoconnex.us/cuahsi/his/Swedish_Monitoring_Data/wq1492 </loc>
		<lastmod> 2022-08-22 17:04:37.054561 </lastmod>
	</url><url>
		<loc> https://geoconnex.us/cuahsi/his/Swedish_Monitoring_Data/wq1494 </loc>
		<lastmod> 2022-08-22 17:04:37.054576 </lastmod>
	</url><url>
		<loc> https://geoconnex.us/cuahsi/his/Swedish_Monitoring_Data/wq1495 </loc>
		<lastmod> 2022-08-22 17:04:37.054592 </lastmod>
	</url><url>
		<loc> https://geoconnex.us/cuahsi/his/Swedish_Monitoring_Data/wq1531 </loc>
		<lastmod> 2022-08-22 17:04:37.054607 </lastmod>
	</url><url>
		<loc> https://geoconnex.us/cuahsi/his/Swedish_Monitoring_Data/wq1532 </loc>
		<lastmod> 2022-08-22 17:04:37.054622 </lastmod>
	</url><url>
		<loc> https://geoconnex.us/cuahsi/his/Swedish_Monitoring_Data/wq1533 </loc>
		<lastmod> 2022-08-22 17:04:37.054638 </lastmod>
	</url><url>
		<loc> https://geoconnex.us/cuahsi/his/Swedish_Monitoring_Data/wq1534 </loc>
		<lastmod> 2022-08-22 17:04:37.054653 </lastmod>
	</url><url>
		<loc> https://geoconnex.us/cuahsi/his/Swedish_Monitoring_Data/wq1535 </loc>
		<lastmod> 2022-08-22 17:04:37.054668 </lastmod>
	</url><url>
		<loc> https://geoconnex.us/cuahsi/his/Swedish_Monitoring_Data/wq1536 </loc>
		<lastmod> 2022-08-22 17:04:37.054683 </lastmod>
	</url><url>
		<loc> https://geoconnex.us/cuahsi/his/Swedish_Monitoring_Data/wq1537 </loc>
		<lastmod> 2022-08-22 17:04:37.054698 </lastmod>
	</url><url>
		<loc> https://geoconnex.us/cuahsi/his/Swedish_Monitoring_Data/wq1538 </loc>
		<lastmod> 2022-08-22 17:04:37.054713 </lastmod>
	</url><url>
		<loc> https://geoconnex.us/cuahsi/his/Swedish_Monitoring_Data/wq1539 </loc>
		<lastmod> 2022-08-22 17:04:37.054728 </lastmod>
	</url><url>
		<loc> https://geoconnex.us/cuahsi/his/Swedish_Monitoring_Data/wq1540 </loc>
		<lastmod> 2022-08-22 17:04:37.054743 </lastmod>
	</url><url>
		<loc> https://geoconnex.us/cuahsi/his/Swedish_Monitoring_Data/wq1541 </loc>
		<lastmod> 2022-08-22 17:04:37.054758 </lastmod>
	</url><url>
		<loc> https://geoconnex.us/cuahsi/his/Swedish_Monitoring_Data/wq1542 </loc>
		<lastmod> 2022-08-22 17:04:37.054773 </lastmod>
	</url><url>
		<loc> https://geoconnex.us/cuahsi/his/Swedish_Monitoring_Data/wq1543 </loc>
		<lastmod> 2022-08-22 17:04:37.054788 </lastmod>
	</url><url>
		<loc> https://geoconnex.us/cuahsi/his/Swedish_Monitoring_Data/wq1544 </loc>
		<lastmod> 2022-08-22 17:04:37.054803 </lastmod>
	</url><url>
		<loc> https://geoconnex.us/cuahsi/his/Swedish_Monitoring_Data/wq1588 </loc>
		<lastmod> 2022-08-22 17:04:37.054819 </lastmod>
	</url><url>
		<loc> https://geoconnex.us/cuahsi/his/Swedish_Monitoring_Data/wq1591 </loc>
		<lastmod> 2022-08-22 17:04:37.054834 </lastmod>
	</url><url>
		<loc> https://geoconnex.us/cuahsi/his/Swedish_Monitoring_Data/wq1595 </loc>
		<lastmod> 2022-08-22 17:04:37.054849 </lastmod>
	</url><url>
		<loc> https://geoconnex.us/cuahsi/his/Swedish_Monitoring_Data/wq1596 </loc>
		<lastmod> 2022-08-22 17:04:37.054864 </lastmod>
	</url><url>
		<loc> https://geoconnex.us/cuahsi/his/Swedish_Monitoring_Data/wq1629 </loc>
		<lastmod> 2022-08-22 17:04:37.054879 </lastmod>
	</url><url>
		<loc> https://geoconnex.us/cuahsi/his/Swedish_Monitoring_Data/wq1657 </loc>
		<lastmod> 2022-08-22 17:04:37.054894 </lastmod>
	</url><url>
		<loc> https://geoconnex.us/cuahsi/his/Swedish_Monitoring_Data/wq1671 </loc>
		<lastmod> 2022-08-22 17:04:37.054909 </lastmod>
	</url><url>
		<loc> https://geoconnex.us/cuahsi/his/Swedish_Monitoring_Data/wq1681 </loc>
		<lastmod> 2022-08-22 17:04:37.054924 </lastmod>
	</url><url>
		<loc> https://geoconnex.us/cuahsi/his/Swedish_Monitoring_Data/wq1749 </loc>
		<lastmod> 2022-08-22 17:04:37.054940 </lastmod>
	</url><url>
		<loc> https://geoconnex.us/cuahsi/his/Swedish_Monitoring_Data/wq1750 </loc>
		<lastmod> 2022-08-22 17:04:37.054955 </lastmod>
	</url><url>
		<loc> https://geoconnex.us/cuahsi/his/Swedish_Monitoring_Data/wq1751 </loc>
		<lastmod> 2022-08-22 17:04:37.054970 </lastmod>
	</url><url>
		<loc> https://geoconnex.us/cuahsi/his/Swedish_Monitoring_Data/wq1752 </loc>
		<lastmod> 2022-08-22 17:04:37.054985 </lastmod>
	</url><url>
		<loc> https://geoconnex.us/cuahsi/his/Swedish_Monitoring_Data/wq1753 </loc>
		<lastmod> 2022-08-22 17:04:37.055000 </lastmod>
	</url><url>
		<loc> https://geoconnex.us/cuahsi/his/Swedish_Monitoring_Data/wq1759 </loc>
		<lastmod> 2022-08-22 17:04:37.055015 </lastmod>
	</url><url>
		<loc> https://geoconnex.us/cuahsi/his/Swedish_Monitoring_Data/wq1761 </loc>
		<lastmod> 2022-08-22 17:04:37.055030 </lastmod>
	</url><url>
		<loc> https://geoconnex.us/cuahsi/his/Swedish_Monitoring_Data/wq1763 </loc>
		<lastmod> 2022-08-22 17:04:37.055045 </lastmod>
	</url><url>
		<loc> https://geoconnex.us/cuahsi/his/Swedish_Monitoring_Data/wq1850 </loc>
		<lastmod> 2022-08-22 17:04:37.055060 </lastmod>
	</url><url>
		<loc> https://geoconnex.us/cuahsi/his/Swedish_Monitoring_Data/wq1852 </loc>
		<lastmod> 2022-08-22 17:04:37.055076 </lastmod>
	</url><url>
		<loc> https://geoconnex.us/cuahsi/his/Swedish_Monitoring_Data/wq1853 </loc>
		<lastmod> 2022-08-22 17:04:37.055091 </lastmod>
	</url><url>
		<loc> https://geoconnex.us/cuahsi/his/Swedish_Monitoring_Data/wq1858 </loc>
		<lastmod> 2022-08-22 17:04:37.055106 </lastmod>
	</url><url>
		<loc> https://geoconnex.us/cuahsi/his/Swedish_Monitoring_Data/wq1864 </loc>
		<lastmod> 2022-08-22 17:04:37.055121 </lastmod>
	</url><url>
		<loc> https://geoconnex.us/cuahsi/his/Swedish_Monitoring_Data/wq1873 </loc>
		<lastmod> 2022-08-22 17:04:37.055137 </lastmod>
	</url><url>
		<loc> https://geoconnex.us/cuahsi/his/Swedish_Monitoring_Data/wq1875 </loc>
		<lastmod> 2022-08-22 17:04:37.055152 </lastmod>
	</url><url>
		<loc> https://geoconnex.us/cuahsi/his/Swedish_Monitoring_Data/wq1877 </loc>
		<lastmod> 2022-08-22 17:04:37.055167 </lastmod>
	</url><url>
		<loc> https://geoconnex.us/cuahsi/his/Swedish_Monitoring_Data/wq1878 </loc>
		<lastmod> 2022-08-22 17:04:37.055182 </lastmod>
	</url><url>
		<loc> https://geoconnex.us/cuahsi/his/Swedish_Monitoring_Data/wq1879 </loc>
		<lastmod> 2022-08-22 17:04:37.055197 </lastmod>
	</url><url>
		<loc> https://geoconnex.us/cuahsi/his/Swedish_Monitoring_Data/wq193 </loc>
		<lastmod> 2022-08-22 17:04:37.055212 </lastmod>
	</url><url>
		<loc> https://geoconnex.us/cuahsi/his/Swedish_Monitoring_Data/wq2 </loc>
		<lastmod> 2022-08-22 17:04:37.055227 </lastmod>
	</url><url>
		<loc> https://geoconnex.us/cuahsi/his/Swedish_Monitoring_Data/wq2029 </loc>
		<lastmod> 2022-08-22 17:04:37.055243 </lastmod>
	</url><url>
		<loc> https://geoconnex.us/cuahsi/his/Swedish_Monitoring_Data/wq2032 </loc>
		<lastmod> 2022-08-22 17:04:37.055258 </lastmod>
	</url><url>
		<loc> https://geoconnex.us/cuahsi/his/Swedish_Monitoring_Data/wq2033 </loc>
		<lastmod> 2022-08-22 17:04:37.055273 </lastmod>
	</url><url>
		<loc> https://geoconnex.us/cuahsi/his/Swedish_Monitoring_Data/wq2101 </loc>
		<lastmod> 2022-08-22 17:04:37.055288 </lastmod>
	</url><url>
		<loc> https://geoconnex.us/cuahsi/his/Swedish_Monitoring_Data/wq2121 </loc>
		<lastmod> 2022-08-22 17:04:37.055303 </lastmod>
	</url><url>
		<loc> https://geoconnex.us/cuahsi/his/Swedish_Monitoring_Data/wq2123 </loc>
		<lastmod> 2022-08-22 17:04:37.055318 </lastmod>
	</url><url>
		<loc> https://geoconnex.us/cuahsi/his/Swedish_Monitoring_Data/wq2124 </loc>
		<lastmod> 2022-08-22 17:04:37.055333 </lastmod>
	</url><url>
		<loc> https://geoconnex.us/cuahsi/his/Swedish_Monitoring_Data/wq2125 </loc>
		<lastmod> 2022-08-22 17:04:37.055348 </lastmod>
	</url><url>
		<loc> https://geoconnex.us/cuahsi/his/Swedish_Monitoring_Data/wq2126 </loc>
		<lastmod> 2022-08-22 17:04:37.055363 </lastmod>
	</url><url>
		<loc> https://geoconnex.us/cuahsi/his/Swedish_Monitoring_Data/wq2129 </loc>
		<lastmod> 2022-08-22 17:04:37.055378 </lastmod>
	</url><url>
		<loc> https://geoconnex.us/cuahsi/his/Swedish_Monitoring_Data/wq2132 </loc>
		<lastmod> 2022-08-22 17:04:37.055393 </lastmod>
	</url><url>
		<loc> https://geoconnex.us/cuahsi/his/Swedish_Monitoring_Data/wq2133 </loc>
		<lastmod> 2022-08-22 17:04:37.055408 </lastmod>
	</url><url>
		<loc> https://geoconnex.us/cuahsi/his/Swedish_Monitoring_Data/wq2135 </loc>
		<lastmod> 2022-08-22 17:04:37.055459 </lastmod>
	</url><url>
		<loc> https://geoconnex.us/cuahsi/his/Swedish_Monitoring_Data/wq2136 </loc>
		<lastmod> 2022-08-22 17:04:37.055475 </lastmod>
	</url><url>
		<loc> https://geoconnex.us/cuahsi/his/Swedish_Monitoring_Data/wq221 </loc>
		<lastmod> 2022-08-22 17:04:37.055490 </lastmod>
	</url><url>
		<loc> https://geoconnex.us/cuahsi/his/Swedish_Monitoring_Data/wq222 </loc>
		<lastmod> 2022-08-22 17:04:37.055506 </lastmod>
	</url><url>
		<loc> https://geoconnex.us/cuahsi/his/Swedish_Monitoring_Data/wq224 </loc>
		<lastmod> 2022-08-22 17:04:37.055521 </lastmod>
	</url><url>
		<loc> https://geoconnex.us/cuahsi/his/Swedish_Monitoring_Data/wq225 </loc>
		<lastmod> 2022-08-22 17:04:37.055536 </lastmod>
	</url><url>
		<loc> https://geoconnex.us/cuahsi/his/Swedish_Monitoring_Data/wq2256 </loc>
		<lastmod> 2022-08-22 17:04:37.055551 </lastmod>
	</url><url>
		<loc> https://geoconnex.us/cuahsi/his/Swedish_Monitoring_Data/wq2257 </loc>
		<lastmod> 2022-08-22 17:04:37.055566 </lastmod>
	</url><url>
		<loc> https://geoconnex.us/cuahsi/his/Swedish_Monitoring_Data/wq226 </loc>
		<lastmod> 2022-08-22 17:04:37.055582 </lastmod>
	</url><url>
		<loc> https://geoconnex.us/cuahsi/his/Swedish_Monitoring_Data/wq227 </loc>
		<lastmod> 2022-08-22 17:04:37.055597 </lastmod>
	</url><url>
		<loc> https://geoconnex.us/cuahsi/his/Swedish_Monitoring_Data/wq228 </loc>
		<lastmod> 2022-08-22 17:04:37.055613 </lastmod>
	</url><url>
		<loc> https://geoconnex.us/cuahsi/his/Swedish_Monitoring_Data/wq233 </loc>
		<lastmod> 2022-08-22 17:04:37.055628 </lastmod>
	</url><url>
		<loc> https://geoconnex.us/cuahsi/his/Swedish_Monitoring_Data/wq234 </loc>
		<lastmod> 2022-08-22 17:04:37.055643 </lastmod>
	</url><url>
		<loc> https://geoconnex.us/cuahsi/his/Swedish_Monitoring_Data/wq235 </loc>
		<lastmod> 2022-08-22 17:04:37.055659 </lastmod>
	</url><url>
		<loc> https://geoconnex.us/cuahsi/his/Swedish_Monitoring_Data/wq236 </loc>
		<lastmod> 2022-08-22 17:04:37.055674 </lastmod>
	</url><url>
		<loc> https://geoconnex.us/cuahsi/his/Swedish_Monitoring_Data/wq2371 </loc>
		<lastmod> 2022-08-22 17:04:37.055689 </lastmod>
	</url><url>
		<loc> https://geoconnex.us/cuahsi/his/Swedish_Monitoring_Data/wq238 </loc>
		<lastmod> 2022-08-22 17:04:37.055705 </lastmod>
	</url><url>
		<loc> https://geoconnex.us/cuahsi/his/Swedish_Monitoring_Data/wq239 </loc>
		<lastmod> 2022-08-22 17:04:37.055720 </lastmod>
	</url><url>
		<loc> https://geoconnex.us/cuahsi/his/Swedish_Monitoring_Data/wq240 </loc>
		<lastmod> 2022-08-22 17:04:37.055735 </lastmod>
	</url><url>
		<loc> https://geoconnex.us/cuahsi/his/Swedish_Monitoring_Data/wq241 </loc>
		<lastmod> 2022-08-22 17:04:37.055750 </lastmod>
	</url><url>
		<loc> https://geoconnex.us/cuahsi/his/Swedish_Monitoring_Data/wq253 </loc>
		<lastmod> 2022-08-22 17:04:37.055765 </lastmod>
	</url><url>
		<loc> https://geoconnex.us/cuahsi/his/Swedish_Monitoring_Data/wq255 </loc>
		<lastmod> 2022-08-22 17:04:37.055781 </lastmod>
	</url><url>
		<loc> https://geoconnex.us/cuahsi/his/Swedish_Monitoring_Data/wq259 </loc>
		<lastmod> 2022-08-22 17:04:37.055797 </lastmod>
	</url><url>
		<loc> https://geoconnex.us/cuahsi/his/Swedish_Monitoring_Data/wq260 </loc>
		<lastmod> 2022-08-22 17:04:37.055812 </lastmod>
	</url><url>
		<loc> https://geoconnex.us/cuahsi/his/Swedish_Monitoring_Data/wq261 </loc>
		<lastmod> 2022-08-22 17:04:37.055827 </lastmod>
	</url><url>
		<loc> https://geoconnex.us/cuahsi/his/Swedish_Monitoring_Data/wq262 </loc>
		<lastmod> 2022-08-22 17:04:37.055842 </lastmod>
	</url><url>
		<loc> https://geoconnex.us/cuahsi/his/Swedish_Monitoring_Data/wq264 </loc>
		<lastmod> 2022-08-22 17:04:37.055857 </lastmod>
	</url><url>
		<loc> https://geoconnex.us/cuahsi/his/Swedish_Monitoring_Data/wq265 </loc>
		<lastmod> 2022-08-22 17:04:37.055872 </lastmod>
	</url><url>
		<loc> https://geoconnex.us/cuahsi/his/Swedish_Monitoring_Data/wq266 </loc>
		<lastmod> 2022-08-22 17:04:37.055887 </lastmod>
	</url><url>
		<loc> https://geoconnex.us/cuahsi/his/Swedish_Monitoring_Data/wq267 </loc>
		<lastmod> 2022-08-22 17:04:37.055903 </lastmod>
	</url><url>
		<loc> https://geoconnex.us/cuahsi/his/Swedish_Monitoring_Data/wq268 </loc>
		<lastmod> 2022-08-22 17:04:37.055918 </lastmod>
	</url><url>
		<loc> https://geoconnex.us/cuahsi/his/Swedish_Monitoring_Data/wq269 </loc>
		<lastmod> 2022-08-22 17:04:37.055933 </lastmod>
	</url><url>
		<loc> https://geoconnex.us/cuahsi/his/Swedish_Monitoring_Data/wq270 </loc>
		<lastmod> 2022-08-22 17:04:37.055948 </lastmod>
	</url><url>
		<loc> https://geoconnex.us/cuahsi/his/Swedish_Monitoring_Data/wq271 </loc>
		<lastmod> 2022-08-22 17:04:37.055963 </lastmod>
	</url><url>
		<loc> https://geoconnex.us/cuahsi/his/Swedish_Monitoring_Data/wq272 </loc>
		<lastmod> 2022-08-22 17:04:37.055979 </lastmod>
	</url><url>
		<loc> https://geoconnex.us/cuahsi/his/Swedish_Monitoring_Data/wq275 </loc>
		<lastmod> 2022-08-22 17:04:37.055994 </lastmod>
	</url><url>
		<loc> https://geoconnex.us/cuahsi/his/Swedish_Monitoring_Data/wq2775 </loc>
		<lastmod> 2022-08-22 17:04:37.056009 </lastmod>
	</url><url>
		<loc> https://geoconnex.us/cuahsi/his/Swedish_Monitoring_Data/wq2780 </loc>
		<lastmod> 2022-08-22 17:04:37.056024 </lastmod>
	</url><url>
		<loc> https://geoconnex.us/cuahsi/his/Swedish_Monitoring_Data/wq2781 </loc>
		<lastmod> 2022-08-22 17:04:37.056058 </lastmod>
	</url><url>
		<loc> https://geoconnex.us/cuahsi/his/Swedish_Monitoring_Data/wq2782 </loc>
		<lastmod> 2022-08-22 17:04:37.056075 </lastmod>
	</url><url>
		<loc> https://geoconnex.us/cuahsi/his/Swedish_Monitoring_Data/wq290 </loc>
		<lastmod> 2022-08-22 17:04:37.056090 </lastmod>
	</url><url>
		<loc> https://geoconnex.us/cuahsi/his/Swedish_Monitoring_Data/wq296 </loc>
		<lastmod> 2022-08-22 17:04:37.056106 </lastmod>
	</url><url>
		<loc> https://geoconnex.us/cuahsi/his/Swedish_Monitoring_Data/wq297 </loc>
		<lastmod> 2022-08-22 17:04:37.056120 </lastmod>
	</url><url>
		<loc> https://geoconnex.us/cuahsi/his/Swedish_Monitoring_Data/wq299 </loc>
		<lastmod> 2022-08-22 17:04:37.056135 </lastmod>
	</url><url>
		<loc> https://geoconnex.us/cuahsi/his/Swedish_Monitoring_Data/wq3 </loc>
		<lastmod> 2022-08-22 17:04:37.056150 </lastmod>
	</url><url>
		<loc> https://geoconnex.us/cuahsi/his/Swedish_Monitoring_Data/wq300 </loc>
		<lastmod> 2022-08-22 17:04:37.056166 </lastmod>
	</url><url>
		<loc> https://geoconnex.us/cuahsi/his/Swedish_Monitoring_Data/wq301 </loc>
		<lastmod> 2022-08-22 17:04:37.056181 </lastmod>
	</url><url>
		<loc> https://geoconnex.us/cuahsi/his/Swedish_Monitoring_Data/wq302 </loc>
		<lastmod> 2022-08-22 17:04:37.056196 </lastmod>
	</url><url>
		<loc> https://geoconnex.us/cuahsi/his/Swedish_Monitoring_Data/wq303 </loc>
		<lastmod> 2022-08-22 17:04:37.056211 </lastmod>
	</url><url>
		<loc> https://geoconnex.us/cuahsi/his/Swedish_Monitoring_Data/wq304 </loc>
		<lastmod> 2022-08-22 17:04:37.056226 </lastmod>
	</url><url>
		<loc> https://geoconnex.us/cuahsi/his/Swedish_Monitoring_Data/wq305 </loc>
		<lastmod> 2022-08-22 17:04:37.056241 </lastmod>
	</url><url>
		<loc> https://geoconnex.us/cuahsi/his/Swedish_Monitoring_Data/wq306 </loc>
		<lastmod> 2022-08-22 17:04:37.056256 </lastmod>
	</url><url>
		<loc> https://geoconnex.us/cuahsi/his/Swedish_Monitoring_Data/wq308 </loc>
		<lastmod> 2022-08-22 17:04:37.056271 </lastmod>
	</url><url>
		<loc> https://geoconnex.us/cuahsi/his/Swedish_Monitoring_Data/wq309 </loc>
		<lastmod> 2022-08-22 17:04:37.056286 </lastmod>
	</url><url>
		<loc> https://geoconnex.us/cuahsi/his/Swedish_Monitoring_Data/wq310 </loc>
		<lastmod> 2022-08-22 17:04:37.056301 </lastmod>
	</url><url>
		<loc> https://geoconnex.us/cuahsi/his/Swedish_Monitoring_Data/wq311 </loc>
		<lastmod> 2022-08-22 17:04:37.056316 </lastmod>
	</url><url>
		<loc> https://geoconnex.us/cuahsi/his/Swedish_Monitoring_Data/wq312 </loc>
		<lastmod> 2022-08-22 17:04:37.056331 </lastmod>
	</url><url>
		<loc> https://geoconnex.us/cuahsi/his/Swedish_Monitoring_Data/wq325 </loc>
		<lastmod> 2022-08-22 17:04:37.056346 </lastmod>
	</url><url>
		<loc> https://geoconnex.us/cuahsi/his/Swedish_Monitoring_Data/wq326 </loc>
		<lastmod> 2022-08-22 17:04:37.056361 </lastmod>
	</url><url>
		<loc> https://geoconnex.us/cuahsi/his/Swedish_Monitoring_Data/wq456 </loc>
		<lastmod> 2022-08-22 17:04:37.056376 </lastmod>
	</url><url>
		<loc> https://geoconnex.us/cuahsi/his/Swedish_Monitoring_Data/wq457 </loc>
		<lastmod> 2022-08-22 17:04:37.056391 </lastmod>
	</url><url>
		<loc> https://geoconnex.us/cuahsi/his/Swedish_Monitoring_Data/wq475 </loc>
		<lastmod> 2022-08-22 17:04:37.056406 </lastmod>
	</url><url>
		<loc> https://geoconnex.us/cuahsi/his/Swedish_Monitoring_Data/wq477 </loc>
		<lastmod> 2022-08-22 17:04:37.056421 </lastmod>
	</url><url>
		<loc> https://geoconnex.us/cuahsi/his/Swedish_Monitoring_Data/wq478 </loc>
		<lastmod> 2022-08-22 17:04:37.056436 </lastmod>
	</url><url>
		<loc> https://geoconnex.us/cuahsi/his/Swedish_Monitoring_Data/wq480 </loc>
		<lastmod> 2022-08-22 17:04:37.056451 </lastmod>
	</url><url>
		<loc> https://geoconnex.us/cuahsi/his/Swedish_Monitoring_Data/wq482 </loc>
		<lastmod> 2022-08-22 17:04:37.056466 </lastmod>
	</url><url>
		<loc> https://geoconnex.us/cuahsi/his/Swedish_Monitoring_Data/wq484 </loc>
		<lastmod> 2022-08-22 17:04:37.056481 </lastmod>
	</url><url>
		<loc> https://geoconnex.us/cuahsi/his/Swedish_Monitoring_Data/wq553 </loc>
		<lastmod> 2022-08-22 17:04:37.056496 </lastmod>
	</url><url>
		<loc> https://geoconnex.us/cuahsi/his/Swedish_Monitoring_Data/wq554 </loc>
		<lastmod> 2022-08-22 17:04:37.056511 </lastmod>
	</url><url>
		<loc> https://geoconnex.us/cuahsi/his/Swedish_Monitoring_Data/wq555 </loc>
		<lastmod> 2022-08-22 17:04:37.056526 </lastmod>
	</url><url>
		<loc> https://geoconnex.us/cuahsi/his/Swedish_Monitoring_Data/wq563 </loc>
		<lastmod> 2022-08-22 17:04:37.056541 </lastmod>
	</url><url>
		<loc> https://geoconnex.us/cuahsi/his/Swedish_Monitoring_Data/wq566 </loc>
		<lastmod> 2022-08-22 17:04:37.056555 </lastmod>
	</url><url>
		<loc> https://geoconnex.us/cuahsi/his/Swedish_Monitoring_Data/wq567 </loc>
		<lastmod> 2022-08-22 17:04:37.056571 </lastmod>
	</url><url>
		<loc> https://geoconnex.us/cuahsi/his/Swedish_Monitoring_Data/wq568 </loc>
		<lastmod> 2022-08-22 17:04:37.056586 </lastmod>
	</url><url>
		<loc> https://geoconnex.us/cuahsi/his/Swedish_Monitoring_Data/wq569 </loc>
		<lastmod> 2022-08-22 17:04:37.056601 </lastmod>
	</url><url>
		<loc> https://geoconnex.us/cuahsi/his/Swedish_Monitoring_Data/wq572 </loc>
		<lastmod> 2022-08-22 17:04:37.056616 </lastmod>
	</url><url>
		<loc> https://geoconnex.us/cuahsi/his/Swedish_Monitoring_Data/wq586 </loc>
		<lastmod> 2022-08-22 17:04:37.056631 </lastmod>
	</url><url>
		<loc> https://geoconnex.us/cuahsi/his/Swedish_Monitoring_Data/wq7 </loc>
		<lastmod> 2022-08-22 17:04:37.056647 </lastmod>
	</url><url>
		<loc> https://geoconnex.us/cuahsi/his/Swedish_Monitoring_Data/wq8 </loc>
		<lastmod> 2022-08-22 17:04:37.056662 </lastmod>
	</url><url>
		<loc> https://geoconnex.us/cuahsi/his/Swedish_Monitoring_Data/wq872 </loc>
		<lastmod> 2022-08-22 17:04:37.056677 </lastmod>
	</url><url>
		<loc> https://geoconnex.us/cuahsi/his/Swedish_Monitoring_Data/wq874 </loc>
		<lastmod> 2022-08-22 17:04:37.056692 </lastmod>
	</url><url>
		<loc> https://geoconnex.us/cuahsi/his/Swedish_Monitoring_Data/wq880 </loc>
		<lastmod> 2022-08-22 17:04:37.056707 </lastmod>
	</url><url>
		<loc> https://geoconnex.us/cuahsi/his/Swedish_Monitoring_Data/wq925 </loc>
		<lastmod> 2022-08-22 17:04:37.056722 </lastmod>
	</url><url>
		<loc> https://geoconnex.us/cuahsi/his/Swedish_Monitoring_Data/wq926 </loc>
		<lastmod> 2022-08-22 17:04:37.056737 </lastmod>
	</url><url>
		<loc> https://geoconnex.us/cuahsi/his/Swedish_Monitoring_Data/wq927 </loc>
		<lastmod> 2022-08-22 17:04:37.056752 </lastmod>
	</url><url>
		<loc> https://geoconnex.us/cuahsi/his/Swedish_Monitoring_Data/wq928 </loc>
		<lastmod> 2022-08-22 17:04:37.056767 </lastmod>
	</url><url>
		<loc> https://geoconnex.us/cuahsi/his/Swedish_Monitoring_Data/wq929 </loc>
		<lastmod> 2022-08-22 17:04:37.056782 </lastmod>
	</url></ns0:urlset>