<?xml version='1.0' encoding='utf-8'?>
<ns0:urlset xmlns:ns0="http://www.sitemaps.org/schemas/sitemap/0.9">
<url>
		<loc> https://geoconnex.us/cuahsi/his/ODM_KentState/Port_Airport </loc>
		<lastmod> 2022-08-22 17:04:36.921244 </lastmod>
	</url><url>
		<loc> https://geoconnex.us/cuahsi/his/ODM_KentState/Jennings </loc>
		<lastmod> 2022-08-22 17:04:36.921279 </lastmod>
	</url><url>
		<loc> https://geoconnex.us/cuahsi/his/ODM_KentState/KOH </loc>
		<lastmod> 2022-08-22 17:04:36.921301 </lastmod>
	</url></ns0:urlset>