<?xml version='1.0' encoding='utf-8'?>
<ns0:urlset xmlns:ns0="http://www.sitemaps.org/schemas/sitemap/0.9">
<url>
		<loc> https://geoconnex.us/cuahsi/his/MOPEX/USGS_07177500 </loc>
		<lastmod> 2022-08-22 17:04:40.071133 </lastmod>
	</url><url>
		<loc> https://geoconnex.us/cuahsi/his/MOPEX/basin_07177500 </loc>
		<lastmod> 2022-08-22 17:04:40.071170 </lastmod>
	</url><url>
		<loc> https://geoconnex.us/cuahsi/his/MOPEX/USGS_01076500 </loc>
		<lastmod> 2022-08-22 17:04:40.071192 </lastmod>
	</url><url>
		<loc> https://geoconnex.us/cuahsi/his/MOPEX/basin_01076500 </loc>
		<lastmod> 2022-08-22 17:04:40.071211 </lastmod>
	</url><url>
		<loc> https://geoconnex.us/cuahsi/his/MOPEX/USGS_01064500 </loc>
		<lastmod> 2022-08-22 17:04:40.071229 </lastmod>
	</url><url>
		<loc> https://geoconnex.us/cuahsi/his/MOPEX/basin_01064500 </loc>
		<lastmod> 2022-08-22 17:04:40.071246 </lastmod>
	</url><url>
		<loc> https://geoconnex.us/cuahsi/his/MOPEX/USGS_01055500 </loc>
		<lastmod> 2022-08-22 17:04:40.071264 </lastmod>
	</url><url>
		<loc> https://geoconnex.us/cuahsi/his/MOPEX/basin_01055500 </loc>
		<lastmod> 2022-08-22 17:04:40.071280 </lastmod>
	</url><url>
		<loc> https://geoconnex.us/cuahsi/his/MOPEX/USGS_01060000 </loc>
		<lastmod> 2022-08-22 17:04:40.071295 </lastmod>
	</url><url>
		<loc> https://geoconnex.us/cuahsi/his/MOPEX/basin_01060000 </loc>
		<lastmod> 2022-08-22 17:04:40.071311 </lastmod>
	</url><url>
		<loc> https://geoconnex.us/cuahsi/his/MOPEX/02414500 </loc>
		<lastmod> 2022-08-22 17:04:40.071327 </lastmod>
	</url><url>
		<loc> https://geoconnex.us/cuahsi/his/MOPEX/02456500 </loc>
		<lastmod> 2022-08-22 17:04:40.071342 </lastmod>
	</url><url>
		<loc> https://geoconnex.us/cuahsi/his/MOPEX/03574500 </loc>
		<lastmod> 2022-08-22 17:04:40.071358 </lastmod>
	</url><url>
		<loc> https://geoconnex.us/cuahsi/his/MOPEX/09444500 </loc>
		<lastmod> 2022-08-22 17:04:40.071373 </lastmod>
	</url><url>
		<loc> https://geoconnex.us/cuahsi/his/MOPEX/09497500 </loc>
		<lastmod> 2022-08-22 17:04:40.071388 </lastmod>
	</url><url>
		<loc> https://geoconnex.us/cuahsi/his/MOPEX/07049000 </loc>
		<lastmod> 2022-08-22 17:04:40.071403 </lastmod>
	</url><url>
		<loc> https://geoconnex.us/cuahsi/his/MOPEX/07056000 </loc>
		<lastmod> 2022-08-22 17:04:40.071419 </lastmod>
	</url><url>
		<loc> https://geoconnex.us/cuahsi/his/MOPEX/07069500 </loc>
		<lastmod> 2022-08-22 17:04:40.071434 </lastmod>
	</url><url>
		<loc> https://geoconnex.us/cuahsi/his/MOPEX/07072000 </loc>
		<lastmod> 2022-08-22 17:04:40.071449 </lastmod>
	</url><url>
		<loc> https://geoconnex.us/cuahsi/his/MOPEX/07074000 </loc>
		<lastmod> 2022-08-22 17:04:40.071464 </lastmod>
	</url><url>
		<loc> https://geoconnex.us/cuahsi/his/MOPEX/07252000 </loc>
		<lastmod> 2022-08-22 17:04:40.071479 </lastmod>
	</url><url>
		<loc> https://geoconnex.us/cuahsi/his/MOPEX/07261000 </loc>
		<lastmod> 2022-08-22 17:04:40.071494 </lastmod>
	</url><url>
		<loc> https://geoconnex.us/cuahsi/his/MOPEX/07340000 </loc>
		<lastmod> 2022-08-22 17:04:40.071509 </lastmod>
	</url><url>
		<loc> https://geoconnex.us/cuahsi/his/MOPEX/07363500 </loc>
		<lastmod> 2022-08-22 17:04:40.071524 </lastmod>
	</url><url>
		<loc> https://geoconnex.us/cuahsi/his/MOPEX/10296000 </loc>
		<lastmod> 2022-08-22 17:04:40.071539 </lastmod>
	</url><url>
		<loc> https://geoconnex.us/cuahsi/his/MOPEX/10296500 </loc>
		<lastmod> 2022-08-22 17:04:40.071554 </lastmod>
	</url><url>
		<loc> https://geoconnex.us/cuahsi/his/MOPEX/11025500 </loc>
		<lastmod> 2022-08-22 17:04:40.071570 </lastmod>
	</url><url>
		<loc> https://geoconnex.us/cuahsi/his/MOPEX/11080500 </loc>
		<lastmod> 2022-08-22 17:04:40.071585 </lastmod>
	</url><url>
		<loc> https://geoconnex.us/cuahsi/his/MOPEX/11138500 </loc>
		<lastmod> 2022-08-22 17:04:40.071601 </lastmod>
	</url><url>
		<loc> https://geoconnex.us/cuahsi/his/MOPEX/11160000 </loc>
		<lastmod> 2022-08-22 17:04:40.071617 </lastmod>
	</url><url>
		<loc> https://geoconnex.us/cuahsi/his/MOPEX/11210500 </loc>
		<lastmod> 2022-08-22 17:04:40.071633 </lastmod>
	</url><url>
		<loc> https://geoconnex.us/cuahsi/his/MOPEX/11213500 </loc>
		<lastmod> 2022-08-22 17:04:40.071649 </lastmod>
	</url><url>
		<loc> https://geoconnex.us/cuahsi/his/MOPEX/11222000 </loc>
		<lastmod> 2022-08-22 17:04:40.071664 </lastmod>
	</url><url>
		<loc> https://geoconnex.us/cuahsi/his/MOPEX/11224500 </loc>
		<lastmod> 2022-08-22 17:04:40.071679 </lastmod>
	</url><url>
		<loc> https://geoconnex.us/cuahsi/his/MOPEX/11281000 </loc>
		<lastmod> 2022-08-22 17:04:40.071694 </lastmod>
	</url><url>
		<loc> https://geoconnex.us/cuahsi/his/MOPEX/11342000 </loc>
		<lastmod> 2022-08-22 17:04:40.071709 </lastmod>
	</url><url>
		<loc> https://geoconnex.us/cuahsi/his/MOPEX/11355500 </loc>
		<lastmod> 2022-08-22 17:04:40.071724 </lastmod>
	</url><url>
		<loc> https://geoconnex.us/cuahsi/his/MOPEX/11401500 </loc>
		<lastmod> 2022-08-22 17:04:40.071740 </lastmod>
	</url><url>
		<loc> https://geoconnex.us/cuahsi/his/MOPEX/11403000 </loc>
		<lastmod> 2022-08-22 17:04:40.071755 </lastmod>
	</url><url>
		<loc> https://geoconnex.us/cuahsi/his/MOPEX/11413000 </loc>
		<lastmod> 2022-08-22 17:04:40.071771 </lastmod>
	</url><url>
		<loc> https://geoconnex.us/cuahsi/his/MOPEX/11427000 </loc>
		<lastmod> 2022-08-22 17:04:40.071786 </lastmod>
	</url><url>
		<loc> https://geoconnex.us/cuahsi/his/MOPEX/11530000 </loc>
		<lastmod> 2022-08-22 17:04:40.071801 </lastmod>
	</url><url>
		<loc> https://geoconnex.us/cuahsi/his/MOPEX/11532500 </loc>
		<lastmod> 2022-08-22 17:04:40.071816 </lastmod>
	</url><url>
		<loc> https://geoconnex.us/cuahsi/his/MOPEX/09132500 </loc>
		<lastmod> 2022-08-22 17:04:40.071831 </lastmod>
	</url><url>
		<loc> https://geoconnex.us/cuahsi/his/MOPEX/09251000 </loc>
		<lastmod> 2022-08-22 17:04:40.071846 </lastmod>
	</url><url>
		<loc> https://geoconnex.us/cuahsi/his/MOPEX/01127000 </loc>
		<lastmod> 2022-08-22 17:04:40.071862 </lastmod>
	</url><url>
		<loc> https://geoconnex.us/cuahsi/his/MOPEX/02236000 </loc>
		<lastmod> 2022-08-22 17:04:40.071877 </lastmod>
	</url><url>
		<loc> https://geoconnex.us/cuahsi/his/MOPEX/02273000 </loc>
		<lastmod> 2022-08-22 17:04:40.071892 </lastmod>
	</url><url>
		<loc> https://geoconnex.us/cuahsi/his/MOPEX/02296750 </loc>
		<lastmod> 2022-08-22 17:04:40.071907 </lastmod>
	</url><url>
		<loc> https://geoconnex.us/cuahsi/his/MOPEX/02329000 </loc>
		<lastmod> 2022-08-22 17:04:40.071923 </lastmod>
	</url><url>
		<loc> https://geoconnex.us/cuahsi/his/MOPEX/02365500 </loc>
		<lastmod> 2022-08-22 17:04:40.071938 </lastmod>
	</url><url>
		<loc> https://geoconnex.us/cuahsi/his/MOPEX/02375500 </loc>
		<lastmod> 2022-08-22 17:04:40.071953 </lastmod>
	</url><url>
		<loc> https://geoconnex.us/cuahsi/his/MOPEX/02192000 </loc>
		<lastmod> 2022-08-22 17:04:40.071968 </lastmod>
	</url><url>
		<loc> https://geoconnex.us/cuahsi/his/MOPEX/02202000 </loc>
		<lastmod> 2022-08-22 17:04:40.071983 </lastmod>
	</url><url>
		<loc> https://geoconnex.us/cuahsi/his/MOPEX/02202500 </loc>
		<lastmod> 2022-08-22 17:04:40.071998 </lastmod>
	</url><url>
		<loc> https://geoconnex.us/cuahsi/his/MOPEX/02217500 </loc>
		<lastmod> 2022-08-22 17:04:40.072013 </lastmod>
	</url><url>
		<loc> https://geoconnex.us/cuahsi/his/MOPEX/02218500 </loc>
		<lastmod> 2022-08-22 17:04:40.072028 </lastmod>
	</url><url>
		<loc> https://geoconnex.us/cuahsi/his/MOPEX/02219500 </loc>
		<lastmod> 2022-08-22 17:04:40.072072 </lastmod>
	</url><url>
		<loc> https://geoconnex.us/cuahsi/his/MOPEX/02228000 </loc>
		<lastmod> 2022-08-22 17:04:40.072088 </lastmod>
	</url><url>
		<loc> https://geoconnex.us/cuahsi/his/MOPEX/02339500 </loc>
		<lastmod> 2022-08-22 17:04:40.072104 </lastmod>
	</url><url>
		<loc> https://geoconnex.us/cuahsi/his/MOPEX/02347500 </loc>
		<lastmod> 2022-08-22 17:04:40.072119 </lastmod>
	</url><url>
		<loc> https://geoconnex.us/cuahsi/his/MOPEX/02349500 </loc>
		<lastmod> 2022-08-22 17:04:40.072134 </lastmod>
	</url><url>
		<loc> https://geoconnex.us/cuahsi/his/MOPEX/02383500 </loc>
		<lastmod> 2022-08-22 17:04:40.072150 </lastmod>
	</url><url>
		<loc> https://geoconnex.us/cuahsi/his/MOPEX/02387000 </loc>
		<lastmod> 2022-08-22 17:04:40.072165 </lastmod>
	</url><url>
		<loc> https://geoconnex.us/cuahsi/his/MOPEX/02387500 </loc>
		<lastmod> 2022-08-22 17:04:40.072181 </lastmod>
	</url><url>
		<loc> https://geoconnex.us/cuahsi/his/MOPEX/12413000 </loc>
		<lastmod> 2022-08-22 17:04:40.072197 </lastmod>
	</url><url>
		<loc> https://geoconnex.us/cuahsi/his/MOPEX/12413500 </loc>
		<lastmod> 2022-08-22 17:04:40.072212 </lastmod>
	</url><url>
		<loc> https://geoconnex.us/cuahsi/his/MOPEX/13186000 </loc>
		<lastmod> 2022-08-22 17:04:40.072227 </lastmod>
	</url><url>
		<loc> https://geoconnex.us/cuahsi/his/MOPEX/13200000 </loc>
		<lastmod> 2022-08-22 17:04:40.072242 </lastmod>
	</url><url>
		<loc> https://geoconnex.us/cuahsi/his/MOPEX/13298500 </loc>
		<lastmod> 2022-08-22 17:04:40.072257 </lastmod>
	</url><url>
		<loc> https://geoconnex.us/cuahsi/his/MOPEX/13302500 </loc>
		<lastmod> 2022-08-22 17:04:40.072273 </lastmod>
	</url><url>
		<loc> https://geoconnex.us/cuahsi/his/MOPEX/13336500 </loc>
		<lastmod> 2022-08-22 17:04:40.072288 </lastmod>
	</url><url>
		<loc> https://geoconnex.us/cuahsi/his/MOPEX/13337000 </loc>
		<lastmod> 2022-08-22 17:04:40.072303 </lastmod>
	</url><url>
		<loc> https://geoconnex.us/cuahsi/his/MOPEX/13340500 </loc>
		<lastmod> 2022-08-22 17:04:40.072319 </lastmod>
	</url><url>
		<loc> https://geoconnex.us/cuahsi/his/MOPEX/13340600 </loc>
		<lastmod> 2022-08-22 17:04:40.072334 </lastmod>
	</url><url>
		<loc> https://geoconnex.us/cuahsi/his/MOPEX/03345500 </loc>
		<lastmod> 2022-08-22 17:04:40.072350 </lastmod>
	</url><url>
		<loc> https://geoconnex.us/cuahsi/his/MOPEX/03346000 </loc>
		<lastmod> 2022-08-22 17:04:40.072365 </lastmod>
	</url><url>
		<loc> https://geoconnex.us/cuahsi/his/MOPEX/03381500 </loc>
		<lastmod> 2022-08-22 17:04:40.072380 </lastmod>
	</url><url>
		<loc> https://geoconnex.us/cuahsi/his/MOPEX/05435500 </loc>
		<lastmod> 2022-08-22 17:04:40.072395 </lastmod>
	</url><url>
		<loc> https://geoconnex.us/cuahsi/his/MOPEX/05440000 </loc>
		<lastmod> 2022-08-22 17:04:40.072411 </lastmod>
	</url><url>
		<loc> https://geoconnex.us/cuahsi/his/MOPEX/05447500 </loc>
		<lastmod> 2022-08-22 17:04:40.072426 </lastmod>
	</url><url>
		<loc> https://geoconnex.us/cuahsi/his/MOPEX/05502040 </loc>
		<lastmod> 2022-08-22 17:04:40.072441 </lastmod>
	</url><url>
		<loc> https://geoconnex.us/cuahsi/his/MOPEX/05520500 </loc>
		<lastmod> 2022-08-22 17:04:40.072456 </lastmod>
	</url><url>
		<loc> https://geoconnex.us/cuahsi/his/MOPEX/05526000 </loc>
		<lastmod> 2022-08-22 17:04:40.072472 </lastmod>
	</url><url>
		<loc> https://geoconnex.us/cuahsi/his/MOPEX/05542000 </loc>
		<lastmod> 2022-08-22 17:04:40.072487 </lastmod>
	</url><url>
		<loc> https://geoconnex.us/cuahsi/his/MOPEX/05552500 </loc>
		<lastmod> 2022-08-22 17:04:40.072502 </lastmod>
	</url><url>
		<loc> https://geoconnex.us/cuahsi/his/MOPEX/05554500 </loc>
		<lastmod> 2022-08-22 17:04:40.072517 </lastmod>
	</url><url>
		<loc> https://geoconnex.us/cuahsi/his/MOPEX/05555300 </loc>
		<lastmod> 2022-08-22 17:04:40.072532 </lastmod>
	</url><url>
		<loc> https://geoconnex.us/cuahsi/his/MOPEX/05555500 </loc>
		<lastmod> 2022-08-22 17:04:40.072547 </lastmod>
	</url><url>
		<loc> https://geoconnex.us/cuahsi/his/MOPEX/05569500 </loc>
		<lastmod> 2022-08-22 17:04:40.072563 </lastmod>
	</url><url>
		<loc> https://geoconnex.us/cuahsi/his/MOPEX/05570000 </loc>
		<lastmod> 2022-08-22 17:04:40.072579 </lastmod>
	</url><url>
		<loc> https://geoconnex.us/cuahsi/his/MOPEX/05582000 </loc>
		<lastmod> 2022-08-22 17:04:40.072594 </lastmod>
	</url><url>
		<loc> https://geoconnex.us/cuahsi/his/MOPEX/05584500 </loc>
		<lastmod> 2022-08-22 17:04:40.072609 </lastmod>
	</url><url>
		<loc> https://geoconnex.us/cuahsi/his/MOPEX/05585000 </loc>
		<lastmod> 2022-08-22 17:04:40.072624 </lastmod>
	</url><url>
		<loc> https://geoconnex.us/cuahsi/his/MOPEX/05592500 </loc>
		<lastmod> 2022-08-22 17:04:40.072639 </lastmod>
	</url><url>
		<loc> https://geoconnex.us/cuahsi/his/MOPEX/05593000 </loc>
		<lastmod> 2022-08-22 17:04:40.072654 </lastmod>
	</url><url>
		<loc> https://geoconnex.us/cuahsi/his/MOPEX/05594000 </loc>
		<lastmod> 2022-08-22 17:04:40.072670 </lastmod>
	</url><url>
		<loc> https://geoconnex.us/cuahsi/his/MOPEX/03303000 </loc>
		<lastmod> 2022-08-22 17:04:40.072685 </lastmod>
	</url><url>
		<loc> https://geoconnex.us/cuahsi/his/MOPEX/03324300 </loc>
		<lastmod> 2022-08-22 17:04:40.072700 </lastmod>
	</url><url>
		<loc> https://geoconnex.us/cuahsi/his/MOPEX/03326500 </loc>
		<lastmod> 2022-08-22 17:04:40.072715 </lastmod>
	</url><url>
		<loc> https://geoconnex.us/cuahsi/his/MOPEX/03328500 </loc>
		<lastmod> 2022-08-22 17:04:40.072730 </lastmod>
	</url><url>
		<loc> https://geoconnex.us/cuahsi/his/MOPEX/03331500 </loc>
		<lastmod> 2022-08-22 17:04:40.072746 </lastmod>
	</url><url>
		<loc> https://geoconnex.us/cuahsi/his/MOPEX/03339500 </loc>
		<lastmod> 2022-08-22 17:04:40.072761 </lastmod>
	</url><url>
		<loc> https://geoconnex.us/cuahsi/his/MOPEX/03348000 </loc>
		<lastmod> 2022-08-22 17:04:40.072776 </lastmod>
	</url><url>
		<loc> https://geoconnex.us/cuahsi/his/MOPEX/03349000 </loc>
		<lastmod> 2022-08-22 17:04:40.072791 </lastmod>
	</url><url>
		<loc> https://geoconnex.us/cuahsi/his/MOPEX/03361500 </loc>
		<lastmod> 2022-08-22 17:04:40.072807 </lastmod>
	</url><url>
		<loc> https://geoconnex.us/cuahsi/his/MOPEX/03361650 </loc>
		<lastmod> 2022-08-22 17:04:40.072822 </lastmod>
	</url><url>
		<loc> https://geoconnex.us/cuahsi/his/MOPEX/03362500 </loc>
		<lastmod> 2022-08-22 17:04:40.072837 </lastmod>
	</url><url>
		<loc> https://geoconnex.us/cuahsi/his/MOPEX/03363000 </loc>
		<lastmod> 2022-08-22 17:04:40.072852 </lastmod>
	</url><url>
		<loc> https://geoconnex.us/cuahsi/his/MOPEX/03364000 </loc>
		<lastmod> 2022-08-22 17:04:40.072868 </lastmod>
	</url><url>
		<loc> https://geoconnex.us/cuahsi/his/MOPEX/03365500 </loc>
		<lastmod> 2022-08-22 17:04:40.072883 </lastmod>
	</url><url>
		<loc> https://geoconnex.us/cuahsi/his/MOPEX/04100500 </loc>
		<lastmod> 2022-08-22 17:04:40.072898 </lastmod>
	</url><url>
		<loc> https://geoconnex.us/cuahsi/his/MOPEX/05515500 </loc>
		<lastmod> 2022-08-22 17:04:40.072913 </lastmod>
	</url><url>
		<loc> https://geoconnex.us/cuahsi/his/MOPEX/05517000 </loc>
		<lastmod> 2022-08-22 17:04:40.072928 </lastmod>
	</url><url>
		<loc> https://geoconnex.us/cuahsi/his/MOPEX/05517500 </loc>
		<lastmod> 2022-08-22 17:04:40.072944 </lastmod>
	</url><url>
		<loc> https://geoconnex.us/cuahsi/his/MOPEX/05518000 </loc>
		<lastmod> 2022-08-22 17:04:40.072960 </lastmod>
	</url><url>
		<loc> https://geoconnex.us/cuahsi/his/MOPEX/05412500 </loc>
		<lastmod> 2022-08-22 17:04:40.072976 </lastmod>
	</url><url>
		<loc> https://geoconnex.us/cuahsi/his/MOPEX/05418500 </loc>
		<lastmod> 2022-08-22 17:04:40.072991 </lastmod>
	</url><url>
		<loc> https://geoconnex.us/cuahsi/his/MOPEX/05422000 </loc>
		<lastmod> 2022-08-22 17:04:40.073051 </lastmod>
	</url><url>
		<loc> https://geoconnex.us/cuahsi/his/MOPEX/05451500 </loc>
		<lastmod> 2022-08-22 17:04:40.073067 </lastmod>
	</url><url>
		<loc> https://geoconnex.us/cuahsi/his/MOPEX/05452000 </loc>
		<lastmod> 2022-08-22 17:04:40.073083 </lastmod>
	</url><url>
		<loc> https://geoconnex.us/cuahsi/his/MOPEX/05454500 </loc>
		<lastmod> 2022-08-22 17:04:40.073098 </lastmod>
	</url><url>
		<loc> https://geoconnex.us/cuahsi/his/MOPEX/05455500 </loc>
		<lastmod> 2022-08-22 17:04:40.073113 </lastmod>
	</url><url>
		<loc> https://geoconnex.us/cuahsi/his/MOPEX/05457700 </loc>
		<lastmod> 2022-08-22 17:04:40.073128 </lastmod>
	</url><url>
		<loc> https://geoconnex.us/cuahsi/his/MOPEX/05458500 </loc>
		<lastmod> 2022-08-22 17:04:40.073144 </lastmod>
	</url><url>
		<loc> https://geoconnex.us/cuahsi/his/MOPEX/05462000 </loc>
		<lastmod> 2022-08-22 17:04:40.073159 </lastmod>
	</url><url>
		<loc> https://geoconnex.us/cuahsi/his/MOPEX/05471500 </loc>
		<lastmod> 2022-08-22 17:04:40.073174 </lastmod>
	</url><url>
		<loc> https://geoconnex.us/cuahsi/his/MOPEX/05472500 </loc>
		<lastmod> 2022-08-22 17:04:40.073189 </lastmod>
	</url><url>
		<loc> https://geoconnex.us/cuahsi/his/MOPEX/05476500 </loc>
		<lastmod> 2022-08-22 17:04:40.073204 </lastmod>
	</url><url>
		<loc> https://geoconnex.us/cuahsi/his/MOPEX/05479000 </loc>
		<lastmod> 2022-08-22 17:04:40.073220 </lastmod>
	</url><url>
		<loc> https://geoconnex.us/cuahsi/his/MOPEX/05481000 </loc>
		<lastmod> 2022-08-22 17:04:40.073235 </lastmod>
	</url><url>
		<loc> https://geoconnex.us/cuahsi/his/MOPEX/05482500 </loc>
		<lastmod> 2022-08-22 17:04:40.073250 </lastmod>
	</url><url>
		<loc> https://geoconnex.us/cuahsi/his/MOPEX/05484500 </loc>
		<lastmod> 2022-08-22 17:04:40.073265 </lastmod>
	</url><url>
		<loc> https://geoconnex.us/cuahsi/his/MOPEX/06600500 </loc>
		<lastmod> 2022-08-22 17:04:40.073283 </lastmod>
	</url><url>
		<loc> https://geoconnex.us/cuahsi/his/MOPEX/06606600 </loc>
		<lastmod> 2022-08-22 17:04:40.073299 </lastmod>
	</url><url>
		<loc> https://geoconnex.us/cuahsi/his/MOPEX/06607200 </loc>
		<lastmod> 2022-08-22 17:04:40.073314 </lastmod>
	</url><url>
		<loc> https://geoconnex.us/cuahsi/his/MOPEX/06609500 </loc>
		<lastmod> 2022-08-22 17:04:40.073329 </lastmod>
	</url><url>
		<loc> https://geoconnex.us/cuahsi/his/MOPEX/06808500 </loc>
		<lastmod> 2022-08-22 17:04:40.073344 </lastmod>
	</url><url>
		<loc> https://geoconnex.us/cuahsi/his/MOPEX/06810000 </loc>
		<lastmod> 2022-08-22 17:04:40.073359 </lastmod>
	</url><url>
		<loc> https://geoconnex.us/cuahsi/his/MOPEX/06817000 </loc>
		<lastmod> 2022-08-22 17:04:40.073374 </lastmod>
	</url><url>
		<loc> https://geoconnex.us/cuahsi/his/MOPEX/06898000 </loc>
		<lastmod> 2022-08-22 17:04:40.073389 </lastmod>
	</url><url>
		<loc> https://geoconnex.us/cuahsi/his/MOPEX/06860000 </loc>
		<lastmod> 2022-08-22 17:04:40.073404 </lastmod>
	</url><url>
		<loc> https://geoconnex.us/cuahsi/his/MOPEX/06868000 </loc>
		<lastmod> 2022-08-22 17:04:40.073418 </lastmod>
	</url><url>
		<loc> https://geoconnex.us/cuahsi/his/MOPEX/06869500 </loc>
		<lastmod> 2022-08-22 17:04:40.073433 </lastmod>
	</url><url>
		<loc> https://geoconnex.us/cuahsi/his/MOPEX/06884400 </loc>
		<lastmod> 2022-08-22 17:04:40.073449 </lastmod>
	</url><url>
		<loc> https://geoconnex.us/cuahsi/his/MOPEX/06884500 </loc>
		<lastmod> 2022-08-22 17:04:40.073464 </lastmod>
	</url><url>
		<loc> https://geoconnex.us/cuahsi/his/MOPEX/06885500 </loc>
		<lastmod> 2022-08-22 17:04:40.073479 </lastmod>
	</url><url>
		<loc> https://geoconnex.us/cuahsi/his/MOPEX/06888500 </loc>
		<lastmod> 2022-08-22 17:04:40.073494 </lastmod>
	</url><url>
		<loc> https://geoconnex.us/cuahsi/his/MOPEX/06890500 </loc>
		<lastmod> 2022-08-22 17:04:40.073509 </lastmod>
	</url><url>
		<loc> https://geoconnex.us/cuahsi/his/MOPEX/06892000 </loc>
		<lastmod> 2022-08-22 17:04:40.073525 </lastmod>
	</url><url>
		<loc> https://geoconnex.us/cuahsi/his/MOPEX/06913500 </loc>
		<lastmod> 2022-08-22 17:04:40.073540 </lastmod>
	</url><url>
		<loc> https://geoconnex.us/cuahsi/his/MOPEX/06914000 </loc>
		<lastmod> 2022-08-22 17:04:40.073555 </lastmod>
	</url><url>
		<loc> https://geoconnex.us/cuahsi/his/MOPEX/07144200 </loc>
		<lastmod> 2022-08-22 17:04:40.073570 </lastmod>
	</url><url>
		<loc> https://geoconnex.us/cuahsi/his/MOPEX/07144780 </loc>
		<lastmod> 2022-08-22 17:04:40.073585 </lastmod>
	</url><url>
		<loc> https://geoconnex.us/cuahsi/his/MOPEX/07147070 </loc>
		<lastmod> 2022-08-22 17:04:40.073601 </lastmod>
	</url><url>
		<loc> https://geoconnex.us/cuahsi/his/MOPEX/07147800 </loc>
		<lastmod> 2022-08-22 17:04:40.073616 </lastmod>
	</url><url>
		<loc> https://geoconnex.us/cuahsi/his/MOPEX/07172000 </loc>
		<lastmod> 2022-08-22 17:04:40.073632 </lastmod>
	</url><url>
		<loc> https://geoconnex.us/cuahsi/his/MOPEX/07183000 </loc>
		<lastmod> 2022-08-22 17:04:40.073647 </lastmod>
	</url><url>
		<loc> https://geoconnex.us/cuahsi/his/MOPEX/03251500 </loc>
		<lastmod> 2022-08-22 17:04:40.073663 </lastmod>
	</url><url>
		<loc> https://geoconnex.us/cuahsi/his/MOPEX/03252500 </loc>
		<lastmod> 2022-08-22 17:04:40.073679 </lastmod>
	</url><url>
		<loc> https://geoconnex.us/cuahsi/his/MOPEX/03253500 </loc>
		<lastmod> 2022-08-22 17:04:40.073694 </lastmod>
	</url><url>
		<loc> https://geoconnex.us/cuahsi/his/MOPEX/03281500 </loc>
		<lastmod> 2022-08-22 17:04:40.073709 </lastmod>
	</url><url>
		<loc> https://geoconnex.us/cuahsi/his/MOPEX/03289500 </loc>
		<lastmod> 2022-08-22 17:04:40.073724 </lastmod>
	</url><url>
		<loc> https://geoconnex.us/cuahsi/his/MOPEX/03301500 </loc>
		<lastmod> 2022-08-22 17:04:40.073740 </lastmod>
	</url><url>
		<loc> https://geoconnex.us/cuahsi/his/MOPEX/03308500 </loc>
		<lastmod> 2022-08-22 17:04:40.073755 </lastmod>
	</url><url>
		<loc> https://geoconnex.us/cuahsi/his/MOPEX/03410500 </loc>
		<lastmod> 2022-08-22 17:04:40.073770 </lastmod>
	</url><url>
		<loc> https://geoconnex.us/cuahsi/his/MOPEX/03438000 </loc>
		<lastmod> 2022-08-22 17:04:40.073786 </lastmod>
	</url><url>
		<loc> https://geoconnex.us/cuahsi/his/MOPEX/02492000 </loc>
		<lastmod> 2022-08-22 17:04:40.073801 </lastmod>
	</url><url>
		<loc> https://geoconnex.us/cuahsi/his/MOPEX/07348000 </loc>
		<lastmod> 2022-08-22 17:04:40.073816 </lastmod>
	</url><url>
		<loc> https://geoconnex.us/cuahsi/his/MOPEX/07375500 </loc>
		<lastmod> 2022-08-22 17:04:40.073831 </lastmod>
	</url><url>
		<loc> https://geoconnex.us/cuahsi/his/MOPEX/07378000 </loc>
		<lastmod> 2022-08-22 17:04:40.073846 </lastmod>
	</url><url>
		<loc> https://geoconnex.us/cuahsi/his/MOPEX/07378500 </loc>
		<lastmod> 2022-08-22 17:04:40.073860 </lastmod>
	</url><url>
		<loc> https://geoconnex.us/cuahsi/his/MOPEX/08013500 </loc>
		<lastmod> 2022-08-22 17:04:40.073876 </lastmod>
	</url><url>
		<loc> https://geoconnex.us/cuahsi/his/MOPEX/08015500 </loc>
		<lastmod> 2022-08-22 17:04:40.073891 </lastmod>
	</url><url>
		<loc> https://geoconnex.us/cuahsi/his/MOPEX/01048000 </loc>
		<lastmod> 2022-08-22 17:04:40.073907 </lastmod>
	</url><url>
		<loc> https://geoconnex.us/cuahsi/his/MOPEX/01055500 </loc>
		<lastmod> 2022-08-22 17:04:40.073922 </lastmod>
	</url><url>
		<loc> https://geoconnex.us/cuahsi/his/MOPEX/01060000 </loc>
		<lastmod> 2022-08-22 17:04:40.073937 </lastmod>
	</url><url>
		<loc> https://geoconnex.us/cuahsi/his/MOPEX/01595000 </loc>
		<lastmod> 2022-08-22 17:04:40.073952 </lastmod>
	</url><url>
		<loc> https://geoconnex.us/cuahsi/his/MOPEX/01610000 </loc>
		<lastmod> 2022-08-22 17:04:40.073967 </lastmod>
	</url><url>
		<loc> https://geoconnex.us/cuahsi/his/MOPEX/01643000 </loc>
		<lastmod> 2022-08-22 17:04:40.073982 </lastmod>
	</url><url>
		<loc> https://geoconnex.us/cuahsi/his/MOPEX/01649500 </loc>
		<lastmod> 2022-08-22 17:04:40.073997 </lastmod>
	</url><url>
		<loc> https://geoconnex.us/cuahsi/his/MOPEX/03075500 </loc>
		<lastmod> 2022-08-22 17:04:40.074013 </lastmod>
	</url><url>
		<loc> https://geoconnex.us/cuahsi/his/MOPEX/01197500 </loc>
		<lastmod> 2022-08-22 17:04:40.074028 </lastmod>
	</url><url>
		<loc> https://geoconnex.us/cuahsi/his/MOPEX/04113000 </loc>
		<lastmod> 2022-08-22 17:04:40.074043 </lastmod>
	</url><url>
		<loc> https://geoconnex.us/cuahsi/his/MOPEX/04115000 </loc>
		<lastmod> 2022-08-22 17:04:40.074058 </lastmod>
	</url><url>
		<loc> https://geoconnex.us/cuahsi/his/MOPEX/04144000 </loc>
		<lastmod> 2022-08-22 17:04:40.074073 </lastmod>
	</url><url>
		<loc> https://geoconnex.us/cuahsi/his/MOPEX/04164000 </loc>
		<lastmod> 2022-08-22 17:04:40.074089 </lastmod>
	</url><url>
		<loc> https://geoconnex.us/cuahsi/his/MOPEX/04165500 </loc>
		<lastmod> 2022-08-22 17:04:40.074104 </lastmod>
	</url><url>
		<loc> https://geoconnex.us/cuahsi/his/MOPEX/04176500 </loc>
		<lastmod> 2022-08-22 17:04:40.074119 </lastmod>
	</url><url>
		<loc> https://geoconnex.us/cuahsi/his/MOPEX/05244000 </loc>
		<lastmod> 2022-08-22 17:04:40.074133 </lastmod>
	</url><url>
		<loc> https://geoconnex.us/cuahsi/his/MOPEX/05280000 </loc>
		<lastmod> 2022-08-22 17:04:40.074148 </lastmod>
	</url><url>
		<loc> https://geoconnex.us/cuahsi/his/MOPEX/05320500 </loc>
		<lastmod> 2022-08-22 17:04:40.074163 </lastmod>
	</url><url>
		<loc> https://geoconnex.us/cuahsi/his/MOPEX/02437000 </loc>
		<lastmod> 2022-08-22 17:04:40.074178 </lastmod>
	</url><url>
		<loc> https://geoconnex.us/cuahsi/his/MOPEX/02448000 </loc>
		<lastmod> 2022-08-22 17:04:40.074193 </lastmod>
	</url><url>
		<loc> https://geoconnex.us/cuahsi/his/MOPEX/02472000 </loc>
		<lastmod> 2022-08-22 17:04:40.074208 </lastmod>
	</url><url>
		<loc> https://geoconnex.us/cuahsi/his/MOPEX/02475000 </loc>
		<lastmod> 2022-08-22 17:04:40.074223 </lastmod>
	</url><url>
		<loc> https://geoconnex.us/cuahsi/his/MOPEX/02475500 </loc>
		<lastmod> 2022-08-22 17:04:40.074238 </lastmod>
	</url><url>
		<loc> https://geoconnex.us/cuahsi/his/MOPEX/02478500 </loc>
		<lastmod> 2022-08-22 17:04:40.074254 </lastmod>
	</url><url>
		<loc> https://geoconnex.us/cuahsi/his/MOPEX/02479300 </loc>
		<lastmod> 2022-08-22 17:04:40.074269 </lastmod>
	</url><url>
		<loc> https://geoconnex.us/cuahsi/his/MOPEX/02482000 </loc>
		<lastmod> 2022-08-22 17:04:40.074284 </lastmod>
	</url><url>
		<loc> https://geoconnex.us/cuahsi/his/MOPEX/02486000 </loc>
		<lastmod> 2022-08-22 17:04:40.074299 </lastmod>
	</url><url>
		<loc> https://geoconnex.us/cuahsi/his/MOPEX/07288500 </loc>
		<lastmod> 2022-08-22 17:04:40.074314 </lastmod>
	</url><url>
		<loc> https://geoconnex.us/cuahsi/his/MOPEX/07289500 </loc>
		<lastmod> 2022-08-22 17:04:40.074330 </lastmod>
	</url><url>
		<loc> https://geoconnex.us/cuahsi/his/MOPEX/07290000 </loc>
		<lastmod> 2022-08-22 17:04:40.074345 </lastmod>
	</url><url>
		<loc> https://geoconnex.us/cuahsi/his/MOPEX/05507500 </loc>
		<lastmod> 2022-08-22 17:04:40.074360 </lastmod>
	</url><url>
		<loc> https://geoconnex.us/cuahsi/his/MOPEX/05508000 </loc>
		<lastmod> 2022-08-22 17:04:40.074376 </lastmod>
	</url><url>
		<loc> https://geoconnex.us/cuahsi/his/MOPEX/05514500 </loc>
		<lastmod> 2022-08-22 17:04:40.074391 </lastmod>
	</url><url>
		<loc> https://geoconnex.us/cuahsi/his/MOPEX/06813000 </loc>
		<lastmod> 2022-08-22 17:04:40.074407 </lastmod>
	</url><url>
		<loc> https://geoconnex.us/cuahsi/his/MOPEX/06817500 </loc>
		<lastmod> 2022-08-22 17:04:40.074422 </lastmod>
	</url><url>
		<loc> https://geoconnex.us/cuahsi/his/MOPEX/06820500 </loc>
		<lastmod> 2022-08-22 17:04:40.074437 </lastmod>
	</url><url>
		<loc> https://geoconnex.us/cuahsi/his/MOPEX/06894000 </loc>
		<lastmod> 2022-08-22 17:04:40.074453 </lastmod>
	</url><url>
		<loc> https://geoconnex.us/cuahsi/his/MOPEX/06897500 </loc>
		<lastmod> 2022-08-22 17:04:40.074468 </lastmod>
	</url><url>
		<loc> https://geoconnex.us/cuahsi/his/MOPEX/06899500 </loc>
		<lastmod> 2022-08-22 17:04:40.074483 </lastmod>
	</url><url>
		<loc> https://geoconnex.us/cuahsi/his/MOPEX/06908000 </loc>
		<lastmod> 2022-08-22 17:04:40.074499 </lastmod>
	</url><url>
		<loc> https://geoconnex.us/cuahsi/his/MOPEX/06928000 </loc>
		<lastmod> 2022-08-22 17:04:40.074514 </lastmod>
	</url><url>
		<loc> https://geoconnex.us/cuahsi/his/MOPEX/06933500 </loc>
		<lastmod> 2022-08-22 17:04:40.074529 </lastmod>
	</url><url>
		<loc> https://geoconnex.us/cuahsi/his/MOPEX/07019000 </loc>
		<lastmod> 2022-08-22 17:04:40.074544 </lastmod>
	</url><url>
		<loc> https://geoconnex.us/cuahsi/his/MOPEX/07052500 </loc>
		<lastmod> 2022-08-22 17:04:40.074559 </lastmod>
	</url><url>
		<loc> https://geoconnex.us/cuahsi/his/MOPEX/07057500 </loc>
		<lastmod> 2022-08-22 17:04:40.074575 </lastmod>
	</url><url>
		<loc> https://geoconnex.us/cuahsi/his/MOPEX/07058000 </loc>
		<lastmod> 2022-08-22 17:04:40.074590 </lastmod>
	</url><url>
		<loc> https://geoconnex.us/cuahsi/his/MOPEX/07067000 </loc>
		<lastmod> 2022-08-22 17:04:40.074605 </lastmod>
	</url><url>
		<loc> https://geoconnex.us/cuahsi/his/MOPEX/07068000 </loc>
		<lastmod> 2022-08-22 17:04:40.074620 </lastmod>
	</url><url>
		<loc> https://geoconnex.us/cuahsi/his/MOPEX/07186000 </loc>
		<lastmod> 2022-08-22 17:04:40.074635 </lastmod>
	</url><url>
		<loc> https://geoconnex.us/cuahsi/his/MOPEX/06191500 </loc>
		<lastmod> 2022-08-22 17:04:40.074650 </lastmod>
	</url><url>
		<loc> https://geoconnex.us/cuahsi/his/MOPEX/06192500 </loc>
		<lastmod> 2022-08-22 17:04:40.074665 </lastmod>
	</url><url>
		<loc> https://geoconnex.us/cuahsi/his/MOPEX/12340000 </loc>
		<lastmod> 2022-08-22 17:04:40.074679 </lastmod>
	</url><url>
		<loc> https://geoconnex.us/cuahsi/his/MOPEX/12358500 </loc>
		<lastmod> 2022-08-22 17:04:40.074694 </lastmod>
	</url><url>
		<loc> https://geoconnex.us/cuahsi/his/MOPEX/06454500 </loc>
		<lastmod> 2022-08-22 17:04:40.074709 </lastmod>
	</url><url>
		<loc> https://geoconnex.us/cuahsi/his/MOPEX/06799500 </loc>
		<lastmod> 2022-08-22 17:04:40.074724 </lastmod>
	</url><url>
		<loc> https://geoconnex.us/cuahsi/his/MOPEX/06811500 </loc>
		<lastmod> 2022-08-22 17:04:40.074739 </lastmod>
	</url><url>
		<loc> https://geoconnex.us/cuahsi/his/MOPEX/06815000 </loc>
		<lastmod> 2022-08-22 17:04:40.074755 </lastmod>
	</url><url>
		<loc> https://geoconnex.us/cuahsi/his/MOPEX/06847000 </loc>
		<lastmod> 2022-08-22 17:04:40.074770 </lastmod>
	</url><url>
		<loc> https://geoconnex.us/cuahsi/his/MOPEX/06883000 </loc>
		<lastmod> 2022-08-22 17:04:40.074786 </lastmod>
	</url><url>
		<loc> https://geoconnex.us/cuahsi/his/MOPEX/10301500 </loc>
		<lastmod> 2022-08-22 17:04:40.074801 </lastmod>
	</url><url>
		<loc> https://geoconnex.us/cuahsi/his/MOPEX/10309000 </loc>
		<lastmod> 2022-08-22 17:04:40.074842 </lastmod>
	</url><url>
		<loc> https://geoconnex.us/cuahsi/his/MOPEX/10312000 </loc>
		<lastmod> 2022-08-22 17:04:40.074858 </lastmod>
	</url><url>
		<loc> https://geoconnex.us/cuahsi/his/MOPEX/01064500 </loc>
		<lastmod> 2022-08-22 17:04:40.074873 </lastmod>
	</url><url>
		<loc> https://geoconnex.us/cuahsi/his/MOPEX/01076500 </loc>
		<lastmod> 2022-08-22 17:04:40.074888 </lastmod>
	</url><url>
		<loc> https://geoconnex.us/cuahsi/his/MOPEX/01138000 </loc>
		<lastmod> 2022-08-22 17:04:40.074903 </lastmod>
	</url><url>
		<loc> https://geoconnex.us/cuahsi/his/MOPEX/01445000 </loc>
		<lastmod> 2022-08-22 17:04:40.074918 </lastmod>
	</url><url>
		<loc> https://geoconnex.us/cuahsi/his/MOPEX/01445500 </loc>
		<lastmod> 2022-08-22 17:04:40.074933 </lastmod>
	</url><url>
		<loc> https://geoconnex.us/cuahsi/his/MOPEX/07211500 </loc>
		<lastmod> 2022-08-22 17:04:40.074948 </lastmod>
	</url><url>
		<loc> https://geoconnex.us/cuahsi/his/MOPEX/07221000 </loc>
		<lastmod> 2022-08-22 17:04:40.074963 </lastmod>
	</url><url>
		<loc> https://geoconnex.us/cuahsi/his/MOPEX/07222500 </loc>
		<lastmod> 2022-08-22 17:04:40.074978 </lastmod>
	</url><url>
		<loc> https://geoconnex.us/cuahsi/his/MOPEX/08340500 </loc>
		<lastmod> 2022-08-22 17:04:40.074994 </lastmod>
	</url><url>
		<loc> https://geoconnex.us/cuahsi/his/MOPEX/09430500 </loc>
		<lastmod> 2022-08-22 17:04:40.075010 </lastmod>
	</url><url>
		<loc> https://geoconnex.us/cuahsi/his/MOPEX/09431500 </loc>
		<lastmod> 2022-08-22 17:04:40.075025 </lastmod>
	</url><url>
		<loc> https://geoconnex.us/cuahsi/his/MOPEX/09442692 </loc>
		<lastmod> 2022-08-22 17:04:40.075041 </lastmod>
	</url><url>
		<loc> https://geoconnex.us/cuahsi/his/MOPEX/01200000 </loc>
		<lastmod> 2022-08-22 17:04:40.075056 </lastmod>
	</url><url>
		<loc> https://geoconnex.us/cuahsi/his/MOPEX/01321000 </loc>
		<lastmod> 2022-08-22 17:04:40.075071 </lastmod>
	</url><url>
		<loc> https://geoconnex.us/cuahsi/his/MOPEX/01329500 </loc>
		<lastmod> 2022-08-22 17:04:40.075086 </lastmod>
	</url><url>
		<loc> https://geoconnex.us/cuahsi/his/MOPEX/01334500 </loc>
		<lastmod> 2022-08-22 17:04:40.075101 </lastmod>
	</url><url>
		<loc> https://geoconnex.us/cuahsi/his/MOPEX/01348000 </loc>
		<lastmod> 2022-08-22 17:04:40.075116 </lastmod>
	</url><url>
		<loc> https://geoconnex.us/cuahsi/his/MOPEX/01361000 </loc>
		<lastmod> 2022-08-22 17:04:40.075131 </lastmod>
	</url><url>
		<loc> https://geoconnex.us/cuahsi/his/MOPEX/01371500 </loc>
		<lastmod> 2022-08-22 17:04:40.075146 </lastmod>
	</url><url>
		<loc> https://geoconnex.us/cuahsi/his/MOPEX/01372500 </loc>
		<lastmod> 2022-08-22 17:04:40.075161 </lastmod>
	</url><url>
		<loc> https://geoconnex.us/cuahsi/his/MOPEX/01421000 </loc>
		<lastmod> 2022-08-22 17:04:40.075176 </lastmod>
	</url><url>
		<loc> https://geoconnex.us/cuahsi/his/MOPEX/01423000 </loc>
		<lastmod> 2022-08-22 17:04:40.075191 </lastmod>
	</url><url>
		<loc> https://geoconnex.us/cuahsi/his/MOPEX/01426500 </loc>
		<lastmod> 2022-08-22 17:04:40.075206 </lastmod>
	</url><url>
		<loc> https://geoconnex.us/cuahsi/his/MOPEX/01503000 </loc>
		<lastmod> 2022-08-22 17:04:40.075221 </lastmod>
	</url><url>
		<loc> https://geoconnex.us/cuahsi/his/MOPEX/01512500 </loc>
		<lastmod> 2022-08-22 17:04:40.075236 </lastmod>
	</url><url>
		<loc> https://geoconnex.us/cuahsi/his/MOPEX/01514000 </loc>
		<lastmod> 2022-08-22 17:04:40.075251 </lastmod>
	</url><url>
		<loc> https://geoconnex.us/cuahsi/his/MOPEX/01520500 </loc>
		<lastmod> 2022-08-22 17:04:40.075266 </lastmod>
	</url><url>
		<loc> https://geoconnex.us/cuahsi/his/MOPEX/01531000 </loc>
		<lastmod> 2022-08-22 17:04:40.075281 </lastmod>
	</url><url>
		<loc> https://geoconnex.us/cuahsi/his/MOPEX/03011020 </loc>
		<lastmod> 2022-08-22 17:04:40.075296 </lastmod>
	</url><url>
		<loc> https://geoconnex.us/cuahsi/his/MOPEX/04221000 </loc>
		<lastmod> 2022-08-22 17:04:40.075311 </lastmod>
	</url><url>
		<loc> https://geoconnex.us/cuahsi/his/MOPEX/04221500 </loc>
		<lastmod> 2022-08-22 17:04:40.075326 </lastmod>
	</url><url>
		<loc> https://geoconnex.us/cuahsi/his/MOPEX/04223000 </loc>
		<lastmod> 2022-08-22 17:04:40.075341 </lastmod>
	</url><url>
		<loc> https://geoconnex.us/cuahsi/his/MOPEX/02083500 </loc>
		<lastmod> 2022-08-22 17:04:40.075356 </lastmod>
	</url><url>
		<loc> https://geoconnex.us/cuahsi/his/MOPEX/02102000 </loc>
		<lastmod> 2022-08-22 17:04:40.075372 </lastmod>
	</url><url>
		<loc> https://geoconnex.us/cuahsi/his/MOPEX/02116500 </loc>
		<lastmod> 2022-08-22 17:04:40.075387 </lastmod>
	</url><url>
		<loc> https://geoconnex.us/cuahsi/his/MOPEX/02118000 </loc>
		<lastmod> 2022-08-22 17:04:40.075403 </lastmod>
	</url><url>
		<loc> https://geoconnex.us/cuahsi/his/MOPEX/02121000 </loc>
		<lastmod> 2022-08-22 17:04:40.075418 </lastmod>
	</url><url>
		<loc> https://geoconnex.us/cuahsi/his/MOPEX/02126000 </loc>
		<lastmod> 2022-08-22 17:04:40.075433 </lastmod>
	</url><url>
		<loc> https://geoconnex.us/cuahsi/his/MOPEX/02138500 </loc>
		<lastmod> 2022-08-22 17:04:40.075448 </lastmod>
	</url><url>
		<loc> https://geoconnex.us/cuahsi/his/MOPEX/02143000 </loc>
		<lastmod> 2022-08-22 17:04:40.075463 </lastmod>
	</url><url>
		<loc> https://geoconnex.us/cuahsi/his/MOPEX/02143040 </loc>
		<lastmod> 2022-08-22 17:04:40.075479 </lastmod>
	</url><url>
		<loc> https://geoconnex.us/cuahsi/his/MOPEX/02143500 </loc>
		<lastmod> 2022-08-22 17:04:40.075494 </lastmod>
	</url><url>
		<loc> https://geoconnex.us/cuahsi/his/MOPEX/03161000 </loc>
		<lastmod> 2022-08-22 17:04:40.075509 </lastmod>
	</url><url>
		<loc> https://geoconnex.us/cuahsi/his/MOPEX/03443000 </loc>
		<lastmod> 2022-08-22 17:04:40.075524 </lastmod>
	</url><url>
		<loc> https://geoconnex.us/cuahsi/his/MOPEX/03448000 </loc>
		<lastmod> 2022-08-22 17:04:40.075539 </lastmod>
	</url><url>
		<loc> https://geoconnex.us/cuahsi/his/MOPEX/03451500 </loc>
		<lastmod> 2022-08-22 17:04:40.075555 </lastmod>
	</url><url>
		<loc> https://geoconnex.us/cuahsi/his/MOPEX/03504000 </loc>
		<lastmod> 2022-08-22 17:04:40.075570 </lastmod>
	</url><url>
		<loc> https://geoconnex.us/cuahsi/his/MOPEX/03512000 </loc>
		<lastmod> 2022-08-22 17:04:40.075585 </lastmod>
	</url><url>
		<loc> https://geoconnex.us/cuahsi/his/MOPEX/03550000 </loc>
		<lastmod> 2022-08-22 17:04:40.075600 </lastmod>
	</url><url>
		<loc> https://geoconnex.us/cuahsi/his/MOPEX/05053000 </loc>
		<lastmod> 2022-08-22 17:04:40.075615 </lastmod>
	</url><url>
		<loc> https://geoconnex.us/cuahsi/his/MOPEX/06340500 </loc>
		<lastmod> 2022-08-22 17:04:40.075630 </lastmod>
	</url><url>
		<loc> https://geoconnex.us/cuahsi/his/MOPEX/03109500 </loc>
		<lastmod> 2022-08-22 17:04:40.075644 </lastmod>
	</url><url>
		<loc> https://geoconnex.us/cuahsi/his/MOPEX/03111500 </loc>
		<lastmod> 2022-08-22 17:04:40.075659 </lastmod>
	</url><url>
		<loc> https://geoconnex.us/cuahsi/his/MOPEX/03136000 </loc>
		<lastmod> 2022-08-22 17:04:40.075674 </lastmod>
	</url><url>
		<loc> https://geoconnex.us/cuahsi/his/MOPEX/03159500 </loc>
		<lastmod> 2022-08-22 17:04:40.075689 </lastmod>
	</url><url>
		<loc> https://geoconnex.us/cuahsi/his/MOPEX/03237500 </loc>
		<lastmod> 2022-08-22 17:04:40.075704 </lastmod>
	</url><url>
		<loc> https://geoconnex.us/cuahsi/his/MOPEX/03238500 </loc>
		<lastmod> 2022-08-22 17:04:40.075719 </lastmod>
	</url><url>
		<loc> https://geoconnex.us/cuahsi/his/MOPEX/03265000 </loc>
		<lastmod> 2022-08-22 17:04:40.075734 </lastmod>
	</url><url>
		<loc> https://geoconnex.us/cuahsi/his/MOPEX/03266000 </loc>
		<lastmod> 2022-08-22 17:04:40.075749 </lastmod>
	</url><url>
		<loc> https://geoconnex.us/cuahsi/his/MOPEX/03269500 </loc>
		<lastmod> 2022-08-22 17:04:40.075764 </lastmod>
	</url><url>
		<loc> https://geoconnex.us/cuahsi/his/MOPEX/03274000 </loc>
		<lastmod> 2022-08-22 17:04:40.075779 </lastmod>
	</url><url>
		<loc> https://geoconnex.us/cuahsi/his/MOPEX/04178000 </loc>
		<lastmod> 2022-08-22 17:04:40.075794 </lastmod>
	</url><url>
		<loc> https://geoconnex.us/cuahsi/his/MOPEX/04183500 </loc>
		<lastmod> 2022-08-22 17:04:40.075809 </lastmod>
	</url><url>
		<loc> https://geoconnex.us/cuahsi/his/MOPEX/04185000 </loc>
		<lastmod> 2022-08-22 17:04:40.075825 </lastmod>
	</url><url>
		<loc> https://geoconnex.us/cuahsi/his/MOPEX/04191500 </loc>
		<lastmod> 2022-08-22 17:04:40.075840 </lastmod>
	</url><url>
		<loc> https://geoconnex.us/cuahsi/his/MOPEX/04198000 </loc>
		<lastmod> 2022-08-22 17:04:40.075855 </lastmod>
	</url><url>
		<loc> https://geoconnex.us/cuahsi/his/MOPEX/04201500 </loc>
		<lastmod> 2022-08-22 17:04:40.075870 </lastmod>
	</url><url>
		<loc> https://geoconnex.us/cuahsi/his/MOPEX/04212000 </loc>
		<lastmod> 2022-08-22 17:04:40.075886 </lastmod>
	</url><url>
		<loc> https://geoconnex.us/cuahsi/his/MOPEX/07152000 </loc>
		<lastmod> 2022-08-22 17:04:40.075901 </lastmod>
	</url><url>
		<loc> https://geoconnex.us/cuahsi/his/MOPEX/07163000 </loc>
		<lastmod> 2022-08-22 17:04:40.075916 </lastmod>
	</url><url>
		<loc> https://geoconnex.us/cuahsi/his/MOPEX/07177500 </loc>
		<lastmod> 2022-08-22 17:04:40.075931 </lastmod>
	</url><url>
		<loc> https://geoconnex.us/cuahsi/his/MOPEX/07196500 </loc>
		<lastmod> 2022-08-22 17:04:40.075946 </lastmod>
	</url><url>
		<loc> https://geoconnex.us/cuahsi/his/MOPEX/07197000 </loc>
		<lastmod> 2022-08-22 17:04:40.075961 </lastmod>
	</url><url>
		<loc> https://geoconnex.us/cuahsi/his/MOPEX/07243500 </loc>
		<lastmod> 2022-08-22 17:04:40.075976 </lastmod>
	</url><url>
		<loc> https://geoconnex.us/cuahsi/his/MOPEX/11497500 </loc>
		<lastmod> 2022-08-22 17:04:40.075991 </lastmod>
	</url><url>
		<loc> https://geoconnex.us/cuahsi/his/MOPEX/11501000 </loc>
		<lastmod> 2022-08-22 17:04:40.076006 </lastmod>
	</url><url>
		<loc> https://geoconnex.us/cuahsi/his/MOPEX/14080500 </loc>
		<lastmod> 2022-08-22 17:04:40.076021 </lastmod>
	</url><url>
		<loc> https://geoconnex.us/cuahsi/his/MOPEX/14101500 </loc>
		<lastmod> 2022-08-22 17:04:40.076048 </lastmod>
	</url><url>
		<loc> https://geoconnex.us/cuahsi/his/MOPEX/14308000 </loc>
		<lastmod> 2022-08-22 17:04:40.076065 </lastmod>
	</url><url>
		<loc> https://geoconnex.us/cuahsi/his/MOPEX/14321000 </loc>
		<lastmod> 2022-08-22 17:04:40.076081 </lastmod>
	</url><url>
		<loc> https://geoconnex.us/cuahsi/his/MOPEX/14359000 </loc>
		<lastmod> 2022-08-22 17:04:40.076095 </lastmod>
	</url><url>
		<loc> https://geoconnex.us/cuahsi/his/MOPEX/01518000 </loc>
		<lastmod> 2022-08-22 17:04:40.076110 </lastmod>
	</url><url>
		<loc> https://geoconnex.us/cuahsi/his/MOPEX/01520000 </loc>
		<lastmod> 2022-08-22 17:04:40.076125 </lastmod>
	</url><url>
		<loc> https://geoconnex.us/cuahsi/his/MOPEX/01534000 </loc>
		<lastmod> 2022-08-22 17:04:40.076140 </lastmod>
	</url><url>
		<loc> https://geoconnex.us/cuahsi/his/MOPEX/01541000 </loc>
		<lastmod> 2022-08-22 17:04:40.076156 </lastmod>
	</url><url>
		<loc> https://geoconnex.us/cuahsi/his/MOPEX/01541500 </loc>
		<lastmod> 2022-08-22 17:04:40.076171 </lastmod>
	</url><url>
		<loc> https://geoconnex.us/cuahsi/his/MOPEX/01543500 </loc>
		<lastmod> 2022-08-22 17:04:40.076187 </lastmod>
	</url><url>
		<loc> https://geoconnex.us/cuahsi/his/MOPEX/01548500 </loc>
		<lastmod> 2022-08-22 17:04:40.076202 </lastmod>
	</url><url>
		<loc> https://geoconnex.us/cuahsi/his/MOPEX/01556000 </loc>
		<lastmod> 2022-08-22 17:04:40.076218 </lastmod>
	</url><url>
		<loc> https://geoconnex.us/cuahsi/his/MOPEX/01558000 </loc>
		<lastmod> 2022-08-22 17:04:40.076234 </lastmod>
	</url><url>
		<loc> https://geoconnex.us/cuahsi/his/MOPEX/01559000 </loc>
		<lastmod> 2022-08-22 17:04:40.076250 </lastmod>
	</url><url>
		<loc> https://geoconnex.us/cuahsi/his/MOPEX/01560000 </loc>
		<lastmod> 2022-08-22 17:04:40.076265 </lastmod>
	</url><url>
		<loc> https://geoconnex.us/cuahsi/his/MOPEX/01562000 </loc>
		<lastmod> 2022-08-22 17:04:40.076281 </lastmod>
	</url><url>
		<loc> https://geoconnex.us/cuahsi/his/MOPEX/01567000 </loc>
		<lastmod> 2022-08-22 17:04:40.076296 </lastmod>
	</url><url>
		<loc> https://geoconnex.us/cuahsi/his/MOPEX/01574000 </loc>
		<lastmod> 2022-08-22 17:04:40.076312 </lastmod>
	</url><url>
		<loc> https://geoconnex.us/cuahsi/his/MOPEX/03010500 </loc>
		<lastmod> 2022-08-22 17:04:40.076327 </lastmod>
	</url><url>
		<loc> https://geoconnex.us/cuahsi/his/MOPEX/03020500 </loc>
		<lastmod> 2022-08-22 17:04:40.076343 </lastmod>
	</url><url>
		<loc> https://geoconnex.us/cuahsi/his/MOPEX/03024000 </loc>
		<lastmod> 2022-08-22 17:04:40.076358 </lastmod>
	</url><url>
		<loc> https://geoconnex.us/cuahsi/his/MOPEX/03032500 </loc>
		<lastmod> 2022-08-22 17:04:40.076373 </lastmod>
	</url><url>
		<loc> https://geoconnex.us/cuahsi/his/MOPEX/03079000 </loc>
		<lastmod> 2022-08-22 17:04:40.076388 </lastmod>
	</url><url>
		<loc> https://geoconnex.us/cuahsi/his/MOPEX/02135000 </loc>
		<lastmod> 2022-08-22 17:04:40.076403 </lastmod>
	</url><url>
		<loc> https://geoconnex.us/cuahsi/his/MOPEX/02156500 </loc>
		<lastmod> 2022-08-22 17:04:40.076418 </lastmod>
	</url><url>
		<loc> https://geoconnex.us/cuahsi/his/MOPEX/02165000 </loc>
		<lastmod> 2022-08-22 17:04:40.076433 </lastmod>
	</url><url>
		<loc> https://geoconnex.us/cuahsi/his/MOPEX/02174000 </loc>
		<lastmod> 2022-08-22 17:04:40.076448 </lastmod>
	</url><url>
		<loc> https://geoconnex.us/cuahsi/his/MOPEX/06334500 </loc>
		<lastmod> 2022-08-22 17:04:40.076463 </lastmod>
	</url><url>
		<loc> https://geoconnex.us/cuahsi/his/MOPEX/06359500 </loc>
		<lastmod> 2022-08-22 17:04:40.076478 </lastmod>
	</url><url>
		<loc> https://geoconnex.us/cuahsi/his/MOPEX/06441500 </loc>
		<lastmod> 2022-08-22 17:04:40.076493 </lastmod>
	</url><url>
		<loc> https://geoconnex.us/cuahsi/his/MOPEX/06446000 </loc>
		<lastmod> 2022-08-22 17:04:40.076508 </lastmod>
	</url><url>
		<loc> https://geoconnex.us/cuahsi/his/MOPEX/06480000 </loc>
		<lastmod> 2022-08-22 17:04:40.076522 </lastmod>
	</url><url>
		<loc> https://geoconnex.us/cuahsi/his/MOPEX/03455000 </loc>
		<lastmod> 2022-08-22 17:04:40.076537 </lastmod>
	</url><url>
		<loc> https://geoconnex.us/cuahsi/his/MOPEX/03465500 </loc>
		<lastmod> 2022-08-22 17:04:40.076552 </lastmod>
	</url><url>
		<loc> https://geoconnex.us/cuahsi/his/MOPEX/03470000 </loc>
		<lastmod> 2022-08-22 17:04:40.076567 </lastmod>
	</url><url>
		<loc> https://geoconnex.us/cuahsi/his/MOPEX/03528000 </loc>
		<lastmod> 2022-08-22 17:04:40.076582 </lastmod>
	</url><url>
		<loc> https://geoconnex.us/cuahsi/his/MOPEX/03532000 </loc>
		<lastmod> 2022-08-22 17:04:40.076597 </lastmod>
	</url><url>
		<loc> https://geoconnex.us/cuahsi/his/MOPEX/03540500 </loc>
		<lastmod> 2022-08-22 17:04:40.076639 </lastmod>
	</url><url>
		<loc> https://geoconnex.us/cuahsi/his/MOPEX/03567500 </loc>
		<lastmod> 2022-08-22 17:04:40.076654 </lastmod>
	</url><url>
		<loc> https://geoconnex.us/cuahsi/his/MOPEX/03603000 </loc>
		<lastmod> 2022-08-22 17:04:40.076670 </lastmod>
	</url><url>
		<loc> https://geoconnex.us/cuahsi/his/MOPEX/07029500 </loc>
		<lastmod> 2022-08-22 17:04:40.076685 </lastmod>
	</url><url>
		<loc> https://geoconnex.us/cuahsi/his/MOPEX/07307800 </loc>
		<lastmod> 2022-08-22 17:04:40.076700 </lastmod>
	</url><url>
		<loc> https://geoconnex.us/cuahsi/his/MOPEX/07346000 </loc>
		<lastmod> 2022-08-22 17:04:40.076716 </lastmod>
	</url><url>
		<loc> https://geoconnex.us/cuahsi/his/MOPEX/07346050 </loc>
		<lastmod> 2022-08-22 17:04:40.076731 </lastmod>
	</url><url>
		<loc> https://geoconnex.us/cuahsi/his/MOPEX/07346070 </loc>
		<lastmod> 2022-08-22 17:04:40.076746 </lastmod>
	</url><url>
		<loc> https://geoconnex.us/cuahsi/his/MOPEX/08032000 </loc>
		<lastmod> 2022-08-22 17:04:40.076761 </lastmod>
	</url><url>
		<loc> https://geoconnex.us/cuahsi/his/MOPEX/08033500 </loc>
		<lastmod> 2022-08-22 17:04:40.076776 </lastmod>
	</url><url>
		<loc> https://geoconnex.us/cuahsi/his/MOPEX/08055500 </loc>
		<lastmod> 2022-08-22 17:04:40.076792 </lastmod>
	</url><url>
		<loc> https://geoconnex.us/cuahsi/his/MOPEX/08085500 </loc>
		<lastmod> 2022-08-22 17:04:40.076806 </lastmod>
	</url><url>
		<loc> https://geoconnex.us/cuahsi/his/MOPEX/08095000 </loc>
		<lastmod> 2022-08-22 17:04:40.076821 </lastmod>
	</url><url>
		<loc> https://geoconnex.us/cuahsi/his/MOPEX/08103800 </loc>
		<lastmod> 2022-08-22 17:04:40.076836 </lastmod>
	</url><url>
		<loc> https://geoconnex.us/cuahsi/his/MOPEX/08146000 </loc>
		<lastmod> 2022-08-22 17:04:40.076851 </lastmod>
	</url><url>
		<loc> https://geoconnex.us/cuahsi/his/MOPEX/08150000 </loc>
		<lastmod> 2022-08-22 17:04:40.076866 </lastmod>
	</url><url>
		<loc> https://geoconnex.us/cuahsi/his/MOPEX/08150700 </loc>
		<lastmod> 2022-08-22 17:04:40.076881 </lastmod>
	</url><url>
		<loc> https://geoconnex.us/cuahsi/his/MOPEX/08167500 </loc>
		<lastmod> 2022-08-22 17:04:40.076896 </lastmod>
	</url><url>
		<loc> https://geoconnex.us/cuahsi/his/MOPEX/08171000 </loc>
		<lastmod> 2022-08-22 17:04:40.076911 </lastmod>
	</url><url>
		<loc> https://geoconnex.us/cuahsi/his/MOPEX/08171300 </loc>
		<lastmod> 2022-08-22 17:04:40.076926 </lastmod>
	</url><url>
		<loc> https://geoconnex.us/cuahsi/his/MOPEX/08172000 </loc>
		<lastmod> 2022-08-22 17:04:40.076941 </lastmod>
	</url><url>
		<loc> https://geoconnex.us/cuahsi/his/MOPEX/08189500 </loc>
		<lastmod> 2022-08-22 17:04:40.076956 </lastmod>
	</url><url>
		<loc> https://geoconnex.us/cuahsi/his/MOPEX/08205500 </loc>
		<lastmod> 2022-08-22 17:04:40.076971 </lastmod>
	</url><url>
		<loc> https://geoconnex.us/cuahsi/his/MOPEX/09292500 </loc>
		<lastmod> 2022-08-22 17:04:40.076986 </lastmod>
	</url><url>
		<loc> https://geoconnex.us/cuahsi/his/MOPEX/09299500 </loc>
		<lastmod> 2022-08-22 17:04:40.077001 </lastmod>
	</url><url>
		<loc> https://geoconnex.us/cuahsi/his/MOPEX/01329000 </loc>
		<lastmod> 2022-08-22 17:04:40.077016 </lastmod>
	</url><url>
		<loc> https://geoconnex.us/cuahsi/his/MOPEX/01628500 </loc>
		<lastmod> 2022-08-22 17:04:40.077031 </lastmod>
	</url><url>
		<loc> https://geoconnex.us/cuahsi/his/MOPEX/01631000 </loc>
		<lastmod> 2022-08-22 17:04:40.077047 </lastmod>
	</url><url>
		<loc> https://geoconnex.us/cuahsi/his/MOPEX/01634000 </loc>
		<lastmod> 2022-08-22 17:04:40.077062 </lastmod>
	</url><url>
		<loc> https://geoconnex.us/cuahsi/his/MOPEX/01663500 </loc>
		<lastmod> 2022-08-22 17:04:40.077078 </lastmod>
	</url><url>
		<loc> https://geoconnex.us/cuahsi/his/MOPEX/01664000 </loc>
		<lastmod> 2022-08-22 17:04:40.077093 </lastmod>
	</url><url>
		<loc> https://geoconnex.us/cuahsi/his/MOPEX/01667500 </loc>
		<lastmod> 2022-08-22 17:04:40.077108 </lastmod>
	</url><url>
		<loc> https://geoconnex.us/cuahsi/his/MOPEX/01668000 </loc>
		<lastmod> 2022-08-22 17:04:40.077123 </lastmod>
	</url><url>
		<loc> https://geoconnex.us/cuahsi/his/MOPEX/01672500 </loc>
		<lastmod> 2022-08-22 17:04:40.077138 </lastmod>
	</url><url>
		<loc> https://geoconnex.us/cuahsi/his/MOPEX/01674500 </loc>
		<lastmod> 2022-08-22 17:04:40.077153 </lastmod>
	</url><url>
		<loc> https://geoconnex.us/cuahsi/his/MOPEX/02016000 </loc>
		<lastmod> 2022-08-22 17:04:40.077168 </lastmod>
	</url><url>
		<loc> https://geoconnex.us/cuahsi/his/MOPEX/02018000 </loc>
		<lastmod> 2022-08-22 17:04:40.077182 </lastmod>
	</url><url>
		<loc> https://geoconnex.us/cuahsi/his/MOPEX/02030500 </loc>
		<lastmod> 2022-08-22 17:04:40.077197 </lastmod>
	</url><url>
		<loc> https://geoconnex.us/cuahsi/his/MOPEX/02055000 </loc>
		<lastmod> 2022-08-22 17:04:40.077212 </lastmod>
	</url><url>
		<loc> https://geoconnex.us/cuahsi/his/MOPEX/02058400 </loc>
		<lastmod> 2022-08-22 17:04:40.077228 </lastmod>
	</url><url>
		<loc> https://geoconnex.us/cuahsi/his/MOPEX/03164000 </loc>
		<lastmod> 2022-08-22 17:04:40.077243 </lastmod>
	</url><url>
		<loc> https://geoconnex.us/cuahsi/his/MOPEX/03165500 </loc>
		<lastmod> 2022-08-22 17:04:40.077259 </lastmod>
	</url><url>
		<loc> https://geoconnex.us/cuahsi/his/MOPEX/03167000 </loc>
		<lastmod> 2022-08-22 17:04:40.077274 </lastmod>
	</url><url>
		<loc> https://geoconnex.us/cuahsi/his/MOPEX/03168000 </loc>
		<lastmod> 2022-08-22 17:04:40.077289 </lastmod>
	</url><url>
		<loc> https://geoconnex.us/cuahsi/his/MOPEX/03173000 </loc>
		<lastmod> 2022-08-22 17:04:40.077304 </lastmod>
	</url><url>
		<loc> https://geoconnex.us/cuahsi/his/MOPEX/03175500 </loc>
		<lastmod> 2022-08-22 17:04:40.077319 </lastmod>
	</url><url>
		<loc> https://geoconnex.us/cuahsi/his/MOPEX/03473000 </loc>
		<lastmod> 2022-08-22 17:04:40.077335 </lastmod>
	</url><url>
		<loc> https://geoconnex.us/cuahsi/his/MOPEX/03490000 </loc>
		<lastmod> 2022-08-22 17:04:40.077350 </lastmod>
	</url><url>
		<loc> https://geoconnex.us/cuahsi/his/MOPEX/03521500 </loc>
		<lastmod> 2022-08-22 17:04:40.077365 </lastmod>
	</url><url>
		<loc> https://geoconnex.us/cuahsi/his/MOPEX/03524000 </loc>
		<lastmod> 2022-08-22 17:04:40.077380 </lastmod>
	</url><url>
		<loc> https://geoconnex.us/cuahsi/his/MOPEX/03531500 </loc>
		<lastmod> 2022-08-22 17:04:40.077395 </lastmod>
	</url><url>
		<loc> https://geoconnex.us/cuahsi/his/MOPEX/12027500 </loc>
		<lastmod> 2022-08-22 17:04:40.077410 </lastmod>
	</url><url>
		<loc> https://geoconnex.us/cuahsi/his/MOPEX/12098500 </loc>
		<lastmod> 2022-08-22 17:04:40.077426 </lastmod>
	</url><url>
		<loc> https://geoconnex.us/cuahsi/his/MOPEX/12134500 </loc>
		<lastmod> 2022-08-22 17:04:40.077441 </lastmod>
	</url><url>
		<loc> https://geoconnex.us/cuahsi/his/MOPEX/12144500 </loc>
		<lastmod> 2022-08-22 17:04:40.077456 </lastmod>
	</url><url>
		<loc> https://geoconnex.us/cuahsi/his/MOPEX/12149000 </loc>
		<lastmod> 2022-08-22 17:04:40.077471 </lastmod>
	</url><url>
		<loc> https://geoconnex.us/cuahsi/his/MOPEX/12449500 </loc>
		<lastmod> 2022-08-22 17:04:40.077486 </lastmod>
	</url><url>
		<loc> https://geoconnex.us/cuahsi/his/MOPEX/12449950 </loc>
		<lastmod> 2022-08-22 17:04:40.077501 </lastmod>
	</url><url>
		<loc> https://geoconnex.us/cuahsi/his/MOPEX/12459000 </loc>
		<lastmod> 2022-08-22 17:04:40.077516 </lastmod>
	</url><url>
		<loc> https://geoconnex.us/cuahsi/his/MOPEX/12462500 </loc>
		<lastmod> 2022-08-22 17:04:40.077531 </lastmod>
	</url><url>
		<loc> https://geoconnex.us/cuahsi/his/MOPEX/13351000 </loc>
		<lastmod> 2022-08-22 17:04:40.077546 </lastmod>
	</url><url>
		<loc> https://geoconnex.us/cuahsi/his/MOPEX/14113000 </loc>
		<lastmod> 2022-08-22 17:04:40.077561 </lastmod>
	</url><url>
		<loc> https://geoconnex.us/cuahsi/his/MOPEX/14232500 </loc>
		<lastmod> 2022-08-22 17:04:40.077576 </lastmod>
	</url><url>
		<loc> https://geoconnex.us/cuahsi/his/MOPEX/14233400 </loc>
		<lastmod> 2022-08-22 17:04:40.077591 </lastmod>
	</url><url>
		<loc> https://geoconnex.us/cuahsi/his/MOPEX/01606500 </loc>
		<lastmod> 2022-08-22 17:04:40.077606 </lastmod>
	</url><url>
		<loc> https://geoconnex.us/cuahsi/his/MOPEX/01608500 </loc>
		<lastmod> 2022-08-22 17:04:40.077620 </lastmod>
	</url><url>
		<loc> https://geoconnex.us/cuahsi/his/MOPEX/01611500 </loc>
		<lastmod> 2022-08-22 17:04:40.077635 </lastmod>
	</url><url>
		<loc> https://geoconnex.us/cuahsi/his/MOPEX/03050500 </loc>
		<lastmod> 2022-08-22 17:04:40.077651 </lastmod>
	</url><url>
		<loc> https://geoconnex.us/cuahsi/his/MOPEX/03051000 </loc>
		<lastmod> 2022-08-22 17:04:40.077666 </lastmod>
	</url><url>
		<loc> https://geoconnex.us/cuahsi/his/MOPEX/03054500 </loc>
		<lastmod> 2022-08-22 17:04:40.077681 </lastmod>
	</url><url>
		<loc> https://geoconnex.us/cuahsi/his/MOPEX/03065000 </loc>
		<lastmod> 2022-08-22 17:04:40.077697 </lastmod>
	</url><url>
		<loc> https://geoconnex.us/cuahsi/his/MOPEX/03069000 </loc>
		<lastmod> 2022-08-22 17:04:40.077712 </lastmod>
	</url><url>
		<loc> https://geoconnex.us/cuahsi/his/MOPEX/03069500 </loc>
		<lastmod> 2022-08-22 17:04:40.077727 </lastmod>
	</url><url>
		<loc> https://geoconnex.us/cuahsi/his/MOPEX/03070000 </loc>
		<lastmod> 2022-08-22 17:04:40.077742 </lastmod>
	</url><url>
		<loc> https://geoconnex.us/cuahsi/his/MOPEX/03114500 </loc>
		<lastmod> 2022-08-22 17:04:40.077757 </lastmod>
	</url><url>
		<loc> https://geoconnex.us/cuahsi/his/MOPEX/03155500 </loc>
		<lastmod> 2022-08-22 17:04:40.077772 </lastmod>
	</url><url>
		<loc> https://geoconnex.us/cuahsi/his/MOPEX/03179000 </loc>
		<lastmod> 2022-08-22 17:04:40.077787 </lastmod>
	</url><url>
		<loc> https://geoconnex.us/cuahsi/his/MOPEX/03180500 </loc>
		<lastmod> 2022-08-22 17:04:40.077802 </lastmod>
	</url><url>
		<loc> https://geoconnex.us/cuahsi/his/MOPEX/03182500 </loc>
		<lastmod> 2022-08-22 17:04:40.077817 </lastmod>
	</url><url>
		<loc> https://geoconnex.us/cuahsi/his/MOPEX/03183500 </loc>
		<lastmod> 2022-08-22 17:04:40.077832 </lastmod>
	</url><url>
		<loc> https://geoconnex.us/cuahsi/his/MOPEX/03184000 </loc>
		<lastmod> 2022-08-22 17:04:40.077846 </lastmod>
	</url><url>
		<loc> https://geoconnex.us/cuahsi/his/MOPEX/03186500 </loc>
		<lastmod> 2022-08-22 17:04:40.077861 </lastmod>
	</url><url>
		<loc> https://geoconnex.us/cuahsi/his/MOPEX/03198500 </loc>
		<lastmod> 2022-08-22 17:04:40.077876 </lastmod>
	</url><url>
		<loc> https://geoconnex.us/cuahsi/his/MOPEX/03199000 </loc>
		<lastmod> 2022-08-22 17:04:40.077891 </lastmod>
	</url><url>
		<loc> https://geoconnex.us/cuahsi/his/MOPEX/03213000 </loc>
		<lastmod> 2022-08-22 17:04:40.077906 </lastmod>
	</url><url>
		<loc> https://geoconnex.us/cuahsi/his/MOPEX/03214000 </loc>
		<lastmod> 2022-08-22 17:04:40.077921 </lastmod>
	</url><url>
		<loc> https://geoconnex.us/cuahsi/his/MOPEX/04073500 </loc>
		<lastmod> 2022-08-22 17:04:40.077936 </lastmod>
	</url><url>
		<loc> https://geoconnex.us/cuahsi/his/MOPEX/04079000 </loc>
		<lastmod> 2022-08-22 17:04:40.077952 </lastmod>
	</url><url>
		<loc> https://geoconnex.us/cuahsi/his/MOPEX/05383000 </loc>
		<lastmod> 2022-08-22 17:04:40.077967 </lastmod>
	</url><url>
		<loc> https://geoconnex.us/cuahsi/his/MOPEX/05408000 </loc>
		<lastmod> 2022-08-22 17:04:40.077982 </lastmod>
	</url><url>
		<loc> https://geoconnex.us/cuahsi/his/MOPEX/05410490 </loc>
		<lastmod> 2022-08-22 17:04:40.077997 </lastmod>
	</url><url>
		<loc> https://geoconnex.us/cuahsi/his/MOPEX/05410500 </loc>
		<lastmod> 2022-08-22 17:04:40.078013 </lastmod>
	</url><url>
		<loc> https://geoconnex.us/cuahsi/his/MOPEX/05430500 </loc>
		<lastmod> 2022-08-22 17:04:40.078028 </lastmod>
	</url><url>
		<loc> https://geoconnex.us/cuahsi/his/MOPEX/05546500 </loc>
		<lastmod> 2022-08-22 17:04:40.078043 </lastmod>
	</url><url>
		<loc> https://geoconnex.us/cuahsi/his/MOPEX/06225500 </loc>
		<lastmod> 2022-08-22 17:04:40.078058 </lastmod>
	</url><url>
		<loc> https://geoconnex.us/cuahsi/his/MOPEX/06426500 </loc>
		<lastmod> 2022-08-22 17:04:40.078073 </lastmod>
	</url><url>
		<loc> https://geoconnex.us/cuahsi/his/MOPEX/01500500 </loc>
		<lastmod> 2022-08-22 17:04:40.078089 </lastmod>
	</url></ns0:urlset>