<?xml version='1.0' encoding='utf-8'?>
<ns0:urlset xmlns:ns0="http://www.sitemaps.org/schemas/sitemap/0.9">
<url>
		<loc> https://geoconnex.us/cuahsi/his/TarlandWaterQuality/010201JHI </loc>
		<lastmod> 2022-08-22 17:04:40.085447 </lastmod>
	</url><url>
		<loc> https://geoconnex.us/cuahsi/his/TarlandWaterQuality/010210JHI </loc>
		<lastmod> 2022-08-22 17:04:40.085482 </lastmod>
	</url><url>
		<loc> https://geoconnex.us/cuahsi/his/TarlandWaterQuality/010213JHI </loc>
		<lastmod> 2022-08-22 17:04:40.085504 </lastmod>
	</url><url>
		<loc> https://geoconnex.us/cuahsi/his/TarlandWaterQuality/010214JHI </loc>
		<lastmod> 2022-08-22 17:04:40.085523 </lastmod>
	</url><url>
		<loc> https://geoconnex.us/cuahsi/his/TarlandWaterQuality/010215JHI </loc>
		<lastmod> 2022-08-22 17:04:40.085540 </lastmod>
	</url><url>
		<loc> https://geoconnex.us/cuahsi/his/TarlandWaterQuality/010216JHI </loc>
		<lastmod> 2022-08-22 17:04:40.085556 </lastmod>
	</url><url>
		<loc> https://geoconnex.us/cuahsi/his/TarlandWaterQuality/010202JHI </loc>
		<lastmod> 2022-08-22 17:04:40.085572 </lastmod>
	</url><url>
		<loc> https://geoconnex.us/cuahsi/his/TarlandWaterQuality/010220JHI </loc>
		<lastmod> 2022-08-22 17:04:40.085590 </lastmod>
	</url><url>
		<loc> https://geoconnex.us/cuahsi/his/TarlandWaterQuality/010227JHI </loc>
		<lastmod> 2022-08-22 17:04:40.085616 </lastmod>
	</url><url>
		<loc> https://geoconnex.us/cuahsi/his/TarlandWaterQuality/010230JHI </loc>
		<lastmod> 2022-08-22 17:04:40.085631 </lastmod>
	</url><url>
		<loc> https://geoconnex.us/cuahsi/his/TarlandWaterQuality/010231JHI </loc>
		<lastmod> 2022-08-22 17:04:40.085646 </lastmod>
	</url><url>
		<loc> https://geoconnex.us/cuahsi/his/TarlandWaterQuality/010232JHI </loc>
		<lastmod> 2022-08-22 17:04:40.085660 </lastmod>
	</url><url>
		<loc> https://geoconnex.us/cuahsi/his/TarlandWaterQuality/010205JHI </loc>
		<lastmod> 2022-08-22 17:04:40.085674 </lastmod>
	</url><url>
		<loc> https://geoconnex.us/cuahsi/his/TarlandWaterQuality/010206JHI </loc>
		<lastmod> 2022-08-22 17:04:40.085689 </lastmod>
	</url><url>
		<loc> https://geoconnex.us/cuahsi/his/TarlandWaterQuality/010207JHI </loc>
		<lastmod> 2022-08-22 17:04:40.085703 </lastmod>
	</url><url>
		<loc> https://geoconnex.us/cuahsi/his/TarlandWaterQuality/010208JHI </loc>
		<lastmod> 2022-08-22 17:04:40.085717 </lastmod>
	</url><url>
		<loc> https://geoconnex.us/cuahsi/his/TarlandWaterQuality/010233JHI </loc>
		<lastmod> 2022-08-22 17:04:40.085732 </lastmod>
	</url><url>
		<loc> https://geoconnex.us/cuahsi/his/TarlandWaterQuality/010234JHI </loc>
		<lastmod> 2022-08-22 17:04:40.085746 </lastmod>
	</url><url>
		<loc> https://geoconnex.us/cuahsi/his/TarlandWaterQuality/010235JHI </loc>
		<lastmod> 2022-08-22 17:04:40.085760 </lastmod>
	</url><url>
		<loc> https://geoconnex.us/cuahsi/his/TarlandWaterQuality/010236JHI </loc>
		<lastmod> 2022-08-22 17:04:40.085775 </lastmod>
	</url><url>
		<loc> https://geoconnex.us/cuahsi/his/TarlandWaterQuality/010237JHI </loc>
		<lastmod> 2022-08-22 17:04:40.085789 </lastmod>
	</url><url>
		<loc> https://geoconnex.us/cuahsi/his/TarlandWaterQuality/010238JHI </loc>
		<lastmod> 2022-08-22 17:04:40.085803 </lastmod>
	</url><url>
		<loc> https://geoconnex.us/cuahsi/his/TarlandWaterQuality/010240JHI </loc>
		<lastmod> 2022-08-22 17:04:40.085817 </lastmod>
	</url><url>
		<loc> https://geoconnex.us/cuahsi/his/TarlandWaterQuality/010241JHI </loc>
		<lastmod> 2022-08-22 17:04:40.085831 </lastmod>
	</url></ns0:urlset>