<?xml version='1.0' encoding='utf-8'?>
<ns0:urlset xmlns:ns0="http://www.sitemaps.org/schemas/sitemap/0.9">
<url>
		<loc> https://geoconnex.us/cuahsi/his/Logan_River_GAMUT/LR_WaterLab_AA </loc>
		<lastmod> 2022-08-22 17:04:41.839707 </lastmod>
	</url><url>
		<loc> https://geoconnex.us/cuahsi/his/Logan_River_GAMUT/LR_Mendon_AA </loc>
		<lastmod> 2022-08-22 17:04:41.839742 </lastmod>
	</url><url>
		<loc> https://geoconnex.us/cuahsi/his/Logan_River_GAMUT/LR_MainStreet_BA </loc>
		<lastmod> 2022-08-22 17:04:41.839764 </lastmod>
	</url><url>
		<loc> https://geoconnex.us/cuahsi/his/Logan_River_GAMUT/LR_TWDEF_C </loc>
		<lastmod> 2022-08-22 17:04:41.839782 </lastmod>
	</url><url>
		<loc> https://geoconnex.us/cuahsi/his/Logan_River_GAMUT/LR_GC_C </loc>
		<lastmod> 2022-08-22 17:04:41.839799 </lastmod>
	</url><url>
		<loc> https://geoconnex.us/cuahsi/his/Logan_River_GAMUT/LR_Wilkins_R </loc>
		<lastmod> 2022-08-22 17:04:41.839815 </lastmod>
	</url><url>
		<loc> https://geoconnex.us/cuahsi/his/Logan_River_GAMUT/LR_TG_C </loc>
		<lastmod> 2022-08-22 17:04:41.839832 </lastmod>
	</url><url>
		<loc> https://geoconnex.us/cuahsi/his/Logan_River_GAMUT/LR_FB_C </loc>
		<lastmod> 2022-08-22 17:04:41.839847 </lastmod>
	</url><url>
		<loc> https://geoconnex.us/cuahsi/his/Logan_River_GAMUT/LR_TG_BA </loc>
		<lastmod> 2022-08-22 17:04:41.839863 </lastmod>
	</url><url>
		<loc> https://geoconnex.us/cuahsi/his/Logan_River_GAMUT/LR_FB_BA </loc>
		<lastmod> 2022-08-22 17:04:41.839879 </lastmod>
	</url><url>
		<loc> https://geoconnex.us/cuahsi/his/Logan_River_GAMUT/LR_RH_SD </loc>
		<lastmod> 2022-08-22 17:04:41.839895 </lastmod>
	</url><url>
		<loc> https://geoconnex.us/cuahsi/his/Logan_River_GAMUT/LR_SC_SD </loc>
		<lastmod> 2022-08-22 17:04:41.839911 </lastmod>
	</url><url>
		<loc> https://geoconnex.us/cuahsi/his/Logan_River_GAMUT/BSF_CONF_BA </loc>
		<lastmod> 2022-08-22 17:04:41.839926 </lastmod>
	</url><url>
		<loc> https://geoconnex.us/cuahsi/his/Logan_River_GAMUT/NWF_1600N_CNL </loc>
		<lastmod> 2022-08-22 17:04:41.839941 </lastmod>
	</url><url>
		<loc> https://geoconnex.us/cuahsi/his/Logan_River_GAMUT/SLB_Pump_CNL </loc>
		<lastmod> 2022-08-22 17:04:41.839957 </lastmod>
	</url><url>
		<loc> https://geoconnex.us/cuahsi/his/Logan_River_GAMUT/SC_CONF_A </loc>
		<lastmod> 2022-08-22 17:04:41.839972 </lastmod>
	</url><url>
		<loc> https://geoconnex.us/cuahsi/his/Logan_River_GAMUT/LR_WCB_A </loc>
		<lastmod> 2022-08-22 17:04:41.839987 </lastmod>
	</url><url>
		<loc> https://geoconnex.us/cuahsi/his/Logan_River_GAMUT/LR_GCB_A </loc>
		<lastmod> 2022-08-22 17:04:41.840002 </lastmod>
	</url></ns0:urlset>