<?xml version='1.0' encoding='utf-8'?>
<ns0:urlset xmlns:ns0="http://www.sitemaps.org/schemas/sitemap/0.9">
<url>
		<loc> https://geoconnex.us/cuahsi/his/CUISO/1 </loc>
		<lastmod> 2022-08-22 17:04:41.781442 </lastmod>
	</url><url>
		<loc> https://geoconnex.us/cuahsi/his/CUISO/2 </loc>
		<lastmod> 2022-08-22 17:04:41.781477 </lastmod>
	</url><url>
		<loc> https://geoconnex.us/cuahsi/his/CUISO/3 </loc>
		<lastmod> 2022-08-22 17:04:41.781500 </lastmod>
	</url><url>
		<loc> https://geoconnex.us/cuahsi/his/CUISO/4 </loc>
		<lastmod> 2022-08-22 17:04:41.781519 </lastmod>
	</url><url>
		<loc> https://geoconnex.us/cuahsi/his/CUISO/5 </loc>
		<lastmod> 2022-08-22 17:04:41.781536 </lastmod>
	</url><url>
		<loc> https://geoconnex.us/cuahsi/his/CUISO/6 </loc>
		<lastmod> 2022-08-22 17:04:41.781552 </lastmod>
	</url><url>
		<loc> https://geoconnex.us/cuahsi/his/CUISO/7 </loc>
		<lastmod> 2022-08-22 17:04:41.781569 </lastmod>
	</url><url>
		<loc> https://geoconnex.us/cuahsi/his/CUISO/8 </loc>
		<lastmod> 2022-08-22 17:04:41.781585 </lastmod>
	</url><url>
		<loc> https://geoconnex.us/cuahsi/his/CUISO/9 </loc>
		<lastmod> 2022-08-22 17:04:41.781600 </lastmod>
	</url></ns0:urlset>