<?xml version='1.0' encoding='utf-8'?>
<ns0:urlset xmlns:ns0="http://www.sitemaps.org/schemas/sitemap/0.9">
<url>
		<loc> https://geoconnex.us/cuahsi/his/GlobalRiversObservatory/AncientF </loc>
		<lastmod> 2022-08-22 17:04:41.467053 </lastmod>
	</url><url>
		<loc> https://geoconnex.us/cuahsi/his/GlobalRiversObservatory/BlkWatR </loc>
		<lastmod> 2022-08-22 17:04:41.467088 </lastmod>
	</url><url>
		<loc> https://geoconnex.us/cuahsi/his/GlobalRiversObservatory/BowronR </loc>
		<lastmod> 2022-08-22 17:04:41.467111 </lastmod>
	</url><url>
		<loc> https://geoconnex.us/cuahsi/his/GlobalRiversObservatory/BridgeR </loc>
		<lastmod> 2022-08-22 17:04:41.467130 </lastmod>
	</url><url>
		<loc> https://geoconnex.us/cuahsi/his/GlobalRiversObservatory/ChilcotinR </loc>
		<lastmod> 2022-08-22 17:04:41.467147 </lastmod>
	</url><url>
		<loc> https://geoconnex.us/cuahsi/his/GlobalRiversObservatory/DoreR </loc>
		<lastmod> 2022-08-22 17:04:41.467164 </lastmod>
	</url><url>
		<loc> https://geoconnex.us/cuahsi/his/GlobalRiversObservatory/FFitzwil </loc>
		<lastmod> 2022-08-22 17:04:41.467181 </lastmod>
	</url><url>
		<loc> https://geoconnex.us/cuahsi/his/GlobalRiversObservatory/FFtLang </loc>
		<lastmod> 2022-08-22 17:04:41.467197 </lastmod>
	</url><url>
		<loc> https://geoconnex.us/cuahsi/his/GlobalRiversObservatory/FHansard </loc>
		<lastmod> 2022-08-22 17:04:41.467213 </lastmod>
	</url><url>
		<loc> https://geoconnex.us/cuahsi/his/GlobalRiversObservatory/FHope </loc>
		<lastmod> 2022-08-22 17:04:41.467228 </lastmod>
	</url><url>
		<loc> https://geoconnex.us/cuahsi/his/GlobalRiversObservatory/FLillooet </loc>
		<lastmod> 2022-08-22 17:04:41.467244 </lastmod>
	</url><url>
		<loc> https://geoconnex.us/cuahsi/his/GlobalRiversObservatory/FLytton </loc>
		<lastmod> 2022-08-22 17:04:41.467260 </lastmod>
	</url><url>
		<loc> https://geoconnex.us/cuahsi/his/GlobalRiversObservatory/FMcBride </loc>
		<lastmod> 2022-08-22 17:04:41.467275 </lastmod>
	</url><url>
		<loc> https://geoconnex.us/cuahsi/his/GlobalRiversObservatory/FNewWest </loc>
		<lastmod> 2022-08-22 17:04:41.467290 </lastmod>
	</url><url>
		<loc> https://geoconnex.us/cuahsi/his/GlobalRiversObservatory/FStoner </loc>
		<lastmod> 2022-08-22 17:04:41.467305 </lastmod>
	</url><url>
		<loc> https://geoconnex.us/cuahsi/his/GlobalRiversObservatory/Fdelta </loc>
		<lastmod> 2022-08-22 17:04:41.467321 </lastmod>
	</url><url>
		<loc> https://geoconnex.us/cuahsi/his/GlobalRiversObservatory/Festuary </loc>
		<lastmod> 2022-08-22 17:04:41.467336 </lastmod>
	</url><url>
		<loc> https://geoconnex.us/cuahsi/his/GlobalRiversObservatory/GoatR </loc>
		<lastmod> 2022-08-22 17:04:41.467352 </lastmod>
	</url><url>
		<loc> https://geoconnex.us/cuahsi/his/GlobalRiversObservatory/HarrisonR </loc>
		<lastmod> 2022-08-22 17:04:41.467367 </lastmod>
	</url><url>
		<loc> https://geoconnex.us/cuahsi/his/GlobalRiversObservatory/HolmesR </loc>
		<lastmod> 2022-08-22 17:04:41.467382 </lastmod>
	</url><url>
		<loc> https://geoconnex.us/cuahsi/his/GlobalRiversObservatory/McGregR </loc>
		<lastmod> 2022-08-22 17:04:41.467397 </lastmod>
	</url><url>
		<loc> https://geoconnex.us/cuahsi/his/GlobalRiversObservatory/NahatR </loc>
		<lastmod> 2022-08-22 17:04:41.467413 </lastmod>
	</url><url>
		<loc> https://geoconnex.us/cuahsi/his/GlobalRiversObservatory/NechakoR </loc>
		<lastmod> 2022-08-22 17:04:41.467428 </lastmod>
	</url><url>
		<loc> https://geoconnex.us/cuahsi/his/GlobalRiversObservatory/PittR </loc>
		<lastmod> 2022-08-22 17:04:41.467443 </lastmod>
	</url><url>
		<loc> https://geoconnex.us/cuahsi/his/GlobalRiversObservatory/QuesnelR </loc>
		<lastmod> 2022-08-22 17:04:41.467458 </lastmod>
	</url><url>
		<loc> https://geoconnex.us/cuahsi/his/GlobalRiversObservatory/RobsonR </loc>
		<lastmod> 2022-08-22 17:04:41.467474 </lastmod>
	</url><url>
		<loc> https://geoconnex.us/cuahsi/his/GlobalRiversObservatory/RobsArtWell </loc>
		<lastmod> 2022-08-22 17:04:41.467489 </lastmod>
	</url><url>
		<loc> https://geoconnex.us/cuahsi/his/GlobalRiversObservatory/RobsBergLake </loc>
		<lastmod> 2022-08-22 17:04:41.467505 </lastmod>
	</url><url>
		<loc> https://geoconnex.us/cuahsi/his/GlobalRiversObservatory/RobsBergLTrailH </loc>
		<lastmod> 2022-08-22 17:04:41.467520 </lastmod>
	</url><url>
		<loc> https://geoconnex.us/cuahsi/his/GlobalRiversObservatory/RobsGlacierOutL </loc>
		<lastmod> 2022-08-22 17:04:41.467536 </lastmod>
	</url><url>
		<loc> https://geoconnex.us/cuahsi/his/GlobalRiversObservatory/RobsWhiteHCamp </loc>
		<lastmod> 2022-08-22 17:04:41.467551 </lastmod>
	</url><url>
		<loc> https://geoconnex.us/cuahsi/his/GlobalRiversObservatory/SandHeads </loc>
		<lastmod> 2022-08-22 17:04:41.467566 </lastmod>
	</url><url>
		<loc> https://geoconnex.us/cuahsi/his/GlobalRiversObservatory/SmallR </loc>
		<lastmod> 2022-08-22 17:04:41.467581 </lastmod>
	</url><url>
		<loc> https://geoconnex.us/cuahsi/his/GlobalRiversObservatory/StuartL </loc>
		<lastmod> 2022-08-22 17:04:41.467597 </lastmod>
	</url><url>
		<loc> https://geoconnex.us/cuahsi/his/GlobalRiversObservatory/ThompsonR </loc>
		<lastmod> 2022-08-22 17:04:41.467612 </lastmod>
	</url><url>
		<loc> https://geoconnex.us/cuahsi/his/GlobalRiversObservatory/WillowR </loc>
		<lastmod> 2022-08-22 17:04:41.467627 </lastmod>
	</url><url>
		<loc> https://geoconnex.us/cuahsi/his/GlobalRiversObservatory/YellowhdL </loc>
		<lastmod> 2022-08-22 17:04:41.467642 </lastmod>
	</url></ns0:urlset>