<?xml version='1.0' encoding='utf-8'?>
<ns0:urlset xmlns:ns0="http://www.sitemaps.org/schemas/sitemap/0.9">
<url>
		<loc> https://geoconnex.us/cuahsi/his/UMBCWQ/DR5 </loc>
		<lastmod> 2022-08-22 17:04:41.791938 </lastmod>
	</url><url>
		<loc> https://geoconnex.us/cuahsi/his/UMBCWQ/DR5.015m </loc>
		<lastmod> 2022-08-22 17:04:41.791973 </lastmod>
	</url><url>
		<loc> https://geoconnex.us/cuahsi/his/UMBCWQ/DR5.108m </loc>
		<lastmod> 2022-08-22 17:04:41.791995 </lastmod>
	</url><url>
		<loc> https://geoconnex.us/cuahsi/his/UMBCWQ/DR5.190m </loc>
		<lastmod> 2022-08-22 17:04:41.792013 </lastmod>
	</url><url>
		<loc> https://geoconnex.us/cuahsi/his/UMBCWQ/DR5.231m </loc>
		<lastmod> 2022-08-22 17:04:41.792030 </lastmod>
	</url><url>
		<loc> https://geoconnex.us/cuahsi/his/UMBCWQ/DR5.382m </loc>
		<lastmod> 2022-08-22 17:04:41.792073 </lastmod>
	</url><url>
		<loc> https://geoconnex.us/cuahsi/his/UMBCWQ/DR5.514m </loc>
		<lastmod> 2022-08-22 17:04:41.792090 </lastmod>
	</url><url>
		<loc> https://geoconnex.us/cuahsi/his/UMBCWQ/DR5.582m </loc>
		<lastmod> 2022-08-22 17:04:41.792106 </lastmod>
	</url><url>
		<loc> https://geoconnex.us/cuahsi/his/UMBCWQ/DR5.786m </loc>
		<lastmod> 2022-08-22 17:04:41.792121 </lastmod>
	</url><url>
		<loc> https://geoconnex.us/cuahsi/his/UMBCWQ/DR5.893m </loc>
		<lastmod> 2022-08-22 17:04:41.792137 </lastmod>
	</url><url>
		<loc> https://geoconnex.us/cuahsi/his/UMBCWQ/DR5.902m </loc>
		<lastmod> 2022-08-22 17:04:41.792152 </lastmod>
	</url><url>
		<loc> https://geoconnex.us/cuahsi/his/UMBCWQ/DR2 </loc>
		<lastmod> 2022-08-22 17:04:41.792168 </lastmod>
	</url><url>
		<loc> https://geoconnex.us/cuahsi/his/UMBCWQ/DR3 </loc>
		<lastmod> 2022-08-22 17:04:41.792184 </lastmod>
	</url><url>
		<loc> https://geoconnex.us/cuahsi/his/UMBCWQ/DR4 </loc>
		<lastmod> 2022-08-22 17:04:41.792199 </lastmod>
	</url><url>
		<loc> https://geoconnex.us/cuahsi/his/UMBCWQ/DRKR </loc>
		<lastmod> 2022-08-22 17:04:41.792214 </lastmod>
	</url><url>
		<loc> https://geoconnex.us/cuahsi/his/UMBCWQ/DR1 </loc>
		<lastmod> 2022-08-22 17:04:41.792230 </lastmod>
	</url></ns0:urlset>