<?xml version='1.0' encoding='utf-8'?>
<ns0:urlset xmlns:ns0="http://www.sitemaps.org/schemas/sitemap/0.9">
<url>
		<loc> https://geoconnex.us/cuahsi/his/DRWI/MiSTuC2452345 </loc>
		<lastmod> 2022-08-22 17:04:41.348734 </lastmod>
	</url><url>
		<loc> https://geoconnex.us/cuahsi/his/DRWI/ScHSBF1765563 </loc>
		<lastmod> 2022-08-22 17:04:41.348770 </lastmod>
	</url><url>
		<loc> https://geoconnex.us/cuahsi/his/DRWI/PaKRaC3426a441 </loc>
		<lastmod> 2022-08-22 17:04:41.348793 </lastmod>
	</url><url>
		<loc> https://geoconnex.us/cuahsi/his/DRWI/BaCBuR11362231 </loc>
		<lastmod> 2022-08-22 17:04:41.348813 </lastmod>
	</url><url>
		<loc> https://geoconnex.us/cuahsi/his/DRWI/USPCoC10483250 </loc>
		<lastmod> 2022-08-22 17:04:41.348830 </lastmod>
	</url><url>
		<loc> https://geoconnex.us/cuahsi/his/DRWI/PaKBrC3158623 </loc>
		<lastmod> 2022-08-22 17:04:41.348846 </lastmod>
	</url><url>
		<loc> https://geoconnex.us/cuahsi/his/DRWI/USPPoC12949861 </loc>
		<lastmod> 2022-08-22 17:04:41.348862 </lastmod>
	</url><url>
		<loc> https://geoconnex.us/cuahsi/his/DRWI/PaKFlB3278860 </loc>
		<lastmod> 2022-08-22 17:04:41.348878 </lastmod>
	</url><url>
		<loc> https://geoconnex.us/cuahsi/his/DRWI/PaKLBK316077 </loc>
		<lastmod> 2022-08-22 17:04:41.348894 </lastmod>
	</url><url>
		<loc> https://geoconnex.us/cuahsi/his/DRWI/MiSPeC19231620 </loc>
		<lastmod> 2022-08-22 17:04:41.348910 </lastmod>
	</url><url>
		<loc> https://geoconnex.us/cuahsi/his/DRWI/PaKBaK37972393 </loc>
		<lastmod> 2022-08-22 17:04:41.348926 </lastmod>
	</url><url>
		<loc> https://geoconnex.us/cuahsi/his/DRWI/ScHFrC1765208 </loc>
		<lastmod> 2022-08-22 17:04:41.348941 </lastmod>
	</url><url>
		<loc> https://geoconnex.us/cuahsi/his/DRWI/NJHMuR26033731 </loc>
		<lastmod> 2022-08-22 17:04:41.348957 </lastmod>
	</url><url>
		<loc> https://geoconnex.us/cuahsi/his/DRWI/ScHPiC15871111 </loc>
		<lastmod> 2022-08-22 17:04:41.348972 </lastmod>
	</url><url>
		<loc> https://geoconnex.us/cuahsi/his/DRWI/MiSRVC1796739 </loc>
		<lastmod> 2022-08-22 17:04:41.348988 </lastmod>
	</url><url>
		<loc> https://geoconnex.us/cuahsi/his/DRWI/MiSSwC1731199 </loc>
		<lastmod> 2022-08-22 17:04:41.349003 </lastmod>
	</url><url>
		<loc> https://geoconnex.us/cuahsi/his/DRWI/UpLToC40800 </loc>
		<lastmod> 2022-08-22 17:04:41.349019 </lastmod>
	</url><url>
		<loc> https://geoconnex.us/cuahsi/his/DRWI/NJHMuR27784578 </loc>
		<lastmod> 2022-08-22 17:04:41.349034 </lastmod>
	</url><url>
		<loc> https://geoconnex.us/cuahsi/his/DRWI/MiSMaC2512138 </loc>
		<lastmod> 2022-08-22 17:04:41.349049 </lastmod>
	</url><url>
		<loc> https://geoconnex.us/cuahsi/his/DRWI/USPBuP12462996 </loc>
		<lastmod> 2022-08-22 17:04:41.349065 </lastmod>
	</url><url>
		<loc> https://geoconnex.us/cuahsi/his/DRWI/BaCWBB13831772 </loc>
		<lastmod> 2022-08-22 17:04:41.349080 </lastmod>
	</url><url>
		<loc> https://geoconnex.us/cuahsi/his/DRWI/MiSMaC1850792 </loc>
		<lastmod> 2022-08-22 17:04:41.349095 </lastmod>
	</url><url>
		<loc> https://geoconnex.us/cuahsi/his/DRWI/NJHPaK303554 </loc>
		<lastmod> 2022-08-22 17:04:41.349110 </lastmod>
	</url><url>
		<loc> https://geoconnex.us/cuahsi/his/DRWI/BaCEBW11271815 </loc>
		<lastmod> 2022-08-22 17:04:41.349127 </lastmod>
	</url><url>
		<loc> https://geoconnex.us/cuahsi/his/DRWI/ScHFrC15952118 </loc>
		<lastmod> 2022-08-22 17:04:41.349142 </lastmod>
	</url><url>
		<loc> https://geoconnex.us/cuahsi/his/DRWI/ScHHaC2019787 </loc>
		<lastmod> 2022-08-22 17:04:41.349157 </lastmod>
	</url><url>
		<loc> https://geoconnex.us/cuahsi/his/DRWI/NJHUnT33191904 </loc>
		<lastmod> 2022-08-22 17:04:41.349173 </lastmod>
	</url><url>
		<loc> https://geoconnex.us/cuahsi/his/DRWI/BaCEBB1187533 </loc>
		<lastmod> 2022-08-22 17:04:41.349188 </lastmod>
	</url><url>
		<loc> https://geoconnex.us/cuahsi/his/DRWI/PaKTeR4088184 </loc>
		<lastmod> 2022-08-22 17:04:41.349203 </lastmod>
	</url><url>
		<loc> https://geoconnex.us/cuahsi/his/DRWI/PaKMaC41101476 </loc>
		<lastmod> 2022-08-22 17:04:41.349218 </lastmod>
	</url><url>
		<loc> https://geoconnex.us/cuahsi/his/DRWI/USPPeC1411531 </loc>
		<lastmod> 2022-08-22 17:04:41.349234 </lastmod>
	</url><url>
		<loc> https://geoconnex.us/cuahsi/his/DRWI/UpLBlC355293 </loc>
		<lastmod> 2022-08-22 17:04:41.349249 </lastmod>
	</url><url>
		<loc> https://geoconnex.us/cuahsi/his/DRWI/UpLSiC3975a370 </loc>
		<lastmod> 2022-08-22 17:04:41.349264 </lastmod>
	</url><url>
		<loc> https://geoconnex.us/cuahsi/his/DRWI/NJHPeR2804579 </loc>
		<lastmod> 2022-08-22 17:04:41.349279 </lastmod>
	</url><url>
		<loc> https://geoconnex.us/cuahsi/his/DRWI/UpLBeC3746312 </loc>
		<lastmod> 2022-08-22 17:04:41.349294 </lastmod>
	</url></ns0:urlset>