<?xml version='1.0' encoding='utf-8'?>
<ns0:urlset xmlns:ns0="http://www.sitemaps.org/schemas/sitemap/0.9">
<url>
		<loc> https://geoconnex.us/cuahsi/his/MobileCrowdHydrology/MI1061 </loc>
		<lastmod> 2022-08-22 17:04:41.830839 </lastmod>
	</url><url>
		<loc> https://geoconnex.us/cuahsi/his/MobileCrowdHydrology/CA9000 </loc>
		<lastmod> 2022-08-22 17:04:41.830873 </lastmod>
	</url><url>
		<loc> https://geoconnex.us/cuahsi/his/MobileCrowdHydrology/WI1020 </loc>
		<lastmod> 2022-08-22 17:04:41.830894 </lastmod>
	</url><url>
		<loc> https://geoconnex.us/cuahsi/his/MobileCrowdHydrology/ME9000 </loc>
		<lastmod> 2022-08-22 17:04:41.830912 </lastmod>
	</url><url>
		<loc> https://geoconnex.us/cuahsi/his/MobileCrowdHydrology/CA1001 </loc>
		<lastmod> 2022-08-22 17:04:41.830929 </lastmod>
	</url><url>
		<loc> https://geoconnex.us/cuahsi/his/MobileCrowdHydrology/CA1000 </loc>
		<lastmod> 2022-08-22 17:04:41.830946 </lastmod>
	</url><url>
		<loc> https://geoconnex.us/cuahsi/his/MobileCrowdHydrology/MN1008 </loc>
		<lastmod> 2022-08-22 17:04:41.830962 </lastmod>
	</url><url>
		<loc> https://geoconnex.us/cuahsi/his/MobileCrowdHydrology/MN1010 </loc>
		<lastmod> 2022-08-22 17:04:41.830978 </lastmod>
	</url><url>
		<loc> https://geoconnex.us/cuahsi/his/MobileCrowdHydrology/MN1007 </loc>
		<lastmod> 2022-08-22 17:04:41.830993 </lastmod>
	</url><url>
		<loc> https://geoconnex.us/cuahsi/his/MobileCrowdHydrology/MN1006 </loc>
		<lastmod> 2022-08-22 17:04:41.831009 </lastmod>
	</url><url>
		<loc> https://geoconnex.us/cuahsi/his/MobileCrowdHydrology/MN1005 </loc>
		<lastmod> 2022-08-22 17:04:41.831024 </lastmod>
	</url><url>
		<loc> https://geoconnex.us/cuahsi/his/MobileCrowdHydrology/MN1004 </loc>
		<lastmod> 2022-08-22 17:04:41.831040 </lastmod>
	</url><url>
		<loc> https://geoconnex.us/cuahsi/his/MobileCrowdHydrology/MN1003 </loc>
		<lastmod> 2022-08-22 17:04:41.831055 </lastmod>
	</url><url>
		<loc> https://geoconnex.us/cuahsi/his/MobileCrowdHydrology/MN1002 </loc>
		<lastmod> 2022-08-22 17:04:41.831070 </lastmod>
	</url><url>
		<loc> https://geoconnex.us/cuahsi/his/MobileCrowdHydrology/MN1001 </loc>
		<lastmod> 2022-08-22 17:04:41.831085 </lastmod>
	</url><url>
		<loc> https://geoconnex.us/cuahsi/his/MobileCrowdHydrology/MN1000 </loc>
		<lastmod> 2022-08-22 17:04:41.831100 </lastmod>
	</url><url>
		<loc> https://geoconnex.us/cuahsi/his/MobileCrowdHydrology/MI1060 </loc>
		<lastmod> 2022-08-22 17:04:41.831115 </lastmod>
	</url><url>
		<loc> https://geoconnex.us/cuahsi/his/MobileCrowdHydrology/MI1059 </loc>
		<lastmod> 2022-08-22 17:04:41.831130 </lastmod>
	</url><url>
		<loc> https://geoconnex.us/cuahsi/his/MobileCrowdHydrology/MI1058 </loc>
		<lastmod> 2022-08-22 17:04:41.831146 </lastmod>
	</url><url>
		<loc> https://geoconnex.us/cuahsi/his/MobileCrowdHydrology/MI1057 </loc>
		<lastmod> 2022-08-22 17:04:41.831161 </lastmod>
	</url><url>
		<loc> https://geoconnex.us/cuahsi/his/MobileCrowdHydrology/MI1056 </loc>
		<lastmod> 2022-08-22 17:04:41.831176 </lastmod>
	</url><url>
		<loc> https://geoconnex.us/cuahsi/his/MobileCrowdHydrology/MI1055 </loc>
		<lastmod> 2022-08-22 17:04:41.831191 </lastmod>
	</url><url>
		<loc> https://geoconnex.us/cuahsi/his/MobileCrowdHydrology/WI2017 </loc>
		<lastmod> 2022-08-22 17:04:41.831206 </lastmod>
	</url><url>
		<loc> https://geoconnex.us/cuahsi/his/MobileCrowdHydrology/WI2016 </loc>
		<lastmod> 2022-08-22 17:04:41.831221 </lastmod>
	</url><url>
		<loc> https://geoconnex.us/cuahsi/his/MobileCrowdHydrology/WI2015 </loc>
		<lastmod> 2022-08-22 17:04:41.831236 </lastmod>
	</url><url>
		<loc> https://geoconnex.us/cuahsi/his/MobileCrowdHydrology/WI2014 </loc>
		<lastmod> 2022-08-22 17:04:41.831251 </lastmod>
	</url><url>
		<loc> https://geoconnex.us/cuahsi/his/MobileCrowdHydrology/WI2013 </loc>
		<lastmod> 2022-08-22 17:04:41.831266 </lastmod>
	</url><url>
		<loc> https://geoconnex.us/cuahsi/his/MobileCrowdHydrology/WI2012 </loc>
		<lastmod> 2022-08-22 17:04:41.831282 </lastmod>
	</url><url>
		<loc> https://geoconnex.us/cuahsi/his/MobileCrowdHydrology/WI2011 </loc>
		<lastmod> 2022-08-22 17:04:41.831297 </lastmod>
	</url><url>
		<loc> https://geoconnex.us/cuahsi/his/MobileCrowdHydrology/WI2010 </loc>
		<lastmod> 2022-08-22 17:04:41.831312 </lastmod>
	</url><url>
		<loc> https://geoconnex.us/cuahsi/his/MobileCrowdHydrology/WI2009 </loc>
		<lastmod> 2022-08-22 17:04:41.831327 </lastmod>
	</url><url>
		<loc> https://geoconnex.us/cuahsi/his/MobileCrowdHydrology/WI2008 </loc>
		<lastmod> 2022-08-22 17:04:41.831342 </lastmod>
	</url><url>
		<loc> https://geoconnex.us/cuahsi/his/MobileCrowdHydrology/WI2007 </loc>
		<lastmod> 2022-08-22 17:04:41.831357 </lastmod>
	</url><url>
		<loc> https://geoconnex.us/cuahsi/his/MobileCrowdHydrology/WI2006 </loc>
		<lastmod> 2022-08-22 17:04:41.831372 </lastmod>
	</url><url>
		<loc> https://geoconnex.us/cuahsi/his/MobileCrowdHydrology/WI2005 </loc>
		<lastmod> 2022-08-22 17:04:41.831387 </lastmod>
	</url><url>
		<loc> https://geoconnex.us/cuahsi/his/MobileCrowdHydrology/WI2004 </loc>
		<lastmod> 2022-08-22 17:04:41.831403 </lastmod>
	</url><url>
		<loc> https://geoconnex.us/cuahsi/his/MobileCrowdHydrology/WI2003 </loc>
		<lastmod> 2022-08-22 17:04:41.831418 </lastmod>
	</url><url>
		<loc> https://geoconnex.us/cuahsi/his/MobileCrowdHydrology/WI2002 </loc>
		<lastmod> 2022-08-22 17:04:41.831433 </lastmod>
	</url><url>
		<loc> https://geoconnex.us/cuahsi/his/MobileCrowdHydrology/WI2001 </loc>
		<lastmod> 2022-08-22 17:04:41.831448 </lastmod>
	</url><url>
		<loc> https://geoconnex.us/cuahsi/his/MobileCrowdHydrology/MI1031 </loc>
		<lastmod> 2022-08-22 17:04:41.831463 </lastmod>
	</url><url>
		<loc> https://geoconnex.us/cuahsi/his/MobileCrowdHydrology/MI1030 </loc>
		<lastmod> 2022-08-22 17:04:41.831478 </lastmod>
	</url><url>
		<loc> https://geoconnex.us/cuahsi/his/MobileCrowdHydrology/MI1029 </loc>
		<lastmod> 2022-08-22 17:04:41.831493 </lastmod>
	</url><url>
		<loc> https://geoconnex.us/cuahsi/his/MobileCrowdHydrology/MI1028 </loc>
		<lastmod> 2022-08-22 17:04:41.831508 </lastmod>
	</url><url>
		<loc> https://geoconnex.us/cuahsi/his/MobileCrowdHydrology/MI1027 </loc>
		<lastmod> 2022-08-22 17:04:41.831523 </lastmod>
	</url><url>
		<loc> https://geoconnex.us/cuahsi/his/MobileCrowdHydrology/NY1025 </loc>
		<lastmod> 2022-08-22 17:04:41.831538 </lastmod>
	</url><url>
		<loc> https://geoconnex.us/cuahsi/his/MobileCrowdHydrology/MD1001 </loc>
		<lastmod> 2022-08-22 17:04:41.831553 </lastmod>
	</url><url>
		<loc> https://geoconnex.us/cuahsi/his/MobileCrowdHydrology/MD1000 </loc>
		<lastmod> 2022-08-22 17:04:41.831569 </lastmod>
	</url><url>
		<loc> https://geoconnex.us/cuahsi/his/MobileCrowdHydrology/NE1001 </loc>
		<lastmod> 2022-08-22 17:04:41.831584 </lastmod>
	</url><url>
		<loc> https://geoconnex.us/cuahsi/his/MobileCrowdHydrology/PA1002 </loc>
		<lastmod> 2022-08-22 17:04:41.831599 </lastmod>
	</url><url>
		<loc> https://geoconnex.us/cuahsi/his/MobileCrowdHydrology/PA1001 </loc>
		<lastmod> 2022-08-22 17:04:41.831614 </lastmod>
	</url><url>
		<loc> https://geoconnex.us/cuahsi/his/MobileCrowdHydrology/PA1000 </loc>
		<lastmod> 2022-08-22 17:04:41.831629 </lastmod>
	</url><url>
		<loc> https://geoconnex.us/cuahsi/his/MobileCrowdHydrology/OR1001 </loc>
		<lastmod> 2022-08-22 17:04:41.831644 </lastmod>
	</url><url>
		<loc> https://geoconnex.us/cuahsi/his/MobileCrowdHydrology/NE1000 </loc>
		<lastmod> 2022-08-22 17:04:41.831659 </lastmod>
	</url><url>
		<loc> https://geoconnex.us/cuahsi/his/MobileCrowdHydrology/WI9007 </loc>
		<lastmod> 2022-08-22 17:04:41.831673 </lastmod>
	</url><url>
		<loc> https://geoconnex.us/cuahsi/his/MobileCrowdHydrology/WI9006 </loc>
		<lastmod> 2022-08-22 17:04:41.831688 </lastmod>
	</url><url>
		<loc> https://geoconnex.us/cuahsi/his/MobileCrowdHydrology/WI9005 </loc>
		<lastmod> 2022-08-22 17:04:41.831703 </lastmod>
	</url><url>
		<loc> https://geoconnex.us/cuahsi/his/MobileCrowdHydrology/WI9004 </loc>
		<lastmod> 2022-08-22 17:04:41.831718 </lastmod>
	</url><url>
		<loc> https://geoconnex.us/cuahsi/his/MobileCrowdHydrology/WI9003 </loc>
		<lastmod> 2022-08-22 17:04:41.831733 </lastmod>
	</url><url>
		<loc> https://geoconnex.us/cuahsi/his/MobileCrowdHydrology/WI9002 </loc>
		<lastmod> 2022-08-22 17:04:41.831748 </lastmod>
	</url><url>
		<loc> https://geoconnex.us/cuahsi/his/MobileCrowdHydrology/WI9001 </loc>
		<lastmod> 2022-08-22 17:04:41.831763 </lastmod>
	</url><url>
		<loc> https://geoconnex.us/cuahsi/his/MobileCrowdHydrology/WI9000 </loc>
		<lastmod> 2022-08-22 17:04:41.831779 </lastmod>
	</url><url>
		<loc> https://geoconnex.us/cuahsi/his/MobileCrowdHydrology/WI1010 </loc>
		<lastmod> 2022-08-22 17:04:41.831794 </lastmod>
	</url><url>
		<loc> https://geoconnex.us/cuahsi/his/MobileCrowdHydrology/MI1033 </loc>
		<lastmod> 2022-08-22 17:04:41.831809 </lastmod>
	</url><url>
		<loc> https://geoconnex.us/cuahsi/his/MobileCrowdHydrology/NY1022 </loc>
		<lastmod> 2022-08-22 17:04:41.831824 </lastmod>
	</url><url>
		<loc> https://geoconnex.us/cuahsi/his/MobileCrowdHydrology/NY1021 </loc>
		<lastmod> 2022-08-22 17:04:41.831839 </lastmod>
	</url><url>
		<loc> https://geoconnex.us/cuahsi/his/MobileCrowdHydrology/NY1020 </loc>
		<lastmod> 2022-08-22 17:04:41.831854 </lastmod>
	</url><url>
		<loc> https://geoconnex.us/cuahsi/his/MobileCrowdHydrology/MI1026 </loc>
		<lastmod> 2022-08-22 17:04:41.831869 </lastmod>
	</url><url>
		<loc> https://geoconnex.us/cuahsi/his/MobileCrowdHydrology/MI1025 </loc>
		<lastmod> 2022-08-22 17:04:41.831884 </lastmod>
	</url><url>
		<loc> https://geoconnex.us/cuahsi/his/MobileCrowdHydrology/MI1024 </loc>
		<lastmod> 2022-08-22 17:04:41.831899 </lastmod>
	</url><url>
		<loc> https://geoconnex.us/cuahsi/his/MobileCrowdHydrology/MI1023 </loc>
		<lastmod> 2022-08-22 17:04:41.831914 </lastmod>
	</url><url>
		<loc> https://geoconnex.us/cuahsi/his/MobileCrowdHydrology/MI1022 </loc>
		<lastmod> 2022-08-22 17:04:41.831929 </lastmod>
	</url><url>
		<loc> https://geoconnex.us/cuahsi/his/MobileCrowdHydrology/NL1001 </loc>
		<lastmod> 2022-08-22 17:04:41.831944 </lastmod>
	</url><url>
		<loc> https://geoconnex.us/cuahsi/his/MobileCrowdHydrology/NY1011 </loc>
		<lastmod> 2022-08-22 17:04:41.831959 </lastmod>
	</url><url>
		<loc> https://geoconnex.us/cuahsi/his/MobileCrowdHydrology/NY1010 </loc>
		<lastmod> 2022-08-22 17:04:41.831974 </lastmod>
	</url><url>
		<loc> https://geoconnex.us/cuahsi/his/MobileCrowdHydrology/UT1000 </loc>
		<lastmod> 2022-08-22 17:04:41.831989 </lastmod>
	</url><url>
		<loc> https://geoconnex.us/cuahsi/his/MobileCrowdHydrology/OR1000 </loc>
		<lastmod> 2022-08-22 17:04:41.832004 </lastmod>
	</url><url>
		<loc> https://geoconnex.us/cuahsi/his/MobileCrowdHydrology/NL1005 </loc>
		<lastmod> 2022-08-22 17:04:41.832019 </lastmod>
	</url><url>
		<loc> https://geoconnex.us/cuahsi/his/MobileCrowdHydrology/NY1019 </loc>
		<lastmod> 2022-08-22 17:04:41.832034 </lastmod>
	</url><url>
		<loc> https://geoconnex.us/cuahsi/his/MobileCrowdHydrology/NL1009 </loc>
		<lastmod> 2022-08-22 17:04:41.832076 </lastmod>
	</url><url>
		<loc> https://geoconnex.us/cuahsi/his/MobileCrowdHydrology/MI1021 </loc>
		<lastmod> 2022-08-22 17:04:41.832091 </lastmod>
	</url><url>
		<loc> https://geoconnex.us/cuahsi/his/MobileCrowdHydrology/MI1020 </loc>
		<lastmod> 2022-08-22 17:04:41.832106 </lastmod>
	</url><url>
		<loc> https://geoconnex.us/cuahsi/his/MobileCrowdHydrology/MI1018 </loc>
		<lastmod> 2022-08-22 17:04:41.832121 </lastmod>
	</url><url>
		<loc> https://geoconnex.us/cuahsi/his/MobileCrowdHydrology/MI1019 </loc>
		<lastmod> 2022-08-22 17:04:41.832136 </lastmod>
	</url><url>
		<loc> https://geoconnex.us/cuahsi/his/MobileCrowdHydrology/MI1017 </loc>
		<lastmod> 2022-08-22 17:04:41.832151 </lastmod>
	</url><url>
		<loc> https://geoconnex.us/cuahsi/his/MobileCrowdHydrology/MI1016 </loc>
		<lastmod> 2022-08-22 17:04:41.832177 </lastmod>
	</url><url>
		<loc> https://geoconnex.us/cuahsi/his/MobileCrowdHydrology/MI1015 </loc>
		<lastmod> 2022-08-22 17:04:41.832191 </lastmod>
	</url><url>
		<loc> https://geoconnex.us/cuahsi/his/MobileCrowdHydrology/WI1002 </loc>
		<lastmod> 2022-08-22 17:04:41.832205 </lastmod>
	</url><url>
		<loc> https://geoconnex.us/cuahsi/his/MobileCrowdHydrology/WI1007 </loc>
		<lastmod> 2022-08-22 17:04:41.832220 </lastmod>
	</url><url>
		<loc> https://geoconnex.us/cuahsi/his/MobileCrowdHydrology/WI1004 </loc>
		<lastmod> 2022-08-22 17:04:41.832234 </lastmod>
	</url><url>
		<loc> https://geoconnex.us/cuahsi/his/MobileCrowdHydrology/NL1008 </loc>
		<lastmod> 2022-08-22 17:04:41.832249 </lastmod>
	</url><url>
		<loc> https://geoconnex.us/cuahsi/his/MobileCrowdHydrology/NL1004 </loc>
		<lastmod> 2022-08-22 17:04:41.832263 </lastmod>
	</url><url>
		<loc> https://geoconnex.us/cuahsi/his/MobileCrowdHydrology/NL1007 </loc>
		<lastmod> 2022-08-22 17:04:41.832277 </lastmod>
	</url><url>
		<loc> https://geoconnex.us/cuahsi/his/MobileCrowdHydrology/NL1006 </loc>
		<lastmod> 2022-08-22 17:04:41.832291 </lastmod>
	</url><url>
		<loc> https://geoconnex.us/cuahsi/his/MobileCrowdHydrology/IA1003 </loc>
		<lastmod> 2022-08-22 17:04:41.832305 </lastmod>
	</url><url>
		<loc> https://geoconnex.us/cuahsi/his/MobileCrowdHydrology/WI1005 </loc>
		<lastmod> 2022-08-22 17:04:41.832319 </lastmod>
	</url><url>
		<loc> https://geoconnex.us/cuahsi/his/MobileCrowdHydrology/WI1003 </loc>
		<lastmod> 2022-08-22 17:04:41.832333 </lastmod>
	</url><url>
		<loc> https://geoconnex.us/cuahsi/his/MobileCrowdHydrology/NY1009 </loc>
		<lastmod> 2022-08-22 17:04:41.832347 </lastmod>
	</url><url>
		<loc> https://geoconnex.us/cuahsi/his/MobileCrowdHydrology/IA1002 </loc>
		<lastmod> 2022-08-22 17:04:41.832361 </lastmod>
	</url><url>
		<loc> https://geoconnex.us/cuahsi/his/MobileCrowdHydrology/IA1001 </loc>
		<lastmod> 2022-08-22 17:04:41.832391 </lastmod>
	</url><url>
		<loc> https://geoconnex.us/cuahsi/his/MobileCrowdHydrology/IA1000 </loc>
		<lastmod> 2022-08-22 17:04:41.832406 </lastmod>
	</url><url>
		<loc> https://geoconnex.us/cuahsi/his/MobileCrowdHydrology/MI1007 </loc>
		<lastmod> 2022-08-22 17:04:41.832421 </lastmod>
	</url><url>
		<loc> https://geoconnex.us/cuahsi/his/MobileCrowdHydrology/MI1006 </loc>
		<lastmod> 2022-08-22 17:04:41.832437 </lastmod>
	</url><url>
		<loc> https://geoconnex.us/cuahsi/his/MobileCrowdHydrology/MI1004 </loc>
		<lastmod> 2022-08-22 17:04:41.832452 </lastmod>
	</url><url>
		<loc> https://geoconnex.us/cuahsi/his/MobileCrowdHydrology/MI1003 </loc>
		<lastmod> 2022-08-22 17:04:41.832467 </lastmod>
	</url><url>
		<loc> https://geoconnex.us/cuahsi/his/MobileCrowdHydrology/MI1002 </loc>
		<lastmod> 2022-08-22 17:04:41.832482 </lastmod>
	</url><url>
		<loc> https://geoconnex.us/cuahsi/his/MobileCrowdHydrology/MI1001 </loc>
		<lastmod> 2022-08-22 17:04:41.832498 </lastmod>
	</url><url>
		<loc> https://geoconnex.us/cuahsi/his/MobileCrowdHydrology/MI1000 </loc>
		<lastmod> 2022-08-22 17:04:41.832513 </lastmod>
	</url><url>
		<loc> https://geoconnex.us/cuahsi/his/MobileCrowdHydrology/WI1001 </loc>
		<lastmod> 2022-08-22 17:04:41.832528 </lastmod>
	</url><url>
		<loc> https://geoconnex.us/cuahsi/his/MobileCrowdHydrology/WI1000 </loc>
		<lastmod> 2022-08-22 17:04:41.832544 </lastmod>
	</url><url>
		<loc> https://geoconnex.us/cuahsi/his/MobileCrowdHydrology/NY1002 </loc>
		<lastmod> 2022-08-22 17:04:41.832559 </lastmod>
	</url><url>
		<loc> https://geoconnex.us/cuahsi/his/MobileCrowdHydrology/NY1004 </loc>
		<lastmod> 2022-08-22 17:04:41.832575 </lastmod>
	</url><url>
		<loc> https://geoconnex.us/cuahsi/his/MobileCrowdHydrology/NY1006 </loc>
		<lastmod> 2022-08-22 17:04:41.832590 </lastmod>
	</url><url>
		<loc> https://geoconnex.us/cuahsi/his/MobileCrowdHydrology/NY1005 </loc>
		<lastmod> 2022-08-22 17:04:41.832605 </lastmod>
	</url><url>
		<loc> https://geoconnex.us/cuahsi/his/MobileCrowdHydrology/NY1008 </loc>
		<lastmod> 2022-08-22 17:04:41.832621 </lastmod>
	</url><url>
		<loc> https://geoconnex.us/cuahsi/his/MobileCrowdHydrology/NY1007 </loc>
		<lastmod> 2022-08-22 17:04:41.832636 </lastmod>
	</url><url>
		<loc> https://geoconnex.us/cuahsi/his/MobileCrowdHydrology/NY1003 </loc>
		<lastmod> 2022-08-22 17:04:41.832651 </lastmod>
	</url><url>
		<loc> https://geoconnex.us/cuahsi/his/MobileCrowdHydrology/NY1000 </loc>
		<lastmod> 2022-08-22 17:04:41.832676 </lastmod>
	</url><url>
		<loc> https://geoconnex.us/cuahsi/his/MobileCrowdHydrology/1 </loc>
		<lastmod> 2022-08-22 17:04:41.832691 </lastmod>
	</url><url>
		<loc> https://geoconnex.us/cuahsi/his/MobileCrowdHydrology/2 </loc>
		<lastmod> 2022-08-22 17:04:41.832737 </lastmod>
	</url><url>
		<loc> https://geoconnex.us/cuahsi/his/MobileCrowdHydrology/3 </loc>
		<lastmod> 2022-08-22 17:04:41.832752 </lastmod>
	</url><url>
		<loc> https://geoconnex.us/cuahsi/his/MobileCrowdHydrology/4 </loc>
		<lastmod> 2022-08-22 17:04:41.832766 </lastmod>
	</url><url>
		<loc> https://geoconnex.us/cuahsi/his/MobileCrowdHydrology/5 </loc>
		<lastmod> 2022-08-22 17:04:41.832780 </lastmod>
	</url><url>
		<loc> https://geoconnex.us/cuahsi/his/MobileCrowdHydrology/6 </loc>
		<lastmod> 2022-08-22 17:04:41.832794 </lastmod>
	</url><url>
		<loc> https://geoconnex.us/cuahsi/his/MobileCrowdHydrology/8 </loc>
		<lastmod> 2022-08-22 17:04:41.832808 </lastmod>
	</url><url>
		<loc> https://geoconnex.us/cuahsi/his/MobileCrowdHydrology/9 </loc>
		<lastmod> 2022-08-22 17:04:41.832822 </lastmod>
	</url><url>
		<loc> https://geoconnex.us/cuahsi/his/MobileCrowdHydrology/10 </loc>
		<lastmod> 2022-08-22 17:04:41.832836 </lastmod>
	</url><url>
		<loc> https://geoconnex.us/cuahsi/his/MobileCrowdHydrology/11 </loc>
		<lastmod> 2022-08-22 17:04:41.832850 </lastmod>
	</url><url>
		<loc> https://geoconnex.us/cuahsi/his/MobileCrowdHydrology/12 </loc>
		<lastmod> 2022-08-22 17:04:41.832864 </lastmod>
	</url><url>
		<loc> https://geoconnex.us/cuahsi/his/MobileCrowdHydrology/13 </loc>
		<lastmod> 2022-08-22 17:04:41.832878 </lastmod>
	</url></ns0:urlset>