<?xml version='1.0' encoding='utf-8'?>
<ns0:urlset xmlns:ns0="http://www.sitemaps.org/schemas/sitemap/0.9">
<url>
		<loc> https://geoconnex.us/cuahsi/his/ORSANCO_HAB/RCByrd </loc>
		<lastmod> 2022-08-22 17:04:36.912114 </lastmod>
	</url><url>
		<loc> https://geoconnex.us/cuahsi/his/ORSANCO_HAB/PikeIsland </loc>
		<lastmod> 2022-08-22 17:04:36.912150 </lastmod>
	</url><url>
		<loc> https://geoconnex.us/cuahsi/his/ORSANCO_HAB/Meldahl </loc>
		<lastmod> 2022-08-22 17:04:36.912173 </lastmod>
	</url><url>
		<loc> https://geoconnex.us/cuahsi/his/ORSANCO_HAB/Greenup </loc>
		<lastmod> 2022-08-22 17:04:36.912192 </lastmod>
	</url><url>
		<loc> https://geoconnex.us/cuahsi/his/ORSANCO_HAB/Sistersville </loc>
		<lastmod> 2022-08-22 17:04:36.912209 </lastmod>
	</url><url>
		<loc> https://geoconnex.us/cuahsi/his/ORSANCO_HAB/Parkersburg </loc>
		<lastmod> 2022-08-22 17:04:36.912226 </lastmod>
	</url><url>
		<loc> https://geoconnex.us/cuahsi/his/ORSANCO_HAB/Maysville </loc>
		<lastmod> 2022-08-22 17:04:36.912243 </lastmod>
	</url><url>
		<loc> https://geoconnex.us/cuahsi/his/ORSANCO_HAB/Cincinnati </loc>
		<lastmod> 2022-08-22 17:04:36.912259 </lastmod>
	</url><url>
		<loc> https://geoconnex.us/cuahsi/his/ORSANCO_HAB/Louisville </loc>
		<lastmod> 2022-08-22 17:04:36.912275 </lastmod>
	</url><url>
		<loc> https://geoconnex.us/cuahsi/his/ORSANCO_HAB/Henderson </loc>
		<lastmod> 2022-08-22 17:04:36.912291 </lastmod>
	</url></ns0:urlset>