<?xml version='1.0' encoding='utf-8'?>
<ns0:urlset xmlns:ns0="http://www.sitemaps.org/schemas/sitemap/0.9">
<url>
		<loc> https://geoconnex.us/cuahsi/his/NCEIWW2/WBAN33013 </loc>
		<lastmod> 2022-08-22 17:04:46.439536 </lastmod>
	</url><url>
		<loc> https://geoconnex.us/cuahsi/his/NCEIWW2/WBAN33031 </loc>
		<lastmod> 2022-08-22 17:04:46.439599 </lastmod>
	</url><url>
		<loc> https://geoconnex.us/cuahsi/his/NCEIWW2/WBAN33023 </loc>
		<lastmod> 2022-08-22 17:04:46.439638 </lastmod>
	</url><url>
		<loc> https://geoconnex.us/cuahsi/his/NCEIWW2/WBAN33044 </loc>
		<lastmod> 2022-08-22 17:04:46.439670 </lastmod>
	</url><url>
		<loc> https://geoconnex.us/cuahsi/his/NCEIWW2/WBAN12001 </loc>
		<lastmod> 2022-08-22 17:04:46.439700 </lastmod>
	</url><url>
		<loc> https://geoconnex.us/cuahsi/his/NCEIWW2/WBAN11604 </loc>
		<lastmod> 2022-08-22 17:04:46.439728 </lastmod>
	</url><url>
		<loc> https://geoconnex.us/cuahsi/his/NCEIWW2/WBAN82502 </loc>
		<lastmod> 2022-08-22 17:04:46.439757 </lastmod>
	</url><url>
		<loc> https://geoconnex.us/cuahsi/his/NCEIWW2/WBAN82501 </loc>
		<lastmod> 2022-08-22 17:04:46.439784 </lastmod>
	</url><url>
		<loc> https://geoconnex.us/cuahsi/his/NCEIWW2/WBAN82506 </loc>
		<lastmod> 2022-08-22 17:04:46.439812 </lastmod>
	</url><url>
		<loc> https://geoconnex.us/cuahsi/his/NCEIWW2/WBAN82402 </loc>
		<lastmod> 2022-08-22 17:04:46.439839 </lastmod>
	</url><url>
		<loc> https://geoconnex.us/cuahsi/his/NCEIWW2/WBAN82403 </loc>
		<lastmod> 2022-08-22 17:04:46.439867 </lastmod>
	</url><url>
		<loc> https://geoconnex.us/cuahsi/his/NCEIWW2/WBAN81404 </loc>
		<lastmod> 2022-08-22 17:04:46.439894 </lastmod>
	</url><url>
		<loc> https://geoconnex.us/cuahsi/his/NCEIWW2/WBAN82404 </loc>
		<lastmod> 2022-08-22 17:04:46.439921 </lastmod>
	</url><url>
		<loc> https://geoconnex.us/cuahsi/his/NCEIWW2/WBAN82405 </loc>
		<lastmod> 2022-08-22 17:04:46.439948 </lastmod>
	</url><url>
		<loc> https://geoconnex.us/cuahsi/his/NCEIWW2/WBAN82503 </loc>
		<lastmod> 2022-08-22 17:04:46.439975 </lastmod>
	</url><url>
		<loc> https://geoconnex.us/cuahsi/his/NCEIWW2/WBAN13201 </loc>
		<lastmod> 2022-08-22 17:04:46.440001 </lastmod>
	</url><url>
		<loc> https://geoconnex.us/cuahsi/his/NCEIWW2/WBAN12706 </loc>
		<lastmod> 2022-08-22 17:04:46.440028 </lastmod>
	</url><url>
		<loc> https://geoconnex.us/cuahsi/his/NCEIWW2/WBAN13601 </loc>
		<lastmod> 2022-08-22 17:04:46.440110 </lastmod>
	</url><url>
		<loc> https://geoconnex.us/cuahsi/his/NCEIWW2/WBAN32503 </loc>
		<lastmod> 2022-08-22 17:04:46.440139 </lastmod>
	</url><url>
		<loc> https://geoconnex.us/cuahsi/his/NCEIWW2/WBAN11501 </loc>
		<lastmod> 2022-08-22 17:04:46.440166 </lastmod>
	</url><url>
		<loc> https://geoconnex.us/cuahsi/his/NCEIWW2/WBAN10505 </loc>
		<lastmod> 2022-08-22 17:04:46.440193 </lastmod>
	</url><url>
		<loc> https://geoconnex.us/cuahsi/his/NCEIWW2/WBAN50301 </loc>
		<lastmod> 2022-08-22 17:04:46.440221 </lastmod>
	</url><url>
		<loc> https://geoconnex.us/cuahsi/his/NCEIWW2/WBAN50302 </loc>
		<lastmod> 2022-08-22 17:04:46.440248 </lastmod>
	</url><url>
		<loc> https://geoconnex.us/cuahsi/his/NCEIWW2/WBAN50304 </loc>
		<lastmod> 2022-08-22 17:04:46.440276 </lastmod>
	</url><url>
		<loc> https://geoconnex.us/cuahsi/his/NCEIWW2/WBAN50303 </loc>
		<lastmod> 2022-08-22 17:04:46.440303 </lastmod>
	</url><url>
		<loc> https://geoconnex.us/cuahsi/his/NCEIWW2/WBAN50403 </loc>
		<lastmod> 2022-08-22 17:04:46.440330 </lastmod>
	</url><url>
		<loc> https://geoconnex.us/cuahsi/his/NCEIWW2/WBAN50401 </loc>
		<lastmod> 2022-08-22 17:04:46.440358 </lastmod>
	</url><url>
		<loc> https://geoconnex.us/cuahsi/his/NCEIWW2/WBAN10807 </loc>
		<lastmod> 2022-08-22 17:04:46.440385 </lastmod>
	</url><url>
		<loc> https://geoconnex.us/cuahsi/his/NCEIWW2/WBAN10806 </loc>
		<lastmod> 2022-08-22 17:04:46.440412 </lastmod>
	</url><url>
		<loc> https://geoconnex.us/cuahsi/his/NCEIWW2/WBAN60701 </loc>
		<lastmod> 2022-08-22 17:04:46.440439 </lastmod>
	</url><url>
		<loc> https://geoconnex.us/cuahsi/his/NCEIWW2/WBAN12701 </loc>
		<lastmod> 2022-08-22 17:04:46.440465 </lastmod>
	</url><url>
		<loc> https://geoconnex.us/cuahsi/his/NCEIWW2/WBAN12801 </loc>
		<lastmod> 2022-08-22 17:04:46.440492 </lastmod>
	</url><url>
		<loc> https://geoconnex.us/cuahsi/his/NCEIWW2/WBAN11615 </loc>
		<lastmod> 2022-08-22 17:04:46.440519 </lastmod>
	</url><url>
		<loc> https://geoconnex.us/cuahsi/his/NCEIWW2/WBAN31401 </loc>
		<lastmod> 2022-08-22 17:04:46.440545 </lastmod>
	</url><url>
		<loc> https://geoconnex.us/cuahsi/his/NCEIWW2/WBAN32301 </loc>
		<lastmod> 2022-08-22 17:04:46.440572 </lastmod>
	</url><url>
		<loc> https://geoconnex.us/cuahsi/his/NCEIWW2/WBAN33205 </loc>
		<lastmod> 2022-08-22 17:04:46.440608 </lastmod>
	</url><url>
		<loc> https://geoconnex.us/cuahsi/his/NCEIWW2/WBAN33303 </loc>
		<lastmod> 2022-08-22 17:04:46.440623 </lastmod>
	</url><url>
		<loc> https://geoconnex.us/cuahsi/his/NCEIWW2/WBAN50801 </loc>
		<lastmod> 2022-08-22 17:04:46.440638 </lastmod>
	</url><url>
		<loc> https://geoconnex.us/cuahsi/his/NCEIWW2/WBAN32504 </loc>
		<lastmod> 2022-08-22 17:04:46.440653 </lastmod>
	</url><url>
		<loc> https://geoconnex.us/cuahsi/his/NCEIWW2/WBAN31302 </loc>
		<lastmod> 2022-08-22 17:04:46.440668 </lastmod>
	</url><url>
		<loc> https://geoconnex.us/cuahsi/his/NCEIWW2/WBAN81702 </loc>
		<lastmod> 2022-08-22 17:04:46.440683 </lastmod>
	</url><url>
		<loc> https://geoconnex.us/cuahsi/his/NCEIWW2/WBAN34017 </loc>
		<lastmod> 2022-08-22 17:04:46.440698 </lastmod>
	</url><url>
		<loc> https://geoconnex.us/cuahsi/his/NCEIWW2/WBAN34002 </loc>
		<lastmod> 2022-08-22 17:04:46.440713 </lastmod>
	</url><url>
		<loc> https://geoconnex.us/cuahsi/his/NCEIWW2/WBAN34003 </loc>
		<lastmod> 2022-08-22 17:04:46.440728 </lastmod>
	</url><url>
		<loc> https://geoconnex.us/cuahsi/his/NCEIWW2/WBAN34012 </loc>
		<lastmod> 2022-08-22 17:04:46.440743 </lastmod>
	</url><url>
		<loc> https://geoconnex.us/cuahsi/his/NCEIWW2/WBAN34013 </loc>
		<lastmod> 2022-08-22 17:04:46.440758 </lastmod>
	</url><url>
		<loc> https://geoconnex.us/cuahsi/his/NCEIWW2/WBAN34022 </loc>
		<lastmod> 2022-08-22 17:04:46.440773 </lastmod>
	</url><url>
		<loc> https://geoconnex.us/cuahsi/his/NCEIWW2/WBAN34005 </loc>
		<lastmod> 2022-08-22 17:04:46.440788 </lastmod>
	</url><url>
		<loc> https://geoconnex.us/cuahsi/his/NCEIWW2/WBAN10001 </loc>
		<lastmod> 2022-08-22 17:04:46.440803 </lastmod>
	</url><url>
		<loc> https://geoconnex.us/cuahsi/his/NCEIWW2/WBAN16405 </loc>
		<lastmod> 2022-08-22 17:04:46.440818 </lastmod>
	</url><url>
		<loc> https://geoconnex.us/cuahsi/his/NCEIWW2/WBAN16407 </loc>
		<lastmod> 2022-08-22 17:04:46.440833 </lastmod>
	</url><url>
		<loc> https://geoconnex.us/cuahsi/his/NCEIWW2/WBAN16504 </loc>
		<lastmod> 2022-08-22 17:04:46.440848 </lastmod>
	</url><url>
		<loc> https://geoconnex.us/cuahsi/his/NCEIWW2/WBAN33206 </loc>
		<lastmod> 2022-08-22 17:04:46.440862 </lastmod>
	</url><url>
		<loc> https://geoconnex.us/cuahsi/his/NCEIWW2/WBAN11901 </loc>
		<lastmod> 2022-08-22 17:04:46.440878 </lastmod>
	</url><url>
		<loc> https://geoconnex.us/cuahsi/his/NCEIWW2/WBAN11902 </loc>
		<lastmod> 2022-08-22 17:04:46.440893 </lastmod>
	</url><url>
		<loc> https://geoconnex.us/cuahsi/his/NCEIWW2/WBAN10502 </loc>
		<lastmod> 2022-08-22 17:04:46.440907 </lastmod>
	</url><url>
		<loc> https://geoconnex.us/cuahsi/his/NCEIWW2/WBAN11701 </loc>
		<lastmod> 2022-08-22 17:04:46.440922 </lastmod>
	</url><url>
		<loc> https://geoconnex.us/cuahsi/his/NCEIWW2/WBAN22509 </loc>
		<lastmod> 2022-08-22 17:04:46.440937 </lastmod>
	</url><url>
		<loc> https://geoconnex.us/cuahsi/his/NCEIWW2/WBAN22504 </loc>
		<lastmod> 2022-08-22 17:04:46.440953 </lastmod>
	</url><url>
		<loc> https://geoconnex.us/cuahsi/his/NCEIWW2/WBAN21501 </loc>
		<lastmod> 2022-08-22 17:04:46.440968 </lastmod>
	</url><url>
		<loc> https://geoconnex.us/cuahsi/his/NCEIWW2/WBAN22507 </loc>
		<lastmod> 2022-08-22 17:04:46.440983 </lastmod>
	</url><url>
		<loc> https://geoconnex.us/cuahsi/his/NCEIWW2/WBAN22502 </loc>
		<lastmod> 2022-08-22 17:04:46.440998 </lastmod>
	</url><url>
		<loc> https://geoconnex.us/cuahsi/his/NCEIWW2/WBAN22508 </loc>
		<lastmod> 2022-08-22 17:04:46.441013 </lastmod>
	</url><url>
		<loc> https://geoconnex.us/cuahsi/his/NCEIWW2/WBAN16101 </loc>
		<lastmod> 2022-08-22 17:04:46.441028 </lastmod>
	</url><url>
		<loc> https://geoconnex.us/cuahsi/his/NCEIWW2/WBAN16201 </loc>
		<lastmod> 2022-08-22 17:04:46.441043 </lastmod>
	</url><url>
		<loc> https://geoconnex.us/cuahsi/his/NCEIWW2/WBAN16202 </loc>
		<lastmod> 2022-08-22 17:04:46.441058 </lastmod>
	</url><url>
		<loc> https://geoconnex.us/cuahsi/his/NCEIWW2/WBAN32701 </loc>
		<lastmod> 2022-08-22 17:04:46.441073 </lastmod>
	</url><url>
		<loc> https://geoconnex.us/cuahsi/his/NCEIWW2/WBAN32801 </loc>
		<lastmod> 2022-08-22 17:04:46.441088 </lastmod>
	</url><url>
		<loc> https://geoconnex.us/cuahsi/his/NCEIWW2/WBAN31701 </loc>
		<lastmod> 2022-08-22 17:04:46.441103 </lastmod>
	</url><url>
		<loc> https://geoconnex.us/cuahsi/his/NCEIWW2/WBAN32815 </loc>
		<lastmod> 2022-08-22 17:04:46.441118 </lastmod>
	</url><url>
		<loc> https://geoconnex.us/cuahsi/his/NCEIWW2/WBAN32907 </loc>
		<lastmod> 2022-08-22 17:04:46.441133 </lastmod>
	</url><url>
		<loc> https://geoconnex.us/cuahsi/his/NCEIWW2/WBAN32803 </loc>
		<lastmod> 2022-08-22 17:04:46.441148 </lastmod>
	</url><url>
		<loc> https://geoconnex.us/cuahsi/his/NCEIWW2/WBAN32805 </loc>
		<lastmod> 2022-08-22 17:04:46.441163 </lastmod>
	</url><url>
		<loc> https://geoconnex.us/cuahsi/his/NCEIWW2/WBAN32702 </loc>
		<lastmod> 2022-08-22 17:04:46.441178 </lastmod>
	</url><url>
		<loc> https://geoconnex.us/cuahsi/his/NCEIWW2/WBAN32904 </loc>
		<lastmod> 2022-08-22 17:04:46.441193 </lastmod>
	</url><url>
		<loc> https://geoconnex.us/cuahsi/his/NCEIWW2/WBAN32812 </loc>
		<lastmod> 2022-08-22 17:04:46.441208 </lastmod>
	</url><url>
		<loc> https://geoconnex.us/cuahsi/his/NCEIWW2/WBAN32906 </loc>
		<lastmod> 2022-08-22 17:04:46.441223 </lastmod>
	</url><url>
		<loc> https://geoconnex.us/cuahsi/his/NCEIWW2/WBAN33405 </loc>
		<lastmod> 2022-08-22 17:04:46.441249 </lastmod>
	</url><url>
		<loc> https://geoconnex.us/cuahsi/his/NCEIWW2/WBAN33305 </loc>
		<lastmod> 2022-08-22 17:04:46.441262 </lastmod>
	</url><url>
		<loc> https://geoconnex.us/cuahsi/his/NCEIWW2/WBAN33401 </loc>
		<lastmod> 2022-08-22 17:04:46.441276 </lastmod>
	</url><url>
		<loc> https://geoconnex.us/cuahsi/his/NCEIWW2/WBAN33501 </loc>
		<lastmod> 2022-08-22 17:04:46.441290 </lastmod>
	</url><url>
		<loc> https://geoconnex.us/cuahsi/his/NCEIWW2/WBAN33406 </loc>
		<lastmod> 2022-08-22 17:04:46.441304 </lastmod>
	</url><url>
		<loc> https://geoconnex.us/cuahsi/his/NCEIWW2/WBAN34123 </loc>
		<lastmod> 2022-08-22 17:04:46.441318 </lastmod>
	</url><url>
		<loc> https://geoconnex.us/cuahsi/his/NCEIWW2/WBAN34101 </loc>
		<lastmod> 2022-08-22 17:04:46.441332 </lastmod>
	</url><url>
		<loc> https://geoconnex.us/cuahsi/his/NCEIWW2/WBAN34109 </loc>
		<lastmod> 2022-08-22 17:04:46.441346 </lastmod>
	</url><url>
		<loc> https://geoconnex.us/cuahsi/his/NCEIWW2/WBAN33019 </loc>
		<lastmod> 2022-08-22 17:04:46.441360 </lastmod>
	</url><url>
		<loc> https://geoconnex.us/cuahsi/his/NCEIWW2/WBAN34150 </loc>
		<lastmod> 2022-08-22 17:04:46.441374 </lastmod>
	</url><url>
		<loc> https://geoconnex.us/cuahsi/his/NCEIWW2/WBAN33014 </loc>
		<lastmod> 2022-08-22 17:04:46.441387 </lastmod>
	</url><url>
		<loc> https://geoconnex.us/cuahsi/his/NCEIWW2/WBAN34139 </loc>
		<lastmod> 2022-08-22 17:04:46.441401 </lastmod>
	</url><url>
		<loc> https://geoconnex.us/cuahsi/his/NCEIWW2/WBAN34104 </loc>
		<lastmod> 2022-08-22 17:04:46.441416 </lastmod>
	</url><url>
		<loc> https://geoconnex.us/cuahsi/his/NCEIWW2/WBAN34105 </loc>
		<lastmod> 2022-08-22 17:04:46.441430 </lastmod>
	</url><url>
		<loc> https://geoconnex.us/cuahsi/his/NCEIWW2/WBAN33111 </loc>
		<lastmod> 2022-08-22 17:04:46.441444 </lastmod>
	</url><url>
		<loc> https://geoconnex.us/cuahsi/his/NCEIWW2/WBAN34111 </loc>
		<lastmod> 2022-08-22 17:04:46.441457 </lastmod>
	</url><url>
		<loc> https://geoconnex.us/cuahsi/his/NCEIWW2/WBAN34113 </loc>
		<lastmod> 2022-08-22 17:04:46.441471 </lastmod>
	</url><url>
		<loc> https://geoconnex.us/cuahsi/his/NCEIWW2/WBAN33117 </loc>
		<lastmod> 2022-08-22 17:04:46.441485 </lastmod>
	</url><url>
		<loc> https://geoconnex.us/cuahsi/his/NCEIWW2/WBAN34147 </loc>
		<lastmod> 2022-08-22 17:04:46.441499 </lastmod>
	</url><url>
		<loc> https://geoconnex.us/cuahsi/his/NCEIWW2/WBAN11704 </loc>
		<lastmod> 2022-08-22 17:04:46.441513 </lastmod>
	</url><url>
		<loc> https://geoconnex.us/cuahsi/his/NCEIWW2/WBAN44401 </loc>
		<lastmod> 2022-08-22 17:04:46.441527 </lastmod>
	</url><url>
		<loc> https://geoconnex.us/cuahsi/his/NCEIWW2/WBAN42204 </loc>
		<lastmod> 2022-08-22 17:04:46.441540 </lastmod>
	</url><url>
		<loc> https://geoconnex.us/cuahsi/his/NCEIWW2/WBAN43305 </loc>
		<lastmod> 2022-08-22 17:04:46.441554 </lastmod>
	</url><url>
		<loc> https://geoconnex.us/cuahsi/his/NCEIWW2/WBAN42206 </loc>
		<lastmod> 2022-08-22 17:04:46.441568 </lastmod>
	</url><url>
		<loc> https://geoconnex.us/cuahsi/his/NCEIWW2/WBAN43302 </loc>
		<lastmod> 2022-08-22 17:04:46.441581 </lastmod>
	</url><url>
		<loc> https://geoconnex.us/cuahsi/his/NCEIWW2/WBAN43307 </loc>
		<lastmod> 2022-08-22 17:04:46.441595 </lastmod>
	</url><url>
		<loc> https://geoconnex.us/cuahsi/his/NCEIWW2/WBAN43201 </loc>
		<lastmod> 2022-08-22 17:04:46.441609 </lastmod>
	</url><url>
		<loc> https://geoconnex.us/cuahsi/his/NCEIWW2/WBAN61501 </loc>
		<lastmod> 2022-08-22 17:04:46.441622 </lastmod>
	</url><url>
		<loc> https://geoconnex.us/cuahsi/his/NCEIWW2/WBAN11601 </loc>
		<lastmod> 2022-08-22 17:04:46.441636 </lastmod>
	</url><url>
		<loc> https://geoconnex.us/cuahsi/his/NCEIWW2/WBAN10002 </loc>
		<lastmod> 2022-08-22 17:04:46.441650 </lastmod>
	</url><url>
		<loc> https://geoconnex.us/cuahsi/his/NCEIWW2/WBAN10101 </loc>
		<lastmod> 2022-08-22 17:04:46.441664 </lastmod>
	</url><url>
		<loc> https://geoconnex.us/cuahsi/his/NCEIWW2/WBAN10102 </loc>
		<lastmod> 2022-08-22 17:04:46.441678 </lastmod>
	</url><url>
		<loc> https://geoconnex.us/cuahsi/his/NCEIWW2/WBAN33123 </loc>
		<lastmod> 2022-08-22 17:04:46.441692 </lastmod>
	</url><url>
		<loc> https://geoconnex.us/cuahsi/his/NCEIWW2/WBAN13002 </loc>
		<lastmod> 2022-08-22 17:04:46.441705 </lastmod>
	</url><url>
		<loc> https://geoconnex.us/cuahsi/his/NCEIWW2/WBAN13005 </loc>
		<lastmod> 2022-08-22 17:04:46.441719 </lastmod>
	</url><url>
		<loc> https://geoconnex.us/cuahsi/his/NCEIWW2/WBAN13007 </loc>
		<lastmod> 2022-08-22 17:04:46.441733 </lastmod>
	</url><url>
		<loc> https://geoconnex.us/cuahsi/his/NCEIWW2/WBAN13013 </loc>
		<lastmod> 2022-08-22 17:04:46.441747 </lastmod>
	</url><url>
		<loc> https://geoconnex.us/cuahsi/his/NCEIWW2/WBAN12101 </loc>
		<lastmod> 2022-08-22 17:04:46.441760 </lastmod>
	</url><url>
		<loc> https://geoconnex.us/cuahsi/his/NCEIWW2/WBAN80509 </loc>
		<lastmod> 2022-08-22 17:04:46.441791 </lastmod>
	</url><url>
		<loc> https://geoconnex.us/cuahsi/his/NCEIWW2/WBAN80412 </loc>
		<lastmod> 2022-08-22 17:04:46.441806 </lastmod>
	</url><url>
		<loc> https://geoconnex.us/cuahsi/his/NCEIWW2/WBAN80425 </loc>
		<lastmod> 2022-08-22 17:04:46.441821 </lastmod>
	</url><url>
		<loc> https://geoconnex.us/cuahsi/his/NCEIWW2/WBAN80411 </loc>
		<lastmod> 2022-08-22 17:04:46.441836 </lastmod>
	</url><url>
		<loc> https://geoconnex.us/cuahsi/his/NCEIWW2/WBAN81601 </loc>
		<lastmod> 2022-08-22 17:04:46.441851 </lastmod>
	</url><url>
		<loc> https://geoconnex.us/cuahsi/his/NCEIWW2/WBAN30001 </loc>
		<lastmod> 2022-08-22 17:04:46.441866 </lastmod>
	</url><url>
		<loc> https://geoconnex.us/cuahsi/his/NCEIWW2/WBAN31001 </loc>
		<lastmod> 2022-08-22 17:04:46.441881 </lastmod>
	</url><url>
		<loc> https://geoconnex.us/cuahsi/his/NCEIWW2/WBAN31101 </loc>
		<lastmod> 2022-08-22 17:04:46.441896 </lastmod>
	</url><url>
		<loc> https://geoconnex.us/cuahsi/his/NCEIWW2/WBAN11801 </loc>
		<lastmod> 2022-08-22 17:04:46.441911 </lastmod>
	</url><url>
		<loc> https://geoconnex.us/cuahsi/his/NCEIWW2/WBAN11606 </loc>
		<lastmod> 2022-08-22 17:04:46.441925 </lastmod>
	</url><url>
		<loc> https://geoconnex.us/cuahsi/his/NCEIWW2/WBAN20501 </loc>
		<lastmod> 2022-08-22 17:04:46.441940 </lastmod>
	</url><url>
		<loc> https://geoconnex.us/cuahsi/his/NCEIWW2/WBAN32501 </loc>
		<lastmod> 2022-08-22 17:04:46.441955 </lastmod>
	</url><url>
		<loc> https://geoconnex.us/cuahsi/his/NCEIWW2/WBAN31501 </loc>
		<lastmod> 2022-08-22 17:04:46.441970 </lastmod>
	</url><url>
		<loc> https://geoconnex.us/cuahsi/his/NCEIWW2/WBAN61502 </loc>
		<lastmod> 2022-08-22 17:04:46.442021 </lastmod>
	</url><url>
		<loc> https://geoconnex.us/cuahsi/his/NCEIWW2/WBAN41207 </loc>
		<lastmod> 2022-08-22 17:04:46.442036 </lastmod>
	</url><url>
		<loc> https://geoconnex.us/cuahsi/his/NCEIWW2/WBAN41204 </loc>
		<lastmod> 2022-08-22 17:04:46.442051 </lastmod>
	</url><url>
		<loc> https://geoconnex.us/cuahsi/his/NCEIWW2/WBAN42401 </loc>
		<lastmod> 2022-08-22 17:04:46.442066 </lastmod>
	</url><url>
		<loc> https://geoconnex.us/cuahsi/his/NCEIWW2/WBAN40601 </loc>
		<lastmod> 2022-08-22 17:04:46.442081 </lastmod>
	</url><url>
		<loc> https://geoconnex.us/cuahsi/his/NCEIWW2/WBAN20602 </loc>
		<lastmod> 2022-08-22 17:04:46.442096 </lastmod>
	</url><url>
		<loc> https://geoconnex.us/cuahsi/his/NCEIWW2/WBAN32603 </loc>
		<lastmod> 2022-08-22 17:04:46.442111 </lastmod>
	</url><url>
		<loc> https://geoconnex.us/cuahsi/his/NCEIWW2/WBAN32602 </loc>
		<lastmod> 2022-08-22 17:04:46.442126 </lastmod>
	</url><url>
		<loc> https://geoconnex.us/cuahsi/his/NCEIWW2/WBAN32601 </loc>
		<lastmod> 2022-08-22 17:04:46.442141 </lastmod>
	</url><url>
		<loc> https://geoconnex.us/cuahsi/his/NCEIWW2/WBAN10701 </loc>
		<lastmod> 2022-08-22 17:04:46.442156 </lastmod>
	</url><url>
		<loc> https://geoconnex.us/cuahsi/his/NCEIWW2/WBAN10804 </loc>
		<lastmod> 2022-08-22 17:04:46.442171 </lastmod>
	</url><url>
		<loc> https://geoconnex.us/cuahsi/his/NCEIWW2/WBAN10718 </loc>
		<lastmod> 2022-08-22 17:04:46.442185 </lastmod>
	</url><url>
		<loc> https://geoconnex.us/cuahsi/his/NCEIWW2/WBAN10705 </loc>
		<lastmod> 2022-08-22 17:04:46.442200 </lastmod>
	</url><url>
		<loc> https://geoconnex.us/cuahsi/his/NCEIWW2/WBAN10704 </loc>
		<lastmod> 2022-08-22 17:04:46.442215 </lastmod>
	</url><url>
		<loc> https://geoconnex.us/cuahsi/his/NCEIWW2/WBAN10802 </loc>
		<lastmod> 2022-08-22 17:04:46.442230 </lastmod>
	</url><url>
		<loc> https://geoconnex.us/cuahsi/his/NCEIWW2/WBAN10703 </loc>
		<lastmod> 2022-08-22 17:04:46.442245 </lastmod>
	</url><url>
		<loc> https://geoconnex.us/cuahsi/his/NCEIWW2/WBAN10803 </loc>
		<lastmod> 2022-08-22 17:04:46.442260 </lastmod>
	</url><url>
		<loc> https://geoconnex.us/cuahsi/his/NCEIWW2/WBAN15605 </loc>
		<lastmod> 2022-08-22 17:04:46.442275 </lastmod>
	</url><url>
		<loc> https://geoconnex.us/cuahsi/his/NCEIWW2/WBAN15604 </loc>
		<lastmod> 2022-08-22 17:04:46.442290 </lastmod>
	</url><url>
		<loc> https://geoconnex.us/cuahsi/his/NCEIWW2/WBAN50802 </loc>
		<lastmod> 2022-08-22 17:04:46.442305 </lastmod>
	</url><url>
		<loc> https://geoconnex.us/cuahsi/his/NCEIWW2/WBAN11101 </loc>
		<lastmod> 2022-08-22 17:04:46.442320 </lastmod>
	</url><url>
		<loc> https://geoconnex.us/cuahsi/his/NCEIWW2/WBAN11103 </loc>
		<lastmod> 2022-08-22 17:04:46.442335 </lastmod>
	</url><url>
		<loc> https://geoconnex.us/cuahsi/his/NCEIWW2/WBAN80510 </loc>
		<lastmod> 2022-08-22 17:04:46.442350 </lastmod>
	</url><url>
		<loc> https://geoconnex.us/cuahsi/his/NCEIWW2/WBAN80504 </loc>
		<lastmod> 2022-08-22 17:04:46.442365 </lastmod>
	</url><url>
		<loc> https://geoconnex.us/cuahsi/his/NCEIWW2/WBAN34018 </loc>
		<lastmod> 2022-08-22 17:04:46.442380 </lastmod>
	</url><url>
		<loc> https://geoconnex.us/cuahsi/his/NCEIWW2/WBAN11610 </loc>
		<lastmod> 2022-08-22 17:04:46.442395 </lastmod>
	</url><url>
		<loc> https://geoconnex.us/cuahsi/his/NCEIWW2/WBAN12702 </loc>
		<lastmod> 2022-08-22 17:04:46.442410 </lastmod>
	</url><url>
		<loc> https://geoconnex.us/cuahsi/his/NCEIWW2/WBAN62701 </loc>
		<lastmod> 2022-08-22 17:04:46.442425 </lastmod>
	</url><url>
		<loc> https://geoconnex.us/cuahsi/his/NCEIWW2/WBAN33109 </loc>
		<lastmod> 2022-08-22 17:04:46.442440 </lastmod>
	</url><url>
		<loc> https://geoconnex.us/cuahsi/his/NCEIWW2/WBAN33121 </loc>
		<lastmod> 2022-08-22 17:04:46.442455 </lastmod>
	</url><url>
		<loc> https://geoconnex.us/cuahsi/his/NCEIWW2/WBAN33003 </loc>
		<lastmod> 2022-08-22 17:04:46.442469 </lastmod>
	</url><url>
		<loc> https://geoconnex.us/cuahsi/his/NCEIWW2/WBAN33307 </loc>
		<lastmod> 2022-08-22 17:04:46.442484 </lastmod>
	</url><url>
		<loc> https://geoconnex.us/cuahsi/his/NCEIWW2/WBAN15027 </loc>
		<lastmod> 2022-08-22 17:04:46.442499 </lastmod>
	</url></ns0:urlset>