<?xml version='1.0' encoding='utf-8'?>
<ns0:urlset xmlns:ns0="http://www.sitemaps.org/schemas/sitemap/0.9">
<url>
		<loc> https://geoconnex.us/cuahsi/his/czo_psu/CZO_RTH1 </loc>
		<lastmod> 2022-08-22 17:04:41.563844 </lastmod>
	</url><url>
		<loc> https://geoconnex.us/cuahsi/his/czo_psu/CZO_RTH2_1 </loc>
		<lastmod> 2022-08-22 17:04:41.563878 </lastmod>
	</url><url>
		<loc> https://geoconnex.us/cuahsi/his/czo_psu/CZO_RTH2_2 </loc>
		<lastmod> 2022-08-22 17:04:41.563900 </lastmod>
	</url><url>
		<loc> https://geoconnex.us/cuahsi/his/czo_psu/CZO_RTH2_3 </loc>
		<lastmod> 2022-08-22 17:04:41.563919 </lastmod>
	</url><url>
		<loc> https://geoconnex.us/cuahsi/his/czo_psu/CZO_RTH3_1 </loc>
		<lastmod> 2022-08-22 17:04:41.563935 </lastmod>
	</url><url>
		<loc> https://geoconnex.us/cuahsi/his/czo_psu/CZO_RTH3_2 </loc>
		<lastmod> 2022-08-22 17:04:41.563951 </lastmod>
	</url><url>
		<loc> https://geoconnex.us/cuahsi/his/czo_psu/CZO_RTH3_3 </loc>
		<lastmod> 2022-08-22 17:04:41.563966 </lastmod>
	</url><url>
		<loc> https://geoconnex.us/cuahsi/his/czo_psu/CZO_RTH3_4 </loc>
		<lastmod> 2022-08-22 17:04:41.563982 </lastmod>
	</url><url>
		<loc> https://geoconnex.us/cuahsi/his/czo_psu/CZO_RTH3_5 </loc>
		<lastmod> 2022-08-22 17:04:41.563997 </lastmod>
	</url><url>
		<loc> https://geoconnex.us/cuahsi/his/czo_psu/CZO_RTH3_6 </loc>
		<lastmod> 2022-08-22 17:04:41.564012 </lastmod>
	</url><url>
		<loc> https://geoconnex.us/cuahsi/his/czo_psu/CZO_RTH3_7 </loc>
		<lastmod> 2022-08-22 17:04:41.564027 </lastmod>
	</url><url>
		<loc> https://geoconnex.us/cuahsi/his/czo_psu/CZO_RTH4 </loc>
		<lastmod> 2022-08-22 17:04:41.564070 </lastmod>
	</url><url>
		<loc> https://geoconnex.us/cuahsi/his/czo_psu/SSHCZO_FluxTower </loc>
		<lastmod> 2022-08-22 17:04:41.564088 </lastmod>
	</url><url>
		<loc> https://geoconnex.us/cuahsi/his/czo_psu/SSH_55 </loc>
		<lastmod> 2022-08-22 17:04:41.564103 </lastmod>
	</url><url>
		<loc> https://geoconnex.us/cuahsi/his/czo_psu/SSH_60 </loc>
		<lastmod> 2022-08-22 17:04:41.564119 </lastmod>
	</url><url>
		<loc> https://geoconnex.us/cuahsi/his/czo_psu/SSH_03 </loc>
		<lastmod> 2022-08-22 17:04:41.564134 </lastmod>
	</url><url>
		<loc> https://geoconnex.us/cuahsi/his/czo_psu/SSH_06 </loc>
		<lastmod> 2022-08-22 17:04:41.564148 </lastmod>
	</url><url>
		<loc> https://geoconnex.us/cuahsi/his/czo_psu/SSH_08 </loc>
		<lastmod> 2022-08-22 17:04:41.564163 </lastmod>
	</url><url>
		<loc> https://geoconnex.us/cuahsi/his/czo_psu/SSH_11 </loc>
		<lastmod> 2022-08-22 17:04:41.564178 </lastmod>
	</url><url>
		<loc> https://geoconnex.us/cuahsi/his/czo_psu/SSH_12 </loc>
		<lastmod> 2022-08-22 17:04:41.564193 </lastmod>
	</url><url>
		<loc> https://geoconnex.us/cuahsi/his/czo_psu/SSH_15 </loc>
		<lastmod> 2022-08-22 17:04:41.564208 </lastmod>
	</url><url>
		<loc> https://geoconnex.us/cuahsi/his/czo_psu/SSH_51 </loc>
		<lastmod> 2022-08-22 17:04:41.564223 </lastmod>
	</url><url>
		<loc> https://geoconnex.us/cuahsi/his/czo_psu/SSH_53 </loc>
		<lastmod> 2022-08-22 17:04:41.564237 </lastmod>
	</url><url>
		<loc> https://geoconnex.us/cuahsi/his/czo_psu/SSH_61 </loc>
		<lastmod> 2022-08-22 17:04:41.564252 </lastmod>
	</url><url>
		<loc> https://geoconnex.us/cuahsi/his/czo_psu/SSH_74 </loc>
		<lastmod> 2022-08-22 17:04:41.564267 </lastmod>
	</url><url>
		<loc> https://geoconnex.us/cuahsi/his/czo_psu/SSH_A4 </loc>
		<lastmod> 2022-08-22 17:04:41.564282 </lastmod>
	</url><url>
		<loc> https://geoconnex.us/cuahsi/his/czo_psu/SW </loc>
		<lastmod> 2022-08-22 17:04:41.564298 </lastmod>
	</url><url>
		<loc> https://geoconnex.us/cuahsi/his/czo_psu/SW_ISCO </loc>
		<lastmod> 2022-08-22 17:04:41.564313 </lastmod>
	</url><url>
		<loc> https://geoconnex.us/cuahsi/his/czo_psu/SSH_GW1 </loc>
		<lastmod> 2022-08-22 17:04:41.564328 </lastmod>
	</url><url>
		<loc> https://geoconnex.us/cuahsi/his/czo_psu/SSH_GW2 </loc>
		<lastmod> 2022-08-22 17:04:41.564343 </lastmod>
	</url><url>
		<loc> https://geoconnex.us/cuahsi/his/czo_psu/SPVF </loc>
		<lastmod> 2022-08-22 17:04:41.564358 </lastmod>
	</url><url>
		<loc> https://geoconnex.us/cuahsi/his/czo_psu/SPMS </loc>
		<lastmod> 2022-08-22 17:04:41.564373 </lastmod>
	</url><url>
		<loc> https://geoconnex.us/cuahsi/his/czo_psu/SPRT </loc>
		<lastmod> 2022-08-22 17:04:41.564388 </lastmod>
	</url><url>
		<loc> https://geoconnex.us/cuahsi/his/czo_psu/SSVF </loc>
		<lastmod> 2022-08-22 17:04:41.564403 </lastmod>
	</url><url>
		<loc> https://geoconnex.us/cuahsi/his/czo_psu/SSMS </loc>
		<lastmod> 2022-08-22 17:04:41.564418 </lastmod>
	</url><url>
		<loc> https://geoconnex.us/cuahsi/his/czo_psu/SSRT </loc>
		<lastmod> 2022-08-22 17:04:41.564432 </lastmod>
	</url><url>
		<loc> https://geoconnex.us/cuahsi/his/czo_psu/NSVF </loc>
		<lastmod> 2022-08-22 17:04:41.564447 </lastmod>
	</url><url>
		<loc> https://geoconnex.us/cuahsi/his/czo_psu/NSMS </loc>
		<lastmod> 2022-08-22 17:04:41.564462 </lastmod>
	</url><url>
		<loc> https://geoconnex.us/cuahsi/his/czo_psu/NSRT </loc>
		<lastmod> 2022-08-22 17:04:41.564477 </lastmod>
	</url><url>
		<loc> https://geoconnex.us/cuahsi/his/czo_psu/NPVF </loc>
		<lastmod> 2022-08-22 17:04:41.564492 </lastmod>
	</url><url>
		<loc> https://geoconnex.us/cuahsi/his/czo_psu/NPMS </loc>
		<lastmod> 2022-08-22 17:04:41.564507 </lastmod>
	</url><url>
		<loc> https://geoconnex.us/cuahsi/his/czo_psu/NPRT </loc>
		<lastmod> 2022-08-22 17:04:41.564522 </lastmod>
	</url><url>
		<loc> https://geoconnex.us/cuahsi/his/czo_psu/SH </loc>
		<lastmod> 2022-08-22 17:04:41.564537 </lastmod>
	</url><url>
		<loc> https://geoconnex.us/cuahsi/his/czo_psu/SM </loc>
		<lastmod> 2022-08-22 17:04:41.564552 </lastmod>
	</url><url>
		<loc> https://geoconnex.us/cuahsi/his/czo_psu/GW1 </loc>
		<lastmod> 2022-08-22 17:04:41.564567 </lastmod>
	</url><url>
		<loc> https://geoconnex.us/cuahsi/his/czo_psu/GW2 </loc>
		<lastmod> 2022-08-22 17:04:41.564582 </lastmod>
	</url><url>
		<loc> https://geoconnex.us/cuahsi/his/czo_psu/SH_Eigen </loc>
		<lastmod> 2022-08-22 17:04:41.564597 </lastmod>
	</url><url>
		<loc> https://geoconnex.us/cuahsi/his/czo_psu/SSH_01 </loc>
		<lastmod> 2022-08-22 17:04:41.564612 </lastmod>
	</url><url>
		<loc> https://geoconnex.us/cuahsi/his/czo_psu/Llewelyyn2015_PLG12-33 </loc>
		<lastmod> 2022-08-22 17:04:41.564627 </lastmod>
	</url><url>
		<loc> https://geoconnex.us/cuahsi/his/czo_psu/Llewelyyn2015_PLG12-34 </loc>
		<lastmod> 2022-08-22 17:04:41.564642 </lastmod>
	</url><url>
		<loc> https://geoconnex.us/cuahsi/his/czo_psu/Llewelyyn2015_PLG12-60 </loc>
		<lastmod> 2022-08-22 17:04:41.564658 </lastmod>
	</url><url>
		<loc> https://geoconnex.us/cuahsi/his/czo_psu/Llewelyyn2015_PLG12-65 </loc>
		<lastmod> 2022-08-22 17:04:41.564673 </lastmod>
	</url><url>
		<loc> https://geoconnex.us/cuahsi/his/czo_psu/Llewelyyn2015_PLG12-69_postpurge </loc>
		<lastmod> 2022-08-22 17:04:41.564688 </lastmod>
	</url><url>
		<loc> https://geoconnex.us/cuahsi/his/czo_psu/Llewelyyn2015_PLG12-69_prepurge </loc>
		<lastmod> 2022-08-22 17:04:41.564703 </lastmod>
	</url><url>
		<loc> https://geoconnex.us/cuahsi/his/czo_psu/Llewelyyn2015_PLG12-70 </loc>
		<lastmod> 2022-08-22 17:04:41.564719 </lastmod>
	</url><url>
		<loc> https://geoconnex.us/cuahsi/his/czo_psu/Llewelyyn2015_PLG13-2 </loc>
		<lastmod> 2022-08-22 17:04:41.564734 </lastmod>
	</url><url>
		<loc> https://geoconnex.us/cuahsi/his/czo_psu/Llewelyyn2015_PLG13-4 </loc>
		<lastmod> 2022-08-22 17:04:41.564749 </lastmod>
	</url><url>
		<loc> https://geoconnex.us/cuahsi/his/czo_psu/Llewelyyn2015_PLG13-5 </loc>
		<lastmod> 2022-08-22 17:04:41.564764 </lastmod>
	</url><url>
		<loc> https://geoconnex.us/cuahsi/his/czo_psu/Llewelyyn2015_PLG13-6 </loc>
		<lastmod> 2022-08-22 17:04:41.564779 </lastmod>
	</url><url>
		<loc> https://geoconnex.us/cuahsi/his/czo_psu/Llewelyyn2015_PLG13-7 </loc>
		<lastmod> 2022-08-22 17:04:41.564794 </lastmod>
	</url></ns0:urlset>