<?xml version='1.0' encoding='utf-8'?>
<ns0:urlset xmlns:ns0="http://www.sitemaps.org/schemas/sitemap/0.9">
<url>
		<loc> https://geoconnex.us/cuahsi/his/LoganRiver/USU-LR-Chokecherry </loc>
		<lastmod> 2022-08-22 17:04:41.531835 </lastmod>
	</url><url>
		<loc> https://geoconnex.us/cuahsi/his/LoganRiver/USU-LR-Forestry </loc>
		<lastmod> 2022-08-22 17:04:41.531871 </lastmod>
	</url><url>
		<loc> https://geoconnex.us/cuahsi/his/LoganRiver/USU-LR-Franklin </loc>
		<lastmod> 2022-08-22 17:04:41.531894 </lastmod>
	</url><url>
		<loc> https://geoconnex.us/cuahsi/his/LoganRiver/USU-LR-Wally </loc>
		<lastmod> 2022-08-22 17:04:41.531913 </lastmod>
	</url></ns0:urlset>