<?xml version='1.0' encoding='utf-8'?>
<ns0:urlset xmlns:ns0="http://www.sitemaps.org/schemas/sitemap/0.9">
<url>
		<loc> https://geoconnex.us/cuahsi/his/TRWA/AMES </loc>
		<lastmod> 2022-08-22 17:04:36.917286 </lastmod>
	</url><url>
		<loc> https://geoconnex.us/cuahsi/his/TRWA/ASO-02 </loc>
		<lastmod> 2022-08-22 17:04:36.917321 </lastmod>
	</url><url>
		<loc> https://geoconnex.us/cuahsi/his/TRWA/ASO-03 </loc>
		<lastmod> 2022-08-22 17:04:36.917343 </lastmod>
	</url><url>
		<loc> https://geoconnex.us/cuahsi/his/TRWA/BED-01-TNT-03 </loc>
		<lastmod> 2022-08-22 17:04:36.917361 </lastmod>
	</url><url>
		<loc> https://geoconnex.us/cuahsi/his/TRWA/BER-T </loc>
		<lastmod> 2022-08-22 17:04:36.917379 </lastmod>
	</url><url>
		<loc> https://geoconnex.us/cuahsi/his/TRWA/CASTLE </loc>
		<lastmod> 2022-08-22 17:04:36.917395 </lastmod>
	</url><url>
		<loc> https://geoconnex.us/cuahsi/his/TRWA/CHE-01-TNT-04 </loc>
		<lastmod> 2022-08-22 17:04:36.917410 </lastmod>
	</url><url>
		<loc> https://geoconnex.us/cuahsi/his/TRWA/COB-000 </loc>
		<lastmod> 2022-08-22 17:04:36.917426 </lastmod>
	</url><url>
		<loc> https://geoconnex.us/cuahsi/his/TRWA/COB-013 </loc>
		<lastmod> 2022-08-22 17:04:36.917441 </lastmod>
	</url><url>
		<loc> https://geoconnex.us/cuahsi/his/TRWA/COT-01 </loc>
		<lastmod> 2022-08-22 17:04:36.917456 </lastmod>
	</url><url>
		<loc> https://geoconnex.us/cuahsi/his/TRWA/COT-004 </loc>
		<lastmod> 2022-08-22 17:04:36.917472 </lastmod>
	</url><url>
		<loc> https://geoconnex.us/cuahsi/his/TRWA/FBR-01 </loc>
		<lastmod> 2022-08-22 17:04:36.917487 </lastmod>
	</url><url>
		<loc> https://geoconnex.us/cuahsi/his/TRWA/FORGE </loc>
		<lastmod> 2022-08-22 17:04:36.917502 </lastmod>
	</url><url>
		<loc> https://geoconnex.us/cuahsi/his/TRWA/LZ </loc>
		<lastmod> 2022-08-22 17:04:36.917517 </lastmod>
	</url><url>
		<loc> https://geoconnex.us/cuahsi/his/TRWA/MAT-01 </loc>
		<lastmod> 2022-08-22 17:04:36.917533 </lastmod>
	</url><url>
		<loc> https://geoconnex.us/cuahsi/his/TRWA/MIL-000 </loc>
		<lastmod> 2022-08-22 17:04:36.917548 </lastmod>
	</url><url>
		<loc> https://geoconnex.us/cuahsi/his/TRWA/MIL-014 </loc>
		<lastmod> 2022-08-22 17:04:36.917562 </lastmod>
	</url><url>
		<loc> https://geoconnex.us/cuahsi/his/TRWA/MIL-03 </loc>
		<lastmod> 2022-08-22 17:04:36.917577 </lastmod>
	</url><url>
		<loc> https://geoconnex.us/cuahsi/his/TRWA/NMK-023 </loc>
		<lastmod> 2022-08-22 17:04:36.917592 </lastmod>
	</url><url>
		<loc> https://geoconnex.us/cuahsi/his/TRWA/NMK-041 </loc>
		<lastmod> 2022-08-22 17:04:36.917607 </lastmod>
	</url><url>
		<loc> https://geoconnex.us/cuahsi/his/TRWA/PCO </loc>
		<lastmod> 2022-08-22 17:04:36.917621 </lastmod>
	</url><url>
		<loc> https://geoconnex.us/cuahsi/his/TRWA/QBR </loc>
		<lastmod> 2022-08-22 17:04:36.917637 </lastmod>
	</url><url>
		<loc> https://geoconnex.us/cuahsi/his/TRWA/SEG </loc>
		<lastmod> 2022-08-22 17:04:36.917652 </lastmod>
	</url><url>
		<loc> https://geoconnex.us/cuahsi/his/TRWA/SNK-005 </loc>
		<lastmod> 2022-08-22 17:04:36.917667 </lastmod>
	</url><url>
		<loc> https://geoconnex.us/cuahsi/his/TRWA/TBR-01 </loc>
		<lastmod> 2022-08-22 17:04:36.917682 </lastmod>
	</url><url>
		<loc> https://geoconnex.us/cuahsi/his/TRWA/TMR-004 </loc>
		<lastmod> 2022-08-22 17:04:36.917698 </lastmod>
	</url><url>
		<loc> https://geoconnex.us/cuahsi/his/TRWA/TMR-03 </loc>
		<lastmod> 2022-08-22 17:04:36.917713 </lastmod>
	</url><url>
		<loc> https://geoconnex.us/cuahsi/his/TRWA/TMR-034 </loc>
		<lastmod> 2022-08-22 17:04:36.917728 </lastmod>
	</url><url>
		<loc> https://geoconnex.us/cuahsi/his/TRWA/TNT-000 </loc>
		<lastmod> 2022-08-22 17:04:36.917744 </lastmod>
	</url><url>
		<loc> https://geoconnex.us/cuahsi/his/TRWA/TNT-043 </loc>
		<lastmod> 2022-08-22 17:04:36.917759 </lastmod>
	</url><url>
		<loc> https://geoconnex.us/cuahsi/his/TRWA/TNT-050 </loc>
		<lastmod> 2022-08-22 17:04:36.917774 </lastmod>
	</url><url>
		<loc> https://geoconnex.us/cuahsi/his/TRWA/TNT-113 </loc>
		<lastmod> 2022-08-22 17:04:36.917788 </lastmod>
	</url><url>
		<loc> https://geoconnex.us/cuahsi/his/TRWA/TNT-158 </loc>
		<lastmod> 2022-08-22 17:04:36.917803 </lastmod>
	</url><url>
		<loc> https://geoconnex.us/cuahsi/his/TRWA/TWH-01 </loc>
		<lastmod> 2022-08-22 17:04:36.917818 </lastmod>
	</url><url>
		<loc> https://geoconnex.us/cuahsi/his/TRWA/TWN-01 </loc>
		<lastmod> 2022-08-22 17:04:36.917832 </lastmod>
	</url><url>
		<loc> https://geoconnex.us/cuahsi/his/TRWA/WAD-01 </loc>
		<lastmod> 2022-08-22 17:04:36.917847 </lastmod>
	</url><url>
		<loc> https://geoconnex.us/cuahsi/his/TRWA/WAD-02 </loc>
		<lastmod> 2022-08-22 17:04:36.917862 </lastmod>
	</url></ns0:urlset>