<?xml version='1.0' encoding='utf-8'?>
<ns0:urlset xmlns:ns0="http://www.sitemaps.org/schemas/sitemap/0.9">
<url>
		<loc> https://geoconnex.us/cuahsi/his/Clarksburg_SP/391424077150601 </loc>
		<lastmod> 2022-08-22 17:04:37.061285 </lastmod>
	</url><url>
		<loc> https://geoconnex.us/cuahsi/his/Clarksburg_SP/391427077151701 </loc>
		<lastmod> 2022-08-22 17:04:37.061320 </lastmod>
	</url><url>
		<loc> https://geoconnex.us/cuahsi/his/Clarksburg_SP/391422077153901 </loc>
		<lastmod> 2022-08-22 17:04:37.061342 </lastmod>
	</url><url>
		<loc> https://geoconnex.us/cuahsi/his/Clarksburg_SP/391433077154201 </loc>
		<lastmod> 2022-08-22 17:04:37.061360 </lastmod>
	</url><url>
		<loc> https://geoconnex.us/cuahsi/his/Clarksburg_SP/391426077160401 </loc>
		<lastmod> 2022-08-22 17:04:37.061375 </lastmod>
	</url><url>
		<loc> https://geoconnex.us/cuahsi/his/Clarksburg_SP/391420077153401 </loc>
		<lastmod> 2022-08-22 17:04:37.061392 </lastmod>
	</url><url>
		<loc> https://geoconnex.us/cuahsi/his/Clarksburg_SP/391359077152601 </loc>
		<lastmod> 2022-08-22 17:04:37.061408 </lastmod>
	</url></ns0:urlset>