<?xml version='1.0' encoding='utf-8'?>
<ns0:urlset xmlns:ns0="http://www.sitemaps.org/schemas/sitemap/0.9">
<url>
		<loc> https://geoconnex.us/cuahsi/his/SNOTEL/301_CA_SNTL </loc>
		<lastmod> 2022-08-22 17:04:41.511800 </lastmod>
	</url><url>
		<loc> https://geoconnex.us/cuahsi/his/SNOTEL/907_UT_SNTL </loc>
		<lastmod> 2022-08-22 17:04:41.511836 </lastmod>
	</url><url>
		<loc> https://geoconnex.us/cuahsi/his/SNOTEL/916_MT_SNTL </loc>
		<lastmod> 2022-08-22 17:04:41.511858 </lastmod>
	</url><url>
		<loc> https://geoconnex.us/cuahsi/his/SNOTEL/1267_AK_SNTL </loc>
		<lastmod> 2022-08-22 17:04:41.511876 </lastmod>
	</url><url>
		<loc> https://geoconnex.us/cuahsi/his/SNOTEL/908_WA_SNTL </loc>
		<lastmod> 2022-08-22 17:04:41.511893 </lastmod>
	</url><url>
		<loc> https://geoconnex.us/cuahsi/his/SNOTEL/1189_AK_SNTL </loc>
		<lastmod> 2022-08-22 17:04:41.511909 </lastmod>
	</url><url>
		<loc> https://geoconnex.us/cuahsi/his/SNOTEL/1062_AK_SNTL </loc>
		<lastmod> 2022-08-22 17:04:41.511926 </lastmod>
	</url><url>
		<loc> https://geoconnex.us/cuahsi/his/SNOTEL/1070_AK_SNTL </loc>
		<lastmod> 2022-08-22 17:04:41.511942 </lastmod>
	</url><url>
		<loc> https://geoconnex.us/cuahsi/his/SNOTEL/302_OR_SNTL </loc>
		<lastmod> 2022-08-22 17:04:41.511957 </lastmod>
	</url><url>
		<loc> https://geoconnex.us/cuahsi/his/SNOTEL/1000_OR_SNTL </loc>
		<lastmod> 2022-08-22 17:04:41.511973 </lastmod>
	</url><url>
		<loc> https://geoconnex.us/cuahsi/his/SNOTEL/303_CO_SNTL </loc>
		<lastmod> 2022-08-22 17:04:41.511988 </lastmod>
	</url><url>
		<loc> https://geoconnex.us/cuahsi/his/SNOTEL/1030_CO_SNTL </loc>
		<lastmod> 2022-08-22 17:04:41.512004 </lastmod>
	</url><url>
		<loc> https://geoconnex.us/cuahsi/his/SNOTEL/304_OR_SNTL </loc>
		<lastmod> 2022-08-22 17:04:41.512019 </lastmod>
	</url><url>
		<loc> https://geoconnex.us/cuahsi/his/SNOTEL/305_CO_SNTL </loc>
		<lastmod> 2022-08-22 17:04:41.512035 </lastmod>
	</url><url>
		<loc> https://geoconnex.us/cuahsi/his/SNOTEL/957_AK_SNTL </loc>
		<lastmod> 2022-08-22 17:04:41.512075 </lastmod>
	</url><url>
		<loc> https://geoconnex.us/cuahsi/his/SNOTEL/306_ID_SNTL </loc>
		<lastmod> 2022-08-22 17:04:41.512091 </lastmod>
	</url><url>
		<loc> https://geoconnex.us/cuahsi/his/SNOTEL/8082_UT_SNTL </loc>
		<lastmod> 2022-08-22 17:04:41.512106 </lastmod>
	</url><url>
		<loc> https://geoconnex.us/cuahsi/his/SNOTEL/307_MT_SNTL </loc>
		<lastmod> 2022-08-22 17:04:41.512121 </lastmod>
	</url><url>
		<loc> https://geoconnex.us/cuahsi/his/SNOTEL/308_AZ_SNTL </loc>
		<lastmod> 2022-08-22 17:04:41.512136 </lastmod>
	</url><url>
		<loc> https://geoconnex.us/cuahsi/his/SNOTEL/1140_AZ_SNTL </loc>
		<lastmod> 2022-08-22 17:04:41.512151 </lastmod>
	</url><url>
		<loc> https://geoconnex.us/cuahsi/his/SNOTEL/309_WY_SNTL </loc>
		<lastmod> 2022-08-22 17:04:41.512166 </lastmod>
	</url><url>
		<loc> https://geoconnex.us/cuahsi/his/SNOTEL/310_AZ_SNTL </loc>
		<lastmod> 2022-08-22 17:04:41.512182 </lastmod>
	</url><url>
		<loc> https://geoconnex.us/cuahsi/his/SNOTEL/311_MT_SNTL </loc>
		<lastmod> 2022-08-22 17:04:41.512197 </lastmod>
	</url><url>
		<loc> https://geoconnex.us/cuahsi/his/SNOTEL/312_ID_SNTL </loc>
		<lastmod> 2022-08-22 17:04:41.512212 </lastmod>
	</url><url>
		<loc> https://geoconnex.us/cuahsi/his/SNOTEL/1212_AZ_SNTL </loc>
		<lastmod> 2022-08-22 17:04:41.512228 </lastmod>
	</url><url>
		<loc> https://geoconnex.us/cuahsi/his/SNOTEL/313_MT_SNTL </loc>
		<lastmod> 2022-08-22 17:04:41.512243 </lastmod>
	</url><url>
		<loc> https://geoconnex.us/cuahsi/his/SNOTEL/314_WY_SNTL </loc>
		<lastmod> 2022-08-22 17:04:41.512259 </lastmod>
	</url><url>
		<loc> https://geoconnex.us/cuahsi/his/SNOTEL/315_MT_SNTL </loc>
		<lastmod> 2022-08-22 17:04:41.512274 </lastmod>
	</url><url>
		<loc> https://geoconnex.us/cuahsi/his/SNOTEL/316_NM_SNTL </loc>
		<lastmod> 2022-08-22 17:04:41.512289 </lastmod>
	</url><url>
		<loc> https://geoconnex.us/cuahsi/his/SNOTEL/317_WY_SNTL </loc>
		<lastmod> 2022-08-22 17:04:41.512304 </lastmod>
	</url><url>
		<loc> https://geoconnex.us/cuahsi/his/SNOTEL/318_MT_SNTL </loc>
		<lastmod> 2022-08-22 17:04:41.512320 </lastmod>
	</url><url>
		<loc> https://geoconnex.us/cuahsi/his/SNOTEL/319_ID_SNTL </loc>
		<lastmod> 2022-08-22 17:04:41.512335 </lastmod>
	</url><url>
		<loc> https://geoconnex.us/cuahsi/his/SNOTEL/320_ID_SNTL </loc>
		<lastmod> 2022-08-22 17:04:41.512351 </lastmod>
	</url><url>
		<loc> https://geoconnex.us/cuahsi/his/SNOTEL/321_NV_SNTL </loc>
		<lastmod> 2022-08-22 17:04:41.512366 </lastmod>
	</url><url>
		<loc> https://geoconnex.us/cuahsi/his/SNOTEL/1166_OR_SNTL </loc>
		<lastmod> 2022-08-22 17:04:41.512381 </lastmod>
	</url><url>
		<loc> https://geoconnex.us/cuahsi/his/SNOTEL/322_CO_SNTL </loc>
		<lastmod> 2022-08-22 17:04:41.512397 </lastmod>
	</url><url>
		<loc> https://geoconnex.us/cuahsi/his/SNOTEL/323_ID_SNTL </loc>
		<lastmod> 2022-08-22 17:04:41.512412 </lastmod>
	</url><url>
		<loc> https://geoconnex.us/cuahsi/his/SNOTEL/1061_CO_SNTL </loc>
		<lastmod> 2022-08-22 17:04:41.512427 </lastmod>
	</url><url>
		<loc> https://geoconnex.us/cuahsi/his/SNOTEL/992_UT_SNTL </loc>
		<lastmod> 2022-08-22 17:04:41.512442 </lastmod>
	</url><url>
		<loc> https://geoconnex.us/cuahsi/his/SNOTEL/324_ID_SNTL </loc>
		<lastmod> 2022-08-22 17:04:41.512457 </lastmod>
	</url><url>
		<loc> https://geoconnex.us/cuahsi/his/SNOTEL/325_WY_SNTL </loc>
		<lastmod> 2022-08-22 17:04:41.512472 </lastmod>
	</url><url>
		<loc> https://geoconnex.us/cuahsi/his/SNOTEL/326_WY_SNTL </loc>
		<lastmod> 2022-08-22 17:04:41.512487 </lastmod>
	</url><url>
		<loc> https://geoconnex.us/cuahsi/his/SNOTEL/327_CO_SNTL </loc>
		<lastmod> 2022-08-22 17:04:41.512502 </lastmod>
	</url><url>
		<loc> https://geoconnex.us/cuahsi/his/SNOTEL/1041_CO_SNTL </loc>
		<lastmod> 2022-08-22 17:04:41.512517 </lastmod>
	</url><url>
		<loc> https://geoconnex.us/cuahsi/his/SNOTEL/328_MT_SNTL </loc>
		<lastmod> 2022-08-22 17:04:41.512532 </lastmod>
	</url><url>
		<loc> https://geoconnex.us/cuahsi/his/SNOTEL/329_UT_SNTL </loc>
		<lastmod> 2022-08-22 17:04:41.512548 </lastmod>
	</url><url>
		<loc> https://geoconnex.us/cuahsi/his/SNOTEL/330_UT_SNTL </loc>
		<lastmod> 2022-08-22 17:04:41.512563 </lastmod>
	</url><url>
		<loc> https://geoconnex.us/cuahsi/his/SNOTEL/902_AZ_SNTL </loc>
		<lastmod> 2022-08-22 17:04:41.512578 </lastmod>
	</url><url>
		<loc> https://geoconnex.us/cuahsi/his/SNOTEL/990_WA_SNTL </loc>
		<lastmod> 2022-08-22 17:04:41.512592 </lastmod>
	</url><url>
		<loc> https://geoconnex.us/cuahsi/his/SNOTEL/331_OR_SNTL </loc>
		<lastmod> 2022-08-22 17:04:41.512607 </lastmod>
	</url><url>
		<loc> https://geoconnex.us/cuahsi/his/SNOTEL/1143_AZ_SNTL </loc>
		<lastmod> 2022-08-22 17:04:41.512622 </lastmod>
	</url><url>
		<loc> https://geoconnex.us/cuahsi/his/SNOTEL/332_UT_SNTL </loc>
		<lastmod> 2022-08-22 17:04:41.512637 </lastmod>
	</url><url>
		<loc> https://geoconnex.us/cuahsi/his/SNOTEL/333_UT_SNTL </loc>
		<lastmod> 2022-08-22 17:04:41.512652 </lastmod>
	</url><url>
		<loc> https://geoconnex.us/cuahsi/his/SNOTEL/251_ID_SNTL </loc>
		<lastmod> 2022-08-22 17:04:41.512667 </lastmod>
	</url><url>
		<loc> https://geoconnex.us/cuahsi/his/SNOTEL/1086_AK_SNTL </loc>
		<lastmod> 2022-08-22 17:04:41.512682 </lastmod>
	</url><url>
		<loc> https://geoconnex.us/cuahsi/his/SNOTEL/334_NV_SNTL </loc>
		<lastmod> 2022-08-22 17:04:41.512697 </lastmod>
	</url><url>
		<loc> https://geoconnex.us/cuahsi/his/SNOTEL/335_CO_SNTL </loc>
		<lastmod> 2022-08-22 17:04:41.512712 </lastmod>
	</url><url>
		<loc> https://geoconnex.us/cuahsi/his/SNOTEL/1182_AK_SNTL </loc>
		<lastmod> 2022-08-22 17:04:41.512727 </lastmod>
	</url><url>
		<loc> https://geoconnex.us/cuahsi/his/SNOTEL/1214_UT_SNTL </loc>
		<lastmod> 2022-08-22 17:04:41.512742 </lastmod>
	</url><url>
		<loc> https://geoconnex.us/cuahsi/his/SNOTEL/336_NV_SNTL </loc>
		<lastmod> 2022-08-22 17:04:41.512758 </lastmod>
	</url><url>
		<loc> https://geoconnex.us/cuahsi/his/SNOTEL/337_NV_SNTL </loc>
		<lastmod> 2022-08-22 17:04:41.512773 </lastmod>
	</url><url>
		<loc> https://geoconnex.us/cuahsi/his/SNOTEL/338_ID_SNTL </loc>
		<lastmod> 2022-08-22 17:04:41.512788 </lastmod>
	</url><url>
		<loc> https://geoconnex.us/cuahsi/his/SNOTEL/339_UT_SNTL </loc>
		<lastmod> 2022-08-22 17:04:41.512803 </lastmod>
	</url><url>
		<loc> https://geoconnex.us/cuahsi/his/SNOTEL/931_WY_SNTL </loc>
		<lastmod> 2022-08-22 17:04:41.512818 </lastmod>
	</url><url>
		<loc> https://geoconnex.us/cuahsi/his/SNOTEL/340_NV_SNTL </loc>
		<lastmod> 2022-08-22 17:04:41.512833 </lastmod>
	</url><url>
		<loc> https://geoconnex.us/cuahsi/his/SNOTEL/341_OR_SNTL </loc>
		<lastmod> 2022-08-22 17:04:41.512848 </lastmod>
	</url><url>
		<loc> https://geoconnex.us/cuahsi/his/SNOTEL/342_WY_SNTL </loc>
		<lastmod> 2022-08-22 17:04:41.512863 </lastmod>
	</url><url>
		<loc> https://geoconnex.us/cuahsi/his/SNOTEL/343_OR_SNTL </loc>
		<lastmod> 2022-08-22 17:04:41.512878 </lastmod>
	</url><url>
		<loc> https://geoconnex.us/cuahsi/his/SNOTEL/344_OR_SNTL </loc>
		<lastmod> 2022-08-22 17:04:41.512893 </lastmod>
	</url><url>
		<loc> https://geoconnex.us/cuahsi/his/SNOTEL/1155_NV_SNTL </loc>
		<lastmod> 2022-08-22 17:04:41.512908 </lastmod>
	</url><url>
		<loc> https://geoconnex.us/cuahsi/his/SNOTEL/345_CO_SNTL </loc>
		<lastmod> 2022-08-22 17:04:41.512923 </lastmod>
	</url><url>
		<loc> https://geoconnex.us/cuahsi/his/SNOTEL/346_MT_SNTL </loc>
		<lastmod> 2022-08-22 17:04:41.512938 </lastmod>
	</url><url>
		<loc> https://geoconnex.us/cuahsi/his/SNOTEL/347_MT_SNTL </loc>
		<lastmod> 2022-08-22 17:04:41.512953 </lastmod>
	</url><url>
		<loc> https://geoconnex.us/cuahsi/his/SNOTEL/348_UT_SNTL </loc>
		<lastmod> 2022-08-22 17:04:41.512969 </lastmod>
	</url><url>
		<loc> https://geoconnex.us/cuahsi/his/SNOTEL/1185_CO_SNTL </loc>
		<lastmod> 2022-08-22 17:04:41.512984 </lastmod>
	</url><url>
		<loc> https://geoconnex.us/cuahsi/his/SNOTEL/1161_CO_SNTL </loc>
		<lastmod> 2022-08-22 17:04:41.512999 </lastmod>
	</url><url>
		<loc> https://geoconnex.us/cuahsi/his/SNOTEL/349_MT_SNTL </loc>
		<lastmod> 2022-08-22 17:04:41.513015 </lastmod>
	</url><url>
		<loc> https://geoconnex.us/cuahsi/his/SNOTEL/1119_WY_SNTL </loc>
		<lastmod> 2022-08-22 17:04:41.513030 </lastmod>
	</url><url>
		<loc> https://geoconnex.us/cuahsi/his/SNOTEL/1162_UT_SNTL </loc>
		<lastmod> 2022-08-22 17:04:41.513045 </lastmod>
	</url><url>
		<loc> https://geoconnex.us/cuahsi/his/SNOTEL/1144_MT_SNTL </loc>
		<lastmod> 2022-08-22 17:04:41.513060 </lastmod>
	</url><url>
		<loc> https://geoconnex.us/cuahsi/his/SNOTEL/350_WY_SNTL </loc>
		<lastmod> 2022-08-22 17:04:41.513075 </lastmod>
	</url><url>
		<loc> https://geoconnex.us/cuahsi/his/SNOTEL/351_OR_SNTL </loc>
		<lastmod> 2022-08-22 17:04:41.513090 </lastmod>
	</url><url>
		<loc> https://geoconnex.us/cuahsi/his/SNOTEL/352_WA_SNTL </loc>
		<lastmod> 2022-08-22 17:04:41.513105 </lastmod>
	</url><url>
		<loc> https://geoconnex.us/cuahsi/his/SNOTEL/353_WY_SNTL </loc>
		<lastmod> 2022-08-22 17:04:41.513120 </lastmod>
	</url><url>
		<loc> https://geoconnex.us/cuahsi/his/SNOTEL/354_SD_SNTL </loc>
		<lastmod> 2022-08-22 17:04:41.513135 </lastmod>
	</url><url>
		<loc> https://geoconnex.us/cuahsi/his/SNOTEL/355_MT_SNTL </loc>
		<lastmod> 2022-08-22 17:04:41.513150 </lastmod>
	</url><url>
		<loc> https://geoconnex.us/cuahsi/his/SNOTEL/356_CA_SNTL </loc>
		<lastmod> 2022-08-22 17:04:41.513165 </lastmod>
	</url><url>
		<loc> https://geoconnex.us/cuahsi/his/SNOTEL/357_OR_SNTL </loc>
		<lastmod> 2022-08-22 17:04:41.513180 </lastmod>
	</url><url>
		<loc> https://geoconnex.us/cuahsi/his/SNOTEL/1278_UT_SNTL </loc>
		<lastmod> 2022-08-22 17:04:41.513195 </lastmod>
	</url><url>
		<loc> https://geoconnex.us/cuahsi/his/SNOTEL/978_ID_SNTL </loc>
		<lastmod> 2022-08-22 17:04:41.513211 </lastmod>
	</url><url>
		<loc> https://geoconnex.us/cuahsi/his/SNOTEL/358_WY_SNTL </loc>
		<lastmod> 2022-08-22 17:04:41.513226 </lastmod>
	</url><url>
		<loc> https://geoconnex.us/cuahsi/his/SNOTEL/359_ID_SNTL </loc>
		<lastmod> 2022-08-22 17:04:41.513241 </lastmod>
	</url><url>
		<loc> https://geoconnex.us/cuahsi/his/SNOTEL/360_MT_SNTL </loc>
		<lastmod> 2022-08-22 17:04:41.513256 </lastmod>
	</url><url>
		<loc> https://geoconnex.us/cuahsi/his/SNOTEL/361_OR_SNTL </loc>
		<lastmod> 2022-08-22 17:04:41.513271 </lastmod>
	</url><url>
		<loc> https://geoconnex.us/cuahsi/his/SNOTEL/362_OR_SNTL </loc>
		<lastmod> 2022-08-22 17:04:41.513286 </lastmod>
	</url><url>
		<loc> https://geoconnex.us/cuahsi/his/SNOTEL/363_MT_SNTL </loc>
		<lastmod> 2022-08-22 17:04:41.513301 </lastmod>
	</url><url>
		<loc> https://geoconnex.us/cuahsi/his/SNOTEL/364_UT_SNTL </loc>
		<lastmod> 2022-08-22 17:04:41.513316 </lastmod>
	</url><url>
		<loc> https://geoconnex.us/cuahsi/his/SNOTEL/1156_UT_SNTL </loc>
		<lastmod> 2022-08-22 17:04:41.513332 </lastmod>
	</url><url>
		<loc> https://geoconnex.us/cuahsi/his/SNOTEL/365_MT_SNTL </loc>
		<lastmod> 2022-08-22 17:04:41.513347 </lastmod>
	</url><url>
		<loc> https://geoconnex.us/cuahsi/his/SNOTEL/1154_UT_SNTL </loc>
		<lastmod> 2022-08-22 17:04:41.513362 </lastmod>
	</url><url>
		<loc> https://geoconnex.us/cuahsi/his/SNOTEL/252_MT_SNTL </loc>
		<lastmod> 2022-08-22 17:04:41.513377 </lastmod>
	</url><url>
		<loc> https://geoconnex.us/cuahsi/his/SNOTEL/366_UT_SNTL </loc>
		<lastmod> 2022-08-22 17:04:41.513392 </lastmod>
	</url><url>
		<loc> https://geoconnex.us/cuahsi/his/SNOTEL/1111_NV_SNTL </loc>
		<lastmod> 2022-08-22 17:04:41.513407 </lastmod>
	</url><url>
		<loc> https://geoconnex.us/cuahsi/his/SNOTEL/367_WY_SNTL </loc>
		<lastmod> 2022-08-22 17:04:41.513422 </lastmod>
	</url><url>
		<loc> https://geoconnex.us/cuahsi/his/SNOTEL/368_UT_SNTL </loc>
		<lastmod> 2022-08-22 17:04:41.513438 </lastmod>
	</url><url>
		<loc> https://geoconnex.us/cuahsi/his/SNOTEL/1080_WA_SNTL </loc>
		<lastmod> 2022-08-22 17:04:41.513453 </lastmod>
	</url><url>
		<loc> https://geoconnex.us/cuahsi/his/SNOTEL/369_CO_SNTL </loc>
		<lastmod> 2022-08-22 17:04:41.513468 </lastmod>
	</url><url>
		<loc> https://geoconnex.us/cuahsi/his/SNOTEL/370_ID_SNTL </loc>
		<lastmod> 2022-08-22 17:04:41.513483 </lastmod>
	</url><url>
		<loc> https://geoconnex.us/cuahsi/his/SNOTEL/371_UT_SNTL </loc>
		<lastmod> 2022-08-22 17:04:41.513499 </lastmod>
	</url><url>
		<loc> https://geoconnex.us/cuahsi/his/SNOTEL/1192_UT_SNTL </loc>
		<lastmod> 2022-08-22 17:04:41.513514 </lastmod>
	</url><url>
		<loc> https://geoconnex.us/cuahsi/his/SNOTEL/372_AZ_SNTL </loc>
		<lastmod> 2022-08-22 17:04:41.513529 </lastmod>
	</url><url>
		<loc> https://geoconnex.us/cuahsi/his/SNOTEL/1153_UT_SNTL </loc>
		<lastmod> 2022-08-22 17:04:41.513544 </lastmod>
	</url><url>
		<loc> https://geoconnex.us/cuahsi/his/SNOTEL/1107_WA_SNTL </loc>
		<lastmod> 2022-08-22 17:04:41.513559 </lastmod>
	</url><url>
		<loc> https://geoconnex.us/cuahsi/his/SNOTEL/938_CO_SNTL </loc>
		<lastmod> 2022-08-22 17:04:41.513574 </lastmod>
	</url><url>
		<loc> https://geoconnex.us/cuahsi/his/SNOTEL/373_NV_SNTL </loc>
		<lastmod> 2022-08-22 17:04:41.513589 </lastmod>
	</url><url>
		<loc> https://geoconnex.us/cuahsi/his/SNOTEL/913_CO_SNTL </loc>
		<lastmod> 2022-08-22 17:04:41.513604 </lastmod>
	</url><url>
		<loc> https://geoconnex.us/cuahsi/his/SNOTEL/374_UT_SNTL </loc>
		<lastmod> 2022-08-22 17:04:41.513619 </lastmod>
	</url><url>
		<loc> https://geoconnex.us/cuahsi/his/SNOTEL/375_WA_SNTL </loc>
		<lastmod> 2022-08-22 17:04:41.513634 </lastmod>
	</url><url>
		<loc> https://geoconnex.us/cuahsi/his/SNOTEL/376_WA_SNTL </loc>
		<lastmod> 2022-08-22 17:04:41.513649 </lastmod>
	</url><url>
		<loc> https://geoconnex.us/cuahsi/his/SNOTEL/377_WY_SNTL </loc>
		<lastmod> 2022-08-22 17:04:41.513664 </lastmod>
	</url><url>
		<loc> https://geoconnex.us/cuahsi/his/SNOTEL/1051_CA_SNTL </loc>
		<lastmod> 2022-08-22 17:04:41.513679 </lastmod>
	</url><url>
		<loc> https://geoconnex.us/cuahsi/his/SNOTEL/942_WA_SNTL </loc>
		<lastmod> 2022-08-22 17:04:41.513694 </lastmod>
	</url><url>
		<loc> https://geoconnex.us/cuahsi/his/SNOTEL/981_MT_SNTL </loc>
		<lastmod> 2022-08-22 17:04:41.513720 </lastmod>
	</url><url>
		<loc> https://geoconnex.us/cuahsi/his/SNOTEL/378_CO_SNTL </loc>
		<lastmod> 2022-08-22 17:04:41.513733 </lastmod>
	</url><url>
		<loc> https://geoconnex.us/cuahsi/his/SNOTEL/379_WY_SNTL </loc>
		<lastmod> 2022-08-22 17:04:41.513747 </lastmod>
	</url><url>
		<loc> https://geoconnex.us/cuahsi/his/SNOTEL/1135_UT_SNTL </loc>
		<lastmod> 2022-08-22 17:04:41.513761 </lastmod>
	</url><url>
		<loc> https://geoconnex.us/cuahsi/his/SNOTEL/380_CO_SNTL </loc>
		<lastmod> 2022-08-22 17:04:41.513775 </lastmod>
	</url><url>
		<loc> https://geoconnex.us/cuahsi/his/SNOTEL/1109_WA_SNTL </loc>
		<lastmod> 2022-08-22 17:04:41.513789 </lastmod>
	</url><url>
		<loc> https://geoconnex.us/cuahsi/his/SNOTEL/381_MT_SNTL </loc>
		<lastmod> 2022-08-22 17:04:41.513846 </lastmod>
	</url><url>
		<loc> https://geoconnex.us/cuahsi/his/SNOTEL/382_ID_SNTL </loc>
		<lastmod> 2022-08-22 17:04:41.513861 </lastmod>
	</url><url>
		<loc> https://geoconnex.us/cuahsi/his/SNOTEL/383_UT_SNTL </loc>
		<lastmod> 2022-08-22 17:04:41.513875 </lastmod>
	</url><url>
		<loc> https://geoconnex.us/cuahsi/his/SNOTEL/384_WY_SNTL </loc>
		<lastmod> 2022-08-22 17:04:41.513889 </lastmod>
	</url><url>
		<loc> https://geoconnex.us/cuahsi/his/SNOTEL/385_MT_SNTL </loc>
		<lastmod> 2022-08-22 17:04:41.513903 </lastmod>
	</url><url>
		<loc> https://geoconnex.us/cuahsi/his/SNOTEL/1067_CA_SNTL </loc>
		<lastmod> 2022-08-22 17:04:41.513917 </lastmod>
	</url><url>
		<loc> https://geoconnex.us/cuahsi/his/SNOTEL/386_CO_SNTL </loc>
		<lastmod> 2022-08-22 17:04:41.513931 </lastmod>
	</url><url>
		<loc> https://geoconnex.us/cuahsi/his/SNOTEL/387_CO_SNTL </loc>
		<lastmod> 2022-08-22 17:04:41.513945 </lastmod>
	</url><url>
		<loc> https://geoconnex.us/cuahsi/his/SNOTEL/1039_UT_SNTL </loc>
		<lastmod> 2022-08-22 17:04:41.513958 </lastmod>
	</url><url>
		<loc> https://geoconnex.us/cuahsi/his/SNOTEL/388_OR_SNTL </loc>
		<lastmod> 2022-08-22 17:04:41.513972 </lastmod>
	</url><url>
		<loc> https://geoconnex.us/cuahsi/his/SNOTEL/253_MT_SNTL </loc>
		<lastmod> 2022-08-22 17:04:41.513986 </lastmod>
	</url><url>
		<loc> https://geoconnex.us/cuahsi/his/SNOTEL/389_WY_SNTL </loc>
		<lastmod> 2022-08-22 17:04:41.514000 </lastmod>
	</url><url>
		<loc> https://geoconnex.us/cuahsi/his/SNOTEL/1130_WY_SNTL </loc>
		<lastmod> 2022-08-22 17:04:41.514014 </lastmod>
	</url><url>
		<loc> https://geoconnex.us/cuahsi/his/SNOTEL/390_UT_SNTL </loc>
		<lastmod> 2022-08-22 17:04:41.514028 </lastmod>
	</url><url>
		<loc> https://geoconnex.us/cuahsi/his/SNOTEL/247_CO_SNTL </loc>
		<lastmod> 2022-08-22 17:04:41.514042 </lastmod>
	</url><url>
		<loc> https://geoconnex.us/cuahsi/his/SNOTEL/1152_NV_SNTL </loc>
		<lastmod> 2022-08-22 17:04:41.514056 </lastmod>
	</url><url>
		<loc> https://geoconnex.us/cuahsi/his/SNOTEL/1085_WA_SNTL </loc>
		<lastmod> 2022-08-22 17:04:41.514069 </lastmod>
	</url><url>
		<loc> https://geoconnex.us/cuahsi/his/SNOTEL/391_CA_SNTL </loc>
		<lastmod> 2022-08-22 17:04:41.514083 </lastmod>
	</url><url>
		<loc> https://geoconnex.us/cuahsi/his/SNOTEL/1139_AZ_SNTL </loc>
		<lastmod> 2022-08-22 17:04:41.514115 </lastmod>
	</url><url>
		<loc> https://geoconnex.us/cuahsi/his/SNOTEL/392_UT_SNTL </loc>
		<lastmod> 2022-08-22 17:04:41.514130 </lastmod>
	</url><url>
		<loc> https://geoconnex.us/cuahsi/his/SNOTEL/393_UT_SNTL </loc>
		<lastmod> 2022-08-22 17:04:41.514145 </lastmod>
	</url><url>
		<loc> https://geoconnex.us/cuahsi/his/SNOTEL/394_NM_SNTL </loc>
		<lastmod> 2022-08-22 17:04:41.514160 </lastmod>
	</url><url>
		<loc> https://geoconnex.us/cuahsi/his/SNOTEL/1101_CO_SNTL </loc>
		<lastmod> 2022-08-22 17:04:41.514175 </lastmod>
	</url><url>
		<loc> https://geoconnex.us/cuahsi/his/SNOTEL/395_OR_SNTL </loc>
		<lastmod> 2022-08-22 17:04:41.514190 </lastmod>
	</url><url>
		<loc> https://geoconnex.us/cuahsi/his/SNOTEL/396_UT_SNTL </loc>
		<lastmod> 2022-08-22 17:04:41.514205 </lastmod>
	</url><url>
		<loc> https://geoconnex.us/cuahsi/his/SNOTEL/1093_AK_SNTL </loc>
		<lastmod> 2022-08-22 17:04:41.514220 </lastmod>
	</url><url>
		<loc> https://geoconnex.us/cuahsi/his/SNOTEL/895_ID_SNTL </loc>
		<lastmod> 2022-08-22 17:04:41.514235 </lastmod>
	</url><url>
		<loc> https://geoconnex.us/cuahsi/his/SNOTEL/397_WY_SNTL </loc>
		<lastmod> 2022-08-22 17:04:41.514250 </lastmod>
	</url><url>
		<loc> https://geoconnex.us/cuahsi/his/SNOTEL/1046_WY_SNTL </loc>
		<lastmod> 2022-08-22 17:04:41.514264 </lastmod>
	</url><url>
		<loc> https://geoconnex.us/cuahsi/his/SNOTEL/398_OR_SNTL </loc>
		<lastmod> 2022-08-22 17:04:41.514280 </lastmod>
	</url><url>
		<loc> https://geoconnex.us/cuahsi/his/SNOTEL/983_UT_SNTL </loc>
		<lastmod> 2022-08-22 17:04:41.514295 </lastmod>
	</url><url>
		<loc> https://geoconnex.us/cuahsi/his/SNOTEL/399_UT_SNTL </loc>
		<lastmod> 2022-08-22 17:04:41.514310 </lastmod>
	</url><url>
		<loc> https://geoconnex.us/cuahsi/his/SNOTEL/400_UT_SNTL </loc>
		<lastmod> 2022-08-22 17:04:41.514325 </lastmod>
	</url><url>
		<loc> https://geoconnex.us/cuahsi/his/SNOTEL/401_OR_SNTL </loc>
		<lastmod> 2022-08-22 17:04:41.514340 </lastmod>
	</url><url>
		<loc> https://geoconnex.us/cuahsi/his/SNOTEL/402_WY_SNTL </loc>
		<lastmod> 2022-08-22 17:04:41.514355 </lastmod>
	</url><url>
		<loc> https://geoconnex.us/cuahsi/his/SNOTEL/403_MT_SNTL </loc>
		<lastmod> 2022-08-22 17:04:41.514370 </lastmod>
	</url><url>
		<loc> https://geoconnex.us/cuahsi/his/SNOTEL/1059_CO_SNTL </loc>
		<lastmod> 2022-08-22 17:04:41.514385 </lastmod>
	</url><url>
		<loc> https://geoconnex.us/cuahsi/his/SNOTEL/405_WY_SNTL </loc>
		<lastmod> 2022-08-22 17:04:41.514400 </lastmod>
	</url><url>
		<loc> https://geoconnex.us/cuahsi/his/SNOTEL/406_OR_SNTL </loc>
		<lastmod> 2022-08-22 17:04:41.514415 </lastmod>
	</url><url>
		<loc> https://geoconnex.us/cuahsi/his/SNOTEL/958_AK_SNTL </loc>
		<lastmod> 2022-08-22 17:04:41.514430 </lastmod>
	</url><url>
		<loc> https://geoconnex.us/cuahsi/his/SNOTEL/982_WY_SNTL </loc>
		<lastmod> 2022-08-22 17:04:41.514445 </lastmod>
	</url><url>
		<loc> https://geoconnex.us/cuahsi/his/SNOTEL/407_MT_SNTL </loc>
		<lastmod> 2022-08-22 17:04:41.514460 </lastmod>
	</url><url>
		<loc> https://geoconnex.us/cuahsi/his/SNOTEL/1204_NV_SNTL </loc>
		<lastmod> 2022-08-22 17:04:41.514475 </lastmod>
	</url><url>
		<loc> https://geoconnex.us/cuahsi/his/SNOTEL/408_CO_SNTL </loc>
		<lastmod> 2022-08-22 17:04:41.514490 </lastmod>
	</url><url>
		<loc> https://geoconnex.us/cuahsi/his/SNOTEL/409_CO_SNTL </loc>
		<lastmod> 2022-08-22 17:04:41.514505 </lastmod>
	</url><url>
		<loc> https://geoconnex.us/cuahsi/his/SNOTEL/904_CO_SNTL </loc>
		<lastmod> 2022-08-22 17:04:41.514520 </lastmod>
	</url><url>
		<loc> https://geoconnex.us/cuahsi/his/SNOTEL/410_MT_SNTL </loc>
		<lastmod> 2022-08-22 17:04:41.514535 </lastmod>
	</url><url>
		<loc> https://geoconnex.us/cuahsi/his/SNOTEL/411_ID_SNTL </loc>
		<lastmod> 2022-08-22 17:04:41.514551 </lastmod>
	</url><url>
		<loc> https://geoconnex.us/cuahsi/his/SNOTEL/959_AK_SNTL </loc>
		<lastmod> 2022-08-22 17:04:41.514566 </lastmod>
	</url><url>
		<loc> https://geoconnex.us/cuahsi/his/SNOTEL/412_CO_SNTL </loc>
		<lastmod> 2022-08-22 17:04:41.514581 </lastmod>
	</url><url>
		<loc> https://geoconnex.us/cuahsi/his/SNOTEL/413_MT_SNTL </loc>
		<lastmod> 2022-08-22 17:04:41.514596 </lastmod>
	</url><url>
		<loc> https://geoconnex.us/cuahsi/his/SNOTEL/414_MT_SNTL </loc>
		<lastmod> 2022-08-22 17:04:41.514611 </lastmod>
	</url><url>
		<loc> https://geoconnex.us/cuahsi/his/SNOTEL/415_CO_SNTL </loc>
		<lastmod> 2022-08-22 17:04:41.514626 </lastmod>
	</url><url>
		<loc> https://geoconnex.us/cuahsi/his/SNOTEL/1209_NV_SNTL </loc>
		<lastmod> 2022-08-22 17:04:41.514641 </lastmod>
	</url><url>
		<loc> https://geoconnex.us/cuahsi/his/SNOTEL/416_AZ_SNTL </loc>
		<lastmod> 2022-08-22 17:04:41.514656 </lastmod>
	</url><url>
		<loc> https://geoconnex.us/cuahsi/his/SNOTEL/1236_UT_SNTL </loc>
		<lastmod> 2022-08-22 17:04:41.514671 </lastmod>
	</url><url>
		<loc> https://geoconnex.us/cuahsi/his/SNOTEL/417_NV_SNTL </loc>
		<lastmod> 2022-08-22 17:04:41.514686 </lastmod>
	</url><url>
		<loc> https://geoconnex.us/cuahsi/his/SNOTEL/418_WA_SNTL </loc>
		<lastmod> 2022-08-22 17:04:41.514701 </lastmod>
	</url><url>
		<loc> https://geoconnex.us/cuahsi/his/SNOTEL/419_WY_SNTL </loc>
		<lastmod> 2022-08-22 17:04:41.514716 </lastmod>
	</url><url>
		<loc> https://geoconnex.us/cuahsi/his/SNOTEL/420_WA_SNTL </loc>
		<lastmod> 2022-08-22 17:04:41.514731 </lastmod>
	</url><url>
		<loc> https://geoconnex.us/cuahsi/his/SNOTEL/421_WY_SNTL </loc>
		<lastmod> 2022-08-22 17:04:41.514746 </lastmod>
	</url><url>
		<loc> https://geoconnex.us/cuahsi/his/SNOTEL/422_OR_SNTL </loc>
		<lastmod> 2022-08-22 17:04:41.514761 </lastmod>
	</url><url>
		<loc> https://geoconnex.us/cuahsi/his/SNOTEL/423_ID_SNTL </loc>
		<lastmod> 2022-08-22 17:04:41.514776 </lastmod>
	</url><url>
		<loc> https://geoconnex.us/cuahsi/his/SNOTEL/424_ID_SNTL </loc>
		<lastmod> 2022-08-22 17:04:41.514791 </lastmod>
	</url><url>
		<loc> https://geoconnex.us/cuahsi/his/SNOTEL/425_ID_SNTL </loc>
		<lastmod> 2022-08-22 17:04:41.514806 </lastmod>
	</url><url>
		<loc> https://geoconnex.us/cuahsi/his/SNOTEL/1010_OR_SNTL </loc>
		<lastmod> 2022-08-22 17:04:41.514821 </lastmod>
	</url><url>
		<loc> https://geoconnex.us/cuahsi/his/SNOTEL/426_CO_SNTL </loc>
		<lastmod> 2022-08-22 17:04:41.514836 </lastmod>
	</url><url>
		<loc> https://geoconnex.us/cuahsi/his/SNOTEL/1045_WY_SNTL </loc>
		<lastmod> 2022-08-22 17:04:41.514851 </lastmod>
	</url><url>
		<loc> https://geoconnex.us/cuahsi/his/SNOTEL/977_CA_SNTL </loc>
		<lastmod> 2022-08-22 17:04:41.514866 </lastmod>
	</url><url>
		<loc> https://geoconnex.us/cuahsi/his/SNOTEL/427_MT_SNTL </loc>
		<lastmod> 2022-08-22 17:04:41.514881 </lastmod>
	</url><url>
		<loc> https://geoconnex.us/cuahsi/his/SNOTEL/428_CA_SNTL </loc>
		<lastmod> 2022-08-22 17:04:41.514896 </lastmod>
	</url><url>
		<loc> https://geoconnex.us/cuahsi/his/SNOTEL/430_CO_SNTL </loc>
		<lastmod> 2022-08-22 17:04:41.514911 </lastmod>
	</url><url>
		<loc> https://geoconnex.us/cuahsi/his/SNOTEL/431_CO_SNTL </loc>
		<lastmod> 2022-08-22 17:04:41.514926 </lastmod>
	</url><url>
		<loc> https://geoconnex.us/cuahsi/his/SNOTEL/432_UT_SNTL </loc>
		<lastmod> 2022-08-22 17:04:41.514941 </lastmod>
	</url><url>
		<loc> https://geoconnex.us/cuahsi/his/SNOTEL/919_MT_SNTL </loc>
		<lastmod> 2022-08-22 17:04:41.514956 </lastmod>
	</url><url>
		<loc> https://geoconnex.us/cuahsi/his/SNOTEL/433_MT_SNTL </loc>
		<lastmod> 2022-08-22 17:04:41.514972 </lastmod>
	</url><url>
		<loc> https://geoconnex.us/cuahsi/his/SNOTEL/434_OR_SNTL </loc>
		<lastmod> 2022-08-22 17:04:41.514987 </lastmod>
	</url><url>
		<loc> https://geoconnex.us/cuahsi/his/SNOTEL/435_UT_SNTL </loc>
		<lastmod> 2022-08-22 17:04:41.515003 </lastmod>
	</url><url>
		<loc> https://geoconnex.us/cuahsi/his/SNOTEL/436_MT_SNTL </loc>
		<lastmod> 2022-08-22 17:04:41.515018 </lastmod>
	</url><url>
		<loc> https://geoconnex.us/cuahsi/his/SNOTEL/437_MT_SNTL </loc>
		<lastmod> 2022-08-22 17:04:41.515033 </lastmod>
	</url><url>
		<loc> https://geoconnex.us/cuahsi/his/SNOTEL/438_CO_SNTL </loc>
		<lastmod> 2022-08-22 17:04:41.515048 </lastmod>
	</url><url>
		<loc> https://geoconnex.us/cuahsi/his/SNOTEL/439_ID_SNTL </loc>
		<lastmod> 2022-08-22 17:04:41.515063 </lastmod>
	</url><url>
		<loc> https://geoconnex.us/cuahsi/his/SNOTEL/923_WY_SNTL </loc>
		<lastmod> 2022-08-22 17:04:41.515078 </lastmod>
	</url><url>
		<loc> https://geoconnex.us/cuahsi/his/SNOTEL/1210_NV_SNTL </loc>
		<lastmod> 2022-08-22 17:04:41.515092 </lastmod>
	</url><url>
		<loc> https://geoconnex.us/cuahsi/his/SNOTEL/440_OR_SNTL </loc>
		<lastmod> 2022-08-22 17:04:41.515107 </lastmod>
	</url><url>
		<loc> https://geoconnex.us/cuahsi/his/SNOTEL/441_UT_SNTL </loc>
		<lastmod> 2022-08-22 17:04:41.515122 </lastmod>
	</url><url>
		<loc> https://geoconnex.us/cuahsi/his/SNOTEL/442_OR_SNTL </loc>
		<lastmod> 2022-08-22 17:04:41.515138 </lastmod>
	</url><url>
		<loc> https://geoconnex.us/cuahsi/his/SNOTEL/443_NV_SNTL </loc>
		<lastmod> 2022-08-22 17:04:41.515153 </lastmod>
	</url><url>
		<loc> https://geoconnex.us/cuahsi/his/SNOTEL/444_UT_SNTL </loc>
		<lastmod> 2022-08-22 17:04:41.515168 </lastmod>
	</url><url>
		<loc> https://geoconnex.us/cuahsi/his/SNOTEL/8011_WY_SNTL </loc>
		<lastmod> 2022-08-22 17:04:41.515183 </lastmod>
	</url><url>
		<loc> https://geoconnex.us/cuahsi/his/SNOTEL/445_NV_SNTL </loc>
		<lastmod> 2022-08-22 17:04:41.515198 </lastmod>
	</url><url>
		<loc> https://geoconnex.us/cuahsi/his/SNOTEL/446_CA_SNTL </loc>
		<lastmod> 2022-08-22 17:04:41.515213 </lastmod>
	</url><url>
		<loc> https://geoconnex.us/cuahsi/his/SNOTEL/448_MT_SNTL </loc>
		<lastmod> 2022-08-22 17:04:41.515228 </lastmod>
	</url><url>
		<loc> https://geoconnex.us/cuahsi/his/SNOTEL/449_WY_SNTL </loc>
		<lastmod> 2022-08-22 17:04:41.515243 </lastmod>
	</url><url>
		<loc> https://geoconnex.us/cuahsi/his/SNOTEL/450_ID_SNTL </loc>
		<lastmod> 2022-08-22 17:04:41.515258 </lastmod>
	</url><url>
		<loc> https://geoconnex.us/cuahsi/his/SNOTEL/451_WY_SNTL </loc>
		<lastmod> 2022-08-22 17:04:41.515273 </lastmod>
	</url><url>
		<loc> https://geoconnex.us/cuahsi/his/SNOTEL/452_UT_SNTL </loc>
		<lastmod> 2022-08-22 17:04:41.515288 </lastmod>
	</url><url>
		<loc> https://geoconnex.us/cuahsi/his/SNOTEL/453_NV_SNTL </loc>
		<lastmod> 2022-08-22 17:04:41.515303 </lastmod>
	</url><url>
		<loc> https://geoconnex.us/cuahsi/his/SNOTEL/454_NV_SNTL </loc>
		<lastmod> 2022-08-22 17:04:41.515318 </lastmod>
	</url><url>
		<loc> https://geoconnex.us/cuahsi/his/SNOTEL/455_UT_SNTL </loc>
		<lastmod> 2022-08-22 17:04:41.515333 </lastmod>
	</url><url>
		<loc> https://geoconnex.us/cuahsi/his/SNOTEL/1243_NV_SNTL </loc>
		<lastmod> 2022-08-22 17:04:41.515348 </lastmod>
	</url><url>
		<loc> https://geoconnex.us/cuahsi/his/SNOTEL/906_UT_SNTL </loc>
		<lastmod> 2022-08-22 17:04:41.515363 </lastmod>
	</url><url>
		<loc> https://geoconnex.us/cuahsi/his/SNOTEL/457_CO_SNTL </loc>
		<lastmod> 2022-08-22 17:04:41.515378 </lastmod>
	</url><url>
		<loc> https://geoconnex.us/cuahsi/his/SNOTEL/943_WA_SNTL </loc>
		<lastmod> 2022-08-22 17:04:41.515393 </lastmod>
	</url><url>
		<loc> https://geoconnex.us/cuahsi/his/SNOTEL/458_MT_SNTL </loc>
		<lastmod> 2022-08-22 17:04:41.515408 </lastmod>
	</url><url>
		<loc> https://geoconnex.us/cuahsi/his/SNOTEL/960_AK_SNTL </loc>
		<lastmod> 2022-08-22 17:04:41.515423 </lastmod>
	</url><url>
		<loc> https://geoconnex.us/cuahsi/his/SNOTEL/1105_MT_SNTL </loc>
		<lastmod> 2022-08-22 17:04:41.515439 </lastmod>
	</url><url>
		<loc> https://geoconnex.us/cuahsi/his/SNOTEL/460_WY_SNTL </loc>
		<lastmod> 2022-08-22 17:04:41.515454 </lastmod>
	</url><url>
		<loc> https://geoconnex.us/cuahsi/his/SNOTEL/461_UT_SNTL </loc>
		<lastmod> 2022-08-22 17:04:41.515469 </lastmod>
	</url><url>
		<loc> https://geoconnex.us/cuahsi/his/SNOTEL/998_WA_SNTL </loc>
		<lastmod> 2022-08-22 17:04:41.515484 </lastmod>
	</url><url>
		<loc> https://geoconnex.us/cuahsi/his/SNOTEL/462_CA_SNTL </loc>
		<lastmod> 2022-08-22 17:04:41.515499 </lastmod>
	</url><url>
		<loc> https://geoconnex.us/cuahsi/his/SNOTEL/936_CO_SNTL </loc>
		<lastmod> 2022-08-22 17:04:41.515514 </lastmod>
	</url><url>
		<loc> https://geoconnex.us/cuahsi/his/SNOTEL/463_CA_SNTL </loc>
		<lastmod> 2022-08-22 17:04:41.515529 </lastmod>
	</url><url>
		<loc> https://geoconnex.us/cuahsi/his/SNOTEL/1163_UT_SNTL </loc>
		<lastmod> 2022-08-22 17:04:41.515554 </lastmod>
	</url><url>
		<loc> https://geoconnex.us/cuahsi/his/SNOTEL/464_OR_SNTL </loc>
		<lastmod> 2022-08-22 17:04:41.515569 </lastmod>
	</url><url>
		<loc> https://geoconnex.us/cuahsi/his/SNOTEL/465_CO_SNTL </loc>
		<lastmod> 2022-08-22 17:04:41.515583 </lastmod>
	</url><url>
		<loc> https://geoconnex.us/cuahsi/his/SNOTEL/910_WA_SNTL </loc>
		<lastmod> 2022-08-22 17:04:41.515621 </lastmod>
	</url><url>
		<loc> https://geoconnex.us/cuahsi/his/SNOTEL/466_ID_SNTL </loc>
		<lastmod> 2022-08-22 17:04:41.515635 </lastmod>
	</url><url>
		<loc> https://geoconnex.us/cuahsi/his/SNOTEL/921_NM_SNTL </loc>
		<lastmod> 2022-08-22 17:04:41.515666 </lastmod>
	</url><url>
		<loc> https://geoconnex.us/cuahsi/his/SNOTEL/1106_MT_SNTL </loc>
		<lastmod> 2022-08-22 17:04:41.515681 </lastmod>
	</url><url>
		<loc> https://geoconnex.us/cuahsi/his/SNOTEL/467_CO_SNTL </loc>
		<lastmod> 2022-08-22 17:04:41.515696 </lastmod>
	</url><url>
		<loc> https://geoconnex.us/cuahsi/his/SNOTEL/468_WY_SNTL </loc>
		<lastmod> 2022-08-22 17:04:41.515711 </lastmod>
	</url><url>
		<loc> https://geoconnex.us/cuahsi/his/SNOTEL/1252_CO_SNTL </loc>
		<lastmod> 2022-08-22 17:04:41.515727 </lastmod>
	</url><url>
		<loc> https://geoconnex.us/cuahsi/his/SNOTEL/1120_CO_SNTL </loc>
		<lastmod> 2022-08-22 17:04:41.515742 </lastmod>
	</url><url>
		<loc> https://geoconnex.us/cuahsi/his/SNOTEL/469_MT_SNTL </loc>
		<lastmod> 2022-08-22 17:04:41.515757 </lastmod>
	</url><url>
		<loc> https://geoconnex.us/cuahsi/his/SNOTEL/470_OR_SNTL </loc>
		<lastmod> 2022-08-22 17:04:41.515772 </lastmod>
	</url><url>
		<loc> https://geoconnex.us/cuahsi/his/SNOTEL/471_ID_SNTL </loc>
		<lastmod> 2022-08-22 17:04:41.515788 </lastmod>
	</url><url>
		<loc> https://geoconnex.us/cuahsi/his/SNOTEL/1027_OR_SNTL </loc>
		<lastmod> 2022-08-22 17:04:41.515803 </lastmod>
	</url><url>
		<loc> https://geoconnex.us/cuahsi/his/SNOTEL/1026_OR_SNTL </loc>
		<lastmod> 2022-08-22 17:04:41.515818 </lastmod>
	</url><url>
		<loc> https://geoconnex.us/cuahsi/his/SNOTEL/1028_OR_SNTL </loc>
		<lastmod> 2022-08-22 17:04:41.515834 </lastmod>
	</url><url>
		<loc> https://geoconnex.us/cuahsi/his/SNOTEL/1022_OR_SNTL </loc>
		<lastmod> 2022-08-22 17:04:41.515849 </lastmod>
	</url><url>
		<loc> https://geoconnex.us/cuahsi/his/SNOTEL/1023_OR_SNTL </loc>
		<lastmod> 2022-08-22 17:04:41.515865 </lastmod>
	</url><url>
		<loc> https://geoconnex.us/cuahsi/his/SNOTEL/1029_OR_SNTL </loc>
		<lastmod> 2022-08-22 17:04:41.515880 </lastmod>
	</url><url>
		<loc> https://geoconnex.us/cuahsi/his/SNOTEL/1021_OR_SNTL </loc>
		<lastmod> 2022-08-22 17:04:41.515895 </lastmod>
	</url><url>
		<loc> https://geoconnex.us/cuahsi/his/SNOTEL/1020_OR_SNTL </loc>
		<lastmod> 2022-08-22 17:04:41.515910 </lastmod>
	</url><url>
		<loc> https://geoconnex.us/cuahsi/his/SNOTEL/995_WA_SNTL </loc>
		<lastmod> 2022-08-22 17:04:41.515925 </lastmod>
	</url><url>
		<loc> https://geoconnex.us/cuahsi/his/SNOTEL/994_WA_SNTL </loc>
		<lastmod> 2022-08-22 17:04:41.515940 </lastmod>
	</url><url>
		<loc> https://geoconnex.us/cuahsi/his/SNOTEL/1019_OR_SNTL </loc>
		<lastmod> 2022-08-22 17:04:41.515956 </lastmod>
	</url><url>
		<loc> https://geoconnex.us/cuahsi/his/SNOTEL/1018_OR_SNTL </loc>
		<lastmod> 2022-08-22 17:04:41.515971 </lastmod>
	</url><url>
		<loc> https://geoconnex.us/cuahsi/his/SNOTEL/1025_OR_SNTL </loc>
		<lastmod> 2022-08-22 17:04:41.515986 </lastmod>
	</url><url>
		<loc> https://geoconnex.us/cuahsi/his/SNOTEL/1024_OR_SNTL </loc>
		<lastmod> 2022-08-22 17:04:41.516001 </lastmod>
	</url><url>
		<loc> https://geoconnex.us/cuahsi/his/SNOTEL/1004_WA_SNTL </loc>
		<lastmod> 2022-08-22 17:04:41.516016 </lastmod>
	</url><url>
		<loc> https://geoconnex.us/cuahsi/his/SNOTEL/976_OR_SNTL </loc>
		<lastmod> 2022-08-22 17:04:41.516032 </lastmod>
	</url><url>
		<loc> https://geoconnex.us/cuahsi/his/SNOTEL/1071_AK_SNTL </loc>
		<lastmod> 2022-08-22 17:04:41.516061 </lastmod>
	</url><url>
		<loc> https://geoconnex.us/cuahsi/his/SNOTEL/472_WY_SNTL </loc>
		<lastmod> 2022-08-22 17:04:41.516077 </lastmod>
	</url><url>
		<loc> https://geoconnex.us/cuahsi/his/SNOTEL/1092_AK_SNTL </loc>
		<lastmod> 2022-08-22 17:04:41.516092 </lastmod>
	</url><url>
		<loc> https://geoconnex.us/cuahsi/his/SNOTEL/1174_AK_SNTL </loc>
		<lastmod> 2022-08-22 17:04:41.516107 </lastmod>
	</url><url>
		<loc> https://geoconnex.us/cuahsi/his/SNOTEL/473_CA_SNTL </loc>
		<lastmod> 2022-08-22 17:04:41.516123 </lastmod>
	</url><url>
		<loc> https://geoconnex.us/cuahsi/his/SNOTEL/474_UT_SNTL </loc>
		<lastmod> 2022-08-22 17:04:41.516138 </lastmod>
	</url><url>
		<loc> https://geoconnex.us/cuahsi/his/SNOTEL/1054_UT_SNTL </loc>
		<lastmod> 2022-08-22 17:04:41.516153 </lastmod>
	</url><url>
		<loc> https://geoconnex.us/cuahsi/his/SNOTEL/475_UT_SNTL </loc>
		<lastmod> 2022-08-22 17:04:41.516168 </lastmod>
	</url><url>
		<loc> https://geoconnex.us/cuahsi/his/SNOTEL/476_NV_SNTL </loc>
		<lastmod> 2022-08-22 17:04:41.516184 </lastmod>
	</url><url>
		<loc> https://geoconnex.us/cuahsi/his/SNOTEL/1268_AK_SNTL </loc>
		<lastmod> 2022-08-22 17:04:41.516199 </lastmod>
	</url><url>
		<loc> https://geoconnex.us/cuahsi/his/SNOTEL/477_OR_SNTL </loc>
		<lastmod> 2022-08-22 17:04:41.516214 </lastmod>
	</url><url>
		<loc> https://geoconnex.us/cuahsi/his/SNOTEL/478_WA_SNTL </loc>
		<lastmod> 2022-08-22 17:04:41.516230 </lastmod>
	</url><url>
		<loc> https://geoconnex.us/cuahsi/his/SNOTEL/1149_UT_SNTL </loc>
		<lastmod> 2022-08-22 17:04:41.516245 </lastmod>
	</url><url>
		<loc> https://geoconnex.us/cuahsi/his/SNOTEL/479_OR_SNTL </loc>
		<lastmod> 2022-08-22 17:04:41.516260 </lastmod>
	</url><url>
		<loc> https://geoconnex.us/cuahsi/his/SNOTEL/480_MT_SNTL </loc>
		<lastmod> 2022-08-22 17:04:41.516275 </lastmod>
	</url><url>
		<loc> https://geoconnex.us/cuahsi/his/SNOTEL/481_UT_SNTL </loc>
		<lastmod> 2022-08-22 17:04:41.516290 </lastmod>
	</url><url>
		<loc> https://geoconnex.us/cuahsi/his/SNOTEL/482_MT_SNTL </loc>
		<lastmod> 2022-08-22 17:04:41.516305 </lastmod>
	</url><url>
		<loc> https://geoconnex.us/cuahsi/his/SNOTEL/1285_AK_SNTL </loc>
		<lastmod> 2022-08-22 17:04:41.516320 </lastmod>
	</url><url>
		<loc> https://geoconnex.us/cuahsi/his/SNOTEL/1186_CO_SNTL </loc>
		<lastmod> 2022-08-22 17:04:41.516335 </lastmod>
	</url><url>
		<loc> https://geoconnex.us/cuahsi/his/SNOTEL/1049_CA_SNTL </loc>
		<lastmod> 2022-08-22 17:04:41.516350 </lastmod>
	</url><url>
		<loc> https://geoconnex.us/cuahsi/his/SNOTEL/1121_AZ_SNTL </loc>
		<lastmod> 2022-08-22 17:04:41.516366 </lastmod>
	</url><url>
		<loc> https://geoconnex.us/cuahsi/his/SNOTEL/961_AK_SNTL </loc>
		<lastmod> 2022-08-22 17:04:41.516381 </lastmod>
	</url><url>
		<loc> https://geoconnex.us/cuahsi/his/SNOTEL/483_OR_SNTL </loc>
		<lastmod> 2022-08-22 17:04:41.516396 </lastmod>
	</url><url>
		<loc> https://geoconnex.us/cuahsi/his/SNOTEL/484_ID_SNTL </loc>
		<lastmod> 2022-08-22 17:04:41.516411 </lastmod>
	</url><url>
		<loc> https://geoconnex.us/cuahsi/his/SNOTEL/1277_CA_SNTL </loc>
		<lastmod> 2022-08-22 17:04:41.516426 </lastmod>
	</url><url>
		<loc> https://geoconnex.us/cuahsi/his/SNOTEL/485_CO_SNTL </loc>
		<lastmod> 2022-08-22 17:04:41.516441 </lastmod>
	</url><url>
		<loc> https://geoconnex.us/cuahsi/his/SNOTEL/486_NM_SNTL </loc>
		<lastmod> 2022-08-22 17:04:41.516456 </lastmod>
	</url><url>
		<loc> https://geoconnex.us/cuahsi/his/SNOTEL/487_MT_SNTL </loc>
		<lastmod> 2022-08-22 17:04:41.516471 </lastmod>
	</url><url>
		<loc> https://geoconnex.us/cuahsi/his/SNOTEL/488_AZ_SNTL </loc>
		<lastmod> 2022-08-22 17:04:41.516486 </lastmod>
	</url><url>
		<loc> https://geoconnex.us/cuahsi/his/SNOTEL/1262_NV_SNTL </loc>
		<lastmod> 2022-08-22 17:04:41.516501 </lastmod>
	</url><url>
		<loc> https://geoconnex.us/cuahsi/his/SNOTEL/489_ID_SNTL </loc>
		<lastmod> 2022-08-22 17:04:41.516516 </lastmod>
	</url><url>
		<loc> https://geoconnex.us/cuahsi/his/SNOTEL/490_ID_SNTL </loc>
		<lastmod> 2022-08-22 17:04:41.516532 </lastmod>
	</url><url>
		<loc> https://geoconnex.us/cuahsi/his/SNOTEL/491_NM_SNTL </loc>
		<lastmod> 2022-08-22 17:04:41.516547 </lastmod>
	</url><url>
		<loc> https://geoconnex.us/cuahsi/his/SNOTEL/1114_UT_SNTL </loc>
		<lastmod> 2022-08-22 17:04:41.516562 </lastmod>
	</url><url>
		<loc> https://geoconnex.us/cuahsi/his/SNOTEL/1066_UT_SNTL </loc>
		<lastmod> 2022-08-22 17:04:41.516577 </lastmod>
	</url><url>
		<loc> https://geoconnex.us/cuahsi/his/SNOTEL/492_ID_SNTL </loc>
		<lastmod> 2022-08-22 17:04:41.516592 </lastmod>
	</url><url>
		<loc> https://geoconnex.us/cuahsi/his/SNOTEL/1173_NM_SNTL </loc>
		<lastmod> 2022-08-22 17:04:41.516607 </lastmod>
	</url><url>
		<loc> https://geoconnex.us/cuahsi/his/SNOTEL/918_MT_SNTL </loc>
		<lastmod> 2022-08-22 17:04:41.516622 </lastmod>
	</url><url>
		<loc> https://geoconnex.us/cuahsi/his/SNOTEL/1221_UT_SNTL </loc>
		<lastmod> 2022-08-22 17:04:41.516638 </lastmod>
	</url><url>
		<loc> https://geoconnex.us/cuahsi/his/SNOTEL/1222_UT_SNTL </loc>
		<lastmod> 2022-08-22 17:04:41.516654 </lastmod>
	</url><url>
		<loc> https://geoconnex.us/cuahsi/his/SNOTEL/1151_UT_SNTL </loc>
		<lastmod> 2022-08-22 17:04:41.516669 </lastmod>
	</url><url>
		<loc> https://geoconnex.us/cuahsi/his/SNOTEL/945_OR_SNTL </loc>
		<lastmod> 2022-08-22 17:04:41.516688 </lastmod>
	</url><url>
		<loc> https://geoconnex.us/cuahsi/his/SNOTEL/493_ID_SNTL </loc>
		<lastmod> 2022-08-22 17:04:41.516703 </lastmod>
	</url><url>
		<loc> https://geoconnex.us/cuahsi/his/SNOTEL/1057_CO_SNTL </loc>
		<lastmod> 2022-08-22 17:04:41.516718 </lastmod>
	</url><url>
		<loc> https://geoconnex.us/cuahsi/his/SNOTEL/257_NV_SNTL </loc>
		<lastmod> 2022-08-22 17:04:41.516733 </lastmod>
	</url><url>
		<loc> https://geoconnex.us/cuahsi/his/SNOTEL/962_AK_SNTL </loc>
		<lastmod> 2022-08-22 17:04:41.516749 </lastmod>
	</url><url>
		<loc> https://geoconnex.us/cuahsi/his/SNOTEL/1195_NV_SNTL </loc>
		<lastmod> 2022-08-22 17:04:41.516764 </lastmod>
	</url><url>
		<loc> https://geoconnex.us/cuahsi/his/SNOTEL/1159_WA_SNTL </loc>
		<lastmod> 2022-08-22 17:04:41.516779 </lastmod>
	</url><url>
		<loc> https://geoconnex.us/cuahsi/his/SNOTEL/494_OR_SNTL </loc>
		<lastmod> 2022-08-22 17:04:41.516794 </lastmod>
	</url><url>
		<loc> https://geoconnex.us/cuahsi/his/SNOTEL/1256_WA_SNTL </loc>
		<lastmod> 2022-08-22 17:04:41.516809 </lastmod>
	</url><url>
		<loc> https://geoconnex.us/cuahsi/his/SNOTEL/495_UT_SNTL </loc>
		<lastmod> 2022-08-22 17:04:41.516825 </lastmod>
	</url><url>
		<loc> https://geoconnex.us/cuahsi/his/SNOTEL/1184_UT_SNTL </loc>
		<lastmod> 2022-08-22 17:04:41.516840 </lastmod>
	</url><url>
		<loc> https://geoconnex.us/cuahsi/his/SNOTEL/496_ID_SNTL </loc>
		<lastmod> 2022-08-22 17:04:41.516855 </lastmod>
	</url><url>
		<loc> https://geoconnex.us/cuahsi/his/SNOTEL/1082_WY_SNTL </loc>
		<lastmod> 2022-08-22 17:04:41.516870 </lastmod>
	</url><url>
		<loc> https://geoconnex.us/cuahsi/his/SNOTEL/956_AK_SNTL </loc>
		<lastmod> 2022-08-22 17:04:41.516885 </lastmod>
	</url><url>
		<loc> https://geoconnex.us/cuahsi/his/SNOTEL/497_WY_SNTL </loc>
		<lastmod> 2022-08-22 17:04:41.516900 </lastmod>
	</url><url>
		<loc> https://geoconnex.us/cuahsi/his/SNOTEL/963_AK_SNTL </loc>
		<lastmod> 2022-08-22 17:04:41.516915 </lastmod>
	</url><url>
		<loc> https://geoconnex.us/cuahsi/his/SNOTEL/498_NV_SNTL </loc>
		<lastmod> 2022-08-22 17:04:41.516931 </lastmod>
	</url><url>
		<loc> https://geoconnex.us/cuahsi/his/SNOTEL/499_WY_SNTL </loc>
		<lastmod> 2022-08-22 17:04:41.516946 </lastmod>
	</url><url>
		<loc> https://geoconnex.us/cuahsi/his/SNOTEL/500_MT_SNTL </loc>
		<lastmod> 2022-08-22 17:04:41.516961 </lastmod>
	</url><url>
		<loc> https://geoconnex.us/cuahsi/his/SNOTEL/501_WY_SNTL </loc>
		<lastmod> 2022-08-22 17:04:41.516976 </lastmod>
	</url><url>
		<loc> https://geoconnex.us/cuahsi/his/SNOTEL/1058_CO_SNTL </loc>
		<lastmod> 2022-08-22 17:04:41.516991 </lastmod>
	</url><url>
		<loc> https://geoconnex.us/cuahsi/his/SNOTEL/502_WA_SNTL </loc>
		<lastmod> 2022-08-22 17:04:41.517006 </lastmod>
	</url><url>
		<loc> https://geoconnex.us/cuahsi/his/SNOTEL/503_NV_SNTL </loc>
		<lastmod> 2022-08-22 17:04:41.517022 </lastmod>
	</url><url>
		<loc> https://geoconnex.us/cuahsi/his/SNOTEL/504_OR_SNTL </loc>
		<lastmod> 2022-08-22 17:04:41.517037 </lastmod>
	</url><url>
		<loc> https://geoconnex.us/cuahsi/his/SNOTEL/505_CO_SNTL </loc>
		<lastmod> 2022-08-22 17:04:41.517052 </lastmod>
	</url><url>
		<loc> https://geoconnex.us/cuahsi/his/SNOTEL/506_WY_SNTL </loc>
		<lastmod> 2022-08-22 17:04:41.517067 </lastmod>
	</url><url>
		<loc> https://geoconnex.us/cuahsi/his/SNOTEL/507_WA_SNTL </loc>
		<lastmod> 2022-08-22 17:04:41.517082 </lastmod>
	</url><url>
		<loc> https://geoconnex.us/cuahsi/his/SNOTEL/964_AK_SNTL </loc>
		<lastmod> 2022-08-22 17:04:41.517097 </lastmod>
	</url><url>
		<loc> https://geoconnex.us/cuahsi/his/SNOTEL/944_WY_SNTL </loc>
		<lastmod> 2022-08-22 17:04:41.517112 </lastmod>
	</url><url>
		<loc> https://geoconnex.us/cuahsi/his/SNOTEL/1065_UT_SNTL </loc>
		<lastmod> 2022-08-22 17:04:41.517128 </lastmod>
	</url><url>
		<loc> https://geoconnex.us/cuahsi/his/SNOTEL/508_CA_SNTL </loc>
		<lastmod> 2022-08-22 17:04:41.517143 </lastmod>
	</url><url>
		<loc> https://geoconnex.us/cuahsi/his/SNOTEL/248_CO_SNTL </loc>
		<lastmod> 2022-08-22 17:04:41.517158 </lastmod>
	</url><url>
		<loc> https://geoconnex.us/cuahsi/his/SNOTEL/509_WY_SNTL </loc>
		<lastmod> 2022-08-22 17:04:41.517173 </lastmod>
	</url><url>
		<loc> https://geoconnex.us/cuahsi/his/SNOTEL/510_MT_SNTL </loc>
		<lastmod> 2022-08-22 17:04:41.517188 </lastmod>
	</url><url>
		<loc> https://geoconnex.us/cuahsi/his/SNOTEL/511_AZ_SNTL </loc>
		<lastmod> 2022-08-22 17:04:41.517203 </lastmod>
	</url><url>
		<loc> https://geoconnex.us/cuahsi/his/SNOTEL/512_WY_SNTL </loc>
		<lastmod> 2022-08-22 17:04:41.517218 </lastmod>
	</url><url>
		<loc> https://geoconnex.us/cuahsi/his/SNOTEL/969_AZ_SNTL </loc>
		<lastmod> 2022-08-22 17:04:41.517233 </lastmod>
	</url><url>
		<loc> https://geoconnex.us/cuahsi/his/SNOTEL/896_UT_SNTL </loc>
		<lastmod> 2022-08-22 17:04:41.517248 </lastmod>
	</url><url>
		<loc> https://geoconnex.us/cuahsi/his/SNOTEL/514_UT_SNTL </loc>
		<lastmod> 2022-08-22 17:04:41.517263 </lastmod>
	</url><url>
		<loc> https://geoconnex.us/cuahsi/his/SNOTEL/515_WA_SNTL </loc>
		<lastmod> 2022-08-22 17:04:41.517278 </lastmod>
	</url><url>
		<loc> https://geoconnex.us/cuahsi/his/SNOTEL/516_MT_SNTL </loc>
		<lastmod> 2022-08-22 17:04:41.517292 </lastmod>
	</url><url>
		<loc> https://geoconnex.us/cuahsi/his/SNOTEL/1271_AZ_SNTL </loc>
		<lastmod> 2022-08-22 17:04:41.517308 </lastmod>
	</url><url>
		<loc> https://geoconnex.us/cuahsi/his/SNOTEL/517_UT_SNTL </loc>
		<lastmod> 2022-08-22 17:04:41.517323 </lastmod>
	</url><url>
		<loc> https://geoconnex.us/cuahsi/his/SNOTEL/1102_CO_SNTL </loc>
		<lastmod> 2022-08-22 17:04:41.517338 </lastmod>
	</url><url>
		<loc> https://geoconnex.us/cuahsi/his/SNOTEL/518_CA_SNTL </loc>
		<lastmod> 2022-08-22 17:04:41.517353 </lastmod>
	</url><url>
		<loc> https://geoconnex.us/cuahsi/his/SNOTEL/519_AZ_SNTL </loc>
		<lastmod> 2022-08-22 17:04:41.517368 </lastmod>
	</url><url>
		<loc> https://geoconnex.us/cuahsi/his/SNOTEL/1270_AK_SNTL </loc>
		<lastmod> 2022-08-22 17:04:41.517383 </lastmod>
	</url><url>
		<loc> https://geoconnex.us/cuahsi/his/SNOTEL/520_ID_SNTL </loc>
		<lastmod> 2022-08-22 17:04:41.517398 </lastmod>
	</url><url>
		<loc> https://geoconnex.us/cuahsi/his/SNOTEL/521_UT_SNTL </loc>
		<lastmod> 2022-08-22 17:04:41.517439 </lastmod>
	</url><url>
		<loc> https://geoconnex.us/cuahsi/his/SNOTEL/522_UT_SNTL </loc>
		<lastmod> 2022-08-22 17:04:41.517454 </lastmod>
	</url><url>
		<loc> https://geoconnex.us/cuahsi/his/SNOTEL/988_ID_SNTL </loc>
		<lastmod> 2022-08-22 17:04:41.517470 </lastmod>
	</url><url>
		<loc> https://geoconnex.us/cuahsi/his/SNOTEL/1187_CO_SNTL </loc>
		<lastmod> 2022-08-22 17:04:41.517485 </lastmod>
	</url><url>
		<loc> https://geoconnex.us/cuahsi/his/SNOTEL/523_OR_SNTL </loc>
		<lastmod> 2022-08-22 17:04:41.517500 </lastmod>
	</url><url>
		<loc> https://geoconnex.us/cuahsi/his/SNOTEL/524_ID_SNTL </loc>
		<lastmod> 2022-08-22 17:04:41.517515 </lastmod>
	</url><url>
		<loc> https://geoconnex.us/cuahsi/his/SNOTEL/1223_UT_SNTL </loc>
		<lastmod> 2022-08-22 17:04:41.517530 </lastmod>
	</url><url>
		<loc> https://geoconnex.us/cuahsi/his/SNOTEL/525_WY_SNTL </loc>
		<lastmod> 2022-08-22 17:04:41.517545 </lastmod>
	</url><url>
		<loc> https://geoconnex.us/cuahsi/his/SNOTEL/526_OR_SNTL </loc>
		<lastmod> 2022-08-22 17:04:41.517560 </lastmod>
	</url><url>
		<loc> https://geoconnex.us/cuahsi/his/SNOTEL/527_NV_SNTL </loc>
		<lastmod> 2022-08-22 17:04:41.517575 </lastmod>
	</url><url>
		<loc> https://geoconnex.us/cuahsi/his/SNOTEL/528_UT_SNTL </loc>
		<lastmod> 2022-08-22 17:04:41.517590 </lastmod>
	</url><url>
		<loc> https://geoconnex.us/cuahsi/his/SNOTEL/529_OR_SNTL </loc>
		<lastmod> 2022-08-22 17:04:41.517605 </lastmod>
	</url><url>
		<loc> https://geoconnex.us/cuahsi/his/SNOTEL/530_MT_SNTL </loc>
		<lastmod> 2022-08-22 17:04:41.517620 </lastmod>
	</url><url>
		<loc> https://geoconnex.us/cuahsi/his/SNOTEL/531_CO_SNTL </loc>
		<lastmod> 2022-08-22 17:04:41.517636 </lastmod>
	</url><url>
		<loc> https://geoconnex.us/cuahsi/his/SNOTEL/532_NM_SNTL </loc>
		<lastmod> 2022-08-22 17:04:41.517651 </lastmod>
	</url><url>
		<loc> https://geoconnex.us/cuahsi/his/SNOTEL/1050_CA_SNTL </loc>
		<lastmod> 2022-08-22 17:04:41.517666 </lastmod>
	</url><url>
		<loc> https://geoconnex.us/cuahsi/his/SNOTEL/533_UT_SNTL </loc>
		<lastmod> 2022-08-22 17:04:41.517681 </lastmod>
	</url><url>
		<loc> https://geoconnex.us/cuahsi/his/SNOTEL/1122_CO_SNTL </loc>
		<lastmod> 2022-08-22 17:04:41.517696 </lastmod>
	</url><url>
		<loc> https://geoconnex.us/cuahsi/his/SNOTEL/1158_OR_SNTL </loc>
		<lastmod> 2022-08-22 17:04:41.517711 </lastmod>
	</url><url>
		<loc> https://geoconnex.us/cuahsi/his/SNOTEL/534_ID_SNTL </loc>
		<lastmod> 2022-08-22 17:04:41.517726 </lastmod>
	</url><url>
		<loc> https://geoconnex.us/cuahsi/his/SNOTEL/991_WA_SNTL </loc>
		<lastmod> 2022-08-22 17:04:41.517741 </lastmod>
	</url><url>
		<loc> https://geoconnex.us/cuahsi/his/SNOTEL/928_WA_SNTL </loc>
		<lastmod> 2022-08-22 17:04:41.517756 </lastmod>
	</url><url>
		<loc> https://geoconnex.us/cuahsi/his/SNOTEL/535_ID_SNTL </loc>
		<lastmod> 2022-08-22 17:04:41.517771 </lastmod>
	</url><url>
		<loc> https://geoconnex.us/cuahsi/his/SNOTEL/1216_UT_SNTL </loc>
		<lastmod> 2022-08-22 17:04:41.517786 </lastmod>
	</url><url>
		<loc> https://geoconnex.us/cuahsi/his/SNOTEL/259_OR_SNTL </loc>
		<lastmod> 2022-08-22 17:04:41.517802 </lastmod>
	</url><url>
		<loc> https://geoconnex.us/cuahsi/his/SNOTEL/537_ID_SNTL </loc>
		<lastmod> 2022-08-22 17:04:41.517817 </lastmod>
	</url><url>
		<loc> https://geoconnex.us/cuahsi/his/SNOTEL/538_CO_SNTL </loc>
		<lastmod> 2022-08-22 17:04:41.517832 </lastmod>
	</url><url>
		<loc> https://geoconnex.us/cuahsi/his/SNOTEL/968_AK_SNTL </loc>
		<lastmod> 2022-08-22 17:04:41.517847 </lastmod>
	</url><url>
		<loc> https://geoconnex.us/cuahsi/his/SNOTEL/539_CA_SNTL </loc>
		<lastmod> 2022-08-22 17:04:41.517862 </lastmod>
	</url><url>
		<loc> https://geoconnex.us/cuahsi/his/SNOTEL/540_CA_SNTL </loc>
		<lastmod> 2022-08-22 17:04:41.517877 </lastmod>
	</url><url>
		<loc> https://geoconnex.us/cuahsi/his/SNOTEL/541_CA_SNTL </loc>
		<lastmod> 2022-08-22 17:04:41.517892 </lastmod>
	</url><url>
		<loc> https://geoconnex.us/cuahsi/his/SNOTEL/1091_AK_SNTL </loc>
		<lastmod> 2022-08-22 17:04:41.517907 </lastmod>
	</url><url>
		<loc> https://geoconnex.us/cuahsi/his/SNOTEL/542_CO_SNTL </loc>
		<lastmod> 2022-08-22 17:04:41.517922 </lastmod>
	</url><url>
		<loc> https://geoconnex.us/cuahsi/his/SNOTEL/543_UT_SNTL </loc>
		<lastmod> 2022-08-22 17:04:41.517938 </lastmod>
	</url><url>
		<loc> https://geoconnex.us/cuahsi/his/SNOTEL/544_WY_SNTL </loc>
		<lastmod> 2022-08-22 17:04:41.517953 </lastmod>
	</url><url>
		<loc> https://geoconnex.us/cuahsi/his/SNOTEL/946_AK_SNTL </loc>
		<lastmod> 2022-08-22 17:04:41.517968 </lastmod>
	</url><url>
		<loc> https://geoconnex.us/cuahsi/his/SNOTEL/1129_WA_SNTL </loc>
		<lastmod> 2022-08-22 17:04:41.517983 </lastmod>
	</url><url>
		<loc> https://geoconnex.us/cuahsi/his/SNOTEL/266_WY_SNTL </loc>
		<lastmod> 2022-08-22 17:04:41.517998 </lastmod>
	</url><url>
		<loc> https://geoconnex.us/cuahsi/his/SNOTEL/545_OR_SNTL </loc>
		<lastmod> 2022-08-22 17:04:41.518013 </lastmod>
	</url><url>
		<loc> https://geoconnex.us/cuahsi/his/SNOTEL/1276_ID_SNTL </loc>
		<lastmod> 2022-08-22 17:04:41.518028 </lastmod>
	</url><url>
		<loc> https://geoconnex.us/cuahsi/his/SNOTEL/546_ID_SNTL </loc>
		<lastmod> 2022-08-22 17:04:41.518043 </lastmod>
	</url><url>
		<loc> https://geoconnex.us/cuahsi/his/SNOTEL/547_CO_SNTL </loc>
		<lastmod> 2022-08-22 17:04:41.518058 </lastmod>
	</url><url>
		<loc> https://geoconnex.us/cuahsi/his/SNOTEL/548_NV_SNTL </loc>
		<lastmod> 2022-08-22 17:04:41.518073 </lastmod>
	</url><url>
		<loc> https://geoconnex.us/cuahsi/his/SNOTEL/1275_AK_SNTL </loc>
		<lastmod> 2022-08-22 17:04:41.518088 </lastmod>
	</url><url>
		<loc> https://geoconnex.us/cuahsi/his/SNOTEL/549_NV_SNTL </loc>
		<lastmod> 2022-08-22 17:04:41.518103 </lastmod>
	</url><url>
		<loc> https://geoconnex.us/cuahsi/his/SNOTEL/550_ID_SNTL </loc>
		<lastmod> 2022-08-22 17:04:41.518118 </lastmod>
	</url><url>
		<loc> https://geoconnex.us/cuahsi/his/SNOTEL/935_CO_SNTL </loc>
		<lastmod> 2022-08-22 17:04:41.518133 </lastmod>
	</url><url>
		<loc> https://geoconnex.us/cuahsi/his/SNOTEL/1211_NV_SNTL </loc>
		<lastmod> 2022-08-22 17:04:41.518148 </lastmod>
	</url><url>
		<loc> https://geoconnex.us/cuahsi/his/SNOTEL/551_CO_SNTL </loc>
		<lastmod> 2022-08-22 17:04:41.518163 </lastmod>
	</url><url>
		<loc> https://geoconnex.us/cuahsi/his/SNOTEL/1036_AK_SNTL </loc>
		<lastmod> 2022-08-22 17:04:41.518178 </lastmod>
	</url><url>
		<loc> https://geoconnex.us/cuahsi/his/SNOTEL/1099_UT_SNTL </loc>
		<lastmod> 2022-08-22 17:04:41.518193 </lastmod>
	</url><url>
		<loc> https://geoconnex.us/cuahsi/his/SNOTEL/970_CO_SNTL </loc>
		<lastmod> 2022-08-22 17:04:41.518208 </lastmod>
	</url><url>
		<loc> https://geoconnex.us/cuahsi/his/SNOTEL/552_OR_SNTL </loc>
		<lastmod> 2022-08-22 17:04:41.518223 </lastmod>
	</url><url>
		<loc> https://geoconnex.us/cuahsi/his/SNOTEL/553_WA_SNTL </loc>
		<lastmod> 2022-08-22 17:04:41.518238 </lastmod>
	</url><url>
		<loc> https://geoconnex.us/cuahsi/his/SNOTEL/1063_AK_SNTL </loc>
		<lastmod> 2022-08-22 17:04:41.518253 </lastmod>
	</url><url>
		<loc> https://geoconnex.us/cuahsi/his/SNOTEL/1150_NV_SNTL </loc>
		<lastmod> 2022-08-22 17:04:41.518268 </lastmod>
	</url><url>
		<loc> https://geoconnex.us/cuahsi/his/SNOTEL/1072_AK_SNTL </loc>
		<lastmod> 2022-08-22 17:04:41.518284 </lastmod>
	</url><url>
		<loc> https://geoconnex.us/cuahsi/his/SNOTEL/554_WY_SNTL </loc>
		<lastmod> 2022-08-22 17:04:41.518299 </lastmod>
	</url><url>
		<loc> https://geoconnex.us/cuahsi/his/SNOTEL/1175_AK_SNTL </loc>
		<lastmod> 2022-08-22 17:04:41.518314 </lastmod>
	</url><url>
		<loc> https://geoconnex.us/cuahsi/his/SNOTEL/966_AK_SNTL </loc>
		<lastmod> 2022-08-22 17:04:41.518330 </lastmod>
	</url><url>
		<loc> https://geoconnex.us/cuahsi/his/SNOTEL/555_WY_SNTL </loc>
		<lastmod> 2022-08-22 17:04:41.518345 </lastmod>
	</url><url>
		<loc> https://geoconnex.us/cuahsi/his/SNOTEL/1145_UT_SNTL </loc>
		<lastmod> 2022-08-22 17:04:41.518360 </lastmod>
	</url><url>
		<loc> https://geoconnex.us/cuahsi/his/SNOTEL/556_CO_SNTL </loc>
		<lastmod> 2022-08-22 17:04:41.518375 </lastmod>
	</url><url>
		<loc> https://geoconnex.us/cuahsi/his/SNOTEL/557_UT_SNTL </loc>
		<lastmod> 2022-08-22 17:04:41.518390 </lastmod>
	</url><url>
		<loc> https://geoconnex.us/cuahsi/his/SNOTEL/558_OR_SNTL </loc>
		<lastmod> 2022-08-22 17:04:41.518405 </lastmod>
	</url><url>
		<loc> https://geoconnex.us/cuahsi/his/SNOTEL/559_UT_SNTL </loc>
		<lastmod> 2022-08-22 17:04:41.518421 </lastmod>
	</url><url>
		<loc> https://geoconnex.us/cuahsi/his/SNOTEL/560_WY_SNTL </loc>
		<lastmod> 2022-08-22 17:04:41.518436 </lastmod>
	</url><url>
		<loc> https://geoconnex.us/cuahsi/his/SNOTEL/1115_UT_SNTL </loc>
		<lastmod> 2022-08-22 17:04:41.518451 </lastmod>
	</url><url>
		<loc> https://geoconnex.us/cuahsi/his/SNOTEL/201_AK_SNTL </loc>
		<lastmod> 2022-08-22 17:04:41.518466 </lastmod>
	</url><url>
		<loc> https://geoconnex.us/cuahsi/his/SNOTEL/561_UT_SNTL </loc>
		<lastmod> 2022-08-22 17:04:41.518481 </lastmod>
	</url><url>
		<loc> https://geoconnex.us/cuahsi/his/SNOTEL/562_MT_SNTL </loc>
		<lastmod> 2022-08-22 17:04:41.518496 </lastmod>
	</url><url>
		<loc> https://geoconnex.us/cuahsi/his/SNOTEL/563_OR_SNTL </loc>
		<lastmod> 2022-08-22 17:04:41.518511 </lastmod>
	</url><url>
		<loc> https://geoconnex.us/cuahsi/his/SNOTEL/564_CO_SNTL </loc>
		<lastmod> 2022-08-22 17:04:41.518525 </lastmod>
	</url><url>
		<loc> https://geoconnex.us/cuahsi/his/SNOTEL/565_CO_SNTL </loc>
		<lastmod> 2022-08-22 17:04:41.518540 </lastmod>
	</url><url>
		<loc> https://geoconnex.us/cuahsi/his/SNOTEL/566_UT_SNTL </loc>
		<lastmod> 2022-08-22 17:04:41.518566 </lastmod>
	</url><url>
		<loc> https://geoconnex.us/cuahsi/his/SNOTEL/1116_UT_SNTL </loc>
		<lastmod> 2022-08-22 17:04:41.518580 </lastmod>
	</url><url>
		<loc> https://geoconnex.us/cuahsi/his/SNOTEL/513_UT_SNTL </loc>
		<lastmod> 2022-08-22 17:04:41.518594 </lastmod>
	</url><url>
		<loc> https://geoconnex.us/cuahsi/his/SNOTEL/568_MT_SNTL </loc>
		<lastmod> 2022-08-22 17:04:41.518607 </lastmod>
	</url><url>
		<loc> https://geoconnex.us/cuahsi/his/SNOTEL/569_NV_SNTL </loc>
		<lastmod> 2022-08-22 17:04:41.518621 </lastmod>
	</url><url>
		<loc> https://geoconnex.us/cuahsi/his/SNOTEL/570_NV_SNTL </loc>
		<lastmod> 2022-08-22 17:04:41.518635 </lastmod>
	</url><url>
		<loc> https://geoconnex.us/cuahsi/his/SNOTEL/571_WY_SNTL </loc>
		<lastmod> 2022-08-22 17:04:41.518649 </lastmod>
	</url><url>
		<loc> https://geoconnex.us/cuahsi/his/SNOTEL/1134_WY_SNTL </loc>
		<lastmod> 2022-08-22 17:04:41.518663 </lastmod>
	</url><url>
		<loc> https://geoconnex.us/cuahsi/his/SNOTEL/572_UT_SNTL </loc>
		<lastmod> 2022-08-22 17:04:41.518677 </lastmod>
	</url><url>
		<loc> https://geoconnex.us/cuahsi/his/SNOTEL/1215_UT_SNTL </loc>
		<lastmod> 2022-08-22 17:04:41.518691 </lastmod>
	</url><url>
		<loc> https://geoconnex.us/cuahsi/his/SNOTEL/573_NV_SNTL </loc>
		<lastmod> 2022-08-22 17:04:41.518722 </lastmod>
	</url><url>
		<loc> https://geoconnex.us/cuahsi/his/SNOTEL/574_CA_SNTL </loc>
		<lastmod> 2022-08-22 17:04:41.518737 </lastmod>
	</url><url>
		<loc> https://geoconnex.us/cuahsi/his/SNOTEL/575_CA_SNTL </loc>
		<lastmod> 2022-08-22 17:04:41.518753 </lastmod>
	</url><url>
		<loc> https://geoconnex.us/cuahsi/his/SNOTEL/1112_NV_SNTL </loc>
		<lastmod> 2022-08-22 17:04:41.518767 </lastmod>
	</url><url>
		<loc> https://geoconnex.us/cuahsi/his/SNOTEL/576_MT_SNTL </loc>
		<lastmod> 2022-08-22 17:04:41.518782 </lastmod>
	</url><url>
		<loc> https://geoconnex.us/cuahsi/his/SNOTEL/577_WY_SNTL </loc>
		<lastmod> 2022-08-22 17:04:41.518797 </lastmod>
	</url><url>
		<loc> https://geoconnex.us/cuahsi/his/SNOTEL/1006_NV_SNTL </loc>
		<lastmod> 2022-08-22 17:04:41.518812 </lastmod>
	</url><url>
		<loc> https://geoconnex.us/cuahsi/his/SNOTEL/578_MT_SNTL </loc>
		<lastmod> 2022-08-22 17:04:41.518827 </lastmod>
	</url><url>
		<loc> https://geoconnex.us/cuahsi/his/SNOTEL/261_UT_SNTL </loc>
		<lastmod> 2022-08-22 17:04:41.518842 </lastmod>
	</url><url>
		<loc> https://geoconnex.us/cuahsi/his/SNOTEL/1056_UT_SNTL </loc>
		<lastmod> 2022-08-22 17:04:41.518857 </lastmod>
	</url><url>
		<loc> https://geoconnex.us/cuahsi/his/SNOTEL/579_UT_SNTL </loc>
		<lastmod> 2022-08-22 17:04:41.518873 </lastmod>
	</url><url>
		<loc> https://geoconnex.us/cuahsi/his/SNOTEL/580_CO_SNTL </loc>
		<lastmod> 2022-08-22 17:04:41.518888 </lastmod>
	</url><url>
		<loc> https://geoconnex.us/cuahsi/his/SNOTEL/582_UT_SNTL </loc>
		<lastmod> 2022-08-22 17:04:41.518903 </lastmod>
	</url><url>
		<loc> https://geoconnex.us/cuahsi/his/SNOTEL/947_AK_SNTL </loc>
		<lastmod> 2022-08-22 17:04:41.518918 </lastmod>
	</url><url>
		<loc> https://geoconnex.us/cuahsi/his/SNOTEL/1131_WY_SNTL </loc>
		<lastmod> 2022-08-22 17:04:41.518933 </lastmod>
	</url><url>
		<loc> https://geoconnex.us/cuahsi/his/SNOTEL/583_UT_SNTL </loc>
		<lastmod> 2022-08-22 17:04:41.518948 </lastmod>
	</url><url>
		<loc> https://geoconnex.us/cuahsi/his/SNOTEL/584_OR_SNTL </loc>
		<lastmod> 2022-08-22 17:04:41.518963 </lastmod>
	</url><url>
		<loc> https://geoconnex.us/cuahsi/his/SNOTEL/1047_WY_SNTL </loc>
		<lastmod> 2022-08-22 17:04:41.518977 </lastmod>
	</url><url>
		<loc> https://geoconnex.us/cuahsi/his/SNOTEL/1242_NV_SNTL </loc>
		<lastmod> 2022-08-22 17:04:41.518992 </lastmod>
	</url><url>
		<loc> https://geoconnex.us/cuahsi/his/SNOTEL/585_WY_SNTL </loc>
		<lastmod> 2022-08-22 17:04:41.519008 </lastmod>
	</url><url>
		<loc> https://geoconnex.us/cuahsi/his/SNOTEL/586_CO_SNTL </loc>
		<lastmod> 2022-08-22 17:04:41.519023 </lastmod>
	</url><url>
		<loc> https://geoconnex.us/cuahsi/his/SNOTEL/587_CA_SNTL </loc>
		<lastmod> 2022-08-22 17:04:41.519038 </lastmod>
	</url><url>
		<loc> https://geoconnex.us/cuahsi/his/SNOTEL/588_ID_SNTL </loc>
		<lastmod> 2022-08-22 17:04:41.519053 </lastmod>
	</url><url>
		<loc> https://geoconnex.us/cuahsi/his/SNOTEL/589_CO_SNTL </loc>
		<lastmod> 2022-08-22 17:04:41.519069 </lastmod>
	</url><url>
		<loc> https://geoconnex.us/cuahsi/his/SNOTEL/590_MT_SNTL </loc>
		<lastmod> 2022-08-22 17:04:41.519084 </lastmod>
	</url><url>
		<loc> https://geoconnex.us/cuahsi/his/SNOTEL/591_WA_SNTL </loc>
		<lastmod> 2022-08-22 17:04:41.519099 </lastmod>
	</url><url>
		<loc> https://geoconnex.us/cuahsi/his/SNOTEL/1261_UT_SNTL </loc>
		<lastmod> 2022-08-22 17:04:41.519114 </lastmod>
	</url><url>
		<loc> https://geoconnex.us/cuahsi/his/SNOTEL/1123_CO_SNTL </loc>
		<lastmod> 2022-08-22 17:04:41.519129 </lastmod>
	</url><url>
		<loc> https://geoconnex.us/cuahsi/his/SNOTEL/592_UT_SNTL </loc>
		<lastmod> 2022-08-22 17:04:41.519145 </lastmod>
	</url><url>
		<loc> https://geoconnex.us/cuahsi/his/SNOTEL/1001_AK_SNTL </loc>
		<lastmod> 2022-08-22 17:04:41.519160 </lastmod>
	</url><url>
		<loc> https://geoconnex.us/cuahsi/his/SNOTEL/1016_ID_SNTL </loc>
		<lastmod> 2022-08-22 17:04:41.519175 </lastmod>
	</url><url>
		<loc> https://geoconnex.us/cuahsi/his/SNOTEL/593_UT_SNTL </loc>
		<lastmod> 2022-08-22 17:04:41.519190 </lastmod>
	</url><url>
		<loc> https://geoconnex.us/cuahsi/his/SNOTEL/594_ID_SNTL </loc>
		<lastmod> 2022-08-22 17:04:41.519230 </lastmod>
	</url><url>
		<loc> https://geoconnex.us/cuahsi/his/SNOTEL/595_NM_SNTL </loc>
		<lastmod> 2022-08-22 17:04:41.519245 </lastmod>
	</url><url>
		<loc> https://geoconnex.us/cuahsi/his/SNOTEL/596_UT_SNTL </loc>
		<lastmod> 2022-08-22 17:04:41.519260 </lastmod>
	</url><url>
		<loc> https://geoconnex.us/cuahsi/his/SNOTEL/597_WY_SNTL </loc>
		<lastmod> 2022-08-22 17:04:41.519275 </lastmod>
	</url><url>
		<loc> https://geoconnex.us/cuahsi/his/SNOTEL/598_WY_SNTL </loc>
		<lastmod> 2022-08-22 17:04:41.519290 </lastmod>
	</url><url>
		<loc> https://geoconnex.us/cuahsi/his/SNOTEL/1118_UT_SNTL </loc>
		<lastmod> 2022-08-22 17:04:41.519305 </lastmod>
	</url><url>
		<loc> https://geoconnex.us/cuahsi/his/SNOTEL/940_CO_SNTL </loc>
		<lastmod> 2022-08-22 17:04:41.519320 </lastmod>
	</url><url>
		<loc> https://geoconnex.us/cuahsi/his/SNOTEL/599_WA_SNTL </loc>
		<lastmod> 2022-08-22 17:04:41.519335 </lastmod>
	</url><url>
		<loc> https://geoconnex.us/cuahsi/his/SNOTEL/600_ID_SNTL </loc>
		<lastmod> 2022-08-22 17:04:41.519351 </lastmod>
	</url><url>
		<loc> https://geoconnex.us/cuahsi/his/SNOTEL/601_ID_SNTL </loc>
		<lastmod> 2022-08-22 17:04:41.519366 </lastmod>
	</url><url>
		<loc> https://geoconnex.us/cuahsi/his/SNOTEL/972_UT_SNTL </loc>
		<lastmod> 2022-08-22 17:04:41.519381 </lastmod>
	</url><url>
		<loc> https://geoconnex.us/cuahsi/his/SNOTEL/602_CO_SNTL </loc>
		<lastmod> 2022-08-22 17:04:41.519396 </lastmod>
	</url><url>
		<loc> https://geoconnex.us/cuahsi/his/SNOTEL/1265_AK_SNTL </loc>
		<lastmod> 2022-08-22 17:04:41.519411 </lastmod>
	</url><url>
		<loc> https://geoconnex.us/cuahsi/his/SNOTEL/603_MT_SNTL </loc>
		<lastmod> 2022-08-22 17:04:41.519426 </lastmod>
	</url><url>
		<loc> https://geoconnex.us/cuahsi/his/SNOTEL/604_MT_SNTL </loc>
		<lastmod> 2022-08-22 17:04:41.519441 </lastmod>
	</url><url>
		<loc> https://geoconnex.us/cuahsi/his/SNOTEL/605_OR_SNTL </loc>
		<lastmod> 2022-08-22 17:04:41.519456 </lastmod>
	</url><url>
		<loc> https://geoconnex.us/cuahsi/his/SNOTEL/606_WA_SNTL </loc>
		<lastmod> 2022-08-22 17:04:41.519472 </lastmod>
	</url><url>
		<loc> https://geoconnex.us/cuahsi/his/SNOTEL/1069_WA_SNTL </loc>
		<lastmod> 2022-08-22 17:04:41.519487 </lastmod>
	</url><url>
		<loc> https://geoconnex.us/cuahsi/his/SNOTEL/607_CO_SNTL </loc>
		<lastmod> 2022-08-22 17:04:41.519502 </lastmod>
	</url><url>
		<loc> https://geoconnex.us/cuahsi/his/SNOTEL/608_OR_SNTL </loc>
		<lastmod> 2022-08-22 17:04:41.519517 </lastmod>
	</url><url>
		<loc> https://geoconnex.us/cuahsi/his/SNOTEL/609_MT_SNTL </loc>
		<lastmod> 2022-08-22 17:04:41.519532 </lastmod>
	</url><url>
		<loc> https://geoconnex.us/cuahsi/his/SNOTEL/610_ID_SNTL </loc>
		<lastmod> 2022-08-22 17:04:41.519547 </lastmod>
	</url><url>
		<loc> https://geoconnex.us/cuahsi/his/SNOTEL/611_SD_SNTL </loc>
		<lastmod> 2022-08-22 17:04:41.519563 </lastmod>
	</url><url>
		<loc> https://geoconnex.us/cuahsi/his/SNOTEL/612_UT_SNTL </loc>
		<lastmod> 2022-08-22 17:04:41.519578 </lastmod>
	</url><url>
		<loc> https://geoconnex.us/cuahsi/his/SNOTEL/905_CO_SNTL </loc>
		<lastmod> 2022-08-22 17:04:41.519593 </lastmod>
	</url><url>
		<loc> https://geoconnex.us/cuahsi/his/SNOTEL/613_MT_SNTL </loc>
		<lastmod> 2022-08-22 17:04:41.519608 </lastmod>
	</url><url>
		<loc> https://geoconnex.us/cuahsi/his/SNOTEL/614_OR_SNTL </loc>
		<lastmod> 2022-08-22 17:04:41.519623 </lastmod>
	</url><url>
		<loc> https://geoconnex.us/cuahsi/his/SNOTEL/615_NV_SNTL </loc>
		<lastmod> 2022-08-22 17:04:41.519638 </lastmod>
	</url><url>
		<loc> https://geoconnex.us/cuahsi/his/SNOTEL/616_WY_SNTL </loc>
		<lastmod> 2022-08-22 17:04:41.519653 </lastmod>
	</url><url>
		<loc> https://geoconnex.us/cuahsi/his/SNOTEL/999_WA_SNTL </loc>
		<lastmod> 2022-08-22 17:04:41.519668 </lastmod>
	</url><url>
		<loc> https://geoconnex.us/cuahsi/his/SNOTEL/617_AZ_SNTL </loc>
		<lastmod> 2022-08-22 17:04:41.519683 </lastmod>
	</url><url>
		<loc> https://geoconnex.us/cuahsi/his/SNOTEL/1096_AK_SNTL </loc>
		<lastmod> 2022-08-22 17:04:41.519698 </lastmod>
	</url><url>
		<loc> https://geoconnex.us/cuahsi/his/SNOTEL/254_MT_SNTL </loc>
		<lastmod> 2022-08-22 17:04:41.519713 </lastmod>
	</url><url>
		<loc> https://geoconnex.us/cuahsi/his/SNOTEL/618_CO_SNTL </loc>
		<lastmod> 2022-08-22 17:04:41.519728 </lastmod>
	</url><url>
		<loc> https://geoconnex.us/cuahsi/his/SNOTEL/1040_CO_SNTL </loc>
		<lastmod> 2022-08-22 17:04:41.519743 </lastmod>
	</url><url>
		<loc> https://geoconnex.us/cuahsi/his/SNOTEL/619_OR_SNTL </loc>
		<lastmod> 2022-08-22 17:04:41.519758 </lastmod>
	</url><url>
		<loc> https://geoconnex.us/cuahsi/his/SNOTEL/1048_NM_SNTL </loc>
		<lastmod> 2022-08-22 17:04:41.519774 </lastmod>
	</url><url>
		<loc> https://geoconnex.us/cuahsi/his/SNOTEL/1003_AK_SNTL </loc>
		<lastmod> 2022-08-22 17:04:41.519789 </lastmod>
	</url><url>
		<loc> https://geoconnex.us/cuahsi/his/SNOTEL/1191_AK_SNTL </loc>
		<lastmod> 2022-08-22 17:04:41.519804 </lastmod>
	</url><url>
		<loc> https://geoconnex.us/cuahsi/his/SNOTEL/620_ID_SNTL </loc>
		<lastmod> 2022-08-22 17:04:41.519819 </lastmod>
	</url><url>
		<loc> https://geoconnex.us/cuahsi/his/SNOTEL/897_WA_SNTL </loc>
		<lastmod> 2022-08-22 17:04:41.519834 </lastmod>
	</url><url>
		<loc> https://geoconnex.us/cuahsi/his/SNOTEL/1196_WY_SNTL </loc>
		<lastmod> 2022-08-22 17:04:41.519849 </lastmod>
	</url><url>
		<loc> https://geoconnex.us/cuahsi/his/SNOTEL/914_CO_SNTL </loc>
		<lastmod> 2022-08-22 17:04:41.519864 </lastmod>
	</url><url>
		<loc> https://geoconnex.us/cuahsi/his/SNOTEL/621_UT_SNTL </loc>
		<lastmod> 2022-08-22 17:04:41.519879 </lastmod>
	</url><url>
		<loc> https://geoconnex.us/cuahsi/his/SNOTEL/1207_NV_SNTL </loc>
		<lastmod> 2022-08-22 17:04:41.519894 </lastmod>
	</url><url>
		<loc> https://geoconnex.us/cuahsi/his/SNOTEL/622_CO_SNTL </loc>
		<lastmod> 2022-08-22 17:04:41.519909 </lastmod>
	</url><url>
		<loc> https://geoconnex.us/cuahsi/his/SNOTEL/1011_WA_SNTL </loc>
		<lastmod> 2022-08-22 17:04:41.519924 </lastmod>
	</url><url>
		<loc> https://geoconnex.us/cuahsi/his/SNOTEL/623_ID_SNTL </loc>
		<lastmod> 2022-08-22 17:04:41.519939 </lastmod>
	</url><url>
		<loc> https://geoconnex.us/cuahsi/his/SNOTEL/937_CO_SNTL </loc>
		<lastmod> 2022-08-22 17:04:41.519955 </lastmod>
	</url><url>
		<loc> https://geoconnex.us/cuahsi/his/SNOTEL/1206_NV_SNTL </loc>
		<lastmod> 2022-08-22 17:04:41.519970 </lastmod>
	</url><url>
		<loc> https://geoconnex.us/cuahsi/his/SNOTEL/624_CO_SNTL </loc>
		<lastmod> 2022-08-22 17:04:41.519985 </lastmod>
	</url><url>
		<loc> https://geoconnex.us/cuahsi/his/SNOTEL/1064_AK_SNTL </loc>
		<lastmod> 2022-08-22 17:04:41.520001 </lastmod>
	</url><url>
		<loc> https://geoconnex.us/cuahsi/his/SNOTEL/1014_CO_SNTL </loc>
		<lastmod> 2022-08-22 17:04:41.520016 </lastmod>
	</url><url>
		<loc> https://geoconnex.us/cuahsi/his/SNOTEL/625_WY_SNTL </loc>
		<lastmod> 2022-08-22 17:04:41.520031 </lastmod>
	</url><url>
		<loc> https://geoconnex.us/cuahsi/his/SNOTEL/626_UT_SNTL </loc>
		<lastmod> 2022-08-22 17:04:41.520058 </lastmod>
	</url><url>
		<loc> https://geoconnex.us/cuahsi/his/SNOTEL/1079_OR_SNTL </loc>
		<lastmod> 2022-08-22 17:04:41.520073 </lastmod>
	</url><url>
		<loc> https://geoconnex.us/cuahsi/his/SNOTEL/627_ID_SNTL </loc>
		<lastmod> 2022-08-22 17:04:41.520089 </lastmod>
	</url><url>
		<loc> https://geoconnex.us/cuahsi/his/SNOTEL/628_UT_SNTL </loc>
		<lastmod> 2022-08-22 17:04:41.520103 </lastmod>
	</url><url>
		<loc> https://geoconnex.us/cuahsi/his/SNOTEL/1084_OR_SNTL </loc>
		<lastmod> 2022-08-22 17:04:41.520118 </lastmod>
	</url><url>
		<loc> https://geoconnex.us/cuahsi/his/SNOTEL/629_CO_SNTL </loc>
		<lastmod> 2022-08-22 17:04:41.520133 </lastmod>
	</url><url>
		<loc> https://geoconnex.us/cuahsi/his/SNOTEL/630_WA_SNTL </loc>
		<lastmod> 2022-08-22 17:04:41.520148 </lastmod>
	</url><url>
		<loc> https://geoconnex.us/cuahsi/his/SNOTEL/631_UT_SNTL </loc>
		<lastmod> 2022-08-22 17:04:41.520164 </lastmod>
	</url><url>
		<loc> https://geoconnex.us/cuahsi/his/SNOTEL/262_WA_SNTL </loc>
		<lastmod> 2022-08-22 17:04:41.520179 </lastmod>
	</url><url>
		<loc> https://geoconnex.us/cuahsi/his/SNOTEL/632_CO_SNTL </loc>
		<lastmod> 2022-08-22 17:04:41.520194 </lastmod>
	</url><url>
		<loc> https://geoconnex.us/cuahsi/his/SNOTEL/1287_MT_SNTL </loc>
		<lastmod> 2022-08-22 17:04:41.520209 </lastmod>
	</url><url>
		<loc> https://geoconnex.us/cuahsi/his/SNOTEL/1094_AK_SNTL </loc>
		<lastmod> 2022-08-22 17:04:41.520224 </lastmod>
	</url><url>
		<loc> https://geoconnex.us/cuahsi/his/SNOTEL/633_CA_SNTL </loc>
		<lastmod> 2022-08-22 17:04:41.520239 </lastmod>
	</url><url>
		<loc> https://geoconnex.us/cuahsi/his/SNOTEL/634_UT_SNTL </loc>
		<lastmod> 2022-08-22 17:04:41.520254 </lastmod>
	</url><url>
		<loc> https://geoconnex.us/cuahsi/his/SNOTEL/949_AK_SNTL </loc>
		<lastmod> 2022-08-22 17:04:41.520269 </lastmod>
	</url><url>
		<loc> https://geoconnex.us/cuahsi/his/SNOTEL/635_MT_SNTL </loc>
		<lastmod> 2022-08-22 17:04:41.520284 </lastmod>
	</url><url>
		<loc> https://geoconnex.us/cuahsi/his/SNOTEL/1124_CO_SNTL </loc>
		<lastmod> 2022-08-22 17:04:41.520299 </lastmod>
	</url><url>
		<loc> https://geoconnex.us/cuahsi/his/SNOTEL/636_ID_SNTL </loc>
		<lastmod> 2022-08-22 17:04:41.520314 </lastmod>
	</url><url>
		<loc> https://geoconnex.us/cuahsi/his/SNOTEL/1176_AK_SNTL </loc>
		<lastmod> 2022-08-22 17:04:41.520330 </lastmod>
	</url><url>
		<loc> https://geoconnex.us/cuahsi/his/SNOTEL/638_ID_SNTL </loc>
		<lastmod> 2022-08-22 17:04:41.520345 </lastmod>
	</url><url>
		<loc> https://geoconnex.us/cuahsi/his/SNOTEL/1035_AK_SNTL </loc>
		<lastmod> 2022-08-22 17:04:41.520360 </lastmod>
	</url><url>
		<loc> https://geoconnex.us/cuahsi/his/SNOTEL/637_ID_SNTL </loc>
		<lastmod> 2022-08-22 17:04:41.520375 </lastmod>
	</url><url>
		<loc> https://geoconnex.us/cuahsi/his/SNOTEL/639_ID_SNTL </loc>
		<lastmod> 2022-08-22 17:04:41.520390 </lastmod>
	</url><url>
		<loc> https://geoconnex.us/cuahsi/his/SNOTEL/640_AZ_SNTL </loc>
		<lastmod> 2022-08-22 17:04:41.520405 </lastmod>
	</url><url>
		<loc> https://geoconnex.us/cuahsi/his/SNOTEL/1125_AZ_SNTL </loc>
		<lastmod> 2022-08-22 17:04:41.520420 </lastmod>
	</url><url>
		<loc> https://geoconnex.us/cuahsi/his/SNOTEL/642_WA_SNTL </loc>
		<lastmod> 2022-08-22 17:04:41.520435 </lastmod>
	</url><url>
		<loc> https://geoconnex.us/cuahsi/his/SNOTEL/643_UT_SNTL </loc>
		<lastmod> 2022-08-22 17:04:41.520450 </lastmod>
	</url><url>
		<loc> https://geoconnex.us/cuahsi/his/SNOTEL/989_ID_SNTL </loc>
		<lastmod> 2022-08-22 17:04:41.520466 </lastmod>
	</url><url>
		<loc> https://geoconnex.us/cuahsi/his/SNOTEL/644_WA_SNTL </loc>
		<lastmod> 2022-08-22 17:04:41.520481 </lastmod>
	</url><url>
		<loc> https://geoconnex.us/cuahsi/his/SNOTEL/645_ID_SNTL </loc>
		<lastmod> 2022-08-22 17:04:41.520496 </lastmod>
	</url><url>
		<loc> https://geoconnex.us/cuahsi/his/SNOTEL/646_MT_SNTL </loc>
		<lastmod> 2022-08-22 17:04:41.520511 </lastmod>
	</url><url>
		<loc> https://geoconnex.us/cuahsi/his/SNOTEL/647_OR_SNTL </loc>
		<lastmod> 2022-08-22 17:04:41.520526 </lastmod>
	</url><url>
		<loc> https://geoconnex.us/cuahsi/his/SNOTEL/648_WA_SNTL </loc>
		<lastmod> 2022-08-22 17:04:41.520541 </lastmod>
	</url><url>
		<loc> https://geoconnex.us/cuahsi/his/SNOTEL/898_WA_SNTL </loc>
		<lastmod> 2022-08-22 17:04:41.520556 </lastmod>
	</url><url>
		<loc> https://geoconnex.us/cuahsi/his/SNOTEL/649_MT_SNTL </loc>
		<lastmod> 2022-08-22 17:04:41.520571 </lastmod>
	</url><url>
		<loc> https://geoconnex.us/cuahsi/his/SNOTEL/650_ID_SNTL </loc>
		<lastmod> 2022-08-22 17:04:41.520586 </lastmod>
	</url><url>
		<loc> https://geoconnex.us/cuahsi/his/SNOTEL/941_WA_SNTL </loc>
		<lastmod> 2022-08-22 17:04:41.520601 </lastmod>
	</url><url>
		<loc> https://geoconnex.us/cuahsi/his/SNOTEL/1224_UT_SNTL </loc>
		<lastmod> 2022-08-22 17:04:41.520616 </lastmod>
	</url><url>
		<loc> https://geoconnex.us/cuahsi/his/SNOTEL/651_OR_SNTL </loc>
		<lastmod> 2022-08-22 17:04:41.520631 </lastmod>
	</url><url>
		<loc> https://geoconnex.us/cuahsi/his/SNOTEL/1269_UT_SNTL </loc>
		<lastmod> 2022-08-22 17:04:41.520646 </lastmod>
	</url><url>
		<loc> https://geoconnex.us/cuahsi/his/SNOTEL/652_NV_SNTL </loc>
		<lastmod> 2022-08-22 17:04:41.520661 </lastmod>
	</url><url>
		<loc> https://geoconnex.us/cuahsi/his/SNOTEL/1103_AK_SNTL </loc>
		<lastmod> 2022-08-22 17:04:41.520676 </lastmod>
	</url><url>
		<loc> https://geoconnex.us/cuahsi/his/SNOTEL/1073_AK_SNTL </loc>
		<lastmod> 2022-08-22 17:04:41.520691 </lastmod>
	</url><url>
		<loc> https://geoconnex.us/cuahsi/his/SNOTEL/653_OR_SNTL </loc>
		<lastmod> 2022-08-22 17:04:41.520706 </lastmod>
	</url><url>
		<loc> https://geoconnex.us/cuahsi/his/SNOTEL/258_NV_SNTL </loc>
		<lastmod> 2022-08-22 17:04:41.520721 </lastmod>
	</url><url>
		<loc> https://geoconnex.us/cuahsi/his/SNOTEL/948_AK_SNTL </loc>
		<lastmod> 2022-08-22 17:04:41.520736 </lastmod>
	</url><url>
		<loc> https://geoconnex.us/cuahsi/his/SNOTEL/1259_WA_SNTL </loc>
		<lastmod> 2022-08-22 17:04:41.520751 </lastmod>
	</url><url>
		<loc> https://geoconnex.us/cuahsi/his/SNOTEL/654_ID_SNTL </loc>
		<lastmod> 2022-08-22 17:04:41.520766 </lastmod>
	</url><url>
		<loc> https://geoconnex.us/cuahsi/his/SNOTEL/655_OR_SNTL </loc>
		<lastmod> 2022-08-22 17:04:41.520782 </lastmod>
	</url><url>
		<loc> https://geoconnex.us/cuahsi/his/SNOTEL/656_MT_SNTL </loc>
		<lastmod> 2022-08-22 17:04:41.520797 </lastmod>
	</url><url>
		<loc> https://geoconnex.us/cuahsi/his/SNOTEL/950_AK_SNTL </loc>
		<lastmod> 2022-08-22 17:04:41.520812 </lastmod>
	</url><url>
		<loc> https://geoconnex.us/cuahsi/his/SNOTEL/1053_ID_SNTL </loc>
		<lastmod> 2022-08-22 17:04:41.520827 </lastmod>
	</url><url>
		<loc> https://geoconnex.us/cuahsi/his/SNOTEL/657_MT_SNTL </loc>
		<lastmod> 2022-08-22 17:04:41.520842 </lastmod>
	</url><url>
		<loc> https://geoconnex.us/cuahsi/his/SNOTEL/658_CO_SNTL </loc>
		<lastmod> 2022-08-22 17:04:41.520857 </lastmod>
	</url><url>
		<loc> https://geoconnex.us/cuahsi/his/SNOTEL/1138_NM_SNTL </loc>
		<lastmod> 2022-08-22 17:04:41.520872 </lastmod>
	</url><url>
		<loc> https://geoconnex.us/cuahsi/his/SNOTEL/249_CO_SNTL </loc>
		<lastmod> 2022-08-22 17:04:41.520887 </lastmod>
	</url><url>
		<loc> https://geoconnex.us/cuahsi/his/SNOTEL/659_MT_SNTL </loc>
		<lastmod> 2022-08-22 17:04:41.520902 </lastmod>
	</url><url>
		<loc> https://geoconnex.us/cuahsi/his/SNOTEL/903_MT_SNTL </loc>
		<lastmod> 2022-08-22 17:04:41.520917 </lastmod>
	</url><url>
		<loc> https://geoconnex.us/cuahsi/his/SNOTEL/1031_CO_SNTL </loc>
		<lastmod> 2022-08-22 17:04:41.520932 </lastmod>
	</url><url>
		<loc> https://geoconnex.us/cuahsi/his/SNOTEL/660_OR_SNTL </loc>
		<lastmod> 2022-08-22 17:04:41.520947 </lastmod>
	</url><url>
		<loc> https://geoconnex.us/cuahsi/his/SNOTEL/661_WY_SNTL </loc>
		<lastmod> 2022-08-22 17:04:41.520962 </lastmod>
	</url><url>
		<loc> https://geoconnex.us/cuahsi/his/SNOTEL/662_MT_SNTL </loc>
		<lastmod> 2022-08-22 17:04:41.520977 </lastmod>
	</url><url>
		<loc> https://geoconnex.us/cuahsi/his/SNOTEL/663_CO_SNTL </loc>
		<lastmod> 2022-08-22 17:04:41.521017 </lastmod>
	</url><url>
		<loc> https://geoconnex.us/cuahsi/his/SNOTEL/664_MT_SNTL </loc>
		<lastmod> 2022-08-22 17:04:41.521032 </lastmod>
	</url><url>
		<loc> https://geoconnex.us/cuahsi/his/SNOTEL/665_NM_SNTL </loc>
		<lastmod> 2022-08-22 17:04:41.521048 </lastmod>
	</url><url>
		<loc> https://geoconnex.us/cuahsi/his/SNOTEL/666_OR_SNTL </loc>
		<lastmod> 2022-08-22 17:04:41.521063 </lastmod>
	</url><url>
		<loc> https://geoconnex.us/cuahsi/his/SNOTEL/667_MT_SNTL </loc>
		<lastmod> 2022-08-22 17:04:41.521077 </lastmod>
	</url><url>
		<loc> https://geoconnex.us/cuahsi/his/SNOTEL/668_WY_SNTL </loc>
		<lastmod> 2022-08-22 17:04:41.521092 </lastmod>
	</url><url>
		<loc> https://geoconnex.us/cuahsi/his/SNOTEL/669_CO_SNTL </loc>
		<lastmod> 2022-08-22 17:04:41.521107 </lastmod>
	</url><url>
		<loc> https://geoconnex.us/cuahsi/his/SNOTEL/920_SD_SNTL </loc>
		<lastmod> 2022-08-22 17:04:41.521122 </lastmod>
	</url><url>
		<loc> https://geoconnex.us/cuahsi/his/SNOTEL/670_MT_SNTL </loc>
		<lastmod> 2022-08-22 17:04:41.521137 </lastmod>
	</url><url>
		<loc> https://geoconnex.us/cuahsi/his/SNOTEL/267_WY_SNTL </loc>
		<lastmod> 2022-08-22 17:04:41.521152 </lastmod>
	</url><url>
		<loc> https://geoconnex.us/cuahsi/his/SNOTEL/1037_AK_SNTL </loc>
		<lastmod> 2022-08-22 17:04:41.521168 </lastmod>
	</url><url>
		<loc> https://geoconnex.us/cuahsi/his/SNOTEL/1127_AZ_SNTL </loc>
		<lastmod> 2022-08-22 17:04:41.521183 </lastmod>
	</url><url>
		<loc> https://geoconnex.us/cuahsi/his/SNOTEL/996_WA_SNTL </loc>
		<lastmod> 2022-08-22 17:04:41.521198 </lastmod>
	</url><url>
		<loc> https://geoconnex.us/cuahsi/his/SNOTEL/1146_UT_SNTL </loc>
		<lastmod> 2022-08-22 17:04:41.521213 </lastmod>
	</url><url>
		<loc> https://geoconnex.us/cuahsi/his/SNOTEL/671_OR_SNTL </loc>
		<lastmod> 2022-08-22 17:04:41.521228 </lastmod>
	</url><url>
		<loc> https://geoconnex.us/cuahsi/his/SNOTEL/672_WA_SNTL </loc>
		<lastmod> 2022-08-22 17:04:41.521243 </lastmod>
	</url><url>
		<loc> https://geoconnex.us/cuahsi/his/SNOTEL/673_WY_SNTL </loc>
		<lastmod> 2022-08-22 17:04:41.521258 </lastmod>
	</url><url>
		<loc> https://geoconnex.us/cuahsi/his/SNOTEL/1272_NV_SNTL </loc>
		<lastmod> 2022-08-22 17:04:41.521273 </lastmod>
	</url><url>
		<loc> https://geoconnex.us/cuahsi/his/SNOTEL/1008_MT_SNTL </loc>
		<lastmod> 2022-08-22 17:04:41.521288 </lastmod>
	</url><url>
		<loc> https://geoconnex.us/cuahsi/his/SNOTEL/675_CO_SNTL </loc>
		<lastmod> 2022-08-22 17:04:41.521303 </lastmod>
	</url><url>
		<loc> https://geoconnex.us/cuahsi/his/SNOTEL/676_WY_SNTL </loc>
		<lastmod> 2022-08-22 17:04:41.521318 </lastmod>
	</url><url>
		<loc> https://geoconnex.us/cuahsi/his/SNOTEL/677_ID_SNTL </loc>
		<lastmod> 2022-08-22 17:04:41.521333 </lastmod>
	</url><url>
		<loc> https://geoconnex.us/cuahsi/his/SNOTEL/1170_NM_SNTL </loc>
		<lastmod> 2022-08-22 17:04:41.521348 </lastmod>
	</url><url>
		<loc> https://geoconnex.us/cuahsi/his/SNOTEL/678_NM_SNTL </loc>
		<lastmod> 2022-08-22 17:04:41.521363 </lastmod>
	</url><url>
		<loc> https://geoconnex.us/cuahsi/his/SNOTEL/1148_UT_SNTL </loc>
		<lastmod> 2022-08-22 17:04:41.521378 </lastmod>
	</url><url>
		<loc> https://geoconnex.us/cuahsi/his/SNOTEL/679_WA_SNTL </loc>
		<lastmod> 2022-08-22 17:04:41.521393 </lastmod>
	</url><url>
		<loc> https://geoconnex.us/cuahsi/his/SNOTEL/986_AK_SNTL </loc>
		<lastmod> 2022-08-22 17:04:41.521408 </lastmod>
	</url><url>
		<loc> https://geoconnex.us/cuahsi/his/SNOTEL/680_CO_SNTL </loc>
		<lastmod> 2022-08-22 17:04:41.521423 </lastmod>
	</url><url>
		<loc> https://geoconnex.us/cuahsi/his/SNOTEL/681_WA_SNTL </loc>
		<lastmod> 2022-08-22 17:04:41.521438 </lastmod>
	</url><url>
		<loc> https://geoconnex.us/cuahsi/his/SNOTEL/682_CO_SNTL </loc>
		<lastmod> 2022-08-22 17:04:41.521453 </lastmod>
	</url><url>
		<loc> https://geoconnex.us/cuahsi/his/SNOTEL/683_WY_SNTL </loc>
		<lastmod> 2022-08-22 17:04:41.521468 </lastmod>
	</url><url>
		<loc> https://geoconnex.us/cuahsi/his/SNOTEL/684_UT_SNTL </loc>
		<lastmod> 2022-08-22 17:04:41.521483 </lastmod>
	</url><url>
		<loc> https://geoconnex.us/cuahsi/his/SNOTEL/971_UT_SNTL </loc>
		<lastmod> 2022-08-22 17:04:41.521498 </lastmod>
	</url><url>
		<loc> https://geoconnex.us/cuahsi/his/SNOTEL/685_CO_SNTL </loc>
		<lastmod> 2022-08-22 17:04:41.521513 </lastmod>
	</url><url>
		<loc> https://geoconnex.us/cuahsi/his/SNOTEL/686_UT_SNTL </loc>
		<lastmod> 2022-08-22 17:04:41.521528 </lastmod>
	</url><url>
		<loc> https://geoconnex.us/cuahsi/his/SNOTEL/687_OR_SNTL </loc>
		<lastmod> 2022-08-22 17:04:41.521543 </lastmod>
	</url><url>
		<loc> https://geoconnex.us/cuahsi/his/SNOTEL/1104_WA_SNTL </loc>
		<lastmod> 2022-08-22 17:04:41.521558 </lastmod>
	</url><url>
		<loc> https://geoconnex.us/cuahsi/his/SNOTEL/930_MT_SNTL </loc>
		<lastmod> 2022-08-22 17:04:41.521573 </lastmod>
	</url><url>
		<loc> https://geoconnex.us/cuahsi/his/SNOTEL/688_CO_SNTL </loc>
		<lastmod> 2022-08-22 17:04:41.521588 </lastmod>
	</url><url>
		<loc> https://geoconnex.us/cuahsi/his/SNOTEL/689_WY_SNTL </loc>
		<lastmod> 2022-08-22 17:04:41.521604 </lastmod>
	</url><url>
		<loc> https://geoconnex.us/cuahsi/his/SNOTEL/690_MT_SNTL </loc>
		<lastmod> 2022-08-22 17:04:41.521619 </lastmod>
	</url><url>
		<loc> https://geoconnex.us/cuahsi/his/SNOTEL/691_UT_SNTL </loc>
		<lastmod> 2022-08-22 17:04:41.521634 </lastmod>
	</url><url>
		<loc> https://geoconnex.us/cuahsi/his/SNOTEL/1142_ID_SNTL </loc>
		<lastmod> 2022-08-22 17:04:41.521649 </lastmod>
	</url><url>
		<loc> https://geoconnex.us/cuahsi/his/SNOTEL/692_WA_SNTL </loc>
		<lastmod> 2022-08-22 17:04:41.521664 </lastmod>
	</url><url>
		<loc> https://geoconnex.us/cuahsi/his/SNOTEL/693_MT_SNTL </loc>
		<lastmod> 2022-08-22 17:04:41.521678 </lastmod>
	</url><url>
		<loc> https://geoconnex.us/cuahsi/his/SNOTEL/694_UT_SNTL </loc>
		<lastmod> 2022-08-22 17:04:41.521693 </lastmod>
	</url><url>
		<loc> https://geoconnex.us/cuahsi/his/SNOTEL/695_ID_SNTL </loc>
		<lastmod> 2022-08-22 17:04:41.521708 </lastmod>
	</url><url>
		<loc> https://geoconnex.us/cuahsi/his/SNOTEL/1263_WA_SNTL </loc>
		<lastmod> 2022-08-22 17:04:41.521723 </lastmod>
	</url><url>
		<loc> https://geoconnex.us/cuahsi/his/SNOTEL/696_MT_SNTL </loc>
		<lastmod> 2022-08-22 17:04:41.521738 </lastmod>
	</url><url>
		<loc> https://geoconnex.us/cuahsi/his/SNOTEL/263_WA_SNTL </loc>
		<lastmod> 2022-08-22 17:04:41.521753 </lastmod>
	</url><url>
		<loc> https://geoconnex.us/cuahsi/his/SNOTEL/1133_WY_SNTL </loc>
		<lastmod> 2022-08-22 17:04:41.521768 </lastmod>
	</url><url>
		<loc> https://geoconnex.us/cuahsi/his/SNOTEL/1002_AK_SNTL </loc>
		<lastmod> 2022-08-22 17:04:41.521783 </lastmod>
	</url><url>
		<loc> https://geoconnex.us/cuahsi/his/SNOTEL/697_CA_SNTL </loc>
		<lastmod> 2022-08-22 17:04:41.521798 </lastmod>
	</url><url>
		<loc> https://geoconnex.us/cuahsi/his/SNOTEL/1244_NV_SNTL </loc>
		<lastmod> 2022-08-22 17:04:41.521813 </lastmod>
	</url><url>
		<loc> https://geoconnex.us/cuahsi/his/SNOTEL/698_NV_SNTL </loc>
		<lastmod> 2022-08-22 17:04:41.521828 </lastmod>
	</url><url>
		<loc> https://geoconnex.us/cuahsi/his/SNOTEL/932_MT_SNTL </loc>
		<lastmod> 2022-08-22 17:04:41.521843 </lastmod>
	</url><url>
		<loc> https://geoconnex.us/cuahsi/his/SNOTEL/699_WA_SNTL </loc>
		<lastmod> 2022-08-22 17:04:41.521858 </lastmod>
	</url><url>
		<loc> https://geoconnex.us/cuahsi/his/SNOTEL/700_MT_SNTL </loc>
		<lastmod> 2022-08-22 17:04:41.521873 </lastmod>
	</url><url>
		<loc> https://geoconnex.us/cuahsi/his/SNOTEL/701_CO_SNTL </loc>
		<lastmod> 2022-08-22 17:04:41.521888 </lastmod>
	</url><url>
		<loc> https://geoconnex.us/cuahsi/his/SNOTEL/987_AK_SNTL </loc>
		<lastmod> 2022-08-22 17:04:41.521903 </lastmod>
	</url><url>
		<loc> https://geoconnex.us/cuahsi/his/SNOTEL/702_WA_SNTL </loc>
		<lastmod> 2022-08-22 17:04:41.521928 </lastmod>
	</url><url>
		<loc> https://geoconnex.us/cuahsi/his/SNOTEL/703_WY_SNTL </loc>
		<lastmod> 2022-08-22 17:04:41.521943 </lastmod>
	</url><url>
		<loc> https://geoconnex.us/cuahsi/his/SNOTEL/704_ID_SNTL </loc>
		<lastmod> 2022-08-22 17:04:41.521957 </lastmod>
	</url><url>
		<loc> https://geoconnex.us/cuahsi/his/SNOTEL/705_AZ_SNTL </loc>
		<lastmod> 2022-08-22 17:04:41.521971 </lastmod>
	</url><url>
		<loc> https://geoconnex.us/cuahsi/his/SNOTEL/1177_AK_SNTL </loc>
		<lastmod> 2022-08-22 17:04:41.521985 </lastmod>
	</url><url>
		<loc> https://geoconnex.us/cuahsi/his/SNOTEL/706_OR_SNTL </loc>
		<lastmod> 2022-08-22 17:04:41.521999 </lastmod>
	</url><url>
		<loc> https://geoconnex.us/cuahsi/his/SNOTEL/707_WA_SNTL </loc>
		<lastmod> 2022-08-22 17:04:41.522012 </lastmod>
	</url><url>
		<loc> https://geoconnex.us/cuahsi/his/SNOTEL/708_NM_SNTL </loc>
		<lastmod> 2022-08-22 17:04:41.522026 </lastmod>
	</url><url>
		<loc> https://geoconnex.us/cuahsi/his/SNOTEL/709_CO_SNTL </loc>
		<lastmod> 2022-08-22 17:04:41.522040 </lastmod>
	</url><url>
		<loc> https://geoconnex.us/cuahsi/his/SNOTEL/1081_ID_SNTL </loc>
		<lastmod> 2022-08-22 17:04:41.522054 </lastmod>
	</url><url>
		<loc> https://geoconnex.us/cuahsi/his/SNOTEL/710_OR_SNTL </loc>
		<lastmod> 2022-08-22 17:04:41.522068 </lastmod>
	</url><url>
		<loc> https://geoconnex.us/cuahsi/his/SNOTEL/1110_NV_SNTL </loc>
		<lastmod> 2022-08-22 17:04:41.522082 </lastmod>
	</url><url>
		<loc> https://geoconnex.us/cuahsi/his/SNOTEL/711_WA_SNTL </loc>
		<lastmod> 2022-08-22 17:04:41.522096 </lastmod>
	</url><url>
		<loc> https://geoconnex.us/cuahsi/his/SNOTEL/1032_CO_SNTL </loc>
		<lastmod> 2022-08-22 17:04:41.522110 </lastmod>
	</url><url>
		<loc> https://geoconnex.us/cuahsi/his/SNOTEL/712_OR_SNTL </loc>
		<lastmod> 2022-08-22 17:04:41.522124 </lastmod>
	</url><url>
		<loc> https://geoconnex.us/cuahsi/his/SNOTEL/713_CO_SNTL </loc>
		<lastmod> 2022-08-22 17:04:41.522155 </lastmod>
	</url><url>
		<loc> https://geoconnex.us/cuahsi/his/SNOTEL/714_UT_SNTL </loc>
		<lastmod> 2022-08-22 17:04:41.522170 </lastmod>
	</url><url>
		<loc> https://geoconnex.us/cuahsi/his/SNOTEL/715_NM_SNTL </loc>
		<lastmod> 2022-08-22 17:04:41.522185 </lastmod>
	</url><url>
		<loc> https://geoconnex.us/cuahsi/his/SNOTEL/1225_UT_SNTL </loc>
		<lastmod> 2022-08-22 17:04:41.522200 </lastmod>
	</url><url>
		<loc> https://geoconnex.us/cuahsi/his/SNOTEL/1217_UT_SNTL </loc>
		<lastmod> 2022-08-22 17:04:41.522215 </lastmod>
	</url><url>
		<loc> https://geoconnex.us/cuahsi/his/SNOTEL/716_WY_SNTL </loc>
		<lastmod> 2022-08-22 17:04:41.522230 </lastmod>
	</url><url>
		<loc> https://geoconnex.us/cuahsi/his/SNOTEL/911_WA_SNTL </loc>
		<lastmod> 2022-08-22 17:04:41.522245 </lastmod>
	</url><url>
		<loc> https://geoconnex.us/cuahsi/his/SNOTEL/2029_ID_SNTL </loc>
		<lastmod> 2022-08-22 17:04:41.522260 </lastmod>
	</url><url>
		<loc> https://geoconnex.us/cuahsi/his/SNOTEL/1178_AK_SNTL </loc>
		<lastmod> 2022-08-22 17:04:41.522275 </lastmod>
	</url><url>
		<loc> https://geoconnex.us/cuahsi/his/SNOTEL/933_NM_SNTL </loc>
		<lastmod> 2022-08-22 17:04:41.522290 </lastmod>
	</url><url>
		<loc> https://geoconnex.us/cuahsi/his/SNOTEL/1254_NM_SNTL </loc>
		<lastmod> 2022-08-22 17:04:41.522305 </lastmod>
	</url><url>
		<loc> https://geoconnex.us/cuahsi/his/SNOTEL/717_CO_SNTL </loc>
		<lastmod> 2022-08-22 17:04:41.522320 </lastmod>
	</url><url>
		<loc> https://geoconnex.us/cuahsi/his/SNOTEL/718_CO_SNTL </loc>
		<lastmod> 2022-08-22 17:04:41.522335 </lastmod>
	</url><url>
		<loc> https://geoconnex.us/cuahsi/his/SNOTEL/719_OR_SNTL </loc>
		<lastmod> 2022-08-22 17:04:41.522351 </lastmod>
	</url><url>
		<loc> https://geoconnex.us/cuahsi/his/SNOTEL/720_UT_SNTL </loc>
		<lastmod> 2022-08-22 17:04:41.522366 </lastmod>
	</url><url>
		<loc> https://geoconnex.us/cuahsi/his/SNOTEL/721_OR_SNTL </loc>
		<lastmod> 2022-08-22 17:04:41.522381 </lastmod>
	</url><url>
		<loc> https://geoconnex.us/cuahsi/his/SNOTEL/722_MT_SNTL </loc>
		<lastmod> 2022-08-22 17:04:41.522396 </lastmod>
	</url><url>
		<loc> https://geoconnex.us/cuahsi/his/SNOTEL/723_UT_SNTL </loc>
		<lastmod> 2022-08-22 17:04:41.522411 </lastmod>
	</url><url>
		<loc> https://geoconnex.us/cuahsi/his/SNOTEL/917_MT_SNTL </loc>
		<lastmod> 2022-08-22 17:04:41.522426 </lastmod>
	</url><url>
		<loc> https://geoconnex.us/cuahsi/his/SNOTEL/973_AK_SNTL </loc>
		<lastmod> 2022-08-22 17:04:41.522441 </lastmod>
	</url><url>
		<loc> https://geoconnex.us/cuahsi/his/SNOTEL/939_CO_SNTL </loc>
		<lastmod> 2022-08-22 17:04:41.522456 </lastmod>
	</url><url>
		<loc> https://geoconnex.us/cuahsi/his/SNOTEL/724_CA_SNTL </loc>
		<lastmod> 2022-08-22 17:04:41.522471 </lastmod>
	</url><url>
		<loc> https://geoconnex.us/cuahsi/his/SNOTEL/725_MT_SNTL </loc>
		<lastmod> 2022-08-22 17:04:41.522486 </lastmod>
	</url><url>
		<loc> https://geoconnex.us/cuahsi/his/SNOTEL/929_MT_SNTL </loc>
		<lastmod> 2022-08-22 17:04:41.522501 </lastmod>
	</url><url>
		<loc> https://geoconnex.us/cuahsi/his/SNOTEL/726_OR_SNTL </loc>
		<lastmod> 2022-08-22 17:04:41.522516 </lastmod>
	</url><url>
		<loc> https://geoconnex.us/cuahsi/his/SNOTEL/727_MT_SNTL </loc>
		<lastmod> 2022-08-22 17:04:41.522531 </lastmod>
	</url><url>
		<loc> https://geoconnex.us/cuahsi/his/SNOTEL/1015_WY_SNTL </loc>
		<lastmod> 2022-08-22 17:04:41.522546 </lastmod>
	</url><url>
		<loc> https://geoconnex.us/cuahsi/his/SNOTEL/1183_AK_SNTL </loc>
		<lastmod> 2022-08-22 17:04:41.522561 </lastmod>
	</url><url>
		<loc> https://geoconnex.us/cuahsi/his/SNOTEL/1100_CO_SNTL </loc>
		<lastmod> 2022-08-22 17:04:41.522576 </lastmod>
	</url><url>
		<loc> https://geoconnex.us/cuahsi/his/SNOTEL/728_WA_SNTL </loc>
		<lastmod> 2022-08-22 17:04:41.522591 </lastmod>
	</url><url>
		<loc> https://geoconnex.us/cuahsi/his/SNOTEL/729_OR_SNTL </loc>
		<lastmod> 2022-08-22 17:04:41.522606 </lastmod>
	</url><url>
		<loc> https://geoconnex.us/cuahsi/his/SNOTEL/730_WY_SNTL </loc>
		<lastmod> 2022-08-22 17:04:41.522621 </lastmod>
	</url><url>
		<loc> https://geoconnex.us/cuahsi/his/SNOTEL/1172_NM_SNTL </loc>
		<lastmod> 2022-08-22 17:04:41.522636 </lastmod>
	</url><url>
		<loc> https://geoconnex.us/cuahsi/his/SNOTEL/731_WY_SNTL </loc>
		<lastmod> 2022-08-22 17:04:41.522651 </lastmod>
	</url><url>
		<loc> https://geoconnex.us/cuahsi/his/SNOTEL/732_WY_SNTL </loc>
		<lastmod> 2022-08-22 17:04:41.522666 </lastmod>
	</url><url>
		<loc> https://geoconnex.us/cuahsi/his/SNOTEL/922_NM_SNTL </loc>
		<lastmod> 2022-08-22 17:04:41.522681 </lastmod>
	</url><url>
		<loc> https://geoconnex.us/cuahsi/his/SNOTEL/1280_UT_SNTL </loc>
		<lastmod> 2022-08-22 17:04:41.522696 </lastmod>
	</url><url>
		<loc> https://geoconnex.us/cuahsi/his/SNOTEL/733_OR_SNTL </loc>
		<lastmod> 2022-08-22 17:04:41.522711 </lastmod>
	</url><url>
		<loc> https://geoconnex.us/cuahsi/his/SNOTEL/1128_CO_SNTL </loc>
		<lastmod> 2022-08-22 17:04:41.522726 </lastmod>
	</url><url>
		<loc> https://geoconnex.us/cuahsi/his/SNOTEL/734_WA_SNTL </loc>
		<lastmod> 2022-08-22 17:04:41.522741 </lastmod>
	</url><url>
		<loc> https://geoconnex.us/cuahsi/his/SNOTEL/1231_WA_SNTL </loc>
		<lastmod> 2022-08-22 17:04:41.522756 </lastmod>
	</url><url>
		<loc> https://geoconnex.us/cuahsi/his/SNOTEL/735_ID_SNTL </loc>
		<lastmod> 2022-08-22 17:04:41.523012 </lastmod>
	</url><url>
		<loc> https://geoconnex.us/cuahsi/his/SNOTEL/1068_WA_SNTL </loc>
		<lastmod> 2022-08-22 17:04:41.523034 </lastmod>
	</url><url>
		<loc> https://geoconnex.us/cuahsi/his/SNOTEL/1251_CO_SNTL </loc>
		<lastmod> 2022-08-22 17:04:41.523049 </lastmod>
	</url><url>
		<loc> https://geoconnex.us/cuahsi/his/SNOTEL/736_OR_SNTL </loc>
		<lastmod> 2022-08-22 17:04:41.523064 </lastmod>
	</url><url>
		<loc> https://geoconnex.us/cuahsi/his/SNOTEL/737_CO_SNTL </loc>
		<lastmod> 2022-08-22 17:04:41.523079 </lastmod>
	</url><url>
		<loc> https://geoconnex.us/cuahsi/his/SNOTEL/915_ID_SNTL </loc>
		<lastmod> 2022-08-22 17:04:41.523095 </lastmod>
	</url><url>
		<loc> https://geoconnex.us/cuahsi/his/SNOTEL/738_ID_SNTL </loc>
		<lastmod> 2022-08-22 17:04:41.523110 </lastmod>
	</url><url>
		<loc> https://geoconnex.us/cuahsi/his/SNOTEL/1038_ID_SNTL </loc>
		<lastmod> 2022-08-22 17:04:41.523125 </lastmod>
	</url><url>
		<loc> https://geoconnex.us/cuahsi/his/SNOTEL/739_CO_SNTL </loc>
		<lastmod> 2022-08-22 17:04:41.523140 </lastmod>
	</url><url>
		<loc> https://geoconnex.us/cuahsi/his/SNOTEL/740_ID_SNTL </loc>
		<lastmod> 2022-08-22 17:04:41.523155 </lastmod>
	</url><url>
		<loc> https://geoconnex.us/cuahsi/his/SNOTEL/741_ID_SNTL </loc>
		<lastmod> 2022-08-22 17:04:41.523169 </lastmod>
	</url><url>
		<loc> https://geoconnex.us/cuahsi/his/SNOTEL/742_UT_SNTL </loc>
		<lastmod> 2022-08-22 17:04:41.523184 </lastmod>
	</url><url>
		<loc> https://geoconnex.us/cuahsi/his/SNOTEL/743_OR_SNTL </loc>
		<lastmod> 2022-08-22 17:04:41.523199 </lastmod>
	</url><url>
		<loc> https://geoconnex.us/cuahsi/his/SNOTEL/744_NM_SNTL </loc>
		<lastmod> 2022-08-22 17:04:41.523214 </lastmod>
	</url><url>
		<loc> https://geoconnex.us/cuahsi/his/SNOTEL/1043_WA_SNTL </loc>
		<lastmod> 2022-08-22 17:04:41.523229 </lastmod>
	</url><url>
		<loc> https://geoconnex.us/cuahsi/his/SNOTEL/745_OR_SNTL </loc>
		<lastmod> 2022-08-22 17:04:41.523244 </lastmod>
	</url><url>
		<loc> https://geoconnex.us/cuahsi/his/SNOTEL/746_NV_SNTL </loc>
		<lastmod> 2022-08-22 17:04:41.523259 </lastmod>
	</url><url>
		<loc> https://geoconnex.us/cuahsi/his/SNOTEL/747_ID_SNTL </loc>
		<lastmod> 2022-08-22 17:04:41.523274 </lastmod>
	</url><url>
		<loc> https://geoconnex.us/cuahsi/his/SNOTEL/1060_CO_SNTL </loc>
		<lastmod> 2022-08-22 17:04:41.523289 </lastmod>
	</url><url>
		<loc> https://geoconnex.us/cuahsi/his/SNOTEL/748_WA_SNTL </loc>
		<lastmod> 2022-08-22 17:04:41.523304 </lastmod>
	</url><url>
		<loc> https://geoconnex.us/cuahsi/his/SNOTEL/749_ID_SNTL </loc>
		<lastmod> 2022-08-22 17:04:41.523319 </lastmod>
	</url></ns0:urlset>