<?xml version='1.0' encoding='utf-8'?>
<ns0:urlset xmlns:ns0="http://www.sitemaps.org/schemas/sitemap/0.9">
<url>
		<loc> https://geoconnex.us/cuahsi/his/czo_merced/UpMetN </loc>
		<lastmod> 2022-08-22 17:04:40.034037 </lastmod>
	</url><url>
		<loc> https://geoconnex.us/cuahsi/his/czo_merced/UpMetN_cdde </loc>
		<lastmod> 2022-08-22 17:04:40.034082 </lastmod>
	</url><url>
		<loc> https://geoconnex.us/cuahsi/his/czo_merced/UpMetN_cduc </loc>
		<lastmod> 2022-08-22 17:04:40.034104 </lastmod>
	</url><url>
		<loc> https://geoconnex.us/cuahsi/his/czo_merced/UpMetN_acde </loc>
		<lastmod> 2022-08-22 17:04:40.034122 </lastmod>
	</url><url>
		<loc> https://geoconnex.us/cuahsi/his/czo_merced/UpMetN_acuc </loc>
		<lastmod> 2022-08-22 17:04:40.034139 </lastmod>
	</url><url>
		<loc> https://geoconnex.us/cuahsi/his/czo_merced/UpMetN_plde </loc>
		<lastmod> 2022-08-22 17:04:40.034156 </lastmod>
	</url><url>
		<loc> https://geoconnex.us/cuahsi/his/czo_merced/UpMetN_pluc </loc>
		<lastmod> 2022-08-22 17:04:40.034174 </lastmod>
	</url><url>
		<loc> https://geoconnex.us/cuahsi/his/czo_merced/UpMetN_open </loc>
		<lastmod> 2022-08-22 17:04:40.034191 </lastmod>
	</url><url>
		<loc> https://geoconnex.us/cuahsi/his/czo_merced/UpMetS </loc>
		<lastmod> 2022-08-22 17:04:40.034208 </lastmod>
	</url><url>
		<loc> https://geoconnex.us/cuahsi/his/czo_merced/UpMetS_qkde </loc>
		<lastmod> 2022-08-22 17:04:40.034225 </lastmod>
	</url><url>
		<loc> https://geoconnex.us/cuahsi/his/czo_merced/UpMetS_qkuc </loc>
		<lastmod> 2022-08-22 17:04:40.034240 </lastmod>
	</url><url>
		<loc> https://geoconnex.us/cuahsi/his/czo_merced/UpMetS_acde </loc>
		<lastmod> 2022-08-22 17:04:40.034256 </lastmod>
	</url><url>
		<loc> https://geoconnex.us/cuahsi/his/czo_merced/UpMetS_acuc </loc>
		<lastmod> 2022-08-22 17:04:40.034271 </lastmod>
	</url><url>
		<loc> https://geoconnex.us/cuahsi/his/czo_merced/UpMetS_open </loc>
		<lastmod> 2022-08-22 17:04:40.034286 </lastmod>
	</url><url>
		<loc> https://geoconnex.us/cuahsi/his/czo_merced/UpMetF </loc>
		<lastmod> 2022-08-22 17:04:40.034301 </lastmod>
	</url><url>
		<loc> https://geoconnex.us/cuahsi/his/czo_merced/UpMetF_ppde </loc>
		<lastmod> 2022-08-22 17:04:40.034317 </lastmod>
	</url><url>
		<loc> https://geoconnex.us/cuahsi/his/czo_merced/UpMetF_ppuc </loc>
		<lastmod> 2022-08-22 17:04:40.034332 </lastmod>
	</url><url>
		<loc> https://geoconnex.us/cuahsi/his/czo_merced/UpMetF_acde </loc>
		<lastmod> 2022-08-22 17:04:40.034347 </lastmod>
	</url><url>
		<loc> https://geoconnex.us/cuahsi/his/czo_merced/UpMetF_acuc </loc>
		<lastmod> 2022-08-22 17:04:40.034363 </lastmod>
	</url><url>
		<loc> https://geoconnex.us/cuahsi/his/czo_merced/UpMetF_open </loc>
		<lastmod> 2022-08-22 17:04:40.034378 </lastmod>
	</url><url>
		<loc> https://geoconnex.us/cuahsi/his/czo_merced/LowMetN </loc>
		<lastmod> 2022-08-22 17:04:40.034393 </lastmod>
	</url><url>
		<loc> https://geoconnex.us/cuahsi/his/czo_merced/LowMetN_cdde </loc>
		<lastmod> 2022-08-22 17:04:40.034409 </lastmod>
	</url><url>
		<loc> https://geoconnex.us/cuahsi/his/czo_merced/LowMetN_cduc </loc>
		<lastmod> 2022-08-22 17:04:40.034425 </lastmod>
	</url><url>
		<loc> https://geoconnex.us/cuahsi/his/czo_merced/LowMetN_acde </loc>
		<lastmod> 2022-08-22 17:04:40.034440 </lastmod>
	</url><url>
		<loc> https://geoconnex.us/cuahsi/his/czo_merced/LowMetN_acuc </loc>
		<lastmod> 2022-08-22 17:04:40.034465 </lastmod>
	</url><url>
		<loc> https://geoconnex.us/cuahsi/his/czo_merced/LowMetN_open </loc>
		<lastmod> 2022-08-22 17:04:40.034479 </lastmod>
	</url><url>
		<loc> https://geoconnex.us/cuahsi/his/czo_merced/LowMetS </loc>
		<lastmod> 2022-08-22 17:04:40.034493 </lastmod>
	</url><url>
		<loc> https://geoconnex.us/cuahsi/his/czo_merced/LowMetS_ppde </loc>
		<lastmod> 2022-08-22 17:04:40.034507 </lastmod>
	</url><url>
		<loc> https://geoconnex.us/cuahsi/his/czo_merced/LowMetS_ppuc </loc>
		<lastmod> 2022-08-22 17:04:40.034522 </lastmod>
	</url><url>
		<loc> https://geoconnex.us/cuahsi/his/czo_merced/LowMetS_cdde </loc>
		<lastmod> 2022-08-22 17:04:40.034537 </lastmod>
	</url><url>
		<loc> https://geoconnex.us/cuahsi/his/czo_merced/LowMetS_cduc </loc>
		<lastmod> 2022-08-22 17:04:40.034551 </lastmod>
	</url><url>
		<loc> https://geoconnex.us/cuahsi/his/czo_merced/LowMetS_open </loc>
		<lastmod> 2022-08-22 17:04:40.034565 </lastmod>
	</url><url>
		<loc> https://geoconnex.us/cuahsi/his/czo_merced/UppProv_Met </loc>
		<lastmod> 2022-08-22 17:04:40.034579 </lastmod>
	</url><url>
		<loc> https://geoconnex.us/cuahsi/his/czo_merced/LowProv_Met </loc>
		<lastmod> 2022-08-22 17:04:40.034593 </lastmod>
	</url><url>
		<loc> https://geoconnex.us/cuahsi/his/czo_merced/UppBull_Met </loc>
		<lastmod> 2022-08-22 17:04:40.034607 </lastmod>
	</url><url>
		<loc> https://geoconnex.us/cuahsi/his/czo_merced/LowBull_Met </loc>
		<lastmod> 2022-08-22 17:04:40.034621 </lastmod>
	</url><url>
		<loc> https://geoconnex.us/cuahsi/his/czo_merced/B203 </loc>
		<lastmod> 2022-08-22 17:04:40.034635 </lastmod>
	</url><url>
		<loc> https://geoconnex.us/cuahsi/his/czo_merced/B204 </loc>
		<lastmod> 2022-08-22 17:04:40.034649 </lastmod>
	</url><url>
		<loc> https://geoconnex.us/cuahsi/his/czo_merced/B200 </loc>
		<lastmod> 2022-08-22 17:04:40.034663 </lastmod>
	</url><url>
		<loc> https://geoconnex.us/cuahsi/his/czo_merced/B201 </loc>
		<lastmod> 2022-08-22 17:04:40.034677 </lastmod>
	</url><url>
		<loc> https://geoconnex.us/cuahsi/his/czo_merced/T003 </loc>
		<lastmod> 2022-08-22 17:04:40.034691 </lastmod>
	</url><url>
		<loc> https://geoconnex.us/cuahsi/his/czo_merced/P301 </loc>
		<lastmod> 2022-08-22 17:04:40.034705 </lastmod>
	</url><url>
		<loc> https://geoconnex.us/cuahsi/his/czo_merced/P303 </loc>
		<lastmod> 2022-08-22 17:04:40.034718 </lastmod>
	</url><url>
		<loc> https://geoconnex.us/cuahsi/his/czo_merced/P304 </loc>
		<lastmod> 2022-08-22 17:04:40.034732 </lastmod>
	</url><url>
		<loc> https://geoconnex.us/cuahsi/his/czo_merced/D102 </loc>
		<lastmod> 2022-08-22 17:04:40.034746 </lastmod>
	</url><url>
		<loc> https://geoconnex.us/cuahsi/his/czo_merced/P300 </loc>
		<lastmod> 2022-08-22 17:04:40.034760 </lastmod>
	</url><url>
		<loc> https://geoconnex.us/cuahsi/his/czo_merced/Mic-1 </loc>
		<lastmod> 2022-08-22 17:04:40.034774 </lastmod>
	</url><url>
		<loc> https://geoconnex.us/cuahsi/his/czo_merced/Mic-2 </loc>
		<lastmod> 2022-08-22 17:04:40.034788 </lastmod>
	</url><url>
		<loc> https://geoconnex.us/cuahsi/his/czo_merced/Mic-3 </loc>
		<lastmod> 2022-08-22 17:04:40.034802 </lastmod>
	</url><url>
		<loc> https://geoconnex.us/cuahsi/his/czo_merced/Mic-5 </loc>
		<lastmod> 2022-08-22 17:04:40.034816 </lastmod>
	</url><url>
		<loc> https://geoconnex.us/cuahsi/his/czo_merced/Mic-6 </loc>
		<lastmod> 2022-08-22 17:04:40.034829 </lastmod>
	</url><url>
		<loc> https://geoconnex.us/cuahsi/his/czo_merced/Mic-7 </loc>
		<lastmod> 2022-08-22 17:04:40.034843 </lastmod>
	</url><url>
		<loc> https://geoconnex.us/cuahsi/his/czo_merced/Mic-8 </loc>
		<lastmod> 2022-08-22 17:04:40.034857 </lastmod>
	</url><url>
		<loc> https://geoconnex.us/cuahsi/his/czo_merced/Mic-9 </loc>
		<lastmod> 2022-08-22 17:04:40.034871 </lastmod>
	</url><url>
		<loc> https://geoconnex.us/cuahsi/his/czo_merced/Mic-10 </loc>
		<lastmod> 2022-08-22 17:04:40.034884 </lastmod>
	</url><url>
		<loc> https://geoconnex.us/cuahsi/his/czo_merced/Mic-11 </loc>
		<lastmod> 2022-08-22 17:04:40.034898 </lastmod>
	</url><url>
		<loc> https://geoconnex.us/cuahsi/his/czo_merced/Mic-12 </loc>
		<lastmod> 2022-08-22 17:04:40.034913 </lastmod>
	</url><url>
		<loc> https://geoconnex.us/cuahsi/his/czo_merced/Mic-13 </loc>
		<lastmod> 2022-08-22 17:04:40.034927 </lastmod>
	</url><url>
		<loc> https://geoconnex.us/cuahsi/his/czo_merced/Mic-14 </loc>
		<lastmod> 2022-08-22 17:04:40.034941 </lastmod>
	</url><url>
		<loc> https://geoconnex.us/cuahsi/his/czo_merced/Mic-15 </loc>
		<lastmod> 2022-08-22 17:04:40.034956 </lastmod>
	</url><url>
		<loc> https://geoconnex.us/cuahsi/his/czo_merced/Mic-16 </loc>
		<lastmod> 2022-08-22 17:04:40.034970 </lastmod>
	</url><url>
		<loc> https://geoconnex.us/cuahsi/his/czo_merced/Mic-17 </loc>
		<lastmod> 2022-08-22 17:04:40.034984 </lastmod>
	</url><url>
		<loc> https://geoconnex.us/cuahsi/his/czo_merced/Mic-18 </loc>
		<lastmod> 2022-08-22 17:04:40.034998 </lastmod>
	</url><url>
		<loc> https://geoconnex.us/cuahsi/his/czo_merced/Mic-19 </loc>
		<lastmod> 2022-08-22 17:04:40.035012 </lastmod>
	</url><url>
		<loc> https://geoconnex.us/cuahsi/his/czo_merced/Mic-20 </loc>
		<lastmod> 2022-08-22 17:04:40.035026 </lastmod>
	</url><url>
		<loc> https://geoconnex.us/cuahsi/his/czo_merced/Mic-21 </loc>
		<lastmod> 2022-08-22 17:04:40.035040 </lastmod>
	</url><url>
		<loc> https://geoconnex.us/cuahsi/his/czo_merced/Mic-22 </loc>
		<lastmod> 2022-08-22 17:04:40.035053 </lastmod>
	</url><url>
		<loc> https://geoconnex.us/cuahsi/his/czo_merced/Mic-23 </loc>
		<lastmod> 2022-08-22 17:04:40.035067 </lastmod>
	</url><url>
		<loc> https://geoconnex.us/cuahsi/his/czo_merced/Mic-24 </loc>
		<lastmod> 2022-08-22 17:04:40.035081 </lastmod>
	</url><url>
		<loc> https://geoconnex.us/cuahsi/his/czo_merced/Mic-25 </loc>
		<lastmod> 2022-08-22 17:04:40.035094 </lastmod>
	</url><url>
		<loc> https://geoconnex.us/cuahsi/his/czo_merced/Mic-4 </loc>
		<lastmod> 2022-08-22 17:04:40.035108 </lastmod>
	</url><url>
		<loc> https://geoconnex.us/cuahsi/his/czo_merced/Gateway </loc>
		<lastmod> 2022-08-22 17:04:40.035122 </lastmod>
	</url><url>
		<loc> https://geoconnex.us/cuahsi/his/czo_merced/P301_CZO-1 </loc>
		<lastmod> 2022-08-22 17:04:40.035136 </lastmod>
	</url><url>
		<loc> https://geoconnex.us/cuahsi/his/czo_merced/P301_CZO-2 </loc>
		<lastmod> 2022-08-22 17:04:40.035151 </lastmod>
	</url><url>
		<loc> https://geoconnex.us/cuahsi/his/czo_merced/P301_CZO-3 </loc>
		<lastmod> 2022-08-22 17:04:40.035165 </lastmod>
	</url><url>
		<loc> https://geoconnex.us/cuahsi/his/czo_merced/P301_CZO-4 </loc>
		<lastmod> 2022-08-22 17:04:40.035179 </lastmod>
	</url><url>
		<loc> https://geoconnex.us/cuahsi/his/czo_merced/P301_CZO-5 </loc>
		<lastmod> 2022-08-22 17:04:40.035193 </lastmod>
	</url><url>
		<loc> https://geoconnex.us/cuahsi/his/czo_merced/P301_CZO-6 </loc>
		<lastmod> 2022-08-22 17:04:40.035207 </lastmod>
	</url><url>
		<loc> https://geoconnex.us/cuahsi/his/czo_merced/P301_CZO-7 </loc>
		<lastmod> 2022-08-22 17:04:40.035220 </lastmod>
	</url><url>
		<loc> https://geoconnex.us/cuahsi/his/czo_merced/P301_CZO-8 </loc>
		<lastmod> 2022-08-22 17:04:40.035234 </lastmod>
	</url><url>
		<loc> https://geoconnex.us/cuahsi/his/czo_merced/P301_CZO-9 </loc>
		<lastmod> 2022-08-22 17:04:40.035248 </lastmod>
	</url><url>
		<loc> https://geoconnex.us/cuahsi/his/czo_merced/P301_CZO-10 </loc>
		<lastmod> 2022-08-22 17:04:40.035262 </lastmod>
	</url><url>
		<loc> https://geoconnex.us/cuahsi/his/czo_merced/P301_CZO-26 </loc>
		<lastmod> 2022-08-22 17:04:40.035275 </lastmod>
	</url><url>
		<loc> https://geoconnex.us/cuahsi/his/czo_merced/P301_CZO-12 </loc>
		<lastmod> 2022-08-22 17:04:40.035289 </lastmod>
	</url><url>
		<loc> https://geoconnex.us/cuahsi/his/czo_merced/P301_CZO-29 </loc>
		<lastmod> 2022-08-22 17:04:40.035303 </lastmod>
	</url><url>
		<loc> https://geoconnex.us/cuahsi/his/czo_merced/P301_CZO-14 </loc>
		<lastmod> 2022-08-22 17:04:40.035318 </lastmod>
	</url><url>
		<loc> https://geoconnex.us/cuahsi/his/czo_merced/P301_CZO-30 </loc>
		<lastmod> 2022-08-22 17:04:40.035332 </lastmod>
	</url><url>
		<loc> https://geoconnex.us/cuahsi/his/czo_merced/P301_CZO-16 </loc>
		<lastmod> 2022-08-22 17:04:40.035346 </lastmod>
	</url><url>
		<loc> https://geoconnex.us/cuahsi/his/czo_merced/P301_CZO-17 </loc>
		<lastmod> 2022-08-22 17:04:40.035359 </lastmod>
	</url><url>
		<loc> https://geoconnex.us/cuahsi/his/czo_merced/P301_CZO-18 </loc>
		<lastmod> 2022-08-22 17:04:40.035373 </lastmod>
	</url><url>
		<loc> https://geoconnex.us/cuahsi/his/czo_merced/P301_CZO-19 </loc>
		<lastmod> 2022-08-22 17:04:40.035387 </lastmod>
	</url><url>
		<loc> https://geoconnex.us/cuahsi/his/czo_merced/P301_CZO-20 </loc>
		<lastmod> 2022-08-22 17:04:40.035401 </lastmod>
	</url><url>
		<loc> https://geoconnex.us/cuahsi/his/czo_merced/P301_CZO-21 </loc>
		<lastmod> 2022-08-22 17:04:40.035415 </lastmod>
	</url><url>
		<loc> https://geoconnex.us/cuahsi/his/czo_merced/P301_CZO-22 </loc>
		<lastmod> 2022-08-22 17:04:40.035429 </lastmod>
	</url><url>
		<loc> https://geoconnex.us/cuahsi/his/czo_merced/P301_CZO-25 </loc>
		<lastmod> 2022-08-22 17:04:40.035442 </lastmod>
	</url></ns0:urlset>