<?xml version='1.0' encoding='utf-8'?>
<ns0:urlset xmlns:ns0="http://www.sitemaps.org/schemas/sitemap/0.9">
<url>
		<loc> https://geoconnex.us/cuahsi/his/IRWA/ER-1A </loc>
		<lastmod> 2022-08-22 17:04:41.777233 </lastmod>
	</url><url>
		<loc> https://geoconnex.us/cuahsi/his/IRWA/FB-BV </loc>
		<lastmod> 2022-08-22 17:04:41.777268 </lastmod>
	</url><url>
		<loc> https://geoconnex.us/cuahsi/his/IRWA/FB-MI </loc>
		<lastmod> 2022-08-22 17:04:41.777289 </lastmod>
	</url><url>
		<loc> https://geoconnex.us/cuahsi/his/IRWA/FB-WA </loc>
		<lastmod> 2022-08-22 17:04:41.777308 </lastmod>
	</url><url>
		<loc> https://geoconnex.us/cuahsi/his/IRWA/GB </loc>
		<lastmod> 2022-08-22 17:04:41.777325 </lastmod>
	</url><url>
		<loc> https://geoconnex.us/cuahsi/his/IRWA/GC </loc>
		<lastmod> 2022-08-22 17:04:41.777342 </lastmod>
	</url><url>
		<loc> https://geoconnex.us/cuahsi/his/IRWA/HB </loc>
		<lastmod> 2022-08-22 17:04:41.777358 </lastmod>
	</url><url>
		<loc> https://geoconnex.us/cuahsi/his/IRWA/IP00 </loc>
		<lastmod> 2022-08-22 17:04:41.777374 </lastmod>
	</url><url>
		<loc> https://geoconnex.us/cuahsi/his/IRWA/IP00.5 </loc>
		<lastmod> 2022-08-22 17:04:41.777391 </lastmod>
	</url><url>
		<loc> https://geoconnex.us/cuahsi/his/IRWA/IP01 </loc>
		<lastmod> 2022-08-22 17:04:41.777407 </lastmod>
	</url><url>
		<loc> https://geoconnex.us/cuahsi/his/IRWA/IP02 </loc>
		<lastmod> 2022-08-22 17:04:41.777422 </lastmod>
	</url><url>
		<loc> https://geoconnex.us/cuahsi/his/IRWA/IP03 </loc>
		<lastmod> 2022-08-22 17:04:41.777437 </lastmod>
	</url><url>
		<loc> https://geoconnex.us/cuahsi/his/IRWA/IP04 </loc>
		<lastmod> 2022-08-22 17:04:41.777453 </lastmod>
	</url><url>
		<loc> https://geoconnex.us/cuahsi/his/IRWA/IP06 </loc>
		<lastmod> 2022-08-22 17:04:41.777468 </lastmod>
	</url><url>
		<loc> https://geoconnex.us/cuahsi/his/IRWA/IP08 </loc>
		<lastmod> 2022-08-22 17:04:41.777483 </lastmod>
	</url><url>
		<loc> https://geoconnex.us/cuahsi/his/IRWA/IP10 </loc>
		<lastmod> 2022-08-22 17:04:41.777498 </lastmod>
	</url><url>
		<loc> https://geoconnex.us/cuahsi/his/IRWA/IP11 </loc>
		<lastmod> 2022-08-22 17:04:41.777513 </lastmod>
	</url><url>
		<loc> https://geoconnex.us/cuahsi/his/IRWA/IP12 </loc>
		<lastmod> 2022-08-22 17:04:41.777528 </lastmod>
	</url><url>
		<loc> https://geoconnex.us/cuahsi/his/IRWA/IP13 </loc>
		<lastmod> 2022-08-22 17:04:41.777543 </lastmod>
	</url><url>
		<loc> https://geoconnex.us/cuahsi/his/IRWA/IP14 </loc>
		<lastmod> 2022-08-22 17:04:41.777558 </lastmod>
	</url><url>
		<loc> https://geoconnex.us/cuahsi/his/IRWA/IP16 </loc>
		<lastmod> 2022-08-22 17:04:41.777573 </lastmod>
	</url><url>
		<loc> https://geoconnex.us/cuahsi/his/IRWA/IP18 </loc>
		<lastmod> 2022-08-22 17:04:41.777588 </lastmod>
	</url><url>
		<loc> https://geoconnex.us/cuahsi/his/IRWA/IP19 </loc>
		<lastmod> 2022-08-22 17:04:41.777603 </lastmod>
	</url><url>
		<loc> https://geoconnex.us/cuahsi/his/IRWA/IP19A </loc>
		<lastmod> 2022-08-22 17:04:41.777618 </lastmod>
	</url><url>
		<loc> https://geoconnex.us/cuahsi/his/IRWA/IP20 </loc>
		<lastmod> 2022-08-22 17:04:41.777633 </lastmod>
	</url><url>
		<loc> https://geoconnex.us/cuahsi/his/IRWA/IP22 </loc>
		<lastmod> 2022-08-22 17:04:41.777647 </lastmod>
	</url><url>
		<loc> https://geoconnex.us/cuahsi/his/IRWA/IP24 </loc>
		<lastmod> 2022-08-22 17:04:41.777663 </lastmod>
	</url><url>
		<loc> https://geoconnex.us/cuahsi/his/IRWA/IP25 </loc>
		<lastmod> 2022-08-22 17:04:41.777678 </lastmod>
	</url><url>
		<loc> https://geoconnex.us/cuahsi/his/IRWA/IP26 </loc>
		<lastmod> 2022-08-22 17:04:41.777693 </lastmod>
	</url><url>
		<loc> https://geoconnex.us/cuahsi/his/IRWA/LB </loc>
		<lastmod> 2022-08-22 17:04:41.777708 </lastmod>
	</url><url>
		<loc> https://geoconnex.us/cuahsi/his/IRWA/MB-62 </loc>
		<lastmod> 2022-08-22 17:04:41.777723 </lastmod>
	</url><url>
		<loc> https://geoconnex.us/cuahsi/his/IRWA/MB-PS </loc>
		<lastmod> 2022-08-22 17:04:41.777738 </lastmod>
	</url><url>
		<loc> https://geoconnex.us/cuahsi/his/IRWA/MMB </loc>
		<lastmod> 2022-08-22 17:04:41.777753 </lastmod>
	</url><url>
		<loc> https://geoconnex.us/cuahsi/his/IRWA/MR-1A </loc>
		<lastmod> 2022-08-22 17:04:41.777769 </lastmod>
	</url></ns0:urlset>