<?xml version='1.0' encoding='utf-8'?>
<ns0:urlset xmlns:ns0="http://www.sitemaps.org/schemas/sitemap/0.9">
<url>
		<loc> https://geoconnex.us/cuahsi/his/RMBL/rmbl1 </loc>
		<lastmod> 2022-08-22 17:04:36.904960 </lastmod>
	</url><url>
		<loc> https://geoconnex.us/cuahsi/his/RMBL/rmbl2 </loc>
		<lastmod> 2022-08-22 17:04:36.904994 </lastmod>
	</url><url>
		<loc> https://geoconnex.us/cuahsi/his/RMBL/rmbl3 </loc>
		<lastmod> 2022-08-22 17:04:36.905016 </lastmod>
	</url><url>
		<loc> https://geoconnex.us/cuahsi/his/RMBL/rmbl4 </loc>
		<lastmod> 2022-08-22 17:04:36.905034 </lastmod>
	</url><url>
		<loc> https://geoconnex.us/cuahsi/his/RMBL/rmbl5 </loc>
		<lastmod> 2022-08-22 17:04:36.905051 </lastmod>
	</url><url>
		<loc> https://geoconnex.us/cuahsi/his/RMBL/rmbl6 </loc>
		<lastmod> 2022-08-22 17:04:36.905067 </lastmod>
	</url></ns0:urlset>