<?xml version='1.0' encoding='utf-8'?>
<ns0:urlset xmlns:ns0="http://www.sitemaps.org/schemas/sitemap/0.9">
<url>
		<loc> https://geoconnex.us/cuahsi/his/NE_WN/1 </loc>
		<lastmod> 2022-08-22 17:04:41.569217 </lastmod>
	</url><url>
		<loc> https://geoconnex.us/cuahsi/his/NE_WN/2 </loc>
		<lastmod> 2022-08-22 17:04:41.569251 </lastmod>
	</url><url>
		<loc> https://geoconnex.us/cuahsi/his/NE_WN/3 </loc>
		<lastmod> 2022-08-22 17:04:41.569273 </lastmod>
	</url><url>
		<loc> https://geoconnex.us/cuahsi/his/NE_WN/4 </loc>
		<lastmod> 2022-08-22 17:04:41.569291 </lastmod>
	</url><url>
		<loc> https://geoconnex.us/cuahsi/his/NE_WN/5 </loc>
		<lastmod> 2022-08-22 17:04:41.569307 </lastmod>
	</url><url>
		<loc> https://geoconnex.us/cuahsi/his/NE_WN/6 </loc>
		<lastmod> 2022-08-22 17:04:41.569323 </lastmod>
	</url><url>
		<loc> https://geoconnex.us/cuahsi/his/NE_WN/7 </loc>
		<lastmod> 2022-08-22 17:04:41.569340 </lastmod>
	</url><url>
		<loc> https://geoconnex.us/cuahsi/his/NE_WN/8 </loc>
		<lastmod> 2022-08-22 17:04:41.569355 </lastmod>
	</url><url>
		<loc> https://geoconnex.us/cuahsi/his/NE_WN/9 </loc>
		<lastmod> 2022-08-22 17:04:41.569370 </lastmod>
	</url><url>
		<loc> https://geoconnex.us/cuahsi/his/NE_WN/10 </loc>
		<lastmod> 2022-08-22 17:04:41.569386 </lastmod>
	</url><url>
		<loc> https://geoconnex.us/cuahsi/his/NE_WN/11 </loc>
		<lastmod> 2022-08-22 17:04:41.569401 </lastmod>
	</url><url>
		<loc> https://geoconnex.us/cuahsi/his/NE_WN/12 </loc>
		<lastmod> 2022-08-22 17:04:41.569417 </lastmod>
	</url><url>
		<loc> https://geoconnex.us/cuahsi/his/NE_WN/13 </loc>
		<lastmod> 2022-08-22 17:04:41.569431 </lastmod>
	</url><url>
		<loc> https://geoconnex.us/cuahsi/his/NE_WN/14 </loc>
		<lastmod> 2022-08-22 17:04:41.569446 </lastmod>
	</url><url>
		<loc> https://geoconnex.us/cuahsi/his/NE_WN/15 </loc>
		<lastmod> 2022-08-22 17:04:41.569461 </lastmod>
	</url><url>
		<loc> https://geoconnex.us/cuahsi/his/NE_WN/16 </loc>
		<lastmod> 2022-08-22 17:04:41.569476 </lastmod>
	</url><url>
		<loc> https://geoconnex.us/cuahsi/his/NE_WN/17 </loc>
		<lastmod> 2022-08-22 17:04:41.569491 </lastmod>
	</url><url>
		<loc> https://geoconnex.us/cuahsi/his/NE_WN/18 </loc>
		<lastmod> 2022-08-22 17:04:41.569505 </lastmod>
	</url></ns0:urlset>