<?xml version='1.0' encoding='utf-8'?>
<ns0:urlset xmlns:ns0="http://www.sitemaps.org/schemas/sitemap/0.9">
<url>
		<loc> https://geoconnex.us/cuahsi/his/GlacialRidge/1 </loc>
		<lastmod> 2022-08-22 17:04:41.339751 </lastmod>
	</url><url>
		<loc> https://geoconnex.us/cuahsi/his/GlacialRidge/10 </loc>
		<lastmod> 2022-08-22 17:04:41.339786 </lastmod>
	</url><url>
		<loc> https://geoconnex.us/cuahsi/his/GlacialRidge/11 </loc>
		<lastmod> 2022-08-22 17:04:41.339809 </lastmod>
	</url><url>
		<loc> https://geoconnex.us/cuahsi/his/GlacialRidge/12 </loc>
		<lastmod> 2022-08-22 17:04:41.339827 </lastmod>
	</url><url>
		<loc> https://geoconnex.us/cuahsi/his/GlacialRidge/13 </loc>
		<lastmod> 2022-08-22 17:04:41.339844 </lastmod>
	</url><url>
		<loc> https://geoconnex.us/cuahsi/his/GlacialRidge/14 </loc>
		<lastmod> 2022-08-22 17:04:41.339859 </lastmod>
	</url><url>
		<loc> https://geoconnex.us/cuahsi/his/GlacialRidge/15 </loc>
		<lastmod> 2022-08-22 17:04:41.339876 </lastmod>
	</url><url>
		<loc> https://geoconnex.us/cuahsi/his/GlacialRidge/16 </loc>
		<lastmod> 2022-08-22 17:04:41.339892 </lastmod>
	</url><url>
		<loc> https://geoconnex.us/cuahsi/his/GlacialRidge/17 </loc>
		<lastmod> 2022-08-22 17:04:41.339908 </lastmod>
	</url><url>
		<loc> https://geoconnex.us/cuahsi/his/GlacialRidge/18 </loc>
		<lastmod> 2022-08-22 17:04:41.339923 </lastmod>
	</url><url>
		<loc> https://geoconnex.us/cuahsi/his/GlacialRidge/19 </loc>
		<lastmod> 2022-08-22 17:04:41.339939 </lastmod>
	</url><url>
		<loc> https://geoconnex.us/cuahsi/his/GlacialRidge/2 </loc>
		<lastmod> 2022-08-22 17:04:41.339954 </lastmod>
	</url><url>
		<loc> https://geoconnex.us/cuahsi/his/GlacialRidge/20 </loc>
		<lastmod> 2022-08-22 17:04:41.339970 </lastmod>
	</url><url>
		<loc> https://geoconnex.us/cuahsi/his/GlacialRidge/21 </loc>
		<lastmod> 2022-08-22 17:04:41.339985 </lastmod>
	</url><url>
		<loc> https://geoconnex.us/cuahsi/his/GlacialRidge/22 </loc>
		<lastmod> 2022-08-22 17:04:41.340000 </lastmod>
	</url><url>
		<loc> https://geoconnex.us/cuahsi/his/GlacialRidge/3 </loc>
		<lastmod> 2022-08-22 17:04:41.340015 </lastmod>
	</url><url>
		<loc> https://geoconnex.us/cuahsi/his/GlacialRidge/4 </loc>
		<lastmod> 2022-08-22 17:04:41.340030 </lastmod>
	</url><url>
		<loc> https://geoconnex.us/cuahsi/his/GlacialRidge/5 </loc>
		<lastmod> 2022-08-22 17:04:41.340079 </lastmod>
	</url><url>
		<loc> https://geoconnex.us/cuahsi/his/GlacialRidge/6 </loc>
		<lastmod> 2022-08-22 17:04:41.340096 </lastmod>
	</url><url>
		<loc> https://geoconnex.us/cuahsi/his/GlacialRidge/7 </loc>
		<lastmod> 2022-08-22 17:04:41.340111 </lastmod>
	</url><url>
		<loc> https://geoconnex.us/cuahsi/his/GlacialRidge/8 </loc>
		<lastmod> 2022-08-22 17:04:41.340126 </lastmod>
	</url><url>
		<loc> https://geoconnex.us/cuahsi/his/GlacialRidge/9 </loc>
		<lastmod> 2022-08-22 17:04:41.340141 </lastmod>
	</url></ns0:urlset>