<?xml version='1.0' encoding='utf-8'?>
<ns0:urlset xmlns:ns0="http://www.sitemaps.org/schemas/sitemap/0.9">
<url>
		<loc> https://geoconnex.us/cuahsi/his/LittleBearRiver/USU-LBR-Mendon </loc>
		<lastmod> 2022-08-22 17:04:40.046585 </lastmod>
	</url><url>
		<loc> https://geoconnex.us/cuahsi/his/LittleBearRiver/USU-LBR-Paradise </loc>
		<lastmod> 2022-08-22 17:04:40.046620 </lastmod>
	</url><url>
		<loc> https://geoconnex.us/cuahsi/his/LittleBearRiver/USU-LBR-ExpFarm </loc>
		<lastmod> 2022-08-22 17:04:40.046643 </lastmod>
	</url><url>
		<loc> https://geoconnex.us/cuahsi/his/LittleBearRiver/USU-LBR-SFLower </loc>
		<lastmod> 2022-08-22 17:04:40.046662 </lastmod>
	</url><url>
		<loc> https://geoconnex.us/cuahsi/his/LittleBearRiver/USU-LBR-EFLower </loc>
		<lastmod> 2022-08-22 17:04:40.046679 </lastmod>
	</url><url>
		<loc> https://geoconnex.us/cuahsi/his/LittleBearRiver/USU-LBR-EFWeather </loc>
		<lastmod> 2022-08-22 17:04:40.046695 </lastmod>
	</url><url>
		<loc> https://geoconnex.us/cuahsi/his/LittleBearRiver/USU-LBR-SFUpper </loc>
		<lastmod> 2022-08-22 17:04:40.046712 </lastmod>
	</url><url>
		<loc> https://geoconnex.us/cuahsi/his/LittleBearRiver/USU-LBR-ParadiseRepeater </loc>
		<lastmod> 2022-08-22 17:04:40.046728 </lastmod>
	</url><url>
		<loc> https://geoconnex.us/cuahsi/his/LittleBearRiver/USU-LBR-EFRepeater </loc>
		<lastmod> 2022-08-22 17:04:40.046744 </lastmod>
	</url><url>
		<loc> https://geoconnex.us/cuahsi/his/LittleBearRiver/USU-LBR-Wellsville </loc>
		<lastmod> 2022-08-22 17:04:40.046760 </lastmod>
	</url><url>
		<loc> https://geoconnex.us/cuahsi/his/LittleBearRiver/USU-LBR-Confluence </loc>
		<lastmod> 2022-08-22 17:04:40.046775 </lastmod>
	</url><url>
		<loc> https://geoconnex.us/cuahsi/his/LittleBearRiver/10105900 </loc>
		<lastmod> 2022-08-22 17:04:40.046791 </lastmod>
	</url><url>
		<loc> https://geoconnex.us/cuahsi/his/LittleBearRiver/USU-LBR-ParadiseWeather </loc>
		<lastmod> 2022-08-22 17:04:40.046806 </lastmod>
	</url><url>
		<loc> https://geoconnex.us/cuahsi/his/LittleBearRiver/USU-LBR-SFWeather </loc>
		<lastmod> 2022-08-22 17:04:40.046821 </lastmod>
	</url><url>
		<loc> https://geoconnex.us/cuahsi/his/LittleBearRiver/USU-LBR-WVBase </loc>
		<lastmod> 2022-08-22 17:04:40.046837 </lastmod>
	</url><url>
		<loc> https://geoconnex.us/cuahsi/his/LittleBearRiver/USU-LBR-MCBase </loc>
		<lastmod> 2022-08-22 17:04:40.046852 </lastmod>
	</url></ns0:urlset>