<?xml version='1.0' encoding='utf-8'?>
<ns0:urlset xmlns:ns0="http://www.sitemaps.org/schemas/sitemap/0.9">
<url>
		<loc> https://geoconnex.us/cuahsi/his/YosemiteHydroclimateNetwork/MC1 </loc>
		<lastmod> 2022-08-22 17:04:46.296494 </lastmod>
	</url><url>
		<loc> https://geoconnex.us/cuahsi/his/YosemiteHydroclimateNetwork/BC1 </loc>
		<lastmod> 2022-08-22 17:04:46.296530 </lastmod>
	</url><url>
		<loc> https://geoconnex.us/cuahsi/his/YosemiteHydroclimateNetwork/BC2 </loc>
		<lastmod> 2022-08-22 17:04:46.296552 </lastmod>
	</url><url>
		<loc> https://geoconnex.us/cuahsi/his/YosemiteHydroclimateNetwork/DC1 </loc>
		<lastmod> 2022-08-22 17:04:46.296570 </lastmod>
	</url><url>
		<loc> https://geoconnex.us/cuahsi/his/YosemiteHydroclimateNetwork/LF1 </loc>
		<lastmod> 2022-08-22 17:04:46.296587 </lastmod>
	</url><url>
		<loc> https://geoconnex.us/cuahsi/his/YosemiteHydroclimateNetwork/LF2 </loc>
		<lastmod> 2022-08-22 17:04:46.296604 </lastmod>
	</url><url>
		<loc> https://geoconnex.us/cuahsi/his/YosemiteHydroclimateNetwork/LF3 </loc>
		<lastmod> 2022-08-22 17:04:46.296620 </lastmod>
	</url><url>
		<loc> https://geoconnex.us/cuahsi/his/YosemiteHydroclimateNetwork/DF1 </loc>
		<lastmod> 2022-08-22 17:04:46.296636 </lastmod>
	</url><url>
		<loc> https://geoconnex.us/cuahsi/his/YosemiteHydroclimateNetwork/TR1 </loc>
		<lastmod> 2022-08-22 17:04:46.296652 </lastmod>
	</url><url>
		<loc> https://geoconnex.us/cuahsi/his/YosemiteHydroclimateNetwork/T01 </loc>
		<lastmod> 2022-08-22 17:04:46.296668 </lastmod>
	</url><url>
		<loc> https://geoconnex.us/cuahsi/his/YosemiteHydroclimateNetwork/T02 </loc>
		<lastmod> 2022-08-22 17:04:46.296683 </lastmod>
	</url><url>
		<loc> https://geoconnex.us/cuahsi/his/YosemiteHydroclimateNetwork/TH03 </loc>
		<lastmod> 2022-08-22 17:04:46.296699 </lastmod>
	</url><url>
		<loc> https://geoconnex.us/cuahsi/his/YosemiteHydroclimateNetwork/TH04 </loc>
		<lastmod> 2022-08-22 17:04:46.296714 </lastmod>
	</url><url>
		<loc> https://geoconnex.us/cuahsi/his/YosemiteHydroclimateNetwork/TH08 </loc>
		<lastmod> 2022-08-22 17:04:46.296730 </lastmod>
	</url><url>
		<loc> https://geoconnex.us/cuahsi/his/YosemiteHydroclimateNetwork/TH09 </loc>
		<lastmod> 2022-08-22 17:04:46.296745 </lastmod>
	</url><url>
		<loc> https://geoconnex.us/cuahsi/his/YosemiteHydroclimateNetwork/TH10 </loc>
		<lastmod> 2022-08-22 17:04:46.296760 </lastmod>
	</url><url>
		<loc> https://geoconnex.us/cuahsi/his/YosemiteHydroclimateNetwork/TH11 </loc>
		<lastmod> 2022-08-22 17:04:46.296775 </lastmod>
	</url><url>
		<loc> https://geoconnex.us/cuahsi/his/YosemiteHydroclimateNetwork/TH12 </loc>
		<lastmod> 2022-08-22 17:04:46.296791 </lastmod>
	</url><url>
		<loc> https://geoconnex.us/cuahsi/his/YosemiteHydroclimateNetwork/TH13 </loc>
		<lastmod> 2022-08-22 17:04:46.296806 </lastmod>
	</url><url>
		<loc> https://geoconnex.us/cuahsi/his/YosemiteHydroclimateNetwork/TH14 </loc>
		<lastmod> 2022-08-22 17:04:46.296821 </lastmod>
	</url><url>
		<loc> https://geoconnex.us/cuahsi/his/YosemiteHydroclimateNetwork/TH15 </loc>
		<lastmod> 2022-08-22 17:04:46.296836 </lastmod>
	</url><url>
		<loc> https://geoconnex.us/cuahsi/his/YosemiteHydroclimateNetwork/TH18 </loc>
		<lastmod> 2022-08-22 17:04:46.296851 </lastmod>
	</url><url>
		<loc> https://geoconnex.us/cuahsi/his/YosemiteHydroclimateNetwork/TH19 </loc>
		<lastmod> 2022-08-22 17:04:46.296866 </lastmod>
	</url><url>
		<loc> https://geoconnex.us/cuahsi/his/YosemiteHydroclimateNetwork/TH31 </loc>
		<lastmod> 2022-08-22 17:04:46.296881 </lastmod>
	</url><url>
		<loc> https://geoconnex.us/cuahsi/his/YosemiteHydroclimateNetwork/TH32 </loc>
		<lastmod> 2022-08-22 17:04:46.296896 </lastmod>
	</url><url>
		<loc> https://geoconnex.us/cuahsi/his/YosemiteHydroclimateNetwork/T34 </loc>
		<lastmod> 2022-08-22 17:04:46.296911 </lastmod>
	</url><url>
		<loc> https://geoconnex.us/cuahsi/his/YosemiteHydroclimateNetwork/T36 </loc>
		<lastmod> 2022-08-22 17:04:46.296926 </lastmod>
	</url><url>
		<loc> https://geoconnex.us/cuahsi/his/YosemiteHydroclimateNetwork/T_E2950 </loc>
		<lastmod> 2022-08-22 17:04:46.296941 </lastmod>
	</url><url>
		<loc> https://geoconnex.us/cuahsi/his/YosemiteHydroclimateNetwork/T_E2902 </loc>
		<lastmod> 2022-08-22 17:04:46.296957 </lastmod>
	</url><url>
		<loc> https://geoconnex.us/cuahsi/his/YosemiteHydroclimateNetwork/T_E2772 </loc>
		<lastmod> 2022-08-22 17:04:46.296972 </lastmod>
	</url><url>
		<loc> https://geoconnex.us/cuahsi/his/YosemiteHydroclimateNetwork/TH_E2759 </loc>
		<lastmod> 2022-08-22 17:04:46.296987 </lastmod>
	</url><url>
		<loc> https://geoconnex.us/cuahsi/his/YosemiteHydroclimateNetwork/T_E2610 </loc>
		<lastmod> 2022-08-22 17:04:46.297002 </lastmod>
	</url><url>
		<loc> https://geoconnex.us/cuahsi/his/YosemiteHydroclimateNetwork/TH_E2478 </loc>
		<lastmod> 2022-08-22 17:04:46.297017 </lastmod>
	</url><url>
		<loc> https://geoconnex.us/cuahsi/his/YosemiteHydroclimateNetwork/T_E2374 </loc>
		<lastmod> 2022-08-22 17:04:46.297032 </lastmod>
	</url><url>
		<loc> https://geoconnex.us/cuahsi/his/YosemiteHydroclimateNetwork/T_E2317 </loc>
		<lastmod> 2022-08-22 17:04:46.297047 </lastmod>
	</url><url>
		<loc> https://geoconnex.us/cuahsi/his/YosemiteHydroclimateNetwork/TH_E2255 </loc>
		<lastmod> 2022-08-22 17:04:46.297062 </lastmod>
	</url><url>
		<loc> https://geoconnex.us/cuahsi/his/YosemiteHydroclimateNetwork/T_E2244 </loc>
		<lastmod> 2022-08-22 17:04:46.297077 </lastmod>
	</url><url>
		<loc> https://geoconnex.us/cuahsi/his/YosemiteHydroclimateNetwork/T_E2119 </loc>
		<lastmod> 2022-08-22 17:04:46.297092 </lastmod>
	</url><url>
		<loc> https://geoconnex.us/cuahsi/his/YosemiteHydroclimateNetwork/TH_W2495 </loc>
		<lastmod> 2022-08-22 17:04:46.297107 </lastmod>
	</url><url>
		<loc> https://geoconnex.us/cuahsi/his/YosemiteHydroclimateNetwork/TH_W2487 </loc>
		<lastmod> 2022-08-22 17:04:46.297122 </lastmod>
	</url><url>
		<loc> https://geoconnex.us/cuahsi/his/YosemiteHydroclimateNetwork/TH_W2438 </loc>
		<lastmod> 2022-08-22 17:04:46.297138 </lastmod>
	</url><url>
		<loc> https://geoconnex.us/cuahsi/his/YosemiteHydroclimateNetwork/TH_W2395 </loc>
		<lastmod> 2022-08-22 17:04:46.297152 </lastmod>
	</url><url>
		<loc> https://geoconnex.us/cuahsi/his/YosemiteHydroclimateNetwork/TH_W2210 </loc>
		<lastmod> 2022-08-22 17:04:46.297167 </lastmod>
	</url><url>
		<loc> https://geoconnex.us/cuahsi/his/YosemiteHydroclimateNetwork/TH_W1880 </loc>
		<lastmod> 2022-08-22 17:04:46.297182 </lastmod>
	</url><url>
		<loc> https://geoconnex.us/cuahsi/his/YosemiteHydroclimateNetwork/TH_W1714 </loc>
		<lastmod> 2022-08-22 17:04:46.297197 </lastmod>
	</url><url>
		<loc> https://geoconnex.us/cuahsi/his/YosemiteHydroclimateNetwork/TH_W1397 </loc>
		<lastmod> 2022-08-22 17:04:46.297212 </lastmod>
	</url><url>
		<loc> https://geoconnex.us/cuahsi/his/YosemiteHydroclimateNetwork/TES </loc>
		<lastmod> 2022-08-22 17:04:46.297227 </lastmod>
	</url><url>
		<loc> https://geoconnex.us/cuahsi/his/YosemiteHydroclimateNetwork/DAN </loc>
		<lastmod> 2022-08-22 17:04:46.297242 </lastmod>
	</url><url>
		<loc> https://geoconnex.us/cuahsi/his/YosemiteHydroclimateNetwork/SLI </loc>
		<lastmod> 2022-08-22 17:04:46.297257 </lastmod>
	</url><url>
		<loc> https://geoconnex.us/cuahsi/his/YosemiteHydroclimateNetwork/TUM </loc>
		<lastmod> 2022-08-22 17:04:46.297272 </lastmod>
	</url><url>
		<loc> https://geoconnex.us/cuahsi/his/YosemiteHydroclimateNetwork/HRS </loc>
		<lastmod> 2022-08-22 17:04:46.297287 </lastmod>
	</url><url>
		<loc> https://geoconnex.us/cuahsi/his/YosemiteHydroclimateNetwork/PDS </loc>
		<lastmod> 2022-08-22 17:04:46.297302 </lastmod>
	</url><url>
		<loc> https://geoconnex.us/cuahsi/his/YosemiteHydroclimateNetwork/KIB </loc>
		<lastmod> 2022-08-22 17:04:46.297317 </lastmod>
	</url><url>
		<loc> https://geoconnex.us/cuahsi/his/YosemiteHydroclimateNetwork/STR </loc>
		<lastmod> 2022-08-22 17:04:46.297332 </lastmod>
	</url><url>
		<loc> https://geoconnex.us/cuahsi/his/YosemiteHydroclimateNetwork/TNY </loc>
		<lastmod> 2022-08-22 17:04:46.297347 </lastmod>
	</url><url>
		<loc> https://geoconnex.us/cuahsi/his/YosemiteHydroclimateNetwork/GIN </loc>
		<lastmod> 2022-08-22 17:04:46.297362 </lastmod>
	</url><url>
		<loc> https://geoconnex.us/cuahsi/his/YosemiteHydroclimateNetwork/VRG </loc>
		<lastmod> 2022-08-22 17:04:46.297376 </lastmod>
	</url><url>
		<loc> https://geoconnex.us/cuahsi/his/YosemiteHydroclimateNetwork/40943 </loc>
		<lastmod> 2022-08-22 17:04:46.297391 </lastmod>
	</url><url>
		<loc> https://geoconnex.us/cuahsi/his/YosemiteHydroclimateNetwork/41072 </loc>
		<lastmod> 2022-08-22 17:04:46.297406 </lastmod>
	</url><url>
		<loc> https://geoconnex.us/cuahsi/his/YosemiteHydroclimateNetwork/41697 </loc>
		<lastmod> 2022-08-22 17:04:46.297421 </lastmod>
	</url><url>
		<loc> https://geoconnex.us/cuahsi/his/YosemiteHydroclimateNetwork/43939 </loc>
		<lastmod> 2022-08-22 17:04:46.297437 </lastmod>
	</url><url>
		<loc> https://geoconnex.us/cuahsi/his/YosemiteHydroclimateNetwork/44881 </loc>
		<lastmod> 2022-08-22 17:04:46.297452 </lastmod>
	</url><url>
		<loc> https://geoconnex.us/cuahsi/his/YosemiteHydroclimateNetwork/45280 </loc>
		<lastmod> 2022-08-22 17:04:46.297466 </lastmod>
	</url><url>
		<loc> https://geoconnex.us/cuahsi/his/YosemiteHydroclimateNetwork/45400 </loc>
		<lastmod> 2022-08-22 17:04:46.297481 </lastmod>
	</url><url>
		<loc> https://geoconnex.us/cuahsi/his/YosemiteHydroclimateNetwork/48380 </loc>
		<lastmod> 2022-08-22 17:04:46.297496 </lastmod>
	</url><url>
		<loc> https://geoconnex.us/cuahsi/his/YosemiteHydroclimateNetwork/49855 </loc>
		<lastmod> 2022-08-22 17:04:46.297511 </lastmod>
	</url><url>
		<loc> https://geoconnex.us/cuahsi/his/YosemiteHydroclimateNetwork/R58 </loc>
		<lastmod> 2022-08-22 17:04:46.297526 </lastmod>
	</url><url>
		<loc> https://geoconnex.us/cuahsi/his/YosemiteHydroclimateNetwork/R59 </loc>
		<lastmod> 2022-08-22 17:04:46.297541 </lastmod>
	</url><url>
		<loc> https://geoconnex.us/cuahsi/his/YosemiteHydroclimateNetwork/R60 </loc>
		<lastmod> 2022-08-22 17:04:46.297556 </lastmod>
	</url><url>
		<loc> https://geoconnex.us/cuahsi/his/YosemiteHydroclimateNetwork/R61 </loc>
		<lastmod> 2022-08-22 17:04:46.297571 </lastmod>
	</url><url>
		<loc> https://geoconnex.us/cuahsi/his/YosemiteHydroclimateNetwork/R62 </loc>
		<lastmod> 2022-08-22 17:04:46.297586 </lastmod>
	</url><url>
		<loc> https://geoconnex.us/cuahsi/his/YosemiteHydroclimateNetwork/B01 </loc>
		<lastmod> 2022-08-22 17:04:46.297601 </lastmod>
	</url><url>
		<loc> https://geoconnex.us/cuahsi/his/YosemiteHydroclimateNetwork/B02 </loc>
		<lastmod> 2022-08-22 17:04:46.297616 </lastmod>
	</url><url>
		<loc> https://geoconnex.us/cuahsi/his/YosemiteHydroclimateNetwork/B03 </loc>
		<lastmod> 2022-08-22 17:04:46.297632 </lastmod>
	</url><url>
		<loc> https://geoconnex.us/cuahsi/his/YosemiteHydroclimateNetwork/B04 </loc>
		<lastmod> 2022-08-22 17:04:46.297647 </lastmod>
	</url><url>
		<loc> https://geoconnex.us/cuahsi/his/YosemiteHydroclimateNetwork/B06 </loc>
		<lastmod> 2022-08-22 17:04:46.297662 </lastmod>
	</url><url>
		<loc> https://geoconnex.us/cuahsi/his/YosemiteHydroclimateNetwork/Bre </loc>
		<lastmod> 2022-08-22 17:04:46.297677 </lastmod>
	</url><url>
		<loc> https://geoconnex.us/cuahsi/his/YosemiteHydroclimateNetwork/TH_E2902 </loc>
		<lastmod> 2022-08-22 17:04:46.297692 </lastmod>
	</url><url>
		<loc> https://geoconnex.us/cuahsi/his/YosemiteHydroclimateNetwork/DF2 </loc>
		<lastmod> 2022-08-22 17:04:46.297707 </lastmod>
	</url><url>
		<loc> https://geoconnex.us/cuahsi/his/YosemiteHydroclimateNetwork/HH1 </loc>
		<lastmod> 2022-08-22 17:04:46.297722 </lastmod>
	</url><url>
		<loc> https://geoconnex.us/cuahsi/his/YosemiteHydroclimateNetwork/AF01 </loc>
		<lastmod> 2022-08-22 17:04:46.297737 </lastmod>
	</url></ns0:urlset>