<?xml version='1.0' encoding='utf-8'?>
<ns0:urlset xmlns:ns0="http://www.sitemaps.org/schemas/sitemap/0.9">
<url>
		<loc> https://geoconnex.us/cuahsi/his/FRC_WQM/SL </loc>
		<lastmod> 2022-08-22 17:04:41.552611 </lastmod>
	</url><url>
		<loc> https://geoconnex.us/cuahsi/his/FRC_WQM/PPO </loc>
		<lastmod> 2022-08-22 17:04:41.552645 </lastmod>
	</url><url>
		<loc> https://geoconnex.us/cuahsi/his/FRC_WQM/PB </loc>
		<lastmod> 2022-08-22 17:04:41.552666 </lastmod>
	</url><url>
		<loc> https://geoconnex.us/cuahsi/his/FRC_WQM/BR </loc>
		<lastmod> 2022-08-22 17:04:41.552684 </lastmod>
	</url><url>
		<loc> https://geoconnex.us/cuahsi/his/FRC_WQM/LPO </loc>
		<lastmod> 2022-08-22 17:04:41.552700 </lastmod>
	</url><url>
		<loc> https://geoconnex.us/cuahsi/his/FRC_WQM/CPLSD </loc>
		<lastmod> 2022-08-22 17:04:41.552716 </lastmod>
	</url><url>
		<loc> https://geoconnex.us/cuahsi/his/FRC_WQM/MBBR </loc>
		<lastmod> 2022-08-22 17:04:41.552732 </lastmod>
	</url><url>
		<loc> https://geoconnex.us/cuahsi/his/FRC_WQM/MBWN </loc>
		<lastmod> 2022-08-22 17:04:41.552748 </lastmod>
	</url><url>
		<loc> https://geoconnex.us/cuahsi/his/FRC_WQM/ND </loc>
		<lastmod> 2022-08-22 17:04:41.552764 </lastmod>
	</url><url>
		<loc> https://geoconnex.us/cuahsi/his/FRC_WQM/OMB </loc>
		<lastmod> 2022-08-22 17:04:41.552779 </lastmod>
	</url><url>
		<loc> https://geoconnex.us/cuahsi/his/FRC_WQM/LB </loc>
		<lastmod> 2022-08-22 17:04:41.552795 </lastmod>
	</url><url>
		<loc> https://geoconnex.us/cuahsi/his/FRC_WQM/CBR </loc>
		<lastmod> 2022-08-22 17:04:41.552810 </lastmod>
	</url><url>
		<loc> https://geoconnex.us/cuahsi/his/FRC_WQM/LR </loc>
		<lastmod> 2022-08-22 17:04:41.552826 </lastmod>
	</url><url>
		<loc> https://geoconnex.us/cuahsi/his/FRC_WQM/DR </loc>
		<lastmod> 2022-08-22 17:04:41.552840 </lastmod>
	</url><url>
		<loc> https://geoconnex.us/cuahsi/his/FRC_WQM/HS </loc>
		<lastmod> 2022-08-22 17:04:41.552855 </lastmod>
	</url><url>
		<loc> https://geoconnex.us/cuahsi/his/FRC_WQM/R56 </loc>
		<lastmod> 2022-08-22 17:04:41.552870 </lastmod>
	</url><url>
		<loc> https://geoconnex.us/cuahsi/his/FRC_WQM/SB </loc>
		<lastmod> 2022-08-22 17:04:41.552885 </lastmod>
	</url><url>
		<loc> https://geoconnex.us/cuahsi/his/FRC_WQM/MB </loc>
		<lastmod> 2022-08-22 17:04:41.552900 </lastmod>
	</url><url>
		<loc> https://geoconnex.us/cuahsi/his/FRC_WQM/BB </loc>
		<lastmod> 2022-08-22 17:04:41.552915 </lastmod>
	</url><url>
		<loc> https://geoconnex.us/cuahsi/his/FRC_WQM/BBR16 </loc>
		<lastmod> 2022-08-22 17:04:41.552930 </lastmod>
	</url><url>
		<loc> https://geoconnex.us/cuahsi/his/FRC_WQM/RP </loc>
		<lastmod> 2022-08-22 17:04:41.552945 </lastmod>
	</url><url>
		<loc> https://geoconnex.us/cuahsi/his/FRC_WQM/MBRR </loc>
		<lastmod> 2022-08-22 17:04:41.552960 </lastmod>
	</url></ns0:urlset>