<?xml version='1.0' encoding='utf-8'?>
<ns0:urlset xmlns:ns0="http://www.sitemaps.org/schemas/sitemap/0.9">
<url>
		<loc> https://geoconnex.us/cuahsi/his/MMA_Atacama/S1_M1 </loc>
		<lastmod> 2022-08-22 17:04:41.771991 </lastmod>
	</url><url>
		<loc> https://geoconnex.us/cuahsi/his/MMA_Atacama/S3_PA1_ATM1 </loc>
		<lastmod> 2022-08-22 17:04:41.772027 </lastmod>
	</url><url>
		<loc> https://geoconnex.us/cuahsi/his/MMA_Atacama/S3_PA1_TD1 </loc>
		<lastmod> 2022-08-22 17:04:41.772072 </lastmod>
	</url><url>
		<loc> https://geoconnex.us/cuahsi/his/MMA_Atacama/S1_ST2_SA1 </loc>
		<lastmod> 2022-08-22 17:04:41.772092 </lastmod>
	</url><url>
		<loc> https://geoconnex.us/cuahsi/his/MMA_Atacama/S3_PA1_SA1 </loc>
		<lastmod> 2022-08-22 17:04:41.772109 </lastmod>
	</url><url>
		<loc> https://geoconnex.us/cuahsi/his/MMA_Atacama/S2_RL1_TD1 </loc>
		<lastmod> 2022-08-22 17:04:41.772126 </lastmod>
	</url><url>
		<loc> https://geoconnex.us/cuahsi/his/MMA_Atacama/S2_RL1_ATM1 </loc>
		<lastmod> 2022-08-22 17:04:41.772142 </lastmod>
	</url><url>
		<loc> https://geoconnex.us/cuahsi/his/MMA_Atacama/03041003-3 </loc>
		<lastmod> 2022-08-22 17:04:41.772159 </lastmod>
	</url></ns0:urlset>