<?xml version='1.0' encoding='utf-8'?>
<ns0:urlset xmlns:ns0="http://www.sitemaps.org/schemas/sitemap/0.9">
<url>
		<loc> https://geoconnex.us/cuahsi/his/MAAERI/site1 </loc>
		<lastmod> 2022-08-22 17:04:46.454284 </lastmod>
	</url><url>
		<loc> https://geoconnex.us/cuahsi/his/MAAERI/site2 </loc>
		<lastmod> 2022-08-22 17:04:46.454319 </lastmod>
	</url><url>
		<loc> https://geoconnex.us/cuahsi/his/MAAERI/site3 </loc>
		<lastmod> 2022-08-22 17:04:46.454341 </lastmod>
	</url><url>
		<loc> https://geoconnex.us/cuahsi/his/MAAERI/site4 </loc>
		<lastmod> 2022-08-22 17:04:46.454359 </lastmod>
	</url><url>
		<loc> https://geoconnex.us/cuahsi/his/MAAERI/site5 </loc>
		<lastmod> 2022-08-22 17:04:46.454376 </lastmod>
	</url><url>
		<loc> https://geoconnex.us/cuahsi/his/MAAERI/site6 </loc>
		<lastmod> 2022-08-22 17:04:46.454393 </lastmod>
	</url><url>
		<loc> https://geoconnex.us/cuahsi/his/MAAERI/site7 </loc>
		<lastmod> 2022-08-22 17:04:46.454408 </lastmod>
	</url><url>
		<loc> https://geoconnex.us/cuahsi/his/MAAERI/site8 </loc>
		<lastmod> 2022-08-22 17:04:46.454424 </lastmod>
	</url><url>
		<loc> https://geoconnex.us/cuahsi/his/MAAERI/site9 </loc>
		<lastmod> 2022-08-22 17:04:46.454439 </lastmod>
	</url><url>
		<loc> https://geoconnex.us/cuahsi/his/MAAERI/site10 </loc>
		<lastmod> 2022-08-22 17:04:46.454454 </lastmod>
	</url><url>
		<loc> https://geoconnex.us/cuahsi/his/MAAERI/site11 </loc>
		<lastmod> 2022-08-22 17:04:46.454470 </lastmod>
	</url><url>
		<loc> https://geoconnex.us/cuahsi/his/MAAERI/site12 </loc>
		<lastmod> 2022-08-22 17:04:46.454485 </lastmod>
	</url><url>
		<loc> https://geoconnex.us/cuahsi/his/MAAERI/site16 </loc>
		<lastmod> 2022-08-22 17:04:46.454500 </lastmod>
	</url><url>
		<loc> https://geoconnex.us/cuahsi/his/MAAERI/site17 </loc>
		<lastmod> 2022-08-22 17:04:46.454515 </lastmod>
	</url><url>
		<loc> https://geoconnex.us/cuahsi/his/MAAERI/site18 </loc>
		<lastmod> 2022-08-22 17:04:46.454529 </lastmod>
	</url><url>
		<loc> https://geoconnex.us/cuahsi/his/MAAERI/site13 </loc>
		<lastmod> 2022-08-22 17:04:46.454544 </lastmod>
	</url><url>
		<loc> https://geoconnex.us/cuahsi/his/MAAERI/site14 </loc>
		<lastmod> 2022-08-22 17:04:46.454559 </lastmod>
	</url><url>
		<loc> https://geoconnex.us/cuahsi/his/MAAERI/site15 </loc>
		<lastmod> 2022-08-22 17:04:46.454574 </lastmod>
	</url><url>
		<loc> https://geoconnex.us/cuahsi/his/MAAERI/site25 </loc>
		<lastmod> 2022-08-22 17:04:46.454589 </lastmod>
	</url><url>
		<loc> https://geoconnex.us/cuahsi/his/MAAERI/site26 </loc>
		<lastmod> 2022-08-22 17:04:46.454604 </lastmod>
	</url><url>
		<loc> https://geoconnex.us/cuahsi/his/MAAERI/site27 </loc>
		<lastmod> 2022-08-22 17:04:46.454618 </lastmod>
	</url><url>
		<loc> https://geoconnex.us/cuahsi/his/MAAERI/site28 </loc>
		<lastmod> 2022-08-22 17:04:46.454633 </lastmod>
	</url><url>
		<loc> https://geoconnex.us/cuahsi/his/MAAERI/site30 </loc>
		<lastmod> 2022-08-22 17:04:46.454648 </lastmod>
	</url><url>
		<loc> https://geoconnex.us/cuahsi/his/MAAERI/site31 </loc>
		<lastmod> 2022-08-22 17:04:46.454662 </lastmod>
	</url><url>
		<loc> https://geoconnex.us/cuahsi/his/MAAERI/site32 </loc>
		<lastmod> 2022-08-22 17:04:46.454677 </lastmod>
	</url><url>
		<loc> https://geoconnex.us/cuahsi/his/MAAERI/site33 </loc>
		<lastmod> 2022-08-22 17:04:46.454692 </lastmod>
	</url><url>
		<loc> https://geoconnex.us/cuahsi/his/MAAERI/site34 </loc>
		<lastmod> 2022-08-22 17:04:46.454712 </lastmod>
	</url><url>
		<loc> https://geoconnex.us/cuahsi/his/MAAERI/site19 </loc>
		<lastmod> 2022-08-22 17:04:46.454727 </lastmod>
	</url><url>
		<loc> https://geoconnex.us/cuahsi/his/MAAERI/site20 </loc>
		<lastmod> 2022-08-22 17:04:46.454741 </lastmod>
	</url><url>
		<loc> https://geoconnex.us/cuahsi/his/MAAERI/site21 </loc>
		<lastmod> 2022-08-22 17:04:46.454756 </lastmod>
	</url><url>
		<loc> https://geoconnex.us/cuahsi/his/MAAERI/site22 </loc>
		<lastmod> 2022-08-22 17:04:46.454771 </lastmod>
	</url><url>
		<loc> https://geoconnex.us/cuahsi/his/MAAERI/site23 </loc>
		<lastmod> 2022-08-22 17:04:46.454786 </lastmod>
	</url><url>
		<loc> https://geoconnex.us/cuahsi/his/MAAERI/site24 </loc>
		<lastmod> 2022-08-22 17:04:46.454801 </lastmod>
	</url></ns0:urlset>