<?xml version='1.0' encoding='utf-8'?>
<ns0:urlset xmlns:ns0="http://www.sitemaps.org/schemas/sitemap/0.9">
<url>
		<loc> https://geoconnex.us/cuahsi/his/TuolumneMdw/H01 </loc>
		<lastmod> 2022-08-22 17:04:37.083040 </lastmod>
	</url><url>
		<loc> https://geoconnex.us/cuahsi/his/TuolumneMdw/H01_2 </loc>
		<lastmod> 2022-08-22 17:04:37.083076 </lastmod>
	</url><url>
		<loc> https://geoconnex.us/cuahsi/his/TuolumneMdw/H02 </loc>
		<lastmod> 2022-08-22 17:04:37.083098 </lastmod>
	</url><url>
		<loc> https://geoconnex.us/cuahsi/his/TuolumneMdw/H02_2 </loc>
		<lastmod> 2022-08-22 17:04:37.083116 </lastmod>
	</url><url>
		<loc> https://geoconnex.us/cuahsi/his/TuolumneMdw/H03 </loc>
		<lastmod> 2022-08-22 17:04:37.083134 </lastmod>
	</url><url>
		<loc> https://geoconnex.us/cuahsi/his/TuolumneMdw/H03_2 </loc>
		<lastmod> 2022-08-22 17:04:37.083150 </lastmod>
	</url><url>
		<loc> https://geoconnex.us/cuahsi/his/TuolumneMdw/H05 </loc>
		<lastmod> 2022-08-22 17:04:37.083166 </lastmod>
	</url><url>
		<loc> https://geoconnex.us/cuahsi/his/TuolumneMdw/H07 </loc>
		<lastmod> 2022-08-22 17:04:37.083181 </lastmod>
	</url><url>
		<loc> https://geoconnex.us/cuahsi/his/TuolumneMdw/H401 </loc>
		<lastmod> 2022-08-22 17:04:37.083197 </lastmod>
	</url></ns0:urlset>