<?xml version='1.0' encoding='utf-8'?>
<ns0:urlset xmlns:ns0="http://www.sitemaps.org/schemas/sitemap/0.9">
<url>
		<loc> https://geoconnex.us/cuahsi/his/Isábena/Barasona </loc>
		<lastmod> 2022-08-22 17:04:41.543721 </lastmod>
	</url><url>
		<loc> https://geoconnex.us/cuahsi/his/Isábena/Cab1 </loc>
		<lastmod> 2022-08-22 17:04:41.543759 </lastmod>
	</url><url>
		<loc> https://geoconnex.us/cuahsi/his/Isábena/Cab2 </loc>
		<lastmod> 2022-08-22 17:04:41.543782 </lastmod>
	</url><url>
		<loc> https://geoconnex.us/cuahsi/his/Isábena/Calvera </loc>
		<lastmod> 2022-08-22 17:04:41.543800 </lastmod>
	</url><url>
		<loc> https://geoconnex.us/cuahsi/his/Isábena/Campo </loc>
		<lastmod> 2022-08-22 17:04:41.543818 </lastmod>
	</url><url>
		<loc> https://geoconnex.us/cuahsi/his/Isábena/Capella </loc>
		<lastmod> 2022-08-22 17:04:41.543836 </lastmod>
	</url><url>
		<loc> https://geoconnex.us/cuahsi/his/Isábena/Car </loc>
		<lastmod> 2022-08-22 17:04:41.543853 </lastmod>
	</url><url>
		<loc> https://geoconnex.us/cuahsi/his/Isábena/Carrasquero </loc>
		<lastmod> 2022-08-22 17:04:41.543869 </lastmod>
	</url><url>
		<loc> https://geoconnex.us/cuahsi/his/Isábena/Casa_Llera </loc>
		<lastmod> 2022-08-22 17:04:41.543885 </lastmod>
	</url><url>
		<loc> https://geoconnex.us/cuahsi/his/Isábena/Castigaleu </loc>
		<lastmod> 2022-08-22 17:04:41.543901 </lastmod>
	</url><url>
		<loc> https://geoconnex.us/cuahsi/his/Isábena/Ceg1 </loc>
		<lastmod> 2022-08-22 17:04:41.543918 </lastmod>
	</url><url>
		<loc> https://geoconnex.us/cuahsi/his/Isábena/Ceg2 </loc>
		<lastmod> 2022-08-22 17:04:41.543934 </lastmod>
	</url><url>
		<loc> https://geoconnex.us/cuahsi/his/Isábena/Ceguera </loc>
		<lastmod> 2022-08-22 17:04:41.543949 </lastmod>
	</url><url>
		<loc> https://geoconnex.us/cuahsi/his/Isábena/Cerler </loc>
		<lastmod> 2022-08-22 17:04:41.543965 </lastmod>
	</url><url>
		<loc> https://geoconnex.us/cuahsi/his/Isábena/Chordal </loc>
		<lastmod> 2022-08-22 17:04:41.543981 </lastmod>
	</url><url>
		<loc> https://geoconnex.us/cuahsi/his/Isábena/El_Grado </loc>
		<lastmod> 2022-08-22 17:04:41.543997 </lastmod>
	</url><url>
		<loc> https://geoconnex.us/cuahsi/his/Isábena/Eriste </loc>
		<lastmod> 2022-08-22 17:04:41.544013 </lastmod>
	</url><url>
		<loc> https://geoconnex.us/cuahsi/his/Isábena/Las_Paules </loc>
		<lastmod> 2022-08-22 17:04:41.544076 </lastmod>
	</url><url>
		<loc> https://geoconnex.us/cuahsi/his/Isábena/Las1 </loc>
		<lastmod> 2022-08-22 17:04:41.544095 </lastmod>
	</url><url>
		<loc> https://geoconnex.us/cuahsi/his/Isábena/Las2 </loc>
		<lastmod> 2022-08-22 17:04:41.544110 </lastmod>
	</url><url>
		<loc> https://geoconnex.us/cuahsi/his/Isábena/Lascuarre_tube </loc>
		<lastmod> 2022-08-22 17:04:41.544124 </lastmod>
	</url><url>
		<loc> https://geoconnex.us/cuahsi/his/Isábena/Roda </loc>
		<lastmod> 2022-08-22 17:04:41.544140 </lastmod>
	</url><url>
		<loc> https://geoconnex.us/cuahsi/his/Isábena/Samper </loc>
		<lastmod> 2022-08-22 17:04:41.544155 </lastmod>
	</url><url>
		<loc> https://geoconnex.us/cuahsi/his/Isábena/Via1 </loc>
		<lastmod> 2022-08-22 17:04:41.544169 </lastmod>
	</url><url>
		<loc> https://geoconnex.us/cuahsi/his/Isábena/Via2 </loc>
		<lastmod> 2022-08-22 17:04:41.544184 </lastmod>
	</url><url>
		<loc> https://geoconnex.us/cuahsi/his/Isábena/Villacarli_Bridge </loc>
		<lastmod> 2022-08-22 17:04:41.544199 </lastmod>
	</url><url>
		<loc> https://geoconnex.us/cuahsi/his/Isábena/Villacarli_Bridge_1 </loc>
		<lastmod> 2022-08-22 17:04:41.544214 </lastmod>
	</url><url>
		<loc> https://geoconnex.us/cuahsi/his/Isábena/Villacarli_Bridge_2 </loc>
		<lastmod> 2022-08-22 17:04:41.544230 </lastmod>
	</url><url>
		<loc> https://geoconnex.us/cuahsi/his/Isábena/Villacarli </loc>
		<lastmod> 2022-08-22 17:04:41.544245 </lastmod>
	</url><url>
		<loc> https://geoconnex.us/cuahsi/his/Isábena/A01 </loc>
		<lastmod> 2022-08-22 17:04:41.544260 </lastmod>
	</url><url>
		<loc> https://geoconnex.us/cuahsi/his/Isábena/A02 </loc>
		<lastmod> 2022-08-22 17:04:41.544448 </lastmod>
	</url><url>
		<loc> https://geoconnex.us/cuahsi/his/Isábena/A03 </loc>
		<lastmod> 2022-08-22 17:04:41.544472 </lastmod>
	</url><url>
		<loc> https://geoconnex.us/cuahsi/his/Isábena/A04 </loc>
		<lastmod> 2022-08-22 17:04:41.544488 </lastmod>
	</url><url>
		<loc> https://geoconnex.us/cuahsi/his/Isábena/A05 </loc>
		<lastmod> 2022-08-22 17:04:41.544504 </lastmod>
	</url><url>
		<loc> https://geoconnex.us/cuahsi/his/Isábena/A06 </loc>
		<lastmod> 2022-08-22 17:04:41.544519 </lastmod>
	</url><url>
		<loc> https://geoconnex.us/cuahsi/his/Isábena/A07 </loc>
		<lastmod> 2022-08-22 17:04:41.544534 </lastmod>
	</url><url>
		<loc> https://geoconnex.us/cuahsi/his/Isábena/A08 </loc>
		<lastmod> 2022-08-22 17:04:41.544549 </lastmod>
	</url><url>
		<loc> https://geoconnex.us/cuahsi/his/Isábena/A10 </loc>
		<lastmod> 2022-08-22 17:04:41.544564 </lastmod>
	</url><url>
		<loc> https://geoconnex.us/cuahsi/his/Isábena/A11 </loc>
		<lastmod> 2022-08-22 17:04:41.544579 </lastmod>
	</url><url>
		<loc> https://geoconnex.us/cuahsi/his/Isábena/A12 </loc>
		<lastmod> 2022-08-22 17:04:41.544594 </lastmod>
	</url><url>
		<loc> https://geoconnex.us/cuahsi/his/Isábena/A14 </loc>
		<lastmod> 2022-08-22 17:04:41.544609 </lastmod>
	</url><url>
		<loc> https://geoconnex.us/cuahsi/his/Isábena/A15 </loc>
		<lastmod> 2022-08-22 17:04:41.544624 </lastmod>
	</url><url>
		<loc> https://geoconnex.us/cuahsi/his/Isábena/A16 </loc>
		<lastmod> 2022-08-22 17:04:41.544639 </lastmod>
	</url><url>
		<loc> https://geoconnex.us/cuahsi/his/Isábena/A17 </loc>
		<lastmod> 2022-08-22 17:04:41.544654 </lastmod>
	</url><url>
		<loc> https://geoconnex.us/cuahsi/his/Isábena/A18 </loc>
		<lastmod> 2022-08-22 17:04:41.544669 </lastmod>
	</url><url>
		<loc> https://geoconnex.us/cuahsi/his/Isábena/A19 </loc>
		<lastmod> 2022-08-22 17:04:41.544683 </lastmod>
	</url><url>
		<loc> https://geoconnex.us/cuahsi/his/Isábena/A20 </loc>
		<lastmod> 2022-08-22 17:04:41.544698 </lastmod>
	</url><url>
		<loc> https://geoconnex.us/cuahsi/his/Isábena/A21 </loc>
		<lastmod> 2022-08-22 17:04:41.544713 </lastmod>
	</url><url>
		<loc> https://geoconnex.us/cuahsi/his/Isábena/A22 </loc>
		<lastmod> 2022-08-22 17:04:41.544728 </lastmod>
	</url><url>
		<loc> https://geoconnex.us/cuahsi/his/Isábena/A23 </loc>
		<lastmod> 2022-08-22 17:04:41.544743 </lastmod>
	</url><url>
		<loc> https://geoconnex.us/cuahsi/his/Isábena/A24 </loc>
		<lastmod> 2022-08-22 17:04:41.544758 </lastmod>
	</url><url>
		<loc> https://geoconnex.us/cuahsi/his/Isábena/A25 </loc>
		<lastmod> 2022-08-22 17:04:41.544773 </lastmod>
	</url><url>
		<loc> https://geoconnex.us/cuahsi/his/Isábena/A26 </loc>
		<lastmod> 2022-08-22 17:04:41.544788 </lastmod>
	</url><url>
		<loc> https://geoconnex.us/cuahsi/his/Isábena/A27 </loc>
		<lastmod> 2022-08-22 17:04:41.544803 </lastmod>
	</url><url>
		<loc> https://geoconnex.us/cuahsi/his/Isábena/A28 </loc>
		<lastmod> 2022-08-22 17:04:41.544817 </lastmod>
	</url><url>
		<loc> https://geoconnex.us/cuahsi/his/Isábena/A30 </loc>
		<lastmod> 2022-08-22 17:04:41.544832 </lastmod>
	</url><url>
		<loc> https://geoconnex.us/cuahsi/his/Isábena/A31 </loc>
		<lastmod> 2022-08-22 17:04:41.544847 </lastmod>
	</url><url>
		<loc> https://geoconnex.us/cuahsi/his/Isábena/A32 </loc>
		<lastmod> 2022-08-22 17:04:41.544862 </lastmod>
	</url><url>
		<loc> https://geoconnex.us/cuahsi/his/Isábena/A33 </loc>
		<lastmod> 2022-08-22 17:04:41.544877 </lastmod>
	</url><url>
		<loc> https://geoconnex.us/cuahsi/his/Isábena/A35 </loc>
		<lastmod> 2022-08-22 17:04:41.544892 </lastmod>
	</url><url>
		<loc> https://geoconnex.us/cuahsi/his/Isábena/A37 </loc>
		<lastmod> 2022-08-22 17:04:41.544907 </lastmod>
	</url><url>
		<loc> https://geoconnex.us/cuahsi/his/Isábena/A38 </loc>
		<lastmod> 2022-08-22 17:04:41.544922 </lastmod>
	</url><url>
		<loc> https://geoconnex.us/cuahsi/his/Isábena/A39 </loc>
		<lastmod> 2022-08-22 17:04:41.544937 </lastmod>
	</url><url>
		<loc> https://geoconnex.us/cuahsi/his/Isábena/A40 </loc>
		<lastmod> 2022-08-22 17:04:41.544952 </lastmod>
	</url><url>
		<loc> https://geoconnex.us/cuahsi/his/Isábena/A41 </loc>
		<lastmod> 2022-08-22 17:04:41.544967 </lastmod>
	</url><url>
		<loc> https://geoconnex.us/cuahsi/his/Isábena/A42 </loc>
		<lastmod> 2022-08-22 17:04:41.544982 </lastmod>
	</url><url>
		<loc> https://geoconnex.us/cuahsi/his/Isábena/A43 </loc>
		<lastmod> 2022-08-22 17:04:41.544997 </lastmod>
	</url><url>
		<loc> https://geoconnex.us/cuahsi/his/Isábena/A44 </loc>
		<lastmod> 2022-08-22 17:04:41.545012 </lastmod>
	</url><url>
		<loc> https://geoconnex.us/cuahsi/his/Isábena/A45 </loc>
		<lastmod> 2022-08-22 17:04:41.545043 </lastmod>
	</url><url>
		<loc> https://geoconnex.us/cuahsi/his/Isábena/A46 </loc>
		<lastmod> 2022-08-22 17:04:41.545059 </lastmod>
	</url><url>
		<loc> https://geoconnex.us/cuahsi/his/Isábena/A47 </loc>
		<lastmod> 2022-08-22 17:04:41.545075 </lastmod>
	</url><url>
		<loc> https://geoconnex.us/cuahsi/his/Isábena/A48 </loc>
		<lastmod> 2022-08-22 17:04:41.545091 </lastmod>
	</url><url>
		<loc> https://geoconnex.us/cuahsi/his/Isábena/A49 </loc>
		<lastmod> 2022-08-22 17:04:41.545107 </lastmod>
	</url><url>
		<loc> https://geoconnex.us/cuahsi/his/Isábena/A50 </loc>
		<lastmod> 2022-08-22 17:04:41.545124 </lastmod>
	</url><url>
		<loc> https://geoconnex.us/cuahsi/his/Isábena/A51 </loc>
		<lastmod> 2022-08-22 17:04:41.545140 </lastmod>
	</url><url>
		<loc> https://geoconnex.us/cuahsi/his/Isábena/A52 </loc>
		<lastmod> 2022-08-22 17:04:41.545156 </lastmod>
	</url><url>
		<loc> https://geoconnex.us/cuahsi/his/Isábena/A53 </loc>
		<lastmod> 2022-08-22 17:04:41.545172 </lastmod>
	</url><url>
		<loc> https://geoconnex.us/cuahsi/his/Isábena/A54 </loc>
		<lastmod> 2022-08-22 17:04:41.545188 </lastmod>
	</url><url>
		<loc> https://geoconnex.us/cuahsi/his/Isábena/A55 </loc>
		<lastmod> 2022-08-22 17:04:41.545204 </lastmod>
	</url><url>
		<loc> https://geoconnex.us/cuahsi/his/Isábena/A56 </loc>
		<lastmod> 2022-08-22 17:04:41.545220 </lastmod>
	</url><url>
		<loc> https://geoconnex.us/cuahsi/his/Isábena/A57 </loc>
		<lastmod> 2022-08-22 17:04:41.545236 </lastmod>
	</url><url>
		<loc> https://geoconnex.us/cuahsi/his/Isábena/A58 </loc>
		<lastmod> 2022-08-22 17:04:41.545253 </lastmod>
	</url><url>
		<loc> https://geoconnex.us/cuahsi/his/Isábena/A59 </loc>
		<lastmod> 2022-08-22 17:04:41.545269 </lastmod>
	</url><url>
		<loc> https://geoconnex.us/cuahsi/his/Isábena/A60 </loc>
		<lastmod> 2022-08-22 17:04:41.545285 </lastmod>
	</url><url>
		<loc> https://geoconnex.us/cuahsi/his/Isábena/A61 </loc>
		<lastmod> 2022-08-22 17:04:41.545301 </lastmod>
	</url><url>
		<loc> https://geoconnex.us/cuahsi/his/Isábena/A62 </loc>
		<lastmod> 2022-08-22 17:04:41.545317 </lastmod>
	</url><url>
		<loc> https://geoconnex.us/cuahsi/his/Isábena/A63 </loc>
		<lastmod> 2022-08-22 17:04:41.545333 </lastmod>
	</url><url>
		<loc> https://geoconnex.us/cuahsi/his/Isábena/A64 </loc>
		<lastmod> 2022-08-22 17:04:41.545349 </lastmod>
	</url><url>
		<loc> https://geoconnex.us/cuahsi/his/Isábena/A65 </loc>
		<lastmod> 2022-08-22 17:04:41.545365 </lastmod>
	</url><url>
		<loc> https://geoconnex.us/cuahsi/his/Isábena/A66 </loc>
		<lastmod> 2022-08-22 17:04:41.545381 </lastmod>
	</url><url>
		<loc> https://geoconnex.us/cuahsi/his/Isábena/A67 </loc>
		<lastmod> 2022-08-22 17:04:41.545397 </lastmod>
	</url><url>
		<loc> https://geoconnex.us/cuahsi/his/Isábena/A69 </loc>
		<lastmod> 2022-08-22 17:04:41.545413 </lastmod>
	</url><url>
		<loc> https://geoconnex.us/cuahsi/his/Isábena/A70 </loc>
		<lastmod> 2022-08-22 17:04:41.545429 </lastmod>
	</url><url>
		<loc> https://geoconnex.us/cuahsi/his/Isábena/A71 </loc>
		<lastmod> 2022-08-22 17:04:41.545445 </lastmod>
	</url><url>
		<loc> https://geoconnex.us/cuahsi/his/Isábena/A72 </loc>
		<lastmod> 2022-08-22 17:04:41.545461 </lastmod>
	</url><url>
		<loc> https://geoconnex.us/cuahsi/his/Isábena/A73 </loc>
		<lastmod> 2022-08-22 17:04:41.545477 </lastmod>
	</url><url>
		<loc> https://geoconnex.us/cuahsi/his/Isábena/A74 </loc>
		<lastmod> 2022-08-22 17:04:41.545493 </lastmod>
	</url><url>
		<loc> https://geoconnex.us/cuahsi/his/Isábena/A75 </loc>
		<lastmod> 2022-08-22 17:04:41.545509 </lastmod>
	</url><url>
		<loc> https://geoconnex.us/cuahsi/his/Isábena/A79 </loc>
		<lastmod> 2022-08-22 17:04:41.545525 </lastmod>
	</url><url>
		<loc> https://geoconnex.us/cuahsi/his/Isábena/A80 </loc>
		<lastmod> 2022-08-22 17:04:41.545541 </lastmod>
	</url><url>
		<loc> https://geoconnex.us/cuahsi/his/Isábena/A81 </loc>
		<lastmod> 2022-08-22 17:04:41.545557 </lastmod>
	</url><url>
		<loc> https://geoconnex.us/cuahsi/his/Isábena/A82 </loc>
		<lastmod> 2022-08-22 17:04:41.545573 </lastmod>
	</url><url>
		<loc> https://geoconnex.us/cuahsi/his/Isábena/A83 </loc>
		<lastmod> 2022-08-22 17:04:41.545589 </lastmod>
	</url><url>
		<loc> https://geoconnex.us/cuahsi/his/Isábena/A84 </loc>
		<lastmod> 2022-08-22 17:04:41.545605 </lastmod>
	</url><url>
		<loc> https://geoconnex.us/cuahsi/his/Isábena/A85 </loc>
		<lastmod> 2022-08-22 17:04:41.545621 </lastmod>
	</url><url>
		<loc> https://geoconnex.us/cuahsi/his/Isábena/B01 </loc>
		<lastmod> 2022-08-22 17:04:41.545637 </lastmod>
	</url><url>
		<loc> https://geoconnex.us/cuahsi/his/Isábena/B02 </loc>
		<lastmod> 2022-08-22 17:04:41.545654 </lastmod>
	</url><url>
		<loc> https://geoconnex.us/cuahsi/his/Isábena/B04 </loc>
		<lastmod> 2022-08-22 17:04:41.545670 </lastmod>
	</url><url>
		<loc> https://geoconnex.us/cuahsi/his/Isábena/B05 </loc>
		<lastmod> 2022-08-22 17:04:41.545687 </lastmod>
	</url><url>
		<loc> https://geoconnex.us/cuahsi/his/Isábena/B06 </loc>
		<lastmod> 2022-08-22 17:04:41.545703 </lastmod>
	</url><url>
		<loc> https://geoconnex.us/cuahsi/his/Isábena/B07 </loc>
		<lastmod> 2022-08-22 17:04:41.545720 </lastmod>
	</url><url>
		<loc> https://geoconnex.us/cuahsi/his/Isábena/B08 </loc>
		<lastmod> 2022-08-22 17:04:41.545737 </lastmod>
	</url><url>
		<loc> https://geoconnex.us/cuahsi/his/Isábena/B09 </loc>
		<lastmod> 2022-08-22 17:04:41.545753 </lastmod>
	</url><url>
		<loc> https://geoconnex.us/cuahsi/his/Isábena/B10 </loc>
		<lastmod> 2022-08-22 17:04:41.545769 </lastmod>
	</url><url>
		<loc> https://geoconnex.us/cuahsi/his/Isábena/B11 </loc>
		<lastmod> 2022-08-22 17:04:41.545785 </lastmod>
	</url><url>
		<loc> https://geoconnex.us/cuahsi/his/Isábena/B12 </loc>
		<lastmod> 2022-08-22 17:04:41.545802 </lastmod>
	</url><url>
		<loc> https://geoconnex.us/cuahsi/his/Isábena/B13 </loc>
		<lastmod> 2022-08-22 17:04:41.545818 </lastmod>
	</url><url>
		<loc> https://geoconnex.us/cuahsi/his/Isábena/B14 </loc>
		<lastmod> 2022-08-22 17:04:41.545834 </lastmod>
	</url><url>
		<loc> https://geoconnex.us/cuahsi/his/Isábena/B15 </loc>
		<lastmod> 2022-08-22 17:04:41.545850 </lastmod>
	</url><url>
		<loc> https://geoconnex.us/cuahsi/his/Isábena/B16 </loc>
		<lastmod> 2022-08-22 17:04:41.545866 </lastmod>
	</url><url>
		<loc> https://geoconnex.us/cuahsi/his/Isábena/B17 </loc>
		<lastmod> 2022-08-22 17:04:41.545882 </lastmod>
	</url><url>
		<loc> https://geoconnex.us/cuahsi/his/Isábena/B18 </loc>
		<lastmod> 2022-08-22 17:04:41.545898 </lastmod>
	</url><url>
		<loc> https://geoconnex.us/cuahsi/his/Isábena/B19 </loc>
		<lastmod> 2022-08-22 17:04:41.545914 </lastmod>
	</url><url>
		<loc> https://geoconnex.us/cuahsi/his/Isábena/B20 </loc>
		<lastmod> 2022-08-22 17:04:41.545930 </lastmod>
	</url><url>
		<loc> https://geoconnex.us/cuahsi/his/Isábena/B21 </loc>
		<lastmod> 2022-08-22 17:04:41.545946 </lastmod>
	</url><url>
		<loc> https://geoconnex.us/cuahsi/his/Isábena/B22 </loc>
		<lastmod> 2022-08-22 17:04:41.545962 </lastmod>
	</url><url>
		<loc> https://geoconnex.us/cuahsi/his/Isábena/B24 </loc>
		<lastmod> 2022-08-22 17:04:41.545978 </lastmod>
	</url><url>
		<loc> https://geoconnex.us/cuahsi/his/Isábena/B25 </loc>
		<lastmod> 2022-08-22 17:04:41.545995 </lastmod>
	</url><url>
		<loc> https://geoconnex.us/cuahsi/his/Isábena/B26 </loc>
		<lastmod> 2022-08-22 17:04:41.546049 </lastmod>
	</url><url>
		<loc> https://geoconnex.us/cuahsi/his/Isábena/B27 </loc>
		<lastmod> 2022-08-22 17:04:41.546065 </lastmod>
	</url><url>
		<loc> https://geoconnex.us/cuahsi/his/Isábena/B28 </loc>
		<lastmod> 2022-08-22 17:04:41.546081 </lastmod>
	</url><url>
		<loc> https://geoconnex.us/cuahsi/his/Isábena/B29 </loc>
		<lastmod> 2022-08-22 17:04:41.546097 </lastmod>
	</url><url>
		<loc> https://geoconnex.us/cuahsi/his/Isábena/B30 </loc>
		<lastmod> 2022-08-22 17:04:41.546113 </lastmod>
	</url><url>
		<loc> https://geoconnex.us/cuahsi/his/Isábena/B31 </loc>
		<lastmod> 2022-08-22 17:04:41.546129 </lastmod>
	</url><url>
		<loc> https://geoconnex.us/cuahsi/his/Isábena/B32 </loc>
		<lastmod> 2022-08-22 17:04:41.546145 </lastmod>
	</url><url>
		<loc> https://geoconnex.us/cuahsi/his/Isábena/B35 </loc>
		<lastmod> 2022-08-22 17:04:41.546161 </lastmod>
	</url><url>
		<loc> https://geoconnex.us/cuahsi/his/Isábena/B36 </loc>
		<lastmod> 2022-08-22 17:04:41.546177 </lastmod>
	</url><url>
		<loc> https://geoconnex.us/cuahsi/his/Isábena/B37 </loc>
		<lastmod> 2022-08-22 17:04:41.546193 </lastmod>
	</url><url>
		<loc> https://geoconnex.us/cuahsi/his/Isábena/B38 </loc>
		<lastmod> 2022-08-22 17:04:41.546208 </lastmod>
	</url><url>
		<loc> https://geoconnex.us/cuahsi/his/Isábena/B39 </loc>
		<lastmod> 2022-08-22 17:04:41.546224 </lastmod>
	</url><url>
		<loc> https://geoconnex.us/cuahsi/his/Isábena/B40 </loc>
		<lastmod> 2022-08-22 17:04:41.546240 </lastmod>
	</url><url>
		<loc> https://geoconnex.us/cuahsi/his/Isábena/B41 </loc>
		<lastmod> 2022-08-22 17:04:41.546256 </lastmod>
	</url><url>
		<loc> https://geoconnex.us/cuahsi/his/Isábena/B43 </loc>
		<lastmod> 2022-08-22 17:04:41.546272 </lastmod>
	</url><url>
		<loc> https://geoconnex.us/cuahsi/his/Isábena/B44 </loc>
		<lastmod> 2022-08-22 17:04:41.546288 </lastmod>
	</url><url>
		<loc> https://geoconnex.us/cuahsi/his/Isábena/B45 </loc>
		<lastmod> 2022-08-22 17:04:41.546304 </lastmod>
	</url><url>
		<loc> https://geoconnex.us/cuahsi/his/Isábena/B46 </loc>
		<lastmod> 2022-08-22 17:04:41.546320 </lastmod>
	</url><url>
		<loc> https://geoconnex.us/cuahsi/his/Isábena/B47 </loc>
		<lastmod> 2022-08-22 17:04:41.546336 </lastmod>
	</url><url>
		<loc> https://geoconnex.us/cuahsi/his/Isábena/B48 </loc>
		<lastmod> 2022-08-22 17:04:41.546352 </lastmod>
	</url><url>
		<loc> https://geoconnex.us/cuahsi/his/Isábena/B49 </loc>
		<lastmod> 2022-08-22 17:04:41.546368 </lastmod>
	</url><url>
		<loc> https://geoconnex.us/cuahsi/his/Isábena/B50 </loc>
		<lastmod> 2022-08-22 17:04:41.546384 </lastmod>
	</url><url>
		<loc> https://geoconnex.us/cuahsi/his/Isábena/B51 </loc>
		<lastmod> 2022-08-22 17:04:41.546400 </lastmod>
	</url><url>
		<loc> https://geoconnex.us/cuahsi/his/Isábena/B52 </loc>
		<lastmod> 2022-08-22 17:04:41.546416 </lastmod>
	</url><url>
		<loc> https://geoconnex.us/cuahsi/his/Isábena/B53 </loc>
		<lastmod> 2022-08-22 17:04:41.546432 </lastmod>
	</url><url>
		<loc> https://geoconnex.us/cuahsi/his/Isábena/B54 </loc>
		<lastmod> 2022-08-22 17:04:41.546448 </lastmod>
	</url><url>
		<loc> https://geoconnex.us/cuahsi/his/Isábena/B55 </loc>
		<lastmod> 2022-08-22 17:04:41.546464 </lastmod>
	</url><url>
		<loc> https://geoconnex.us/cuahsi/his/Isábena/B56 </loc>
		<lastmod> 2022-08-22 17:04:41.546480 </lastmod>
	</url><url>
		<loc> https://geoconnex.us/cuahsi/his/Isábena/B57 </loc>
		<lastmod> 2022-08-22 17:04:41.546496 </lastmod>
	</url><url>
		<loc> https://geoconnex.us/cuahsi/his/Isábena/B58 </loc>
		<lastmod> 2022-08-22 17:04:41.546512 </lastmod>
	</url><url>
		<loc> https://geoconnex.us/cuahsi/his/Isábena/B59 </loc>
		<lastmod> 2022-08-22 17:04:41.546527 </lastmod>
	</url><url>
		<loc> https://geoconnex.us/cuahsi/his/Isábena/B60 </loc>
		<lastmod> 2022-08-22 17:04:41.546543 </lastmod>
	</url><url>
		<loc> https://geoconnex.us/cuahsi/his/Isábena/B61 </loc>
		<lastmod> 2022-08-22 17:04:41.546559 </lastmod>
	</url><url>
		<loc> https://geoconnex.us/cuahsi/his/Isábena/B63 </loc>
		<lastmod> 2022-08-22 17:04:41.546575 </lastmod>
	</url><url>
		<loc> https://geoconnex.us/cuahsi/his/Isábena/B64 </loc>
		<lastmod> 2022-08-22 17:04:41.546591 </lastmod>
	</url><url>
		<loc> https://geoconnex.us/cuahsi/his/Isábena/B65 </loc>
		<lastmod> 2022-08-22 17:04:41.546607 </lastmod>
	</url><url>
		<loc> https://geoconnex.us/cuahsi/his/Isábena/B66 </loc>
		<lastmod> 2022-08-22 17:04:41.546623 </lastmod>
	</url><url>
		<loc> https://geoconnex.us/cuahsi/his/Isábena/B67 </loc>
		<lastmod> 2022-08-22 17:04:41.546639 </lastmod>
	</url><url>
		<loc> https://geoconnex.us/cuahsi/his/Isábena/B68 </loc>
		<lastmod> 2022-08-22 17:04:41.546655 </lastmod>
	</url><url>
		<loc> https://geoconnex.us/cuahsi/his/Isábena/B69 </loc>
		<lastmod> 2022-08-22 17:04:41.546670 </lastmod>
	</url><url>
		<loc> https://geoconnex.us/cuahsi/his/Isábena/B70 </loc>
		<lastmod> 2022-08-22 17:04:41.546686 </lastmod>
	</url><url>
		<loc> https://geoconnex.us/cuahsi/his/Isábena/B71 </loc>
		<lastmod> 2022-08-22 17:04:41.546702 </lastmod>
	</url><url>
		<loc> https://geoconnex.us/cuahsi/his/Isábena/B72 </loc>
		<lastmod> 2022-08-22 17:04:41.546718 </lastmod>
	</url><url>
		<loc> https://geoconnex.us/cuahsi/his/Isábena/B73 </loc>
		<lastmod> 2022-08-22 17:04:41.546734 </lastmod>
	</url><url>
		<loc> https://geoconnex.us/cuahsi/his/Isábena/B74 </loc>
		<lastmod> 2022-08-22 17:04:41.546750 </lastmod>
	</url><url>
		<loc> https://geoconnex.us/cuahsi/his/Isábena/B75 </loc>
		<lastmod> 2022-08-22 17:04:41.546766 </lastmod>
	</url><url>
		<loc> https://geoconnex.us/cuahsi/his/Isábena/B76 </loc>
		<lastmod> 2022-08-22 17:04:41.546783 </lastmod>
	</url><url>
		<loc> https://geoconnex.us/cuahsi/his/Isábena/B77 </loc>
		<lastmod> 2022-08-22 17:04:41.546799 </lastmod>
	</url><url>
		<loc> https://geoconnex.us/cuahsi/his/Isábena/B78 </loc>
		<lastmod> 2022-08-22 17:04:41.546815 </lastmod>
	</url><url>
		<loc> https://geoconnex.us/cuahsi/his/Isábena/B79 </loc>
		<lastmod> 2022-08-22 17:04:41.546831 </lastmod>
	</url><url>
		<loc> https://geoconnex.us/cuahsi/his/Isábena/B80 </loc>
		<lastmod> 2022-08-22 17:04:41.546847 </lastmod>
	</url><url>
		<loc> https://geoconnex.us/cuahsi/his/Isábena/B81 </loc>
		<lastmod> 2022-08-22 17:04:41.546863 </lastmod>
	</url><url>
		<loc> https://geoconnex.us/cuahsi/his/Isábena/B82 </loc>
		<lastmod> 2022-08-22 17:04:41.546879 </lastmod>
	</url><url>
		<loc> https://geoconnex.us/cuahsi/his/Isábena/Cabecera </loc>
		<lastmod> 2022-08-22 17:04:41.546895 </lastmod>
	</url></ns0:urlset>