<?xml version='1.0' encoding='utf-8'?>
<ns0:urlset xmlns:ns0="http://www.sitemaps.org/schemas/sitemap/0.9">
<url>
		<loc> https://geoconnex.us/cuahsi/his/czo_catalina/HOBO_B2 </loc>
		<lastmod> 2022-08-22 17:04:36.880613 </lastmod>
	</url><url>
		<loc> https://geoconnex.us/cuahsi/his/czo_catalina/HOBO_OR </loc>
		<lastmod> 2022-08-22 17:04:36.880648 </lastmod>
	</url><url>
		<loc> https://geoconnex.us/cuahsi/his/czo_catalina/OR_Rain1 </loc>
		<lastmod> 2022-08-22 17:04:36.880671 </lastmod>
	</url><url>
		<loc> https://geoconnex.us/cuahsi/his/czo_catalina/OR_Rain2 </loc>
		<lastmod> 2022-08-22 17:04:36.880690 </lastmod>
	</url><url>
		<loc> https://geoconnex.us/cuahsi/his/czo_catalina/OR_Rain3 </loc>
		<lastmod> 2022-08-22 17:04:36.880708 </lastmod>
	</url><url>
		<loc> https://geoconnex.us/cuahsi/his/czo_catalina/B2_Rain2 </loc>
		<lastmod> 2022-08-22 17:04:36.880726 </lastmod>
	</url><url>
		<loc> https://geoconnex.us/cuahsi/his/czo_catalina/MG_ATM </loc>
		<lastmod> 2022-08-22 17:04:36.880743 </lastmod>
	</url><url>
		<loc> https://geoconnex.us/cuahsi/his/czo_catalina/B2_Rain1 </loc>
		<lastmod> 2022-08-22 17:04:36.880759 </lastmod>
	</url><url>
		<loc> https://geoconnex.us/cuahsi/his/czo_catalina/MG_FermValley_Rain </loc>
		<lastmod> 2022-08-22 17:04:36.880775 </lastmod>
	</url><url>
		<loc> https://geoconnex.us/cuahsi/his/czo_catalina/MG_Schist_Rain </loc>
		<lastmod> 2022-08-22 17:04:36.880791 </lastmod>
	</url><url>
		<loc> https://geoconnex.us/cuahsi/his/czo_catalina/MG_Outlet_Rain </loc>
		<lastmod> 2022-08-22 17:04:36.880806 </lastmod>
	</url><url>
		<loc> https://geoconnex.us/cuahsi/his/czo_catalina/MG_DoubleRock_Rain </loc>
		<lastmod> 2022-08-22 17:04:36.880822 </lastmod>
	</url><url>
		<loc> https://geoconnex.us/cuahsi/his/czo_catalina/MG_BurntMeadow_Rain </loc>
		<lastmod> 2022-08-22 17:04:36.880837 </lastmod>
	</url><url>
		<loc> https://geoconnex.us/cuahsi/his/czo_catalina/MG_Granite_Rain </loc>
		<lastmod> 2022-08-22 17:04:36.880853 </lastmod>
	</url><url>
		<loc> https://geoconnex.us/cuahsi/his/czo_catalina/OR_low_stream </loc>
		<lastmod> 2022-08-22 17:04:36.880868 </lastmod>
	</url><url>
		<loc> https://geoconnex.us/cuahsi/his/czo_catalina/MG_WEIR </loc>
		<lastmod> 2022-08-22 17:04:36.880883 </lastmod>
	</url><url>
		<loc> https://geoconnex.us/cuahsi/his/czo_catalina/MGG_Met </loc>
		<lastmod> 2022-08-22 17:04:36.880898 </lastmod>
	</url><url>
		<loc> https://geoconnex.us/cuahsi/his/czo_catalina/MGG_Met_TRH </loc>
		<lastmod> 2022-08-22 17:04:36.880914 </lastmod>
	</url><url>
		<loc> https://geoconnex.us/cuahsi/his/czo_catalina/MGG_Met_NR </loc>
		<lastmod> 2022-08-22 17:04:36.880929 </lastmod>
	</url><url>
		<loc> https://geoconnex.us/cuahsi/his/czo_catalina/MGS_Met </loc>
		<lastmod> 2022-08-22 17:04:36.880945 </lastmod>
	</url><url>
		<loc> https://geoconnex.us/cuahsi/his/czo_catalina/MGS_Met_TRH </loc>
		<lastmod> 2022-08-22 17:04:36.880961 </lastmod>
	</url><url>
		<loc> https://geoconnex.us/cuahsi/his/czo_catalina/MGS_Met_NR </loc>
		<lastmod> 2022-08-22 17:04:36.880976 </lastmod>
	</url><url>
		<loc> https://geoconnex.us/cuahsi/his/czo_catalina/MtLemmon_Rain </loc>
		<lastmod> 2022-08-22 17:04:36.880991 </lastmod>
	</url><url>
		<loc> https://geoconnex.us/cuahsi/his/czo_catalina/MG_Weir_Rain </loc>
		<lastmod> 2022-08-22 17:04:36.881007 </lastmod>
	</url><url>
		<loc> https://geoconnex.us/cuahsi/his/czo_catalina/MG_Schist_Winter_Rain </loc>
		<lastmod> 2022-08-22 17:04:36.881023 </lastmod>
	</url><url>
		<loc> https://geoconnex.us/cuahsi/his/czo_catalina/MG_S_SEEP </loc>
		<lastmod> 2022-08-22 17:04:36.881038 </lastmod>
	</url></ns0:urlset>