<?xml version='1.0' encoding='utf-8'?>
<ns0:urlset xmlns:ns0="http://www.sitemaps.org/schemas/sitemap/0.9">
<url>
		<loc> https://geoconnex.us/cuahsi/his/MudLake/USU-ML-Causeway </loc>
		<lastmod> 2022-08-22 17:04:37.067458 </lastmod>
	</url><url>
		<loc> https://geoconnex.us/cuahsi/his/MudLake/USU-ML-Lifton </loc>
		<lastmod> 2022-08-22 17:04:37.067493 </lastmod>
	</url><url>
		<loc> https://geoconnex.us/cuahsi/his/MudLake/USU-ML-Weather </loc>
		<lastmod> 2022-08-22 17:04:37.067515 </lastmod>
	</url><url>
		<loc> https://geoconnex.us/cuahsi/his/MudLake/USU-ML-Inlet </loc>
		<lastmod> 2022-08-22 17:04:37.067534 </lastmod>
	</url><url>
		<loc> https://geoconnex.us/cuahsi/his/MudLake/USU-ML-Outlet </loc>
		<lastmod> 2022-08-22 17:04:37.067550 </lastmod>
	</url><url>
		<loc> https://geoconnex.us/cuahsi/his/MudLake/PAC-ML-Level </loc>
		<lastmod> 2022-08-22 17:04:37.067566 </lastmod>
	</url><url>
		<loc> https://geoconnex.us/cuahsi/his/MudLake/PAC-ML-Rainbow </loc>
		<lastmod> 2022-08-22 17:04:37.067583 </lastmod>
	</url><url>
		<loc> https://geoconnex.us/cuahsi/his/MudLake/PAC-ML-Outlet </loc>
		<lastmod> 2022-08-22 17:04:37.067599 </lastmod>
	</url><url>
		<loc> https://geoconnex.us/cuahsi/his/MudLake/PAC-ML-Lifton </loc>
		<lastmod> 2022-08-22 17:04:37.067615 </lastmod>
	</url><url>
		<loc> https://geoconnex.us/cuahsi/his/MudLake/PAC-ML-Causeway </loc>
		<lastmod> 2022-08-22 17:04:37.067630 </lastmod>
	</url><url>
		<loc> https://geoconnex.us/cuahsi/his/MudLake/PAC-ML-BlackOtter </loc>
		<lastmod> 2022-08-22 17:04:37.067646 </lastmod>
	</url><url>
		<loc> https://geoconnex.us/cuahsi/his/MudLake/PAC-ML-ReamCrockett </loc>
		<lastmod> 2022-08-22 17:04:37.067662 </lastmod>
	</url></ns0:urlset>