<?xml version='1.0' encoding='utf-8'?>
<ns0:urlset xmlns:ns0="http://www.sitemaps.org/schemas/sitemap/0.9">
<url>
		<loc> https://geoconnex.us/cuahsi/his/MWDIS/MWDIS-SITE1 </loc>
		<lastmod> 2022-08-22 17:04:41.744675 </lastmod>
	</url><url>
		<loc> https://geoconnex.us/cuahsi/his/MWDIS/MWDIS-SITE2 </loc>
		<lastmod> 2022-08-22 17:04:41.744710 </lastmod>
	</url><url>
		<loc> https://geoconnex.us/cuahsi/his/MWDIS/NFWF-MGB-1 </loc>
		<lastmod> 2022-08-22 17:04:41.744732 </lastmod>
	</url><url>
		<loc> https://geoconnex.us/cuahsi/his/MWDIS/FHRL-ES-1 </loc>
		<lastmod> 2022-08-22 17:04:41.744750 </lastmod>
	</url><url>
		<loc> https://geoconnex.us/cuahsi/his/MWDIS/FHRL-ES-2 </loc>
		<lastmod> 2022-08-22 17:04:41.744767 </lastmod>
	</url><url>
		<loc> https://geoconnex.us/cuahsi/his/MWDIS/FHRL-ES-3 </loc>
		<lastmod> 2022-08-22 17:04:41.744783 </lastmod>
	</url><url>
		<loc> https://geoconnex.us/cuahsi/his/MWDIS/FHRL-ES-4 </loc>
		<lastmod> 2022-08-22 17:04:41.744799 </lastmod>
	</url><url>
		<loc> https://geoconnex.us/cuahsi/his/MWDIS/FHRL-ES-5 </loc>
		<lastmod> 2022-08-22 17:04:41.744814 </lastmod>
	</url><url>
		<loc> https://geoconnex.us/cuahsi/his/MWDIS/FHRL-MGB-1 </loc>
		<lastmod> 2022-08-22 17:04:41.744829 </lastmod>
	</url><url>
		<loc> https://geoconnex.us/cuahsi/his/MWDIS/FHRL-MGB-2 </loc>
		<lastmod> 2022-08-22 17:04:41.744845 </lastmod>
	</url><url>
		<loc> https://geoconnex.us/cuahsi/his/MWDIS/FHRL-MGB-3 </loc>
		<lastmod> 2022-08-22 17:04:41.744860 </lastmod>
	</url><url>
		<loc> https://geoconnex.us/cuahsi/his/MWDIS/FHRL-MGB-4 </loc>
		<lastmod> 2022-08-22 17:04:41.744875 </lastmod>
	</url><url>
		<loc> https://geoconnex.us/cuahsi/his/MWDIS/FHRL-MGB-5 </loc>
		<lastmod> 2022-08-22 17:04:41.744901 </lastmod>
	</url><url>
		<loc> https://geoconnex.us/cuahsi/his/MWDIS/FHRL-MNB-1 </loc>
		<lastmod> 2022-08-22 17:04:41.744915 </lastmod>
	</url><url>
		<loc> https://geoconnex.us/cuahsi/his/MWDIS/FHRL-MNB-2 </loc>
		<lastmod> 2022-08-22 17:04:41.744929 </lastmod>
	</url><url>
		<loc> https://geoconnex.us/cuahsi/his/MWDIS/FHRL-MNB-3 </loc>
		<lastmod> 2022-08-22 17:04:41.744943 </lastmod>
	</url><url>
		<loc> https://geoconnex.us/cuahsi/his/MWDIS/FHRL-MNB-4 </loc>
		<lastmod> 2022-08-22 17:04:41.744956 </lastmod>
	</url><url>
		<loc> https://geoconnex.us/cuahsi/his/MWDIS/FHRL-MNB-5 </loc>
		<lastmod> 2022-08-22 17:04:41.744970 </lastmod>
	</url><url>
		<loc> https://geoconnex.us/cuahsi/his/MWDIS/FHRL-MNB-6 </loc>
		<lastmod> 2022-08-22 17:04:41.744984 </lastmod>
	</url><url>
		<loc> https://geoconnex.us/cuahsi/his/MWDIS/FHRL-DM-1 </loc>
		<lastmod> 2022-08-22 17:04:41.744998 </lastmod>
	</url><url>
		<loc> https://geoconnex.us/cuahsi/his/MWDIS/FHRL-DM-2 </loc>
		<lastmod> 2022-08-22 17:04:41.745012 </lastmod>
	</url><url>
		<loc> https://geoconnex.us/cuahsi/his/MWDIS/FHRL-DM-3 </loc>
		<lastmod> 2022-08-22 17:04:41.745026 </lastmod>
	</url><url>
		<loc> https://geoconnex.us/cuahsi/his/MWDIS/FHRL-ES-atmP </loc>
		<lastmod> 2022-08-22 17:04:41.745057 </lastmod>
	</url><url>
		<loc> https://geoconnex.us/cuahsi/his/MWDIS/FHRL-MGB-atmP </loc>
		<lastmod> 2022-08-22 17:04:41.745072 </lastmod>
	</url><url>
		<loc> https://geoconnex.us/cuahsi/his/MWDIS/FHRL-MNB-atmP </loc>
		<lastmod> 2022-08-22 17:04:41.745088 </lastmod>
	</url><url>
		<loc> https://geoconnex.us/cuahsi/his/MWDIS/FHRL-DM-atmP </loc>
		<lastmod> 2022-08-22 17:04:41.745103 </lastmod>
	</url><url>
		<loc> https://geoconnex.us/cuahsi/his/MWDIS/FHRL-DI-1 </loc>
		<lastmod> 2022-08-22 17:04:41.745118 </lastmod>
	</url><url>
		<loc> https://geoconnex.us/cuahsi/his/MWDIS/FHRL-DI-2 </loc>
		<lastmod> 2022-08-22 17:04:41.745133 </lastmod>
	</url><url>
		<loc> https://geoconnex.us/cuahsi/his/MWDIS/FHRL-DI-3 </loc>
		<lastmod> 2022-08-22 17:04:41.745148 </lastmod>
	</url><url>
		<loc> https://geoconnex.us/cuahsi/his/MWDIS/FHRL-DI-4 </loc>
		<lastmod> 2022-08-22 17:04:41.745163 </lastmod>
	</url><url>
		<loc> https://geoconnex.us/cuahsi/his/MWDIS/FHRL-DI-5 </loc>
		<lastmod> 2022-08-22 17:04:41.745178 </lastmod>
	</url><url>
		<loc> https://geoconnex.us/cuahsi/his/MWDIS/FHRL-DI-6 </loc>
		<lastmod> 2022-08-22 17:04:41.745193 </lastmod>
	</url><url>
		<loc> https://geoconnex.us/cuahsi/his/MWDIS/FHRL-DI-7 </loc>
		<lastmod> 2022-08-22 17:04:41.745208 </lastmod>
	</url><url>
		<loc> https://geoconnex.us/cuahsi/his/MWDIS/FHRL-DI-8 </loc>
		<lastmod> 2022-08-22 17:04:41.745223 </lastmod>
	</url></ns0:urlset>