<?xml version='1.0' encoding='utf-8'?>
<ns0:urlset xmlns:ns0="http://www.sitemaps.org/schemas/sitemap/0.9">
<url>
		<loc> https://geoconnex.us/cuahsi/his/czo_boulder/GREEN_LAKE_4 </loc>
		<lastmod> 2022-08-22 17:04:37.079609 </lastmod>
	</url><url>
		<loc> https://geoconnex.us/cuahsi/his/czo_boulder/LGG_P4 </loc>
		<lastmod> 2022-08-22 17:04:37.079644 </lastmod>
	</url><url>
		<loc> https://geoconnex.us/cuahsi/his/czo_boulder/LGG_P5 </loc>
		<lastmod> 2022-08-22 17:04:37.079667 </lastmod>
	</url><url>
		<loc> https://geoconnex.us/cuahsi/his/czo_boulder/LGG_P6 </loc>
		<lastmod> 2022-08-22 17:04:37.079684 </lastmod>
	</url><url>
		<loc> https://geoconnex.us/cuahsi/his/czo_boulder/UGG_P4 </loc>
		<lastmod> 2022-08-22 17:04:37.079701 </lastmod>
	</url><url>
		<loc> https://geoconnex.us/cuahsi/his/czo_boulder/CATENA-PIT1 </loc>
		<lastmod> 2022-08-22 17:04:37.079718 </lastmod>
	</url><url>
		<loc> https://geoconnex.us/cuahsi/his/czo_boulder/CATENA-PIT2 </loc>
		<lastmod> 2022-08-22 17:04:37.079734 </lastmod>
	</url><url>
		<loc> https://geoconnex.us/cuahsi/his/czo_boulder/CATENA-PIT3 </loc>
		<lastmod> 2022-08-22 17:04:37.079750 </lastmod>
	</url><url>
		<loc> https://geoconnex.us/cuahsi/his/czo_boulder/CATENA-PIT4 </loc>
		<lastmod> 2022-08-22 17:04:37.079765 </lastmod>
	</url><url>
		<loc> https://geoconnex.us/cuahsi/his/czo_boulder/CATENA-PIT5 </loc>
		<lastmod> 2022-08-22 17:04:37.079781 </lastmod>
	</url><url>
		<loc> https://geoconnex.us/cuahsi/his/czo_boulder/LGG_P9 </loc>
		<lastmod> 2022-08-22 17:04:37.079796 </lastmod>
	</url><url>
		<loc> https://geoconnex.us/cuahsi/his/czo_boulder/LGG_P10 </loc>
		<lastmod> 2022-08-22 17:04:37.079811 </lastmod>
	</url><url>
		<loc> https://geoconnex.us/cuahsi/his/czo_boulder/BET_GULLY </loc>
		<lastmod> 2022-08-22 17:04:37.079827 </lastmod>
	</url></ns0:urlset>