<?xml version='1.0' encoding='utf-8'?>
<ns0:urlset xmlns:ns0="http://www.sitemaps.org/schemas/sitemap/0.9">
<url>
		<loc> https://geoconnex.us/cuahsi/his/UBWPAD/DEPOT </loc>
		<lastmod> 2022-08-22 17:04:41.460812 </lastmod>
	</url><url>
		<loc> https://geoconnex.us/cuahsi/his/UBWPAD/R116 </loc>
		<lastmod> 2022-08-22 17:04:41.460848 </lastmod>
	</url><url>
		<loc> https://geoconnex.us/cuahsi/his/UBWPAD/RMSD </loc>
		<lastmod> 2022-08-22 17:04:41.460870 </lastmod>
	</url><url>
		<loc> https://geoconnex.us/cuahsi/his/UBWPAD/RMSL </loc>
		<lastmod> 2022-08-22 17:04:41.460889 </lastmod>
	</url><url>
		<loc> https://geoconnex.us/cuahsi/his/UBWPAD/UBWPAD </loc>
		<lastmod> 2022-08-22 17:04:41.460906 </lastmod>
	</url><url>
		<loc> https://geoconnex.us/cuahsi/his/UBWPAD/UBWPAD2 </loc>
		<lastmod> 2022-08-22 17:04:41.460922 </lastmod>
	</url><url>
		<loc> https://geoconnex.us/cuahsi/his/UBWPAD/UPSTRM1 </loc>
		<lastmod> 2022-08-22 17:04:41.460939 </lastmod>
	</url><url>
		<loc> https://geoconnex.us/cuahsi/his/UBWPAD/W0505 </loc>
		<lastmod> 2022-08-22 17:04:41.460955 </lastmod>
	</url><url>
		<loc> https://geoconnex.us/cuahsi/his/UBWPAD/W0680 </loc>
		<lastmod> 2022-08-22 17:04:41.460971 </lastmod>
	</url><url>
		<loc> https://geoconnex.us/cuahsi/his/UBWPAD/W0767 </loc>
		<lastmod> 2022-08-22 17:04:41.460986 </lastmod>
	</url><url>
		<loc> https://geoconnex.us/cuahsi/his/UBWPAD/W1017 </loc>
		<lastmod> 2022-08-22 17:04:41.461002 </lastmod>
	</url><url>
		<loc> https://geoconnex.us/cuahsi/his/UBWPAD/W1023 </loc>
		<lastmod> 2022-08-22 17:04:41.461017 </lastmod>
	</url><url>
		<loc> https://geoconnex.us/cuahsi/his/UBWPAD/W1242 </loc>
		<lastmod> 2022-08-22 17:04:41.461032 </lastmod>
	</url><url>
		<loc> https://geoconnex.us/cuahsi/his/UBWPAD/W1243 </loc>
		<lastmod> 2022-08-22 17:04:41.461048 </lastmod>
	</url><url>
		<loc> https://geoconnex.us/cuahsi/his/UBWPAD/W1258 </loc>
		<lastmod> 2022-08-22 17:04:41.461063 </lastmod>
	</url><url>
		<loc> https://geoconnex.us/cuahsi/his/UBWPAD/W1763 </loc>
		<lastmod> 2022-08-22 17:04:41.461078 </lastmod>
	</url><url>
		<loc> https://geoconnex.us/cuahsi/his/UBWPAD/W1764 </loc>
		<lastmod> 2022-08-22 17:04:41.461093 </lastmod>
	</url><url>
		<loc> https://geoconnex.us/cuahsi/his/UBWPAD/W1764A </loc>
		<lastmod> 2022-08-22 17:04:41.461108 </lastmod>
	</url><url>
		<loc> https://geoconnex.us/cuahsi/his/UBWPAD/W1764B </loc>
		<lastmod> 2022-08-22 17:04:41.461123 </lastmod>
	</url><url>
		<loc> https://geoconnex.us/cuahsi/his/UBWPAD/W1765 </loc>
		<lastmod> 2022-08-22 17:04:41.461139 </lastmod>
	</url><url>
		<loc> https://geoconnex.us/cuahsi/his/UBWPAD/W1779 </loc>
		<lastmod> 2022-08-22 17:04:41.461154 </lastmod>
	</url></ns0:urlset>