<?xml version='1.0' encoding='utf-8'?>
<ns0:urlset xmlns:ns0="http://www.sitemaps.org/schemas/sitemap/0.9">
<url>
		<loc> https://geoconnex.us/cuahsi/his/FarmRWA/BB-B1 </loc>
		<lastmod> 2022-08-22 17:04:46.448725 </lastmod>
	</url><url>
		<loc> https://geoconnex.us/cuahsi/his/FarmRWA/CB-C1 </loc>
		<lastmod> 2022-08-22 17:04:46.448761 </lastmod>
	</url><url>
		<loc> https://geoconnex.us/cuahsi/his/FarmRWA/FR-EG1 </loc>
		<lastmod> 2022-08-22 17:04:46.448783 </lastmod>
	</url><url>
		<loc> https://geoconnex.us/cuahsi/his/FarmRWA/FR-F1 </loc>
		<lastmod> 2022-08-22 17:04:46.448801 </lastmod>
	</url><url>
		<loc> https://geoconnex.us/cuahsi/his/FarmRWA/FR-F2 </loc>
		<lastmod> 2022-08-22 17:04:46.448818 </lastmod>
	</url><url>
		<loc> https://geoconnex.us/cuahsi/his/FarmRWA/FR-F3 </loc>
		<lastmod> 2022-08-22 17:04:46.448834 </lastmod>
	</url><url>
		<loc> https://geoconnex.us/cuahsi/his/FarmRWA/FR-S1 </loc>
		<lastmod> 2022-08-22 17:04:46.448849 </lastmod>
	</url><url>
		<loc> https://geoconnex.us/cuahsi/his/FarmRWA/FR-S2 </loc>
		<lastmod> 2022-08-22 17:04:46.448865 </lastmod>
	</url><url>
		<loc> https://geoconnex.us/cuahsi/his/FarmRWA/FR-S3 </loc>
		<lastmod> 2022-08-22 17:04:46.448880 </lastmod>
	</url><url>
		<loc> https://geoconnex.us/cuahsi/his/FarmRWA/FR-W1 </loc>
		<lastmod> 2022-08-22 17:04:46.448895 </lastmod>
	</url><url>
		<loc> https://geoconnex.us/cuahsi/his/FarmRWA/FR-W2 </loc>
		<lastmod> 2022-08-22 17:04:46.448912 </lastmod>
	</url><url>
		<loc> https://geoconnex.us/cuahsi/his/FarmRWA/HB-S1 </loc>
		<lastmod> 2022-08-22 17:04:46.448927 </lastmod>
	</url><url>
		<loc> https://geoconnex.us/cuahsi/his/FarmRWA/MB-S1 </loc>
		<lastmod> 2022-08-22 17:04:46.448942 </lastmod>
	</url><url>
		<loc> https://geoconnex.us/cuahsi/his/FarmRWA/ML-W1 </loc>
		<lastmod> 2022-08-22 17:04:46.448957 </lastmod>
	</url><url>
		<loc> https://geoconnex.us/cuahsi/his/FarmRWA/MS-S1 </loc>
		<lastmod> 2022-08-22 17:04:46.448973 </lastmod>
	</url><url>
		<loc> https://geoconnex.us/cuahsi/his/FarmRWA/NB-A1 </loc>
		<lastmod> 2022-08-22 17:04:46.448989 </lastmod>
	</url><url>
		<loc> https://geoconnex.us/cuahsi/his/FarmRWA/PB-W1 </loc>
		<lastmod> 2022-08-22 17:04:46.449004 </lastmod>
	</url><url>
		<loc> https://geoconnex.us/cuahsi/his/FarmRWA/PR-F1 </loc>
		<lastmod> 2022-08-22 17:04:46.449020 </lastmod>
	</url><url>
		<loc> https://geoconnex.us/cuahsi/his/FarmRWA/RB-S1 </loc>
		<lastmod> 2022-08-22 17:04:46.449035 </lastmod>
	</url><url>
		<loc> https://geoconnex.us/cuahsi/his/FarmRWA/RO-F1 </loc>
		<lastmod> 2022-08-22 17:04:46.449050 </lastmod>
	</url><url>
		<loc> https://geoconnex.us/cuahsi/his/FarmRWA/SB-2 </loc>
		<lastmod> 2022-08-22 17:04:46.449066 </lastmod>
	</url><url>
		<loc> https://geoconnex.us/cuahsi/his/FarmRWA/SB-EB1 </loc>
		<lastmod> 2022-08-22 17:04:46.449081 </lastmod>
	</url><url>
		<loc> https://geoconnex.us/cuahsi/his/FarmRWA/SB-WB3 </loc>
		<lastmod> 2022-08-22 17:04:46.449097 </lastmod>
	</url><url>
		<loc> https://geoconnex.us/cuahsi/his/FarmRWA/TB-A1 </loc>
		<lastmod> 2022-08-22 17:04:46.449112 </lastmod>
	</url><url>
		<loc> https://geoconnex.us/cuahsi/his/FarmRWA/FRWA_FR-1 </loc>
		<lastmod> 2022-08-22 17:04:46.449127 </lastmod>
	</url><url>
		<loc> https://geoconnex.us/cuahsi/his/FarmRWA/FRWA_FR-2 </loc>
		<lastmod> 2022-08-22 17:04:46.449142 </lastmod>
	</url><url>
		<loc> https://geoconnex.us/cuahsi/his/FarmRWA/FRWA_FR-3 </loc>
		<lastmod> 2022-08-22 17:04:46.449158 </lastmod>
	</url><url>
		<loc> https://geoconnex.us/cuahsi/his/FarmRWA/FRWA_FR-4 </loc>
		<lastmod> 2022-08-22 17:04:46.449174 </lastmod>
	</url><url>
		<loc> https://geoconnex.us/cuahsi/his/FarmRWA/FRWA_MB-1 </loc>
		<lastmod> 2022-08-22 17:04:46.449189 </lastmod>
	</url><url>
		<loc> https://geoconnex.us/cuahsi/his/FarmRWA/FRWA_MB-2 </loc>
		<lastmod> 2022-08-22 17:04:46.449204 </lastmod>
	</url><url>
		<loc> https://geoconnex.us/cuahsi/his/FarmRWA/FRWA_MB-3 </loc>
		<lastmod> 2022-08-22 17:04:46.449219 </lastmod>
	</url><url>
		<loc> https://geoconnex.us/cuahsi/his/FarmRWA/FRWA_MR-1 </loc>
		<lastmod> 2022-08-22 17:04:46.449234 </lastmod>
	</url><url>
		<loc> https://geoconnex.us/cuahsi/his/FarmRWA/FRWA_MR-2 </loc>
		<lastmod> 2022-08-22 17:04:46.449249 </lastmod>
	</url><url>
		<loc> https://geoconnex.us/cuahsi/his/FarmRWA/FRWA_MR-3 </loc>
		<lastmod> 2022-08-22 17:04:46.449264 </lastmod>
	</url><url>
		<loc> https://geoconnex.us/cuahsi/his/FarmRWA/FRWA_MR-4 </loc>
		<lastmod> 2022-08-22 17:04:46.449280 </lastmod>
	</url><url>
		<loc> https://geoconnex.us/cuahsi/his/FarmRWA/FRWA_SR-1 </loc>
		<lastmod> 2022-08-22 17:04:46.449295 </lastmod>
	</url><url>
		<loc> https://geoconnex.us/cuahsi/his/FarmRWA/FRWA_SR-2 </loc>
		<lastmod> 2022-08-22 17:04:46.449310 </lastmod>
	</url><url>
		<loc> https://geoconnex.us/cuahsi/his/FarmRWA/FRWA_SR-3 </loc>
		<lastmod> 2022-08-22 17:04:46.449325 </lastmod>
	</url><url>
		<loc> https://geoconnex.us/cuahsi/his/FarmRWA/FRWA_SR-4 </loc>
		<lastmod> 2022-08-22 17:04:46.449340 </lastmod>
	</url></ns0:urlset>