<?xml version='1.0' encoding='utf-8'?>
<ns0:urlset xmlns:ns0="http://www.sitemaps.org/schemas/sitemap/0.9">
<url>
		<loc> https://geoconnex.us/cuahsi/his/MuddyRiver/MuddyRiver_1 </loc>
		<lastmod> 2022-08-22 17:04:37.374358 </lastmod>
	</url><url>
		<loc> https://geoconnex.us/cuahsi/his/MuddyRiver/MuddyRiver_2 </loc>
		<lastmod> 2022-08-22 17:04:37.374394 </lastmod>
	</url><url>
		<loc> https://geoconnex.us/cuahsi/his/MuddyRiver/MuddyRiver_3 </loc>
		<lastmod> 2022-08-22 17:04:37.374417 </lastmod>
	</url><url>
		<loc> https://geoconnex.us/cuahsi/his/MuddyRiver/MuddyRiver_4 </loc>
		<lastmod> 2022-08-22 17:04:37.374435 </lastmod>
	</url><url>
		<loc> https://geoconnex.us/cuahsi/his/MuddyRiver/MuddyRiver_5 </loc>
		<lastmod> 2022-08-22 17:04:37.374451 </lastmod>
	</url><url>
		<loc> https://geoconnex.us/cuahsi/his/MuddyRiver/MuddyRiver_6 </loc>
		<lastmod> 2022-08-22 17:04:37.374467 </lastmod>
	</url><url>
		<loc> https://geoconnex.us/cuahsi/his/MuddyRiver/MuddyRiver_7 </loc>
		<lastmod> 2022-08-22 17:04:37.374484 </lastmod>
	</url><url>
		<loc> https://geoconnex.us/cuahsi/his/MuddyRiver/MuddyRiver_8 </loc>
		<lastmod> 2022-08-22 17:04:37.374500 </lastmod>
	</url><url>
		<loc> https://geoconnex.us/cuahsi/his/MuddyRiver/MuddyRiver_9 </loc>
		<lastmod> 2022-08-22 17:04:37.374516 </lastmod>
	</url><url>
		<loc> https://geoconnex.us/cuahsi/his/MuddyRiver/MuddyRiver_10 </loc>
		<lastmod> 2022-08-22 17:04:37.374531 </lastmod>
	</url><url>
		<loc> https://geoconnex.us/cuahsi/his/MuddyRiver/MuddyRiver_11 </loc>
		<lastmod> 2022-08-22 17:04:37.374547 </lastmod>
	</url><url>
		<loc> https://geoconnex.us/cuahsi/his/MuddyRiver/MuddyRiver_13 </loc>
		<lastmod> 2022-08-22 17:04:37.374563 </lastmod>
	</url><url>
		<loc> https://geoconnex.us/cuahsi/his/MuddyRiver/MuddyRiver_14 </loc>
		<lastmod> 2022-08-22 17:04:37.374578 </lastmod>
	</url><url>
		<loc> https://geoconnex.us/cuahsi/his/MuddyRiver/MuddyRiver_12 </loc>
		<lastmod> 2022-08-22 17:04:37.374593 </lastmod>
	</url></ns0:urlset>