<?xml version='1.0' encoding='utf-8'?>
<ns0:urlset xmlns:ns0="http://www.sitemaps.org/schemas/sitemap/0.9">
<url>
		<loc> https://geoconnex.us/cuahsi/his/czo_luquillo/22 </loc>
		<lastmod> 2022-08-22 17:04:36.872552 </lastmod>
	</url><url>
		<loc> https://geoconnex.us/cuahsi/his/czo_luquillo/21 </loc>
		<lastmod> 2022-08-22 17:04:36.872592 </lastmod>
	</url><url>
		<loc> https://geoconnex.us/cuahsi/his/czo_luquillo/20 </loc>
		<lastmod> 2022-08-22 17:04:36.872615 </lastmod>
	</url><url>
		<loc> https://geoconnex.us/cuahsi/his/czo_luquillo/48 </loc>
		<lastmod> 2022-08-22 17:04:36.872633 </lastmod>
	</url><url>
		<loc> https://geoconnex.us/cuahsi/his/czo_luquillo/10 </loc>
		<lastmod> 2022-08-22 17:04:36.872651 </lastmod>
	</url><url>
		<loc> https://geoconnex.us/cuahsi/his/czo_luquillo/15 </loc>
		<lastmod> 2022-08-22 17:04:36.872667 </lastmod>
	</url><url>
		<loc> https://geoconnex.us/cuahsi/his/czo_luquillo/137 </loc>
		<lastmod> 2022-08-22 17:04:36.872684 </lastmod>
	</url><url>
		<loc> https://geoconnex.us/cuahsi/his/czo_luquillo/23 </loc>
		<lastmod> 2022-08-22 17:04:36.872700 </lastmod>
	</url><url>
		<loc> https://geoconnex.us/cuahsi/his/czo_luquillo/241 </loc>
		<lastmod> 2022-08-22 17:04:36.872716 </lastmod>
	</url><url>
		<loc> https://geoconnex.us/cuahsi/his/czo_luquillo/367 </loc>
		<lastmod> 2022-08-22 17:04:36.872731 </lastmod>
	</url></ns0:urlset>