<?xml version='1.0' encoding='utf-8'?>
<ns0:urlset xmlns:ns0="http://www.sitemaps.org/schemas/sitemap/0.9">
<url>
		<loc> https://geoconnex.us/cuahsi/his/Nevados/2272886 </loc>
		<lastmod> 2022-08-22 17:04:41.815137 </lastmod>
	</url><url>
		<loc> https://geoconnex.us/cuahsi/his/Nevados/2272887 </loc>
		<lastmod> 2022-08-22 17:04:41.815171 </lastmod>
	</url><url>
		<loc> https://geoconnex.us/cuahsi/his/Nevados/2272888 </loc>
		<lastmod> 2022-08-22 17:04:41.815191 </lastmod>
	</url><url>
		<loc> https://geoconnex.us/cuahsi/his/Nevados/2272889 </loc>
		<lastmod> 2022-08-22 17:04:41.815209 </lastmod>
	</url><url>
		<loc> https://geoconnex.us/cuahsi/his/Nevados/9950000 </loc>
		<lastmod> 2022-08-22 17:04:41.815225 </lastmod>
	</url><url>
		<loc> https://geoconnex.us/cuahsi/his/Nevados/10047204 </loc>
		<lastmod> 2022-08-22 17:04:41.815242 </lastmod>
	</url><url>
		<loc> https://geoconnex.us/cuahsi/his/Nevados/10170473 </loc>
		<lastmod> 2022-08-22 17:04:41.815303 </lastmod>
	</url><url>
		<loc> https://geoconnex.us/cuahsi/his/Nevados/10409121 </loc>
		<lastmod> 2022-08-22 17:04:41.815322 </lastmod>
	</url><url>
		<loc> https://geoconnex.us/cuahsi/his/Nevados/10409122 </loc>
		<lastmod> 2022-08-22 17:04:41.815338 </lastmod>
	</url><url>
		<loc> https://geoconnex.us/cuahsi/his/Nevados/10409123 </loc>
		<lastmod> 2022-08-22 17:04:41.815353 </lastmod>
	</url><url>
		<loc> https://geoconnex.us/cuahsi/his/Nevados/10170474 </loc>
		<lastmod> 2022-08-22 17:04:41.815369 </lastmod>
	</url><url>
		<loc> https://geoconnex.us/cuahsi/his/Nevados/10667797 </loc>
		<lastmod> 2022-08-22 17:04:41.815384 </lastmod>
	</url><url>
		<loc> https://geoconnex.us/cuahsi/his/Nevados/10667798 </loc>
		<lastmod> 2022-08-22 17:04:41.815399 </lastmod>
	</url><url>
		<loc> https://geoconnex.us/cuahsi/his/Nevados/10667799 </loc>
		<lastmod> 2022-08-22 17:04:41.815413 </lastmod>
	</url><url>
		<loc> https://geoconnex.us/cuahsi/his/Nevados/10790471 </loc>
		<lastmod> 2022-08-22 17:04:41.815428 </lastmod>
	</url><url>
		<loc> https://geoconnex.us/cuahsi/his/Nevados/10790472 </loc>
		<lastmod> 2022-08-22 17:04:41.815443 </lastmod>
	</url><url>
		<loc> https://geoconnex.us/cuahsi/his/Nevados/10790475 </loc>
		<lastmod> 2022-08-22 17:04:41.815458 </lastmod>
	</url><url>
		<loc> https://geoconnex.us/cuahsi/his/Nevados/10790476 </loc>
		<lastmod> 2022-08-22 17:04:41.815473 </lastmod>
	</url><url>
		<loc> https://geoconnex.us/cuahsi/his/Nevados/0000Santa_Isabel </loc>
		<lastmod> 2022-08-22 17:04:41.815488 </lastmod>
	</url><url>
		<loc> https://geoconnex.us/cuahsi/his/Nevados/2886Salto_Cueva </loc>
		<lastmod> 2022-08-22 17:04:41.815503 </lastmod>
	</url><url>
		<loc> https://geoconnex.us/cuahsi/his/Nevados/2887Microcentral </loc>
		<lastmod> 2022-08-22 17:04:41.815518 </lastmod>
	</url><url>
		<loc> https://geoconnex.us/cuahsi/his/Nevados/2888El_Cisne </loc>
		<lastmod> 2022-08-22 17:04:41.815533 </lastmod>
	</url><url>
		<loc> https://geoconnex.us/cuahsi/his/Nevados/2889Nariz_Diablo </loc>
		<lastmod> 2022-08-22 17:04:41.815548 </lastmod>
	</url><url>
		<loc> https://geoconnex.us/cuahsi/his/Nevados/09121San_Antonio </loc>
		<lastmod> 2022-08-22 17:04:41.815563 </lastmod>
	</url><url>
		<loc> https://geoconnex.us/cuahsi/his/Nevados/09122La_Fonda </loc>
		<lastmod> 2022-08-22 17:04:41.815578 </lastmod>
	</url><url>
		<loc> https://geoconnex.us/cuahsi/his/Nevados/09123La_Quinta </loc>
		<lastmod> 2022-08-22 17:04:41.815594 </lastmod>
	</url><url>
		<loc> https://geoconnex.us/cuahsi/his/Nevados/67797FincaBuenavista </loc>
		<lastmod> 2022-08-22 17:04:41.815609 </lastmod>
	</url><url>
		<loc> https://geoconnex.us/cuahsi/his/Nevados/6779898ClaroMolinos </loc>
		<lastmod> 2022-08-22 17:04:41.815624 </lastmod>
	</url><url>
		<loc> https://geoconnex.us/cuahsi/his/Nevados/67799Molinos </loc>
		<lastmod> 2022-08-22 17:04:41.815639 </lastmod>
	</url><url>
		<loc> https://geoconnex.us/cuahsi/his/Nevados/70473Valle_Quemado_1 </loc>
		<lastmod> 2022-08-22 17:04:41.815655 </lastmod>
	</url><url>
		<loc> https://geoconnex.us/cuahsi/his/Nevados/70474Valle_Quemado_2 </loc>
		<lastmod> 2022-08-22 17:04:41.815670 </lastmod>
	</url><url>
		<loc> https://geoconnex.us/cuahsi/his/Nevados/90471LosAlpes </loc>
		<lastmod> 2022-08-22 17:04:41.815685 </lastmod>
	</url><url>
		<loc> https://geoconnex.us/cuahsi/his/Nevados/90472PozoNereidas </loc>
		<lastmod> 2022-08-22 17:04:41.815700 </lastmod>
	</url><url>
		<loc> https://geoconnex.us/cuahsi/his/Nevados/90475Alfombrales </loc>
		<lastmod> 2022-08-22 17:04:41.815715 </lastmod>
	</url><url>
		<loc> https://geoconnex.us/cuahsi/his/Nevados/90476ZigZag </loc>
		<lastmod> 2022-08-22 17:04:41.815730 </lastmod>
	</url><url>
		<loc> https://geoconnex.us/cuahsi/his/Nevados/39281Lupinus_ValleyII </loc>
		<lastmod> 2022-08-22 17:04:41.815745 </lastmod>
	</url><url>
		<loc> https://geoconnex.us/cuahsi/his/Nevados/09123LaQuinta </loc>
		<lastmod> 2022-08-22 17:04:41.815760 </lastmod>
	</url></ns0:urlset>