<?xml version='1.0' encoding='utf-8'?>
<ns0:urlset xmlns:ns0="http://www.sitemaps.org/schemas/sitemap/0.9">
<url>
		<loc> https://geoconnex.us/cuahsi/his/Kansas_Weather_Data/1 </loc>
		<lastmod> 2022-08-22 17:04:41.787745 </lastmod>
	</url><url>
		<loc> https://geoconnex.us/cuahsi/his/Kansas_Weather_Data/10 </loc>
		<lastmod> 2022-08-22 17:04:41.787780 </lastmod>
	</url><url>
		<loc> https://geoconnex.us/cuahsi/his/Kansas_Weather_Data/11 </loc>
		<lastmod> 2022-08-22 17:04:41.787803 </lastmod>
	</url><url>
		<loc> https://geoconnex.us/cuahsi/his/Kansas_Weather_Data/12 </loc>
		<lastmod> 2022-08-22 17:04:41.787821 </lastmod>
	</url><url>
		<loc> https://geoconnex.us/cuahsi/his/Kansas_Weather_Data/13 </loc>
		<lastmod> 2022-08-22 17:04:41.787838 </lastmod>
	</url><url>
		<loc> https://geoconnex.us/cuahsi/his/Kansas_Weather_Data/14 </loc>
		<lastmod> 2022-08-22 17:04:41.787855 </lastmod>
	</url><url>
		<loc> https://geoconnex.us/cuahsi/his/Kansas_Weather_Data/2 </loc>
		<lastmod> 2022-08-22 17:04:41.787871 </lastmod>
	</url><url>
		<loc> https://geoconnex.us/cuahsi/his/Kansas_Weather_Data/3 </loc>
		<lastmod> 2022-08-22 17:04:41.787886 </lastmod>
	</url><url>
		<loc> https://geoconnex.us/cuahsi/his/Kansas_Weather_Data/4 </loc>
		<lastmod> 2022-08-22 17:04:41.787901 </lastmod>
	</url><url>
		<loc> https://geoconnex.us/cuahsi/his/Kansas_Weather_Data/5 </loc>
		<lastmod> 2022-08-22 17:04:41.787917 </lastmod>
	</url><url>
		<loc> https://geoconnex.us/cuahsi/his/Kansas_Weather_Data/6 </loc>
		<lastmod> 2022-08-22 17:04:41.787932 </lastmod>
	</url><url>
		<loc> https://geoconnex.us/cuahsi/his/Kansas_Weather_Data/7 </loc>
		<lastmod> 2022-08-22 17:04:41.787947 </lastmod>
	</url><url>
		<loc> https://geoconnex.us/cuahsi/his/Kansas_Weather_Data/8 </loc>
		<lastmod> 2022-08-22 17:04:41.787962 </lastmod>
	</url><url>
		<loc> https://geoconnex.us/cuahsi/his/Kansas_Weather_Data/9 </loc>
		<lastmod> 2022-08-22 17:04:41.787978 </lastmod>
	</url></ns0:urlset>