<?xml version='1.0' encoding='utf-8'?>
<ns0:urlset xmlns:ns0="http://www.sitemaps.org/schemas/sitemap/0.9">
<url>
		<loc> https://geoconnex.us/cuahsi/his/Scotland_NWIS/114632JHI_NWIS_South </loc>
		<lastmod> 2022-08-22 17:04:46.309549 </lastmod>
	</url><url>
		<loc> https://geoconnex.us/cuahsi/his/Scotland_NWIS/114645JHI_NWIS_South </loc>
		<lastmod> 2022-08-22 17:04:46.309585 </lastmod>
	</url><url>
		<loc> https://geoconnex.us/cuahsi/his/Scotland_NWIS/114672JHI_NWIS_South </loc>
		<lastmod> 2022-08-22 17:04:46.309606 </lastmod>
	</url><url>
		<loc> https://geoconnex.us/cuahsi/his/Scotland_NWIS/114701JHI_NWIS_South </loc>
		<lastmod> 2022-08-22 17:04:46.309624 </lastmod>
	</url><url>
		<loc> https://geoconnex.us/cuahsi/his/Scotland_NWIS/121084JHI_NWIS_South </loc>
		<lastmod> 2022-08-22 17:04:46.309641 </lastmod>
	</url><url>
		<loc> https://geoconnex.us/cuahsi/his/Scotland_NWIS/121105JHI_NWIS_South </loc>
		<lastmod> 2022-08-22 17:04:46.309658 </lastmod>
	</url><url>
		<loc> https://geoconnex.us/cuahsi/his/Scotland_NWIS/121117JHI_NWIS_South </loc>
		<lastmod> 2022-08-22 17:04:46.309675 </lastmod>
	</url><url>
		<loc> https://geoconnex.us/cuahsi/his/Scotland_NWIS/121157JHI_NWIS_South </loc>
		<lastmod> 2022-08-22 17:04:46.309691 </lastmod>
	</url><url>
		<loc> https://geoconnex.us/cuahsi/his/Scotland_NWIS/121207JHI_NWIS_South </loc>
		<lastmod> 2022-08-22 17:04:46.309706 </lastmod>
	</url><url>
		<loc> https://geoconnex.us/cuahsi/his/Scotland_NWIS/121228JHI_NWIS_South </loc>
		<lastmod> 2022-08-22 17:04:46.309733 </lastmod>
	</url><url>
		<loc> https://geoconnex.us/cuahsi/his/Scotland_NWIS/121255JHI_NWIS_South </loc>
		<lastmod> 2022-08-22 17:04:46.309747 </lastmod>
	</url><url>
		<loc> https://geoconnex.us/cuahsi/his/Scotland_NWIS/121317JHI_NWIS_South </loc>
		<lastmod> 2022-08-22 17:04:46.309761 </lastmod>
	</url><url>
		<loc> https://geoconnex.us/cuahsi/his/Scotland_NWIS/121402JHI_NWIS_South </loc>
		<lastmod> 2022-08-22 17:04:46.309775 </lastmod>
	</url><url>
		<loc> https://geoconnex.us/cuahsi/his/Scotland_NWIS/121456JHI_NWIS_South </loc>
		<lastmod> 2022-08-22 17:04:46.309789 </lastmod>
	</url><url>
		<loc> https://geoconnex.us/cuahsi/his/Scotland_NWIS/121541JHI_NWIS_South </loc>
		<lastmod> 2022-08-22 17:04:46.309804 </lastmod>
	</url><url>
		<loc> https://geoconnex.us/cuahsi/his/Scotland_NWIS/121552JHI_NWIS_South </loc>
		<lastmod> 2022-08-22 17:04:46.309818 </lastmod>
	</url><url>
		<loc> https://geoconnex.us/cuahsi/his/Scotland_NWIS/121572JHI_NWIS_South </loc>
		<lastmod> 2022-08-22 17:04:46.309832 </lastmod>
	</url><url>
		<loc> https://geoconnex.us/cuahsi/his/Scotland_NWIS/121582JHI_NWIS_South </loc>
		<lastmod> 2022-08-22 17:04:46.309846 </lastmod>
	</url><url>
		<loc> https://geoconnex.us/cuahsi/his/Scotland_NWIS/121587JHI_NWIS_South </loc>
		<lastmod> 2022-08-22 17:04:46.309860 </lastmod>
	</url><url>
		<loc> https://geoconnex.us/cuahsi/his/Scotland_NWIS/121600JHI_NWIS_South </loc>
		<lastmod> 2022-08-22 17:04:46.309874 </lastmod>
	</url><url>
		<loc> https://geoconnex.us/cuahsi/his/Scotland_NWIS/121641JHI_NWIS_South </loc>
		<lastmod> 2022-08-22 17:04:46.309888 </lastmod>
	</url><url>
		<loc> https://geoconnex.us/cuahsi/his/Scotland_NWIS/123252JHI_NWIS_South </loc>
		<lastmod> 2022-08-22 17:04:46.309902 </lastmod>
	</url><url>
		<loc> https://geoconnex.us/cuahsi/his/Scotland_NWIS/125528JHI_NWIS_GrdWater </loc>
		<lastmod> 2022-08-22 17:04:46.309916 </lastmod>
	</url><url>
		<loc> https://geoconnex.us/cuahsi/his/Scotland_NWIS/125530JHI_NWIS_GrdWater </loc>
		<lastmod> 2022-08-22 17:04:46.309931 </lastmod>
	</url><url>
		<loc> https://geoconnex.us/cuahsi/his/Scotland_NWIS/125539JHI_NWIS_GrdWater </loc>
		<lastmod> 2022-08-22 17:04:46.309945 </lastmod>
	</url><url>
		<loc> https://geoconnex.us/cuahsi/his/Scotland_NWIS/12918JHI_NWIS_GrdWater </loc>
		<lastmod> 2022-08-22 17:04:46.309959 </lastmod>
	</url><url>
		<loc> https://geoconnex.us/cuahsi/his/Scotland_NWIS/134152JHI_NWIS_South </loc>
		<lastmod> 2022-08-22 17:04:46.309973 </lastmod>
	</url><url>
		<loc> https://geoconnex.us/cuahsi/his/Scotland_NWIS/1542JHI_NWIS_South </loc>
		<lastmod> 2022-08-22 17:04:46.309987 </lastmod>
	</url><url>
		<loc> https://geoconnex.us/cuahsi/his/Scotland_NWIS/1560JHI_NWIS_South </loc>
		<lastmod> 2022-08-22 17:04:46.310002 </lastmod>
	</url><url>
		<loc> https://geoconnex.us/cuahsi/his/Scotland_NWIS/1574JHI_NWIS_South </loc>
		<lastmod> 2022-08-22 17:04:46.310016 </lastmod>
	</url><url>
		<loc> https://geoconnex.us/cuahsi/his/Scotland_NWIS/1615JHI_NWIS_South </loc>
		<lastmod> 2022-08-22 17:04:46.310030 </lastmod>
	</url><url>
		<loc> https://geoconnex.us/cuahsi/his/Scotland_NWIS/16454JHI_NWIS_GrdWater </loc>
		<lastmod> 2022-08-22 17:04:46.310044 </lastmod>
	</url><url>
		<loc> https://geoconnex.us/cuahsi/his/Scotland_NWIS/16461JHI_NWIS_GrdWater </loc>
		<lastmod> 2022-08-22 17:04:46.310058 </lastmod>
	</url><url>
		<loc> https://geoconnex.us/cuahsi/his/Scotland_NWIS/16494JHI_NWIS_GrdWater </loc>
		<lastmod> 2022-08-22 17:04:46.310072 </lastmod>
	</url><url>
		<loc> https://geoconnex.us/cuahsi/his/Scotland_NWIS/17066JHI_NWIS_GrdWater </loc>
		<lastmod> 2022-08-22 17:04:46.310086 </lastmod>
	</url><url>
		<loc> https://geoconnex.us/cuahsi/his/Scotland_NWIS/201567JHI_NWIS_North </loc>
		<lastmod> 2022-08-22 17:04:46.310101 </lastmod>
	</url><url>
		<loc> https://geoconnex.us/cuahsi/his/Scotland_NWIS/202310JHI_NWIS_North </loc>
		<lastmod> 2022-08-22 17:04:46.310116 </lastmod>
	</url><url>
		<loc> https://geoconnex.us/cuahsi/his/Scotland_NWIS/202311JHI_NWIS_North </loc>
		<lastmod> 2022-08-22 17:04:46.310130 </lastmod>
	</url><url>
		<loc> https://geoconnex.us/cuahsi/his/Scotland_NWIS/202312JHI_NWIS_North </loc>
		<lastmod> 2022-08-22 17:04:46.310144 </lastmod>
	</url><url>
		<loc> https://geoconnex.us/cuahsi/his/Scotland_NWIS/202313JHI_NWIS_North </loc>
		<lastmod> 2022-08-22 17:04:46.310158 </lastmod>
	</url><url>
		<loc> https://geoconnex.us/cuahsi/his/Scotland_NWIS/202314JHI_NWIS_North </loc>
		<lastmod> 2022-08-22 17:04:46.310172 </lastmod>
	</url><url>
		<loc> https://geoconnex.us/cuahsi/his/Scotland_NWIS/202897JHI_NWIS_North </loc>
		<lastmod> 2022-08-22 17:04:46.310187 </lastmod>
	</url><url>
		<loc> https://geoconnex.us/cuahsi/his/Scotland_NWIS/202898JHI_NWIS_North </loc>
		<lastmod> 2022-08-22 17:04:46.310200 </lastmod>
	</url><url>
		<loc> https://geoconnex.us/cuahsi/his/Scotland_NWIS/203301JHI_NWIS_North </loc>
		<lastmod> 2022-08-22 17:04:46.310214 </lastmod>
	</url><url>
		<loc> https://geoconnex.us/cuahsi/his/Scotland_NWIS/203302JHI_NWIS_North </loc>
		<lastmod> 2022-08-22 17:04:46.310228 </lastmod>
	</url><url>
		<loc> https://geoconnex.us/cuahsi/his/Scotland_NWIS/203751JHI_NWIS_North </loc>
		<lastmod> 2022-08-22 17:04:46.310242 </lastmod>
	</url><url>
		<loc> https://geoconnex.us/cuahsi/his/Scotland_NWIS/203862JHI_NWIS_North </loc>
		<lastmod> 2022-08-22 17:04:46.310256 </lastmod>
	</url><url>
		<loc> https://geoconnex.us/cuahsi/his/Scotland_NWIS/204514JHI_NWIS_North </loc>
		<lastmod> 2022-08-22 17:04:46.310270 </lastmod>
	</url><url>
		<loc> https://geoconnex.us/cuahsi/his/Scotland_NWIS/204561JHI_NWIS_North </loc>
		<lastmod> 2022-08-22 17:04:46.310284 </lastmod>
	</url><url>
		<loc> https://geoconnex.us/cuahsi/his/Scotland_NWIS/204602JHI_NWIS_North </loc>
		<lastmod> 2022-08-22 17:04:46.310298 </lastmod>
	</url><url>
		<loc> https://geoconnex.us/cuahsi/his/Scotland_NWIS/205047JHI_NWIS_North </loc>
		<lastmod> 2022-08-22 17:04:46.310312 </lastmod>
	</url><url>
		<loc> https://geoconnex.us/cuahsi/his/Scotland_NWIS/205148JHI_NWIS_North </loc>
		<lastmod> 2022-08-22 17:04:46.310326 </lastmod>
	</url><url>
		<loc> https://geoconnex.us/cuahsi/his/Scotland_NWIS/205208JHI_NWIS_North </loc>
		<lastmod> 2022-08-22 17:04:46.310339 </lastmod>
	</url><url>
		<loc> https://geoconnex.us/cuahsi/his/Scotland_NWIS/205210JHI_NWIS_North </loc>
		<lastmod> 2022-08-22 17:04:46.310353 </lastmod>
	</url><url>
		<loc> https://geoconnex.us/cuahsi/his/Scotland_NWIS/205223JHI_NWIS_North </loc>
		<lastmod> 2022-08-22 17:04:46.310367 </lastmod>
	</url><url>
		<loc> https://geoconnex.us/cuahsi/his/Scotland_NWIS/205225JHI_NWIS_North </loc>
		<lastmod> 2022-08-22 17:04:46.310381 </lastmod>
	</url><url>
		<loc> https://geoconnex.us/cuahsi/his/Scotland_NWIS/205703JHI_NWIS_North </loc>
		<lastmod> 2022-08-22 17:04:46.310395 </lastmod>
	</url><url>
		<loc> https://geoconnex.us/cuahsi/his/Scotland_NWIS/205978JHI_NWIS_GrdWater </loc>
		<lastmod> 2022-08-22 17:04:46.310409 </lastmod>
	</url><url>
		<loc> https://geoconnex.us/cuahsi/his/Scotland_NWIS/206010JHI_NWIS_GrdWater </loc>
		<lastmod> 2022-08-22 17:04:46.310423 </lastmod>
	</url><url>
		<loc> https://geoconnex.us/cuahsi/his/Scotland_NWIS/233005JHI_NWIS_GrdWater </loc>
		<lastmod> 2022-08-22 17:04:46.310437 </lastmod>
	</url><url>
		<loc> https://geoconnex.us/cuahsi/his/Scotland_NWIS/301825JHI_NWIS_North </loc>
		<lastmod> 2022-08-22 17:04:46.310451 </lastmod>
	</url><url>
		<loc> https://geoconnex.us/cuahsi/his/Scotland_NWIS/305538JHI_NWIS_GrdWater </loc>
		<lastmod> 2022-08-22 17:04:46.310465 </lastmod>
	</url><url>
		<loc> https://geoconnex.us/cuahsi/his/Scotland_NWIS/322700JHI_NWIS_GrdWater </loc>
		<lastmod> 2022-08-22 17:04:46.310479 </lastmod>
	</url><url>
		<loc> https://geoconnex.us/cuahsi/his/Scotland_NWIS/326656JHI_NWIS_GrdWater </loc>
		<lastmod> 2022-08-22 17:04:46.310493 </lastmod>
	</url><url>
		<loc> https://geoconnex.us/cuahsi/his/Scotland_NWIS/334234JHI_NWIS_GrdWater </loc>
		<lastmod> 2022-08-22 17:04:46.310507 </lastmod>
	</url><url>
		<loc> https://geoconnex.us/cuahsi/his/Scotland_NWIS/334752JHI_NWIS_GrdWater </loc>
		<lastmod> 2022-08-22 17:04:46.310521 </lastmod>
	</url><url>
		<loc> https://geoconnex.us/cuahsi/his/Scotland_NWIS/335781JHI_NWIS_GrdWater </loc>
		<lastmod> 2022-08-22 17:04:46.310534 </lastmod>
	</url><url>
		<loc> https://geoconnex.us/cuahsi/his/Scotland_NWIS/336840JHI_NWIS_GrdWater </loc>
		<lastmod> 2022-08-22 17:04:46.310548 </lastmod>
	</url><url>
		<loc> https://geoconnex.us/cuahsi/his/Scotland_NWIS/337736JHI_NWIS_GrdWater </loc>
		<lastmod> 2022-08-22 17:04:46.310562 </lastmod>
	</url><url>
		<loc> https://geoconnex.us/cuahsi/his/Scotland_NWIS/338297JHI_NWIS_GrdWater </loc>
		<lastmod> 2022-08-22 17:04:46.310576 </lastmod>
	</url><url>
		<loc> https://geoconnex.us/cuahsi/his/Scotland_NWIS/340586JHI_NWIS_GrdWater </loc>
		<lastmod> 2022-08-22 17:04:46.310590 </lastmod>
	</url><url>
		<loc> https://geoconnex.us/cuahsi/his/Scotland_NWIS/3415JHI_NWIS_South </loc>
		<lastmod> 2022-08-22 17:04:46.310604 </lastmod>
	</url><url>
		<loc> https://geoconnex.us/cuahsi/his/Scotland_NWIS/342JHI_NWIS_South </loc>
		<lastmod> 2022-08-22 17:04:46.310617 </lastmod>
	</url><url>
		<loc> https://geoconnex.us/cuahsi/his/Scotland_NWIS/345069JHI_NWIS_GrdWater </loc>
		<lastmod> 2022-08-22 17:04:46.310632 </lastmod>
	</url><url>
		<loc> https://geoconnex.us/cuahsi/his/Scotland_NWIS/349617JHI_NWIS_South </loc>
		<lastmod> 2022-08-22 17:04:46.310646 </lastmod>
	</url><url>
		<loc> https://geoconnex.us/cuahsi/his/Scotland_NWIS/365224JHI_NWIS_GrdWater </loc>
		<lastmod> 2022-08-22 17:04:46.310660 </lastmod>
	</url><url>
		<loc> https://geoconnex.us/cuahsi/his/Scotland_NWIS/459911JHI_NWIS_GrdWater </loc>
		<lastmod> 2022-08-22 17:04:46.310674 </lastmod>
	</url><url>
		<loc> https://geoconnex.us/cuahsi/his/Scotland_NWIS/4638JHI_NWIS_South </loc>
		<lastmod> 2022-08-22 17:04:46.310688 </lastmod>
	</url><url>
		<loc> https://geoconnex.us/cuahsi/his/Scotland_NWIS/467JHI_NWIS_South </loc>
		<lastmod> 2022-08-22 17:04:46.310702 </lastmod>
	</url><url>
		<loc> https://geoconnex.us/cuahsi/his/Scotland_NWIS/470268JHI_NWIS_GrdWater </loc>
		<lastmod> 2022-08-22 17:04:46.310716 </lastmod>
	</url><url>
		<loc> https://geoconnex.us/cuahsi/his/Scotland_NWIS/472141JHI_NWIS_GrdWater </loc>
		<lastmod> 2022-08-22 17:04:46.310730 </lastmod>
	</url><url>
		<loc> https://geoconnex.us/cuahsi/his/Scotland_NWIS/472346JHI_NWIS_GrdWater </loc>
		<lastmod> 2022-08-22 17:04:46.310744 </lastmod>
	</url><url>
		<loc> https://geoconnex.us/cuahsi/his/Scotland_NWIS/536JHI_NWIS_South </loc>
		<lastmod> 2022-08-22 17:04:46.310758 </lastmod>
	</url><url>
		<loc> https://geoconnex.us/cuahsi/his/Scotland_NWIS/635JHI_NWIS_South </loc>
		<lastmod> 2022-08-22 17:04:46.310772 </lastmod>
	</url><url>
		<loc> https://geoconnex.us/cuahsi/his/Scotland_NWIS/676JHI_NWIS_South </loc>
		<lastmod> 2022-08-22 17:04:46.310785 </lastmod>
	</url><url>
		<loc> https://geoconnex.us/cuahsi/his/Scotland_NWIS/7651JHI_NWIS_North </loc>
		<lastmod> 2022-08-22 17:04:46.310799 </lastmod>
	</url><url>
		<loc> https://geoconnex.us/cuahsi/his/Scotland_NWIS/7762JHI_NWIS_North </loc>
		<lastmod> 2022-08-22 17:04:46.310814 </lastmod>
	</url><url>
		<loc> https://geoconnex.us/cuahsi/his/Scotland_NWIS/7817JHI_NWIS_GrdWater </loc>
		<lastmod> 2022-08-22 17:04:46.310828 </lastmod>
	</url><url>
		<loc> https://geoconnex.us/cuahsi/his/Scotland_NWIS/7989JHI_NWIS_North </loc>
		<lastmod> 2022-08-22 17:04:46.310842 </lastmod>
	</url><url>
		<loc> https://geoconnex.us/cuahsi/his/Scotland_NWIS/8175JHI_NWIS_South </loc>
		<lastmod> 2022-08-22 17:04:46.310856 </lastmod>
	</url><url>
		<loc> https://geoconnex.us/cuahsi/his/Scotland_NWIS/8321JHI_NWIS_North </loc>
		<lastmod> 2022-08-22 17:04:46.310870 </lastmod>
	</url><url>
		<loc> https://geoconnex.us/cuahsi/his/Scotland_NWIS/8811JHI_NWIS_North </loc>
		<lastmod> 2022-08-22 17:04:46.310884 </lastmod>
	</url><url>
		<loc> https://geoconnex.us/cuahsi/his/Scotland_NWIS/9422JHI_NWIS_South </loc>
		<lastmod> 2022-08-22 17:04:46.310898 </lastmod>
	</url><url>
		<loc> https://geoconnex.us/cuahsi/his/Scotland_NWIS/9457JHI_NWIS_South </loc>
		<lastmod> 2022-08-22 17:04:46.310912 </lastmod>
	</url><url>
		<loc> https://geoconnex.us/cuahsi/his/Scotland_NWIS/9514JHI_NWIS_South </loc>
		<lastmod> 2022-08-22 17:04:46.310926 </lastmod>
	</url><url>
		<loc> https://geoconnex.us/cuahsi/his/Scotland_NWIS/010102JHI </loc>
		<lastmod> 2022-08-22 17:04:46.310940 </lastmod>
	</url><url>
		<loc> https://geoconnex.us/cuahsi/his/Scotland_NWIS/010114JHI </loc>
		<lastmod> 2022-08-22 17:04:46.310954 </lastmod>
	</url><url>
		<loc> https://geoconnex.us/cuahsi/his/Scotland_NWIS/010128JHI </loc>
		<lastmod> 2022-08-22 17:04:46.310968 </lastmod>
	</url><url>
		<loc> https://geoconnex.us/cuahsi/his/Scotland_NWIS/010129JHI </loc>
		<lastmod> 2022-08-22 17:04:46.310981 </lastmod>
	</url><url>
		<loc> https://geoconnex.us/cuahsi/his/Scotland_NWIS/010130JHI </loc>
		<lastmod> 2022-08-22 17:04:46.310995 </lastmod>
	</url><url>
		<loc> https://geoconnex.us/cuahsi/his/Scotland_NWIS/010131JHI </loc>
		<lastmod> 2022-08-22 17:04:46.311009 </lastmod>
	</url></ns0:urlset>