<?xml version='1.0' encoding='utf-8'?>
<ns0:urlset xmlns:ns0="http://www.sitemaps.org/schemas/sitemap/0.9">
<url>
		<loc> https://geoconnex.us/cuahsi/his/Provo_River_GAMUT/PR_BD_C </loc>
		<lastmod> 2022-08-22 17:04:41.557263 </lastmod>
	</url><url>
		<loc> https://geoconnex.us/cuahsi/his/Provo_River_GAMUT/PR_BJ_AA </loc>
		<lastmod> 2022-08-22 17:04:41.557298 </lastmod>
	</url><url>
		<loc> https://geoconnex.us/cuahsi/his/Provo_River_GAMUT/PR_TL_C </loc>
		<lastmod> 2022-08-22 17:04:41.557320 </lastmod>
	</url><url>
		<loc> https://geoconnex.us/cuahsi/his/Provo_River_GAMUT/PR_CH_CUWCD </loc>
		<lastmod> 2022-08-22 17:04:41.557338 </lastmod>
	</url><url>
		<loc> https://geoconnex.us/cuahsi/his/Provo_River_GAMUT/PR_UM_CUWCD </loc>
		<lastmod> 2022-08-22 17:04:41.557356 </lastmod>
	</url><url>
		<loc> https://geoconnex.us/cuahsi/his/Provo_River_GAMUT/PR_BJ_CUWCD </loc>
		<lastmod> 2022-08-22 17:04:41.557373 </lastmod>
	</url><url>
		<loc> https://geoconnex.us/cuahsi/his/Provo_River_GAMUT/PR_CH_AA </loc>
		<lastmod> 2022-08-22 17:04:41.557389 </lastmod>
	</url><url>
		<loc> https://geoconnex.us/cuahsi/his/Provo_River_GAMUT/PR_LM_BA </loc>
		<lastmod> 2022-08-22 17:04:41.557405 </lastmod>
	</url><url>
		<loc> https://geoconnex.us/cuahsi/his/Provo_River_GAMUT/PR_TC_CUWCD </loc>
		<lastmod> 2022-08-22 17:04:41.557425 </lastmod>
	</url><url>
		<loc> https://geoconnex.us/cuahsi/his/Provo_River_GAMUT/PR_CH_C </loc>
		<lastmod> 2022-08-22 17:04:41.557441 </lastmod>
	</url><url>
		<loc> https://geoconnex.us/cuahsi/his/Provo_River_GAMUT/PR_ST_C </loc>
		<lastmod> 2022-08-22 17:04:41.557457 </lastmod>
	</url><url>
		<loc> https://geoconnex.us/cuahsi/his/Provo_River_GAMUT/PR_ST_BA </loc>
		<lastmod> 2022-08-22 17:04:41.557472 </lastmod>
	</url><url>
		<loc> https://geoconnex.us/cuahsi/his/Provo_River_GAMUT/PR_KM_B </loc>
		<lastmod> 2022-08-22 17:04:41.557487 </lastmod>
	</url><url>
		<loc> https://geoconnex.us/cuahsi/his/Provo_River_GAMUT/PR_YL_R </loc>
		<lastmod> 2022-08-22 17:04:41.557502 </lastmod>
	</url><url>
		<loc> https://geoconnex.us/cuahsi/his/Provo_River_GAMUT/PR_SageCreek_canal </loc>
		<lastmod> 2022-08-22 17:04:41.557517 </lastmod>
	</url><url>
		<loc> https://geoconnex.us/cuahsi/his/Provo_River_GAMUT/PR_Flood_canal </loc>
		<lastmod> 2022-08-22 17:04:41.557533 </lastmod>
	</url><url>
		<loc> https://geoconnex.us/cuahsi/his/Provo_River_GAMUT/PR_WD_BA </loc>
		<lastmod> 2022-08-22 17:04:41.557548 </lastmod>
	</url><url>
		<loc> https://geoconnex.us/cuahsi/his/Provo_River_GAMUT/PR_WD_USGS </loc>
		<lastmod> 2022-08-22 17:04:41.557563 </lastmod>
	</url><url>
		<loc> https://geoconnex.us/cuahsi/his/Provo_River_GAMUT/PR_RW_A </loc>
		<lastmod> 2022-08-22 17:04:41.557579 </lastmod>
	</url><url>
		<loc> https://geoconnex.us/cuahsi/his/Provo_River_GAMUT/PR_HD_AA </loc>
		<lastmod> 2022-08-22 17:04:41.557594 </lastmod>
	</url><url>
		<loc> https://geoconnex.us/cuahsi/his/Provo_River_GAMUT/PR_HD_USGS </loc>
		<lastmod> 2022-08-22 17:04:41.557609 </lastmod>
	</url></ns0:urlset>