<?xml version='1.0' encoding='utf-8'?>
<ns0:urlset xmlns:ns0="http://www.sitemaps.org/schemas/sitemap/0.9">
<url>
		<loc> https://geoconnex.us/cuahsi/his/Nooksack_Microclimate_Network/NFN1 </loc>
		<lastmod> 2022-08-22 17:04:41.810281 </lastmod>
	</url><url>
		<loc> https://geoconnex.us/cuahsi/his/Nooksack_Microclimate_Network/NFN3 </loc>
		<lastmod> 2022-08-22 17:04:41.810315 </lastmod>
	</url><url>
		<loc> https://geoconnex.us/cuahsi/his/Nooksack_Microclimate_Network/NFN4 </loc>
		<lastmod> 2022-08-22 17:04:41.810337 </lastmod>
	</url><url>
		<loc> https://geoconnex.us/cuahsi/his/Nooksack_Microclimate_Network/NFN5 </loc>
		<lastmod> 2022-08-22 17:04:41.810356 </lastmod>
	</url><url>
		<loc> https://geoconnex.us/cuahsi/his/Nooksack_Microclimate_Network/NFN6 </loc>
		<lastmod> 2022-08-22 17:04:41.810373 </lastmod>
	</url><url>
		<loc> https://geoconnex.us/cuahsi/his/Nooksack_Microclimate_Network/NFN7 </loc>
		<lastmod> 2022-08-22 17:04:41.810389 </lastmod>
	</url></ns0:urlset>