<?xml version='1.0' encoding='utf-8'?>
<ns0:urlset xmlns:ns0="http://www.sitemaps.org/schemas/sitemap/0.9">
<url>
		<loc> https://geoconnex.us/cuahsi/his/IEER_at_Wilkes_University/Apal </loc>
		<lastmod> 2022-08-22 17:04:36.927476 </lastmod>
	</url><url>
		<loc> https://geoconnex.us/cuahsi/his/IEER_at_Wilkes_University/BAKR0.1 </loc>
		<lastmod> 2022-08-22 17:04:36.927512 </lastmod>
	</url><url>
		<loc> https://geoconnex.us/cuahsi/his/IEER_at_Wilkes_University/Baldwin </loc>
		<lastmod> 2022-08-22 17:04:36.927534 </lastmod>
	</url><url>
		<loc> https://geoconnex.us/cuahsi/his/IEER_at_Wilkes_University/BLOC </loc>
		<lastmod> 2022-08-22 17:04:36.927553 </lastmod>
	</url><url>
		<loc> https://geoconnex.us/cuahsi/his/IEER_at_Wilkes_University/BOBS </loc>
		<lastmod> 2022-08-22 17:04:36.927570 </lastmod>
	</url><url>
		<loc> https://geoconnex.us/cuahsi/his/IEER_at_Wilkes_University/BOWN </loc>
		<lastmod> 2022-08-22 17:04:36.927586 </lastmod>
	</url><url>
		<loc> https://geoconnex.us/cuahsi/his/IEER_at_Wilkes_University/CANA </loc>
		<lastmod> 2022-08-22 17:04:36.927603 </lastmod>
	</url><url>
		<loc> https://geoconnex.us/cuahsi/his/IEER_at_Wilkes_University/Catatonk </loc>
		<lastmod> 2022-08-22 17:04:36.927619 </lastmod>
	</url><url>
		<loc> https://geoconnex.us/cuahsi/his/IEER_at_Wilkes_University/Cherry </loc>
		<lastmod> 2022-08-22 17:04:36.927635 </lastmod>
	</url><url>
		<loc> https://geoconnex.us/cuahsi/his/IEER_at_Wilkes_University/CHEST </loc>
		<lastmod> 2022-08-22 17:04:36.927651 </lastmod>
	</url><url>
		<loc> https://geoconnex.us/cuahsi/his/IEER_at_Wilkes_University/CHOC </loc>
		<lastmod> 2022-08-22 17:04:36.927667 </lastmod>
	</url><url>
		<loc> https://geoconnex.us/cuahsi/his/IEER_at_Wilkes_University/CROK </loc>
		<lastmod> 2022-08-22 17:04:36.927683 </lastmod>
	</url><url>
		<loc> https://geoconnex.us/cuahsi/his/IEER_at_Wilkes_University/Driftwood </loc>
		<lastmod> 2022-08-22 17:04:36.927698 </lastmod>
	</url><url>
		<loc> https://geoconnex.us/cuahsi/his/IEER_at_Wilkes_University/East_Fork </loc>
		<lastmod> 2022-08-22 17:04:36.927713 </lastmod>
	</url><url>
		<loc> https://geoconnex.us/cuahsi/his/IEER_at_Wilkes_University/EBFC </loc>
		<lastmod> 2022-08-22 17:04:36.927728 </lastmod>
	</url><url>
		<loc> https://geoconnex.us/cuahsi/his/IEER_at_Wilkes_University/ELKR </loc>
		<lastmod> 2022-08-22 17:04:36.927744 </lastmod>
	</url><url>
		<loc> https://geoconnex.us/cuahsi/his/IEER_at_Wilkes_University/Grays </loc>
		<lastmod> 2022-08-22 17:04:36.927759 </lastmod>
	</url><url>
		<loc> https://geoconnex.us/cuahsi/his/IEER_at_Wilkes_University/HAMM </loc>
		<lastmod> 2022-08-22 17:04:36.927775 </lastmod>
	</url><url>
		<loc> https://geoconnex.us/cuahsi/his/IEER_at_Wilkes_University/Hicks </loc>
		<lastmod> 2022-08-22 17:04:36.927790 </lastmod>
	</url><url>
		<loc> https://geoconnex.us/cuahsi/his/IEER_at_Wilkes_University/Hunts </loc>
		<lastmod> 2022-08-22 17:04:36.927805 </lastmod>
	</url><url>
		<loc> https://geoconnex.us/cuahsi/his/IEER_at_Wilkes_University/Kettle </loc>
		<lastmod> 2022-08-22 17:04:36.927820 </lastmod>
	</url><url>
		<loc> https://geoconnex.us/cuahsi/his/IEER_at_Wilkes_University/Kitchen </loc>
		<lastmod> 2022-08-22 17:04:36.927836 </lastmod>
	</url><url>
		<loc> https://geoconnex.us/cuahsi/his/IEER_at_Wilkes_University/LACK </loc>
		<lastmod> 2022-08-22 17:04:36.927851 </lastmod>
	</url><url>
		<loc> https://geoconnex.us/cuahsi/his/IEER_at_Wilkes_University/LARR </loc>
		<lastmod> 2022-08-22 17:04:36.927866 </lastmod>
	</url><url>
		<loc> https://geoconnex.us/cuahsi/his/IEER_at_Wilkes_University/LCLF0.1 </loc>
		<lastmod> 2022-08-22 17:04:36.927882 </lastmod>
	</url><url>
		<loc> https://geoconnex.us/cuahsi/his/IEER_at_Wilkes_University/LMEHOOP </loc>
		<lastmod> 2022-08-22 17:04:36.927897 </lastmod>
	</url><url>
		<loc> https://geoconnex.us/cuahsi/his/IEER_at_Wilkes_University/LMUN </loc>
		<lastmod> 2022-08-22 17:04:36.927912 </lastmod>
	</url><url>
		<loc> https://geoconnex.us/cuahsi/his/IEER_at_Wilkes_University/Long </loc>
		<lastmod> 2022-08-22 17:04:36.927928 </lastmod>
	</url><url>
		<loc> https://geoconnex.us/cuahsi/his/IEER_at_Wilkes_University/LPIN0.2 </loc>
		<lastmod> 2022-08-22 17:04:36.927943 </lastmod>
	</url><url>
		<loc> https://geoconnex.us/cuahsi/his/IEER_at_Wilkes_University/LYSK5.0 </loc>
		<lastmod> 2022-08-22 17:04:36.927958 </lastmod>
	</url><url>
		<loc> https://geoconnex.us/cuahsi/his/IEER_at_Wilkes_University/MARS </loc>
		<lastmod> 2022-08-22 17:04:36.927973 </lastmod>
	</url><url>
		<loc> https://geoconnex.us/cuahsi/his/IEER_at_Wilkes_University/Marsh_Tioga </loc>
		<lastmod> 2022-08-22 17:04:36.927989 </lastmod>
	</url><url>
		<loc> https://geoconnex.us/cuahsi/his/IEER_at_Wilkes_University/MESH </loc>
		<lastmod> 2022-08-22 17:04:36.928004 </lastmod>
	</url><url>
		<loc> https://geoconnex.us/cuahsi/his/IEER_at_Wilkes_University/Moose </loc>
		<lastmod> 2022-08-22 17:04:36.928020 </lastmod>
	</url><url>
		<loc> https://geoconnex.us/cuahsi/his/IEER_at_Wilkes_University/Nanticoke </loc>
		<lastmod> 2022-08-22 17:04:36.928035 </lastmod>
	</url><url>
		<loc> https://geoconnex.us/cuahsi/his/IEER_at_Wilkes_University/Ninemile </loc>
		<lastmod> 2022-08-22 17:04:36.928087 </lastmod>
	</url><url>
		<loc> https://geoconnex.us/cuahsi/his/IEER_at_Wilkes_University/Pine_Blackwell </loc>
		<lastmod> 2022-08-22 17:04:36.928103 </lastmod>
	</url><url>
		<loc> https://geoconnex.us/cuahsi/his/IEER_at_Wilkes_University/Portage </loc>
		<lastmod> 2022-08-22 17:04:36.928118 </lastmod>
	</url><url>
		<loc> https://geoconnex.us/cuahsi/his/IEER_at_Wilkes_University/Sangerfield </loc>
		<lastmod> 2022-08-22 17:04:36.928134 </lastmod>
	</url><url>
		<loc> https://geoconnex.us/cuahsi/his/IEER_at_Wilkes_University/SBTK </loc>
		<lastmod> 2022-08-22 17:04:36.928150 </lastmod>
	</url><url>
		<loc> https://geoconnex.us/cuahsi/his/IEER_at_Wilkes_University/SING_0.9 </loc>
		<lastmod> 2022-08-22 17:04:36.928165 </lastmod>
	</url><url>
		<loc> https://geoconnex.us/cuahsi/his/IEER_at_Wilkes_University/SNAK </loc>
		<lastmod> 2022-08-22 17:04:36.928181 </lastmod>
	</url><url>
		<loc> https://geoconnex.us/cuahsi/his/IEER_at_Wilkes_University/STAR </loc>
		<lastmod> 2022-08-22 17:04:36.928196 </lastmod>
	</url><url>
		<loc> https://geoconnex.us/cuahsi/his/IEER_at_Wilkes_University/Sugar_Run </loc>
		<lastmod> 2022-08-22 17:04:36.928212 </lastmod>
	</url><url>
		<loc> https://geoconnex.us/cuahsi/his/IEER_at_Wilkes_University/SUGR </loc>
		<lastmod> 2022-08-22 17:04:36.928227 </lastmod>
	</url><url>
		<loc> https://geoconnex.us/cuahsi/his/IEER_at_Wilkes_University/TIOG </loc>
		<lastmod> 2022-08-22 17:04:36.928243 </lastmod>
	</url><url>
		<loc> https://geoconnex.us/cuahsi/his/IEER_at_Wilkes_University/TOMJ </loc>
		<lastmod> 2022-08-22 17:04:36.928259 </lastmod>
	</url><url>
		<loc> https://geoconnex.us/cuahsi/his/IEER_at_Wilkes_University/TROT </loc>
		<lastmod> 2022-08-22 17:04:36.928274 </lastmod>
	</url><url>
		<loc> https://geoconnex.us/cuahsi/his/IEER_at_Wilkes_University/Trout_Brook </loc>
		<lastmod> 2022-08-22 17:04:36.928290 </lastmod>
	</url><url>
		<loc> https://geoconnex.us/cuahsi/his/IEER_at_Wilkes_University/Tuscarora </loc>
		<lastmod> 2022-08-22 17:04:36.928305 </lastmod>
	</url><url>
		<loc> https://geoconnex.us/cuahsi/his/IEER_at_Wilkes_University/Upper_Pine </loc>
		<lastmod> 2022-08-22 17:04:36.928321 </lastmod>
	</url><url>
		<loc> https://geoconnex.us/cuahsi/his/IEER_at_Wilkes_University/WAPP </loc>
		<lastmod> 2022-08-22 17:04:36.928336 </lastmod>
	</url><url>
		<loc> https://geoconnex.us/cuahsi/his/IEER_at_Wilkes_University/WB_SUS </loc>
		<lastmod> 2022-08-22 17:04:36.928351 </lastmod>
	</url><url>
		<loc> https://geoconnex.us/cuahsi/his/IEER_at_Wilkes_University/WEST2.0 </loc>
		<lastmod> 2022-08-22 17:04:36.928367 </lastmod>
	</url><url>
		<loc> https://geoconnex.us/cuahsi/his/IEER_at_Wilkes_University/WPIN </loc>
		<lastmod> 2022-08-22 17:04:36.928382 </lastmod>
	</url><url>
		<loc> https://geoconnex.us/cuahsi/his/IEER_at_Wilkes_University/YGWO4.5 </loc>
		<lastmod> 2022-08-22 17:04:36.928398 </lastmod>
	</url></ns0:urlset>