<?xml version='1.0' encoding='utf-8'?>
<ns0:urlset xmlns:ns0="http://www.sitemaps.org/schemas/sitemap/0.9">
<url>
		<loc> https://geoconnex.us/cuahsi/his/MWRA/36 </loc>
		<lastmod> 2022-08-22 17:04:41.805224 </lastmod>
	</url><url>
		<loc> https://geoconnex.us/cuahsi/his/MWRA/48 </loc>
		<lastmod> 2022-08-22 17:04:41.805260 </lastmod>
	</url><url>
		<loc> https://geoconnex.us/cuahsi/his/MWRA/38 </loc>
		<lastmod> 2022-08-22 17:04:41.805281 </lastmod>
	</url><url>
		<loc> https://geoconnex.us/cuahsi/his/MWRA/54 </loc>
		<lastmod> 2022-08-22 17:04:41.805300 </lastmod>
	</url><url>
		<loc> https://geoconnex.us/cuahsi/his/MWRA/42 </loc>
		<lastmod> 2022-08-22 17:04:41.805316 </lastmod>
	</url><url>
		<loc> https://geoconnex.us/cuahsi/his/MWRA/41 </loc>
		<lastmod> 2022-08-22 17:04:41.805332 </lastmod>
	</url><url>
		<loc> https://geoconnex.us/cuahsi/his/MWRA/40 </loc>
		<lastmod> 2022-08-22 17:04:41.805358 </lastmod>
	</url><url>
		<loc> https://geoconnex.us/cuahsi/his/MWRA/39 </loc>
		<lastmod> 2022-08-22 17:04:41.805373 </lastmod>
	</url><url>
		<loc> https://geoconnex.us/cuahsi/his/MWRA/33 </loc>
		<lastmod> 2022-08-22 17:04:41.805404 </lastmod>
	</url><url>
		<loc> https://geoconnex.us/cuahsi/his/MWRA/14 </loc>
		<lastmod> 2022-08-22 17:04:41.805420 </lastmod>
	</url><url>
		<loc> https://geoconnex.us/cuahsi/his/MWRA/15 </loc>
		<lastmod> 2022-08-22 17:04:41.805435 </lastmod>
	</url><url>
		<loc> https://geoconnex.us/cuahsi/his/MWRA/19 </loc>
		<lastmod> 2022-08-22 17:04:41.805450 </lastmod>
	</url><url>
		<loc> https://geoconnex.us/cuahsi/his/MWRA/22 </loc>
		<lastmod> 2022-08-22 17:04:41.805466 </lastmod>
	</url><url>
		<loc> https://geoconnex.us/cuahsi/his/MWRA/24 </loc>
		<lastmod> 2022-08-22 17:04:41.805480 </lastmod>
	</url><url>
		<loc> https://geoconnex.us/cuahsi/his/MWRA/44 </loc>
		<lastmod> 2022-08-22 17:04:41.805495 </lastmod>
	</url><url>
		<loc> https://geoconnex.us/cuahsi/his/MWRA/47 </loc>
		<lastmod> 2022-08-22 17:04:41.805510 </lastmod>
	</url><url>
		<loc> https://geoconnex.us/cuahsi/his/MWRA/50 </loc>
		<lastmod> 2022-08-22 17:04:41.805525 </lastmod>
	</url><url>
		<loc> https://geoconnex.us/cuahsi/his/MWRA/18 </loc>
		<lastmod> 2022-08-22 17:04:41.805540 </lastmod>
	</url><url>
		<loc> https://geoconnex.us/cuahsi/his/MWRA/65 </loc>
		<lastmod> 2022-08-22 17:04:41.805555 </lastmod>
	</url><url>
		<loc> https://geoconnex.us/cuahsi/his/MWRA/27 </loc>
		<lastmod> 2022-08-22 17:04:41.805581 </lastmod>
	</url><url>
		<loc> https://geoconnex.us/cuahsi/his/MWRA/52 </loc>
		<lastmod> 2022-08-22 17:04:41.805595 </lastmod>
	</url><url>
		<loc> https://geoconnex.us/cuahsi/his/MWRA/69 </loc>
		<lastmod> 2022-08-22 17:04:41.805609 </lastmod>
	</url><url>
		<loc> https://geoconnex.us/cuahsi/his/MWRA/75 </loc>
		<lastmod> 2022-08-22 17:04:41.805623 </lastmod>
	</url><url>
		<loc> https://geoconnex.us/cuahsi/his/MWRA/77 </loc>
		<lastmod> 2022-08-22 17:04:41.805636 </lastmod>
	</url><url>
		<loc> https://geoconnex.us/cuahsi/his/MWRA/79 </loc>
		<lastmod> 2022-08-22 17:04:41.805650 </lastmod>
	</url><url>
		<loc> https://geoconnex.us/cuahsi/his/MWRA/80 </loc>
		<lastmod> 2022-08-22 17:04:41.805664 </lastmod>
	</url><url>
		<loc> https://geoconnex.us/cuahsi/his/MWRA/81 </loc>
		<lastmod> 2022-08-22 17:04:41.805696 </lastmod>
	</url><url>
		<loc> https://geoconnex.us/cuahsi/his/MWRA/82 </loc>
		<lastmod> 2022-08-22 17:04:41.805711 </lastmod>
	</url><url>
		<loc> https://geoconnex.us/cuahsi/his/MWRA/84 </loc>
		<lastmod> 2022-08-22 17:04:41.805726 </lastmod>
	</url><url>
		<loc> https://geoconnex.us/cuahsi/his/MWRA/89 </loc>
		<lastmod> 2022-08-22 17:04:41.805741 </lastmod>
	</url><url>
		<loc> https://geoconnex.us/cuahsi/his/MWRA/105 </loc>
		<lastmod> 2022-08-22 17:04:41.805756 </lastmod>
	</url><url>
		<loc> https://geoconnex.us/cuahsi/his/MWRA/106 </loc>
		<lastmod> 2022-08-22 17:04:41.805771 </lastmod>
	</url><url>
		<loc> https://geoconnex.us/cuahsi/his/MWRA/117 </loc>
		<lastmod> 2022-08-22 17:04:41.805786 </lastmod>
	</url><url>
		<loc> https://geoconnex.us/cuahsi/his/MWRA/118 </loc>
		<lastmod> 2022-08-22 17:04:41.805801 </lastmod>
	</url><url>
		<loc> https://geoconnex.us/cuahsi/his/MWRA/124 </loc>
		<lastmod> 2022-08-22 17:04:41.805816 </lastmod>
	</url><url>
		<loc> https://geoconnex.us/cuahsi/his/MWRA/138 </loc>
		<lastmod> 2022-08-22 17:04:41.805831 </lastmod>
	</url><url>
		<loc> https://geoconnex.us/cuahsi/his/MWRA/140 </loc>
		<lastmod> 2022-08-22 17:04:41.805846 </lastmod>
	</url><url>
		<loc> https://geoconnex.us/cuahsi/his/MWRA/139 </loc>
		<lastmod> 2022-08-22 17:04:41.805861 </lastmod>
	</url><url>
		<loc> https://geoconnex.us/cuahsi/his/MWRA/141 </loc>
		<lastmod> 2022-08-22 17:04:41.805876 </lastmod>
	</url><url>
		<loc> https://geoconnex.us/cuahsi/his/MWRA/142 </loc>
		<lastmod> 2022-08-22 17:04:41.805891 </lastmod>
	</url><url>
		<loc> https://geoconnex.us/cuahsi/his/MWRA/137 </loc>
		<lastmod> 2022-08-22 17:04:41.805905 </lastmod>
	</url><url>
		<loc> https://geoconnex.us/cuahsi/his/MWRA/129 </loc>
		<lastmod> 2022-08-22 17:04:41.805920 </lastmod>
	</url><url>
		<loc> https://geoconnex.us/cuahsi/his/MWRA/130 </loc>
		<lastmod> 2022-08-22 17:04:41.805935 </lastmod>
	</url><url>
		<loc> https://geoconnex.us/cuahsi/his/MWRA/154 </loc>
		<lastmod> 2022-08-22 17:04:41.805950 </lastmod>
	</url><url>
		<loc> https://geoconnex.us/cuahsi/his/MWRA/178 </loc>
		<lastmod> 2022-08-22 17:04:41.805965 </lastmod>
	</url><url>
		<loc> https://geoconnex.us/cuahsi/his/MWRA/55 </loc>
		<lastmod> 2022-08-22 17:04:41.805980 </lastmod>
	</url><url>
		<loc> https://geoconnex.us/cuahsi/his/MWRA/1 </loc>
		<lastmod> 2022-08-22 17:04:41.805995 </lastmod>
	</url><url>
		<loc> https://geoconnex.us/cuahsi/his/MWRA/11 </loc>
		<lastmod> 2022-08-22 17:04:41.806010 </lastmod>
	</url><url>
		<loc> https://geoconnex.us/cuahsi/his/MWRA/10 </loc>
		<lastmod> 2022-08-22 17:04:41.806025 </lastmod>
	</url><url>
		<loc> https://geoconnex.us/cuahsi/his/MWRA/9 </loc>
		<lastmod> 2022-08-22 17:04:41.806040 </lastmod>
	</url><url>
		<loc> https://geoconnex.us/cuahsi/his/MWRA/8 </loc>
		<lastmod> 2022-08-22 17:04:41.806055 </lastmod>
	</url><url>
		<loc> https://geoconnex.us/cuahsi/his/MWRA/2 </loc>
		<lastmod> 2022-08-22 17:04:41.806070 </lastmod>
	</url><url>
		<loc> https://geoconnex.us/cuahsi/his/MWRA/7 </loc>
		<lastmod> 2022-08-22 17:04:41.806086 </lastmod>
	</url><url>
		<loc> https://geoconnex.us/cuahsi/his/MWRA/6 </loc>
		<lastmod> 2022-08-22 17:04:41.806100 </lastmod>
	</url><url>
		<loc> https://geoconnex.us/cuahsi/his/MWRA/5 </loc>
		<lastmod> 2022-08-22 17:04:41.806115 </lastmod>
	</url><url>
		<loc> https://geoconnex.us/cuahsi/his/MWRA/4 </loc>
		<lastmod> 2022-08-22 17:04:41.806130 </lastmod>
	</url><url>
		<loc> https://geoconnex.us/cuahsi/his/MWRA/3 </loc>
		<lastmod> 2022-08-22 17:04:41.806145 </lastmod>
	</url><url>
		<loc> https://geoconnex.us/cuahsi/his/MWRA/12 </loc>
		<lastmod> 2022-08-22 17:04:41.806160 </lastmod>
	</url><url>
		<loc> https://geoconnex.us/cuahsi/his/MWRA/144 </loc>
		<lastmod> 2022-08-22 17:04:41.806175 </lastmod>
	</url><url>
		<loc> https://geoconnex.us/cuahsi/his/MWRA/166 </loc>
		<lastmod> 2022-08-22 17:04:41.806190 </lastmod>
	</url><url>
		<loc> https://geoconnex.us/cuahsi/his/MWRA/70 </loc>
		<lastmod> 2022-08-22 17:04:41.806205 </lastmod>
	</url><url>
		<loc> https://geoconnex.us/cuahsi/his/MWRA/57 </loc>
		<lastmod> 2022-08-22 17:04:41.806220 </lastmod>
	</url><url>
		<loc> https://geoconnex.us/cuahsi/his/MWRA/56 </loc>
		<lastmod> 2022-08-22 17:04:41.806235 </lastmod>
	</url><url>
		<loc> https://geoconnex.us/cuahsi/his/MWRA/66 </loc>
		<lastmod> 2022-08-22 17:04:41.806250 </lastmod>
	</url><url>
		<loc> https://geoconnex.us/cuahsi/his/MWRA/67 </loc>
		<lastmod> 2022-08-22 17:04:41.806265 </lastmod>
	</url><url>
		<loc> https://geoconnex.us/cuahsi/his/MWRA/74 </loc>
		<lastmod> 2022-08-22 17:04:41.806279 </lastmod>
	</url><url>
		<loc> https://geoconnex.us/cuahsi/his/MWRA/83 </loc>
		<lastmod> 2022-08-22 17:04:41.806294 </lastmod>
	</url><url>
		<loc> https://geoconnex.us/cuahsi/his/MWRA/167 </loc>
		<lastmod> 2022-08-22 17:04:41.806309 </lastmod>
	</url><url>
		<loc> https://geoconnex.us/cuahsi/his/MWRA/172 </loc>
		<lastmod> 2022-08-22 17:04:41.806324 </lastmod>
	</url><url>
		<loc> https://geoconnex.us/cuahsi/his/MWRA/174 </loc>
		<lastmod> 2022-08-22 17:04:41.806339 </lastmod>
	</url><url>
		<loc> https://geoconnex.us/cuahsi/his/MWRA/176 </loc>
		<lastmod> 2022-08-22 17:04:41.806353 </lastmod>
	</url><url>
		<loc> https://geoconnex.us/cuahsi/his/MWRA/59 </loc>
		<lastmod> 2022-08-22 17:04:41.806368 </lastmod>
	</url><url>
		<loc> https://geoconnex.us/cuahsi/his/MWRA/145 </loc>
		<lastmod> 2022-08-22 17:04:41.806383 </lastmod>
	</url><url>
		<loc> https://geoconnex.us/cuahsi/his/MWRA/177 </loc>
		<lastmod> 2022-08-22 17:04:41.806399 </lastmod>
	</url><url>
		<loc> https://geoconnex.us/cuahsi/his/MWRA/180 </loc>
		<lastmod> 2022-08-22 17:04:41.806414 </lastmod>
	</url><url>
		<loc> https://geoconnex.us/cuahsi/his/MWRA/181 </loc>
		<lastmod> 2022-08-22 17:04:41.806428 </lastmod>
	</url><url>
		<loc> https://geoconnex.us/cuahsi/his/MWRA/182 </loc>
		<lastmod> 2022-08-22 17:04:41.806443 </lastmod>
	</url><url>
		<loc> https://geoconnex.us/cuahsi/his/MWRA/183 </loc>
		<lastmod> 2022-08-22 17:04:41.806458 </lastmod>
	</url></ns0:urlset>