<?xml version='1.0' encoding='utf-8'?>
<ns0:urlset xmlns:ns0="http://www.sitemaps.org/schemas/sitemap/0.9">
<url>
		<loc> https://geoconnex.us/cuahsi/his/czo_udel/WCC_SpencerRdBridge </loc>
		<lastmod> 2022-08-22 17:04:37.093014 </lastmod>
	</url><url>
		<loc> https://geoconnex.us/cuahsi/his/czo_udel/BUCKANDDOE </loc>
		<lastmod> 2022-08-22 17:04:37.093049 </lastmod>
	</url><url>
		<loc> https://geoconnex.us/cuahsi/his/czo_udel/CHOATES </loc>
		<lastmod> 2022-08-22 17:04:37.093070 </lastmod>
	</url><url>
		<loc> https://geoconnex.us/cuahsi/his/czo_udel/HALFWAYRUN </loc>
		<lastmod> 2022-08-22 17:04:37.093088 </lastmod>
	</url><url>
		<loc> https://geoconnex.us/cuahsi/his/czo_udel/LAURELSSPR1 </loc>
		<lastmod> 2022-08-22 17:04:37.093104 </lastmod>
	</url><url>
		<loc> https://geoconnex.us/cuahsi/his/czo_udel/LSBMAIN </loc>
		<lastmod> 2022-08-22 17:04:37.093120 </lastmod>
	</url><url>
		<loc> https://geoconnex.us/cuahsi/his/czo_udel/LSBSIDE </loc>
		<lastmod> 2022-08-22 17:04:37.093135 </lastmod>
	</url><url>
		<loc> https://geoconnex.us/cuahsi/his/czo_udel/MCCORKLES1 </loc>
		<lastmod> 2022-08-22 17:04:37.093151 </lastmod>
	</url><url>
		<loc> https://geoconnex.us/cuahsi/his/czo_udel/MCCORKLES2 </loc>
		<lastmod> 2022-08-22 17:04:37.093166 </lastmod>
	</url><url>
		<loc> https://geoconnex.us/cuahsi/his/czo_udel/MINEHILLRUN </loc>
		<lastmod> 2022-08-22 17:04:37.093181 </lastmod>
	</url><url>
		<loc> https://geoconnex.us/cuahsi/his/czo_udel/MORRISRUN </loc>
		<lastmod> 2022-08-22 17:04:37.093197 </lastmod>
	</url><url>
		<loc> https://geoconnex.us/cuahsi/his/czo_udel/PUSEY_LOWER </loc>
		<lastmod> 2022-08-22 17:04:37.093213 </lastmod>
	</url><url>
		<loc> https://geoconnex.us/cuahsi/his/czo_udel/PUSEY_UPPER </loc>
		<lastmod> 2022-08-22 17:04:37.093228 </lastmod>
	</url><url>
		<loc> https://geoconnex.us/cuahsi/his/czo_udel/STA2 </loc>
		<lastmod> 2022-08-22 17:04:37.093243 </lastmod>
	</url><url>
		<loc> https://geoconnex.us/cuahsi/his/czo_udel/STA2TEMP </loc>
		<lastmod> 2022-08-22 17:04:37.093259 </lastmod>
	</url><url>
		<loc> https://geoconnex.us/cuahsi/his/czo_udel/STA3 </loc>
		<lastmod> 2022-08-22 17:04:37.093274 </lastmod>
	</url><url>
		<loc> https://geoconnex.us/cuahsi/his/czo_udel/STA4 </loc>
		<lastmod> 2022-08-22 17:04:37.093290 </lastmod>
	</url><url>
		<loc> https://geoconnex.us/cuahsi/his/czo_udel/STA5 </loc>
		<lastmod> 2022-08-22 17:04:37.093305 </lastmod>
	</url><url>
		<loc> https://geoconnex.us/cuahsi/his/czo_udel/STA6 </loc>
		<lastmod> 2022-08-22 17:04:37.093320 </lastmod>
	</url><url>
		<loc> https://geoconnex.us/cuahsi/his/czo_udel/WALTONS </loc>
		<lastmod> 2022-08-22 17:04:37.093335 </lastmod>
	</url><url>
		<loc> https://geoconnex.us/cuahsi/his/czo_udel/WATERCRESS_LOWER </loc>
		<lastmod> 2022-08-22 17:04:37.093351 </lastmod>
	</url><url>
		<loc> https://geoconnex.us/cuahsi/his/czo_udel/WATERCRESS_UPPER </loc>
		<lastmod> 2022-08-22 17:04:37.093366 </lastmod>
	</url><url>
		<loc> https://geoconnex.us/cuahsi/his/czo_udel/WCC </loc>
		<lastmod> 2022-08-22 17:04:37.093381 </lastmod>
	</url><url>
		<loc> https://geoconnex.us/cuahsi/his/czo_udel/WCC558 </loc>
		<lastmod> 2022-08-22 17:04:37.093396 </lastmod>
	</url><url>
		<loc> https://geoconnex.us/cuahsi/his/czo_udel/WCCLAB </loc>
		<lastmod> 2022-08-22 17:04:37.093412 </lastmod>
	</url><url>
		<loc> https://geoconnex.us/cuahsi/his/czo_udel/WCCLABTEMP </loc>
		<lastmod> 2022-08-22 17:04:37.093427 </lastmod>
	</url><url>
		<loc> https://geoconnex.us/cuahsi/his/czo_udel/WCCPH </loc>
		<lastmod> 2022-08-22 17:04:37.093443 </lastmod>
	</url><url>
		<loc> https://geoconnex.us/cuahsi/his/czo_udel/WCC_MEADOW </loc>
		<lastmod> 2022-08-22 17:04:37.093459 </lastmod>
	</url><url>
		<loc> https://geoconnex.us/cuahsi/his/czo_udel/WCW </loc>
		<lastmod> 2022-08-22 17:04:37.093474 </lastmod>
	</url><url>
		<loc> https://geoconnex.us/cuahsi/his/czo_udel/WLY_MOUTH </loc>
		<lastmod> 2022-08-22 17:04:37.093489 </lastmod>
	</url><url>
		<loc> https://geoconnex.us/cuahsi/his/czo_udel/WLY_SPENCER </loc>
		<lastmod> 2022-08-22 17:04:37.093504 </lastmod>
	</url><url>
		<loc> https://geoconnex.us/cuahsi/his/czo_udel/BOULTON_PATH </loc>
		<lastmod> 2022-08-22 17:04:37.093520 </lastmod>
	</url><url>
		<loc> https://geoconnex.us/cuahsi/his/czo_udel/DDSS </loc>
		<lastmod> 2022-08-22 17:04:37.093535 </lastmod>
	</url><url>
		<loc> https://geoconnex.us/cuahsi/his/czo_udel/DOERUN_SBFUNK </loc>
		<lastmod> 2022-08-22 17:04:37.093550 </lastmod>
	</url><url>
		<loc> https://geoconnex.us/cuahsi/his/czo_udel/LSS </loc>
		<lastmod> 2022-08-22 17:04:37.093565 </lastmod>
	</url><url>
		<loc> https://geoconnex.us/cuahsi/his/czo_udel/STATION2 </loc>
		<lastmod> 2022-08-22 17:04:37.093580 </lastmod>
	</url><url>
		<loc> https://geoconnex.us/cuahsi/his/czo_udel/STATION3 </loc>
		<lastmod> 2022-08-22 17:04:37.093595 </lastmod>
	</url><url>
		<loc> https://geoconnex.us/cuahsi/his/czo_udel/STATION4 </loc>
		<lastmod> 2022-08-22 17:04:37.093611 </lastmod>
	</url><url>
		<loc> https://geoconnex.us/cuahsi/his/czo_udel/STATION5 </loc>
		<lastmod> 2022-08-22 17:04:37.093626 </lastmod>
	</url><url>
		<loc> https://geoconnex.us/cuahsi/his/czo_udel/STATION6 </loc>
		<lastmod> 2022-08-22 17:04:37.093641 </lastmod>
	</url><url>
		<loc> https://geoconnex.us/cuahsi/his/czo_udel/TTRWS1 </loc>
		<lastmod> 2022-08-22 17:04:37.093656 </lastmod>
	</url><url>
		<loc> https://geoconnex.us/cuahsi/his/czo_udel/USGSNRNEWARK </loc>
		<lastmod> 2022-08-22 17:04:37.093671 </lastmod>
	</url><url>
		<loc> https://geoconnex.us/cuahsi/his/czo_udel/WCC0 </loc>
		<lastmod> 2022-08-22 17:04:37.093686 </lastmod>
	</url><url>
		<loc> https://geoconnex.us/cuahsi/his/czo_udel/WCCISCO_926 </loc>
		<lastmod> 2022-08-22 17:04:37.093701 </lastmod>
	</url><url>
		<loc> https://geoconnex.us/cuahsi/his/czo_udel/WCD478 </loc>
		<lastmod> 2022-08-22 17:04:37.093716 </lastmod>
	</url><url>
		<loc> https://geoconnex.us/cuahsi/his/czo_udel/WCWISCO_926 </loc>
		<lastmod> 2022-08-22 17:04:37.093732 </lastmod>
	</url><url>
		<loc> https://geoconnex.us/cuahsi/his/czo_udel/WLYATSPENCER </loc>
		<lastmod> 2022-08-22 17:04:37.093747 </lastmod>
	</url><url>
		<loc> https://geoconnex.us/cuahsi/his/czo_udel/WLYMOUTH </loc>
		<lastmod> 2022-08-22 17:04:37.093762 </lastmod>
	</url><url>
		<loc> https://geoconnex.us/cuahsi/his/czo_udel/WSS </loc>
		<lastmod> 2022-08-22 17:04:37.093777 </lastmod>
	</url><url>
		<loc> https://geoconnex.us/cuahsi/his/czo_udel/WCC573 </loc>
		<lastmod> 2022-08-22 17:04:37.093792 </lastmod>
	</url><url>
		<loc> https://geoconnex.us/cuahsi/his/czo_udel/WELL001 </loc>
		<lastmod> 2022-08-22 17:04:37.093807 </lastmod>
	</url><url>
		<loc> https://geoconnex.us/cuahsi/his/czo_udel/WELL002 </loc>
		<lastmod> 2022-08-22 17:04:37.093822 </lastmod>
	</url><url>
		<loc> https://geoconnex.us/cuahsi/his/czo_udel/WELL003 </loc>
		<lastmod> 2022-08-22 17:04:37.093837 </lastmod>
	</url><url>
		<loc> https://geoconnex.us/cuahsi/his/czo_udel/WELL004 </loc>
		<lastmod> 2022-08-22 17:04:37.093852 </lastmod>
	</url><url>
		<loc> https://geoconnex.us/cuahsi/his/czo_udel/WELL005 </loc>
		<lastmod> 2022-08-22 17:04:37.093867 </lastmod>
	</url><url>
		<loc> https://geoconnex.us/cuahsi/his/czo_udel/WELL006 </loc>
		<lastmod> 2022-08-22 17:04:37.093882 </lastmod>
	</url><url>
		<loc> https://geoconnex.us/cuahsi/his/czo_udel/WELL007 </loc>
		<lastmod> 2022-08-22 17:04:37.093911 </lastmod>
	</url><url>
		<loc> https://geoconnex.us/cuahsi/his/czo_udel/WELL008 </loc>
		<lastmod> 2022-08-22 17:04:37.093925 </lastmod>
	</url><url>
		<loc> https://geoconnex.us/cuahsi/his/czo_udel/WELL009 </loc>
		<lastmod> 2022-08-22 17:04:37.093938 </lastmod>
	</url><url>
		<loc> https://geoconnex.us/cuahsi/his/czo_udel/WELL010 </loc>
		<lastmod> 2022-08-22 17:04:37.093952 </lastmod>
	</url><url>
		<loc> https://geoconnex.us/cuahsi/his/czo_udel/WELL011 </loc>
		<lastmod> 2022-08-22 17:04:37.093966 </lastmod>
	</url><url>
		<loc> https://geoconnex.us/cuahsi/his/czo_udel/WELL012 </loc>
		<lastmod> 2022-08-22 17:04:37.093997 </lastmod>
	</url><url>
		<loc> https://geoconnex.us/cuahsi/his/czo_udel/WELL013 </loc>
		<lastmod> 2022-08-22 17:04:37.094012 </lastmod>
	</url><url>
		<loc> https://geoconnex.us/cuahsi/his/czo_udel/WELL014 </loc>
		<lastmod> 2022-08-22 17:04:37.094027 </lastmod>
	</url><url>
		<loc> https://geoconnex.us/cuahsi/his/czo_udel/WELL015 </loc>
		<lastmod> 2022-08-22 17:04:37.094042 </lastmod>
	</url><url>
		<loc> https://geoconnex.us/cuahsi/his/czo_udel/WELL016 </loc>
		<lastmod> 2022-08-22 17:04:37.094056 </lastmod>
	</url><url>
		<loc> https://geoconnex.us/cuahsi/his/czo_udel/WELL017 </loc>
		<lastmod> 2022-08-22 17:04:37.094082 </lastmod>
	</url><url>
		<loc> https://geoconnex.us/cuahsi/his/czo_udel/WELL018 </loc>
		<lastmod> 2022-08-22 17:04:37.094097 </lastmod>
	</url><url>
		<loc> https://geoconnex.us/cuahsi/his/czo_udel/WELL019 </loc>
		<lastmod> 2022-08-22 17:04:37.094111 </lastmod>
	</url><url>
		<loc> https://geoconnex.us/cuahsi/his/czo_udel/WELL021 </loc>
		<lastmod> 2022-08-22 17:04:37.094124 </lastmod>
	</url><url>
		<loc> https://geoconnex.us/cuahsi/his/czo_udel/WELL022 </loc>
		<lastmod> 2022-08-22 17:04:37.094156 </lastmod>
	</url><url>
		<loc> https://geoconnex.us/cuahsi/his/czo_udel/WELL023 </loc>
		<lastmod> 2022-08-22 17:04:37.094171 </lastmod>
	</url><url>
		<loc> https://geoconnex.us/cuahsi/his/czo_udel/WELL024 </loc>
		<lastmod> 2022-08-22 17:04:37.094186 </lastmod>
	</url><url>
		<loc> https://geoconnex.us/cuahsi/his/czo_udel/WELL031 </loc>
		<lastmod> 2022-08-22 17:04:37.094201 </lastmod>
	</url><url>
		<loc> https://geoconnex.us/cuahsi/his/czo_udel/WELL032 </loc>
		<lastmod> 2022-08-22 17:04:37.094217 </lastmod>
	</url><url>
		<loc> https://geoconnex.us/cuahsi/his/czo_udel/WELL041 </loc>
		<lastmod> 2022-08-22 17:04:37.094232 </lastmod>
	</url><url>
		<loc> https://geoconnex.us/cuahsi/his/czo_udel/WELL042 </loc>
		<lastmod> 2022-08-22 17:04:37.094247 </lastmod>
	</url><url>
		<loc> https://geoconnex.us/cuahsi/his/czo_udel/WELL043 </loc>
		<lastmod> 2022-08-22 17:04:37.094262 </lastmod>
	</url><url>
		<loc> https://geoconnex.us/cuahsi/his/czo_udel/WELL044 </loc>
		<lastmod> 2022-08-22 17:04:37.094277 </lastmod>
	</url><url>
		<loc> https://geoconnex.us/cuahsi/his/czo_udel/WCC2153 </loc>
		<lastmod> 2022-08-22 17:04:37.094292 </lastmod>
	</url><url>
		<loc> https://geoconnex.us/cuahsi/his/czo_udel/WCW374 </loc>
		<lastmod> 2022-08-22 17:04:37.094307 </lastmod>
	</url></ns0:urlset>