<?xml version='1.0' encoding='utf-8'?>
<ns0:urlset xmlns:ns0="http://www.sitemaps.org/schemas/sitemap/0.9">
<url>
		<loc> https://geoconnex.us/cuahsi/his/CALVIN_HHS/SR-1 </loc>
		<lastmod> 2022-08-22 17:04:37.072339 </lastmod>
	</url><url>
		<loc> https://geoconnex.us/cuahsi/his/CALVIN_HHS/SR-10 </loc>
		<lastmod> 2022-08-22 17:04:37.072374 </lastmod>
	</url><url>
		<loc> https://geoconnex.us/cuahsi/his/CALVIN_HHS/SR-12 </loc>
		<lastmod> 2022-08-22 17:04:37.072396 </lastmod>
	</url><url>
		<loc> https://geoconnex.us/cuahsi/his/CALVIN_HHS/SR-15 </loc>
		<lastmod> 2022-08-22 17:04:37.072416 </lastmod>
	</url><url>
		<loc> https://geoconnex.us/cuahsi/his/CALVIN_HHS/SR-18 </loc>
		<lastmod> 2022-08-22 17:04:37.072433 </lastmod>
	</url><url>
		<loc> https://geoconnex.us/cuahsi/his/CALVIN_HHS/SR-20 </loc>
		<lastmod> 2022-08-22 17:04:37.072450 </lastmod>
	</url><url>
		<loc> https://geoconnex.us/cuahsi/his/CALVIN_HHS/SR-22 </loc>
		<lastmod> 2022-08-22 17:04:37.072466 </lastmod>
	</url><url>
		<loc> https://geoconnex.us/cuahsi/his/CALVIN_HHS/SR-3 </loc>
		<lastmod> 2022-08-22 17:04:37.072481 </lastmod>
	</url><url>
		<loc> https://geoconnex.us/cuahsi/his/CALVIN_HHS/SR-4 </loc>
		<lastmod> 2022-08-22 17:04:37.072498 </lastmod>
	</url><url>
		<loc> https://geoconnex.us/cuahsi/his/CALVIN_HHS/SR-52 </loc>
		<lastmod> 2022-08-22 17:04:37.072514 </lastmod>
	</url><url>
		<loc> https://geoconnex.us/cuahsi/his/CALVIN_HHS/SR-53 </loc>
		<lastmod> 2022-08-22 17:04:37.072530 </lastmod>
	</url><url>
		<loc> https://geoconnex.us/cuahsi/his/CALVIN_HHS/SR-6 </loc>
		<lastmod> 2022-08-22 17:04:37.072545 </lastmod>
	</url><url>
		<loc> https://geoconnex.us/cuahsi/his/CALVIN_HHS/SR-7 </loc>
		<lastmod> 2022-08-22 17:04:37.072561 </lastmod>
	</url><url>
		<loc> https://geoconnex.us/cuahsi/his/CALVIN_HHS/SR-8 </loc>
		<lastmod> 2022-08-22 17:04:37.072576 </lastmod>
	</url><url>
		<loc> https://geoconnex.us/cuahsi/his/CALVIN_HHS/SR-81 </loc>
		<lastmod> 2022-08-22 17:04:37.072591 </lastmod>
	</url><url>
		<loc> https://geoconnex.us/cuahsi/his/CALVIN_HHS/SR-ASF </loc>
		<lastmod> 2022-08-22 17:04:37.072606 </lastmod>
	</url><url>
		<loc> https://geoconnex.us/cuahsi/his/CALVIN_HHS/SR-BBL </loc>
		<lastmod> 2022-08-22 17:04:37.072622 </lastmod>
	</url><url>
		<loc> https://geoconnex.us/cuahsi/his/CALVIN_HHS/SR-CFW </loc>
		<lastmod> 2022-08-22 17:04:37.072637 </lastmod>
	</url><url>
		<loc> https://geoconnex.us/cuahsi/his/CALVIN_HHS/SR-CL-IVR </loc>
		<lastmod> 2022-08-22 17:04:37.072652 </lastmod>
	</url><url>
		<loc> https://geoconnex.us/cuahsi/his/CALVIN_HHS/SR-CR </loc>
		<lastmod> 2022-08-22 17:04:37.072668 </lastmod>
	</url><url>
		<loc> https://geoconnex.us/cuahsi/his/CALVIN_HHS/SR-EBMUD </loc>
		<lastmod> 2022-08-22 17:04:37.072683 </lastmod>
	</url><url>
		<loc> https://geoconnex.us/cuahsi/his/CALVIN_HHS/SR-EL </loc>
		<lastmod> 2022-08-22 17:04:37.072708 </lastmod>
	</url><url>
		<loc> https://geoconnex.us/cuahsi/his/CALVIN_HHS/SR-HHR </loc>
		<lastmod> 2022-08-22 17:04:37.072722 </lastmod>
	</url><url>
		<loc> https://geoconnex.us/cuahsi/his/CALVIN_HHS/SR-LB </loc>
		<lastmod> 2022-08-22 17:04:37.072736 </lastmod>
	</url><url>
		<loc> https://geoconnex.us/cuahsi/his/CALVIN_HHS/SR-LI </loc>
		<lastmod> 2022-08-22 17:04:37.072750 </lastmod>
	</url><url>
		<loc> https://geoconnex.us/cuahsi/his/CALVIN_HHS/SR-LK </loc>
		<lastmod> 2022-08-22 17:04:37.072764 </lastmod>
	</url><url>
		<loc> https://geoconnex.us/cuahsi/his/CALVIN_HHS/SR-LL-LE </loc>
		<lastmod> 2022-08-22 17:04:37.072778 </lastmod>
	</url><url>
		<loc> https://geoconnex.us/cuahsi/his/CALVIN_HHS/SR-LS </loc>
		<lastmod> 2022-08-22 17:04:37.072792 </lastmod>
	</url><url>
		<loc> https://geoconnex.us/cuahsi/his/CALVIN_HHS/SR-LV </loc>
		<lastmod> 2022-08-22 17:04:37.072807 </lastmod>
	</url><url>
		<loc> https://geoconnex.us/cuahsi/his/CALVIN_HHS/SR-NBB </loc>
		<lastmod> 2022-08-22 17:04:37.072820 </lastmod>
	</url><url>
		<loc> https://geoconnex.us/cuahsi/his/CALVIN_HHS/SR-NHL </loc>
		<lastmod> 2022-08-22 17:04:37.072834 </lastmod>
	</url><url>
		<loc> https://geoconnex.us/cuahsi/his/CALVIN_HHS/SR-PF </loc>
		<lastmod> 2022-08-22 17:04:37.072848 </lastmod>
	</url><url>
		<loc> https://geoconnex.us/cuahsi/his/CALVIN_HHS/SR-PR </loc>
		<lastmod> 2022-08-22 17:04:37.072862 </lastmod>
	</url><url>
		<loc> https://geoconnex.us/cuahsi/his/CALVIN_HHS/SR-SCV </loc>
		<lastmod> 2022-08-22 17:04:37.072876 </lastmod>
	</url><url>
		<loc> https://geoconnex.us/cuahsi/his/CALVIN_HHS/SR-TR </loc>
		<lastmod> 2022-08-22 17:04:37.072890 </lastmod>
	</url></ns0:urlset>