<?xml version='1.0' encoding='utf-8'?>
<ns0:urlset xmlns:ns0="http://www.sitemaps.org/schemas/sitemap/0.9">
<url>
		<loc> https://geoconnex.us/cuahsi/his/czo_ariz/Met1 </loc>
		<lastmod> 2022-08-22 17:04:37.369769 </lastmod>
	</url><url>
		<loc> https://geoconnex.us/cuahsi/his/czo_ariz/Tower_Vcm </loc>
		<lastmod> 2022-08-22 17:04:37.369806 </lastmod>
	</url><url>
		<loc> https://geoconnex.us/cuahsi/his/czo_ariz/Tower_Vcp </loc>
		<lastmod> 2022-08-22 17:04:37.369829 </lastmod>
	</url><url>
		<loc> https://geoconnex.us/cuahsi/his/czo_ariz/Met2 </loc>
		<lastmod> 2022-08-22 17:04:37.369857 </lastmod>
	</url><url>
		<loc> https://geoconnex.us/cuahsi/his/czo_ariz/Burn_Met_Up </loc>
		<lastmod> 2022-08-22 17:04:37.369874 </lastmod>
	</url><url>
		<loc> https://geoconnex.us/cuahsi/his/czo_ariz/Burn_Met_Low </loc>
		<lastmod> 2022-08-22 17:04:37.369890 </lastmod>
	</url><url>
		<loc> https://geoconnex.us/cuahsi/his/czo_ariz/FLUME_LJ </loc>
		<lastmod> 2022-08-22 17:04:37.369905 </lastmod>
	</url><url>
		<loc> https://geoconnex.us/cuahsi/his/czo_ariz/FLUME_LR </loc>
		<lastmod> 2022-08-22 17:04:37.369920 </lastmod>
	</url><url>
		<loc> https://geoconnex.us/cuahsi/his/czo_ariz/FLUME_LLJ </loc>
		<lastmod> 2022-08-22 17:04:37.369935 </lastmod>
	</url><url>
		<loc> https://geoconnex.us/cuahsi/his/czo_ariz/FLUME_HG </loc>
		<lastmod> 2022-08-22 17:04:37.369949 </lastmod>
	</url><url>
		<loc> https://geoconnex.us/cuahsi/his/czo_ariz/FLUME_RM </loc>
		<lastmod> 2022-08-22 17:04:37.369964 </lastmod>
	</url><url>
		<loc> https://geoconnex.us/cuahsi/his/czo_ariz/FLUME_UR </loc>
		<lastmod> 2022-08-22 17:04:37.369978 </lastmod>
	</url><url>
		<loc> https://geoconnex.us/cuahsi/his/czo_ariz/FLUME_UJ </loc>
		<lastmod> 2022-08-22 17:04:37.369992 </lastmod>
	</url><url>
		<loc> https://geoconnex.us/cuahsi/his/czo_ariz/FLUME_MCZOB </loc>
		<lastmod> 2022-08-22 17:04:37.370006 </lastmod>
	</url><url>
		<loc> https://geoconnex.us/cuahsi/his/czo_ariz/FLUME_ULJ </loc>
		<lastmod> 2022-08-22 17:04:37.370020 </lastmod>
	</url></ns0:urlset>