<?xml version='1.0' encoding='utf-8'?>
<ns0:urlset xmlns:ns0="http://www.sitemaps.org/schemas/sitemap/0.9">
<url>
		<loc> https://geoconnex.us/cuahsi/his/CRWA/35CS </loc>
		<lastmod> 2022-08-22 17:04:41.797136 </lastmod>
	</url><url>
		<loc> https://geoconnex.us/cuahsi/his/CRWA/59CS </loc>
		<lastmod> 2022-08-22 17:04:41.797171 </lastmod>
	</url><url>
		<loc> https://geoconnex.us/cuahsi/his/CRWA/90CS </loc>
		<lastmod> 2022-08-22 17:04:41.797193 </lastmod>
	</url><url>
		<loc> https://geoconnex.us/cuahsi/his/CRWA/130S </loc>
		<lastmod> 2022-08-22 17:04:41.797211 </lastmod>
	</url><url>
		<loc> https://geoconnex.us/cuahsi/his/CRWA/165S </loc>
		<lastmod> 2022-08-22 17:04:41.797228 </lastmod>
	</url><url>
		<loc> https://geoconnex.us/cuahsi/his/CRWA/199S </loc>
		<lastmod> 2022-08-22 17:04:41.797244 </lastmod>
	</url><url>
		<loc> https://geoconnex.us/cuahsi/his/CRWA/229S </loc>
		<lastmod> 2022-08-22 17:04:41.797261 </lastmod>
	</url><url>
		<loc> https://geoconnex.us/cuahsi/his/CRWA/267S </loc>
		<lastmod> 2022-08-22 17:04:41.797277 </lastmod>
	</url><url>
		<loc> https://geoconnex.us/cuahsi/his/CRWA/269T </loc>
		<lastmod> 2022-08-22 17:04:41.797292 </lastmod>
	</url><url>
		<loc> https://geoconnex.us/cuahsi/his/CRWA/290S </loc>
		<lastmod> 2022-08-22 17:04:41.797307 </lastmod>
	</url><url>
		<loc> https://geoconnex.us/cuahsi/his/CRWA/318S </loc>
		<lastmod> 2022-08-22 17:04:41.797323 </lastmod>
	</url><url>
		<loc> https://geoconnex.us/cuahsi/his/CRWA/343S </loc>
		<lastmod> 2022-08-22 17:04:41.797338 </lastmod>
	</url><url>
		<loc> https://geoconnex.us/cuahsi/his/CRWA/387S </loc>
		<lastmod> 2022-08-22 17:04:41.797390 </lastmod>
	</url><url>
		<loc> https://geoconnex.us/cuahsi/his/CRWA/400S </loc>
		<lastmod> 2022-08-22 17:04:41.797409 </lastmod>
	</url><url>
		<loc> https://geoconnex.us/cuahsi/his/CRWA/447S </loc>
		<lastmod> 2022-08-22 17:04:41.797424 </lastmod>
	</url><url>
		<loc> https://geoconnex.us/cuahsi/his/CRWA/484S </loc>
		<lastmod> 2022-08-22 17:04:41.797439 </lastmod>
	</url><url>
		<loc> https://geoconnex.us/cuahsi/his/CRWA/521S </loc>
		<lastmod> 2022-08-22 17:04:41.797454 </lastmod>
	</url><url>
		<loc> https://geoconnex.us/cuahsi/his/CRWA/534S </loc>
		<lastmod> 2022-08-22 17:04:41.797469 </lastmod>
	</url><url>
		<loc> https://geoconnex.us/cuahsi/his/CRWA/567S </loc>
		<lastmod> 2022-08-22 17:04:41.797484 </lastmod>
	</url><url>
		<loc> https://geoconnex.us/cuahsi/his/CRWA/591S </loc>
		<lastmod> 2022-08-22 17:04:41.797499 </lastmod>
	</url><url>
		<loc> https://geoconnex.us/cuahsi/his/CRWA/609S </loc>
		<lastmod> 2022-08-22 17:04:41.797514 </lastmod>
	</url><url>
		<loc> https://geoconnex.us/cuahsi/his/CRWA/621S </loc>
		<lastmod> 2022-08-22 17:04:41.797530 </lastmod>
	</url><url>
		<loc> https://geoconnex.us/cuahsi/his/CRWA/635S </loc>
		<lastmod> 2022-08-22 17:04:41.797545 </lastmod>
	</url><url>
		<loc> https://geoconnex.us/cuahsi/his/CRWA/648S </loc>
		<lastmod> 2022-08-22 17:04:41.797560 </lastmod>
	</url><url>
		<loc> https://geoconnex.us/cuahsi/his/CRWA/662S </loc>
		<lastmod> 2022-08-22 17:04:41.797575 </lastmod>
	</url><url>
		<loc> https://geoconnex.us/cuahsi/his/CRWA/675S </loc>
		<lastmod> 2022-08-22 17:04:41.797589 </lastmod>
	</url><url>
		<loc> https://geoconnex.us/cuahsi/his/CRWA/012S </loc>
		<lastmod> 2022-08-22 17:04:41.797605 </lastmod>
	</url><url>
		<loc> https://geoconnex.us/cuahsi/his/CRWA/700S </loc>
		<lastmod> 2022-08-22 17:04:41.797620 </lastmod>
	</url><url>
		<loc> https://geoconnex.us/cuahsi/his/CRWA/715S </loc>
		<lastmod> 2022-08-22 17:04:41.797635 </lastmod>
	</url><url>
		<loc> https://geoconnex.us/cuahsi/his/CRWA/729S </loc>
		<lastmod> 2022-08-22 17:04:41.797649 </lastmod>
	</url><url>
		<loc> https://geoconnex.us/cuahsi/his/CRWA/743S </loc>
		<lastmod> 2022-08-22 17:04:41.797664 </lastmod>
	</url><url>
		<loc> https://geoconnex.us/cuahsi/his/CRWA/760T </loc>
		<lastmod> 2022-08-22 17:04:41.797679 </lastmod>
	</url><url>
		<loc> https://geoconnex.us/cuahsi/his/CRWA/763S </loc>
		<lastmod> 2022-08-22 17:04:41.797694 </lastmod>
	</url><url>
		<loc> https://geoconnex.us/cuahsi/his/CRWA/773S </loc>
		<lastmod> 2022-08-22 17:04:41.797709 </lastmod>
	</url><url>
		<loc> https://geoconnex.us/cuahsi/his/CRWA/784S </loc>
		<lastmod> 2022-08-22 17:04:41.797724 </lastmod>
	</url></ns0:urlset>