<?xml version='1.0' encoding='utf-8'?>
<ns0:urlset xmlns:ns0="http://www.sitemaps.org/schemas/sitemap/0.9">
<url>
		<loc> https://geoconnex.us/cuahsi/his/LCZOODM2/QPA_Arriba </loc>
		<lastmod> 2022-08-22 17:04:41.331956 </lastmod>
	</url><url>
		<loc> https://geoconnex.us/cuahsi/his/LCZOODM2/RESL </loc>
		<lastmod> 2022-08-22 17:04:41.332000 </lastmod>
	</url><url>
		<loc> https://geoconnex.us/cuahsi/his/LCZOODM2/QPA_mid_light </loc>
		<lastmod> 2022-08-22 17:04:41.332023 </lastmod>
	</url><url>
		<loc> https://geoconnex.us/cuahsi/his/LCZOODM2/LGW2B </loc>
		<lastmod> 2022-08-22 17:04:41.332064 </lastmod>
	</url><url>
		<loc> https://geoconnex.us/cuahsi/his/LCZOODM2/RESSH </loc>
		<lastmod> 2022-08-22 17:04:41.332083 </lastmod>
	</url><url>
		<loc> https://geoconnex.us/cuahsi/his/LCZOODM2/I-06 </loc>
		<lastmod> 2022-08-22 17:04:41.332100 </lastmod>
	</url><url>
		<loc> https://geoconnex.us/cuahsi/his/LCZOODM2/Icacos-Pulse-RI </loc>
		<lastmod> 2022-08-22 17:04:41.332116 </lastmod>
	</url><url>
		<loc> https://geoconnex.us/cuahsi/his/LCZOODM2/394 </loc>
		<lastmod> 2022-08-22 17:04:41.332133 </lastmod>
	</url><url>
		<loc> https://geoconnex.us/cuahsi/his/LCZOODM2/QPA_abajo </loc>
		<lastmod> 2022-08-22 17:04:41.332149 </lastmod>
	</url><url>
		<loc> https://geoconnex.us/cuahsi/his/LCZOODM2/QPB_Abajo </loc>
		<lastmod> 2022-08-22 17:04:41.332166 </lastmod>
	</url><url>
		<loc> https://geoconnex.us/cuahsi/his/LCZOODM2/I-04 </loc>
		<lastmod> 2022-08-22 17:04:41.332182 </lastmod>
	</url><url>
		<loc> https://geoconnex.us/cuahsi/his/LCZOODM2/RESDN </loc>
		<lastmod> 2022-08-22 17:04:41.332198 </lastmod>
	</url><url>
		<loc> https://geoconnex.us/cuahsi/his/LCZOODM2/QS-Quebrada_Sonadora </loc>
		<lastmod> 2022-08-22 17:04:41.332213 </lastmod>
	</url><url>
		<loc> https://geoconnex.us/cuahsi/his/LCZOODM2/QPB_light_mid </loc>
		<lastmod> 2022-08-22 17:04:41.332229 </lastmod>
	</url><url>
		<loc> https://geoconnex.us/cuahsi/his/LCZOODM2/QPB_Arriba </loc>
		<lastmod> 2022-08-22 17:04:41.332244 </lastmod>
	</url><url>
		<loc> https://geoconnex.us/cuahsi/his/LCZOODM2/I-23 </loc>
		<lastmod> 2022-08-22 17:04:41.332260 </lastmod>
	</url><url>
		<loc> https://geoconnex.us/cuahsi/his/LCZOODM2/Prieta </loc>
		<lastmod> 2022-08-22 17:04:41.332275 </lastmod>
	</url><url>
		<loc> https://geoconnex.us/cuahsi/his/LCZOODM2/Bisley-Q3 </loc>
		<lastmod> 2022-08-22 17:04:41.332291 </lastmod>
	</url><url>
		<loc> https://geoconnex.us/cuahsi/his/LCZOODM2/Quebrada_Toronja </loc>
		<lastmod> 2022-08-22 17:04:41.332306 </lastmod>
	</url><url>
		<loc> https://geoconnex.us/cuahsi/his/LCZOODM2/B15 </loc>
		<lastmod> 2022-08-22 17:04:41.332321 </lastmod>
	</url><url>
		<loc> https://geoconnex.us/cuahsi/his/LCZOODM2/Rio_Icacos_Trib-IO </loc>
		<lastmod> 2022-08-22 17:04:41.332337 </lastmod>
	</url></ns0:urlset>