<ns0:urlset xmlns:ns0="http://www.sitemaps.org/schemas/sitemap/0.9">
    <ns0:url>
    <url>
	<loc> https://geoconnex.us/uild/namespaces/nmwdi/ose_wells.xml </loc>
		<lastmod> 2021-10-15 19:25:19.867310 </lastmod></url><url>
	<loc> https://geoconnex.us/uild/namespaces/nmwdi/nmbgmr_wells.xml </loc>
		<lastmod> 2021-10-15 19:25:19.867572 </lastmod></url><url>
	<loc> https://geoconnex.us/uild/namespaces/nmwdi/nmwdi_ose_ids__0.xml </loc>
		<lastmod> 2021-10-15 19:25:19.867740 </lastmod></url><url>
	<loc> https://geoconnex.us/uild/namespaces/nmwdi/nmwdi_nmbgmr_ids__0.xml </loc>
		<lastmod> 2021-10-15 19:25:19.867891 </lastmod></url><url>
	<loc> https://geoconnex.us/uild/namespaces/wade/sites.xml </loc>
		<lastmod> 2021-10-15 19:25:19.868154 </lastmod></url><url>
	<loc> https://geoconnex.us/uild/namespaces/wade/sites__0.xml </loc>
		<lastmod> 2021-10-15 19:25:19.868309 </lastmod></url><url>
	<loc> https://geoconnex.us/uild/namespaces/CUAHSI/CUAHSI_HIS_NCEIWW2_ids__0.xml </loc>
		<lastmod> 2021-10-15 19:25:19.869508 </lastmod></url><url>
	<loc> https://geoconnex.us/uild/namespaces/CUAHSI/CUAHSI_HIS_UMBCGW_ids__0.xml </loc>
		<lastmod> 2021-10-15 19:25:19.869803 </lastmod></url><url>
	<loc> https://geoconnex.us/uild/namespaces/CUAHSI/CUAHSI_HIS_MobileCrowdHydrology_ids__0.xml </loc>
		<lastmod> 2021-10-15 19:25:19.870954 </lastmod></url><url>
	<loc> https://geoconnex.us/uild/namespaces/CUAHSI/CUAHSI_HIS_Nooksack_Microclimate_Network_ids__0.xml </loc>
		<lastmod> 2021-10-15 19:25:19.871228 </lastmod></url><url>
	<loc> https://geoconnex.us/uild/namespaces/CUAHSI/CUAHSI_HIS_UNH_Snow_ids__0.xml </loc>
		<lastmod> 2021-10-15 19:25:19.903550 </lastmod></url><url>
	<loc> https://geoconnex.us/uild/namespaces/CUAHSI/CUAHSI_HIS_Panola_ODM_ids__0.xml </loc>
		<lastmod> 2021-10-15 19:25:19.904458 </lastmod></url><url>
	<loc> https://geoconnex.us/uild/namespaces/CUAHSI/CUAHSI_HIS_AndrewsforestLTER_ids__0.xml </loc>
		<lastmod> 2021-10-15 19:25:19.904679 </lastmod></url><url>
	<loc> https://geoconnex.us/uild/namespaces/CUAHSI/CUAHSI_HIS_LaSelvastreamdischarge_ids__0.xml </loc>
		<lastmod> 2021-10-15 19:25:19.904919 </lastmod></url><url>
	<loc> https://geoconnex.us/uild/namespaces/CUAHSI/CUAHSI_HIS_LittleBearRiver_ids__0.xml </loc>
		<lastmod> 2021-10-15 19:25:19.905240 </lastmod></url><url>
	<loc> https://geoconnex.us/uild/namespaces/CUAHSI/CUAHSI_HIS_MuddyRiver_ids__0.xml </loc>
		<lastmod> 2021-10-15 19:25:19.905507 </lastmod></url><url>
	<loc> https://geoconnex.us/uild/namespaces/CUAHSI/CUAHSI_HIS_GLEON_Sunapee_ids__0.xml </loc>
		<lastmod> 2021-10-15 19:25:19.905683 </lastmod></url><url>
	<loc> https://geoconnex.us/uild/namespaces/CUAHSI/CUAHSI_HIS_GlobalRiversObservatory_ids__0.xml </loc>
		<lastmod> 2021-10-15 19:25:19.906124 </lastmod></url><url>
	<loc> https://geoconnex.us/uild/namespaces/CUAHSI/CUAHSI_HIS_SNOTEL_ids__0.xml </loc>
		<lastmod> 2021-10-15 19:25:19.911057 </lastmod></url><url>
	<loc> https://geoconnex.us/uild/namespaces/CUAHSI/CUAHSI_HIS_Scotland_NWIS_ids__0.xml </loc>
		<lastmod> 2021-10-15 19:25:19.912097 </lastmod></url><url>
	<loc> https://geoconnex.us/uild/namespaces/CUAHSI/CUAHSI_HIS_czo_ariz_ids__0.xml </loc>
		<lastmod> 2021-10-15 19:25:19.912464 </lastmod></url><url>
	<loc> https://geoconnex.us/uild/namespaces/CUAHSI/CUAHSI_HIS_MOPEX_ids__0.xml </loc>
		<lastmod> 2021-10-15 19:25:19.916289 </lastmod></url><url>
	<loc> https://geoconnex.us/uild/namespaces/CUAHSI/CUAHSI_HIS_MWDIS_ids__0.xml </loc>
		<lastmod> 2021-10-15 19:25:19.916804 </lastmod></url><url>
	<loc> https://geoconnex.us/uild/namespaces/CUAHSI/CUAHSI_HIS_GlacialRidge_ids__0.xml </loc>
		<lastmod> 2021-10-15 19:25:19.917117 </lastmod></url><url>
	<loc> https://geoconnex.us/uild/namespaces/CUAHSI/CUAHSI_HIS_Kansas_Weather_Data_ids__0.xml </loc>
		<lastmod> 2021-10-15 19:25:19.917371 </lastmod></url><url>
	<loc> https://geoconnex.us/uild/namespaces/CUAHSI/CUAHSI_HIS_LCZOODM2_ids__0.xml </loc>
		<lastmod> 2021-10-15 19:25:19.917681 </lastmod></url><url>
	<loc> https://geoconnex.us/uild/namespaces/CUAHSI/CUAHSI_HIS_MMA_Atacama_ids__0.xml </loc>
		<lastmod> 2021-10-15 19:25:19.917920 </lastmod></url><url>
	<loc> https://geoconnex.us/uild/namespaces/CUAHSI/CUAHSI_HIS_GLEON_Auburn_ids__0.xml </loc>
		<lastmod> 2021-10-15 19:25:19.918137 </lastmod></url><url>
	<loc> https://geoconnex.us/uild/namespaces/CUAHSI/CUAHSI_HIS_czo_boulder_ids__0.xml </loc>
		<lastmod> 2021-10-15 19:25:19.918432 </lastmod></url><url>
	<loc> https://geoconnex.us/uild/namespaces/CUAHSI/CUAHSI_HIS_czo_psu_ids__0.xml </loc>
		<lastmod> 2021-10-15 19:25:19.919092 </lastmod></url><url>
	<loc> https://geoconnex.us/uild/namespaces/CUAHSI/CUAHSI_HIS_Provo_River_GAMUT_ids__0.xml </loc>
		<lastmod> 2021-10-15 19:25:19.919456 </lastmod></url><url>
	<loc> https://geoconnex.us/uild/namespaces/CUAHSI/CUAHSI_HIS_NE_WN_ids__0.xml </loc>
		<lastmod> 2021-10-15 19:25:19.919853 </lastmod></url><url>
	<loc> https://geoconnex.us/uild/namespaces/CUAHSI/CUAHSI_HIS_DRWI_ids__0.xml </loc>
		<lastmod> 2021-10-15 19:25:19.920349 </lastmod></url><url>
	<loc> https://geoconnex.us/uild/namespaces/CUAHSI/CUAHSI_HIS_Swedish_Monitoring_Data_ids__0.xml </loc>
		<lastmod> 2021-10-15 19:25:19.921927 </lastmod></url><url>
	<loc> https://geoconnex.us/uild/namespaces/CUAHSI/CUAHSI_HIS_UMBCWQ_ids__0.xml </loc>
		<lastmod> 2021-10-15 19:25:19.922221 </lastmod></url><url>
	<loc> https://geoconnex.us/uild/namespaces/CUAHSI/CUAHSI_HIS_czo_merced_ids__0.xml </loc>
		<lastmod> 2021-10-15 19:25:19.923035 </lastmod></url><url>
	<loc> https://geoconnex.us/uild/namespaces/CUAHSI/CUAHSI_HIS_MWRA_ids__0.xml </loc>
		<lastmod> 2021-10-15 19:25:19.923901 </lastmod></url><url>
	<loc> https://geoconnex.us/uild/namespaces/CUAHSI/CUAHSI_HIS_GHCN_ids__0.xml </loc>
		<lastmod> 2021-10-15 19:25:20.069679 </lastmod></url><url>
	<loc> https://geoconnex.us/uild/namespaces/CUAHSI/CUAHSI_HIS_Weiherbach_ids__0.xml </loc>
		<lastmod> 2021-10-15 19:25:20.072754 </lastmod></url><url>
	<loc> https://geoconnex.us/uild/namespaces/CUAHSI/CUAHSI_HIS_Nevados_ids__0.xml </loc>
		<lastmod> 2021-10-15 19:25:20.073338 </lastmod></url><url>
	<loc> https://geoconnex.us/uild/namespaces/CUAHSI/CUAHSI_HIS_MAAERI_ids__0.xml </loc>
		<lastmod> 2021-10-15 19:25:20.073789 </lastmod></url><url>
	<loc> https://geoconnex.us/uild/namespaces/CUAHSI/CUAHSI_HIS_SagehenCreek_ids__0.xml </loc>
		<lastmod> 2021-10-15 19:25:20.074005 </lastmod></url><url>
	<loc> https://geoconnex.us/uild/namespaces/CUAHSI/CUAHSI_HIS_CRWA_ids__0.xml </loc>
		<lastmod> 2021-10-15 19:25:20.074543 </lastmod></url><url>
	<loc> https://geoconnex.us/uild/namespaces/CUAHSI/CUAHSI_HIS_CUISO_ids__0.xml </loc>
		<lastmod> 2021-10-15 19:25:20.074855 </lastmod></url><url>
	<loc> https://geoconnex.us/uild/namespaces/CUAHSI/CUAHSI_HIS_czo_luquillo_ids__0.xml </loc>
		<lastmod> 2021-10-15 19:25:20.075259 </lastmod></url><url>
	<loc> https://geoconnex.us/uild/namespaces/CUAHSI/CUAHSI_HIS_ShaleNetworkODM_ids__0.xml </loc>
		<lastmod> 2021-10-15 19:25:20.540886 </lastmod></url><url>
	<loc> https://geoconnex.us/uild/namespaces/CUAHSI/CUAHSI_HIS_CCBEPDAP_ids__0.xml </loc>
		<lastmod> 2021-10-15 19:25:20.584937 </lastmod></url><url>
	<loc> https://geoconnex.us/uild/namespaces/CUAHSI/CUAHSI_HIS_ODM_KentState_ids__0.xml </loc>
		<lastmod> 2021-10-15 19:25:20.585725 </lastmod></url><url>
	<loc> https://geoconnex.us/uild/namespaces/CUAHSI/CUAHSI_HIS_HYDRODATACZ-D_ids__0.xml </loc>
		<lastmod> 2021-10-15 19:25:20.596352 </lastmod></url><url>
	<loc> https://geoconnex.us/uild/namespaces/CUAHSI/CUAHSI_HIS_FCELTER_ids__0.xml </loc>
		<lastmod> 2021-10-15 19:25:20.596722 </lastmod></url><url>
	<loc> https://geoconnex.us/uild/namespaces/CUAHSI/CUAHSI_HIS_TarlandWaterQuality_ids__0.xml </loc>
		<lastmod> 2021-10-15 19:25:20.597130 </lastmod></url><url>
	<loc> https://geoconnex.us/uild/namespaces/CUAHSI/CUAHSI_HIS_MudLake_ids__0.xml </loc>
		<lastmod> 2021-10-15 19:25:20.597393 </lastmod></url><url>
	<loc> https://geoconnex.us/uild/namespaces/CUAHSI/CUAHSI_HIS_CedarRiver_ids__0.xml </loc>
		<lastmod> 2021-10-15 19:25:20.605598 </lastmod></url><url>
	<loc> https://geoconnex.us/uild/namespaces/CUAHSI/CUAHSI_HIS_LTERNTLWoodruff_ids__0.xml </loc>
		<lastmod> 2021-10-15 19:25:20.605910 </lastmod></url><url>
	<loc> https://geoconnex.us/uild/namespaces/CUAHSI/CUAHSI_HIS_Brazil_UCB_ids__0.xml </loc>
		<lastmod> 2021-10-15 19:25:20.623747 </lastmod></url><url>
	<loc> https://geoconnex.us/uild/namespaces/CUAHSI/CUAHSI_HIS_GLEON_Dorset_ids__0.xml </loc>
		<lastmod> 2021-10-15 19:25:20.624215 </lastmod></url><url>
	<loc> https://geoconnex.us/uild/namespaces/CUAHSI/CUAHSI_HIS_SCAN_ids__0.xml </loc>
		<lastmod> 2021-10-15 19:25:20.626337 </lastmod></url><url>
	<loc> https://geoconnex.us/uild/namespaces/CUAHSI/CUAHSI_HIS_YosemiteHydroclimateNetwork_ids__0.xml </loc>
		<lastmod> 2021-10-15 19:25:20.627309 </lastmod></url><url>
	<loc> https://geoconnex.us/uild/namespaces/CUAHSI/CUAHSI_HIS_TRWA_ids__0.xml </loc>
		<lastmod> 2021-10-15 19:25:20.627761 </lastmod></url><url>
	<loc> https://geoconnex.us/uild/namespaces/CUAHSI/CUAHSI_HIS_IEER_at_Wilkes_University_ids__0.xml </loc>
		<lastmod> 2021-10-15 19:25:20.628341 </lastmod></url><url>
	<loc> https://geoconnex.us/uild/namespaces/CUAHSI/CUAHSI_HIS_HYDRODATACZ-HR_ids__0.xml </loc>
		<lastmod> 2021-10-15 19:25:20.639230 </lastmod></url><url>
	<loc> https://geoconnex.us/uild/namespaces/CUAHSI/CUAHSI_HIS_CocoRaHs_ids__0.xml </loc>
		<lastmod> 2021-10-15 19:25:20.966904 </lastmod></url><url>
	<loc> https://geoconnex.us/uild/namespaces/CUAHSI/CUAHSI_HIS_Clarksburg_SP_ids__0.xml </loc>
		<lastmod> 2021-10-15 19:25:20.971953 </lastmod></url><url>
	<loc> https://geoconnex.us/uild/namespaces/CUAHSI/CUAHSI_HIS_ShaleNetworkODM_ids__1.xml </loc>
		<lastmod> 2021-10-15 19:25:20.994857 </lastmod></url><url>
	<loc> https://geoconnex.us/uild/namespaces/CUAHSI/CUAHSI_HIS_Gongga_ids__0.xml </loc>
		<lastmod> 2021-10-15 19:25:20.995524 </lastmod></url><url>
	<loc> https://geoconnex.us/uild/namespaces/CUAHSI/CUAHSI_HIS_LoganRiver_ids__0.xml </loc>
		<lastmod> 2021-10-15 19:25:20.995741 </lastmod></url><url>
	<loc> https://geoconnex.us/uild/namespaces/CUAHSI/CUAHSI_HIS_Para_La_Naturaleza_ids__0.xml </loc>
		<lastmod> 2021-10-15 19:25:20.995954 </lastmod></url><url>
	<loc> https://geoconnex.us/uild/namespaces/CUAHSI/CUAHSI_HIS_CALVIN_HHS_ids__0.xml </loc>
		<lastmod> 2021-10-15 19:25:20.996456 </lastmod></url><url>
	<loc> https://geoconnex.us/uild/namespaces/CUAHSI/CUAHSI_HIS_Logan_River_GAMUT_ids__0.xml </loc>
		<lastmod> 2021-10-15 19:25:20.996823 </lastmod></url><url>
	<loc> https://geoconnex.us/uild/namespaces/CUAHSI/CUAHSI_HIS_czo_udel_ids__0.xml </loc>
		<lastmod> 2021-10-15 19:25:20.997706 </lastmod></url><url>
	<loc> https://geoconnex.us/uild/namespaces/CUAHSI/CUAHSI_HIS_Hassberge_ids__0.xml </loc>
		<lastmod> 2021-10-15 19:25:20.998028 </lastmod></url><url>
	<loc> https://geoconnex.us/uild/namespaces/CUAHSI/CUAHSI_HIS_FarmRWA_ids__0.xml </loc>
		<lastmod> 2021-10-15 19:25:20.998618 </lastmod></url><url>
	<loc> https://geoconnex.us/uild/namespaces/CUAHSI/CUAHSI_HIS_TNCWaterData_ids__0.xml </loc>
		<lastmod> 2021-10-15 19:25:20.998866 </lastmod></url><url>
	<loc> https://geoconnex.us/uild/namespaces/CUAHSI/CUAHSI_HIS_NevCAN_ids__0.xml </loc>
		<lastmod> 2021-10-15 19:25:20.999121 </lastmod></url><url>
	<loc> https://geoconnex.us/uild/namespaces/CUAHSI/CUAHSI_HIS_RMBL_ids__0.xml </loc>
		<lastmod> 2021-10-15 19:25:20.999335 </lastmod></url><url>
	<loc> https://geoconnex.us/uild/namespaces/CUAHSI/CUAHSI_HIS_UBWPAD_ids__0.xml </loc>
		<lastmod> 2021-10-15 19:25:20.999660 </lastmod></url><url>
	<loc> https://geoconnex.us/uild/namespaces/CUAHSI/CUAHSI_HIS_Is#U00e1bena_ids__0.xml </loc>
		<lastmod> 2021-10-15 19:25:21.001369 </lastmod></url><url>
	<loc> https://geoconnex.us/uild/namespaces/CUAHSI/CUAHSI_HIS_LUWL_ids__0.xml </loc>
		<lastmod> 2021-10-15 19:25:21.001624 </lastmod></url><url>
	<loc> https://geoconnex.us/uild/namespaces/CUAHSI/CUAHSI_HIS_NHGS_WOF_ids__0.xml </loc>
		<lastmod> 2021-10-15 19:25:21.031656 </lastmod></url><url>
	<loc> https://geoconnex.us/uild/namespaces/CUAHSI/CUAHSI_HIS_FRC_WQM_ids__0.xml </loc>
		<lastmod> 2021-10-15 19:25:21.032846 </lastmod></url><url>
	<loc> https://geoconnex.us/uild/namespaces/CUAHSI/CUAHSI_HIS_Red_Butte_Creek_GAMUT_ids__0.xml </loc>
		<lastmod> 2021-10-15 19:25:21.033281 </lastmod></url><url>
	<loc> https://geoconnex.us/uild/namespaces/CUAHSI/CUAHSI_HIS_GLEON_LakeAnnie_ids__0.xml </loc>
		<lastmod> 2021-10-15 19:25:21.033846 </lastmod></url><url>
	<loc> https://geoconnex.us/uild/namespaces/CUAHSI/CUAHSI_HIS_TuolumneMdw_ids__0.xml </loc>
		<lastmod> 2021-10-15 19:25:21.034160 </lastmod></url><url>
	<loc> https://geoconnex.us/uild/namespaces/CUAHSI/CUAHSI_HIS_NEON_ids__0.xml </loc>
		<lastmod> 2021-10-15 19:25:21.054576 </lastmod></url><url>
	<loc> https://geoconnex.us/uild/namespaces/CUAHSI/CUAHSI_HIS_IRWA_ids__0.xml </loc>
		<lastmod> 2021-10-15 19:25:21.055375 </lastmod></url><url>
	<loc> https://geoconnex.us/uild/namespaces/CUAHSI/CUAHSI_HIS_NashRWA_ids__0.xml </loc>
		<lastmod> 2021-10-15 19:25:21.056252 </lastmod></url><url>
	<loc> https://geoconnex.us/uild/namespaces/CUAHSI/CUAHSI_HIS_Mazar_River_Project_ids__0.xml </loc>
		<lastmod> 2021-10-15 19:25:21.058432 </lastmod></url><url>
	<loc> https://geoconnex.us/uild/namespaces/CUAHSI/CUAHSI_HIS_czo_catalina_ids__0.xml </loc>
		<lastmod> 2021-10-15 19:25:21.058934 </lastmod></url><url>
	<loc> https://geoconnex.us/uild/namespaces/CUAHSI/CUAHSI_HIS_SKC_Milltown_ids__0.xml </loc>
		<lastmod> 2021-10-15 19:25:21.061444 </lastmod></url><url>
	<loc> https://geoconnex.us/uild/namespaces/CUAHSI/CUAHSI_HIS_ORSANCO_HAB_ids__0.xml </loc>
		<lastmod> 2021-10-15 19:25:21.061731 </lastmod></url><url>
	<loc> https://geoconnex.us/uild/namespaces/ref/hu06/hucs.xml </loc>
		<lastmod> 2021-10-15 19:25:21.089645 </lastmod></url><url>
	<loc> https://geoconnex.us/uild/namespaces/ref/hu06/hu06__0.xml </loc>
		<lastmod> 2021-10-15 19:25:21.093856 </lastmod></url><url>
	<loc> https://geoconnex.us/uild/namespaces/ref/hu02/hu02__0.xml </loc>
		<lastmod> 2021-10-15 19:25:21.094285 </lastmod></url><url>
	<loc> https://geoconnex.us/uild/namespaces/ref/hu08/hu08__0.xml </loc>
		<lastmod> 2021-10-15 19:25:21.117170 </lastmod></url><url>
	<loc> https://geoconnex.us/uild/namespaces/ref/states/states__0.xml </loc>
		<lastmod> 2021-10-15 19:25:21.118013 </lastmod></url><url>
	<loc> https://geoconnex.us/uild/namespaces/ref/counties/counties__0.xml </loc>
		<lastmod> 2021-10-15 19:25:21.144019 </lastmod></url><url>
	<loc> https://geoconnex.us/uild/namespaces/ref/pws/pws__0.xml </loc>
		<lastmod> 2021-10-15 19:25:21.574483 </lastmod></url><url>
	<loc> https://geoconnex.us/uild/namespaces/ref/pws/pws__1.xml </loc>
		<lastmod> 2021-10-15 19:25:22.120464 </lastmod></url><url>
	<loc> https://geoconnex.us/uild/namespaces/ref/pws/pws__3.xml </loc>
		<lastmod> 2021-10-15 19:25:22.458511 </lastmod></url><url>
	<loc> https://geoconnex.us/uild/namespaces/ref/pws/pws__2.xml </loc>
		<lastmod> 2021-10-15 19:25:22.927135 </lastmod></url><url>
	<loc> https://geoconnex.us/uild/namespaces/ref/nat_aq/nat_aq__0.xml </loc>
		<lastmod> 2021-10-15 19:25:22.937543 </lastmod></url><url>
	<loc> https://geoconnex.us/uild/namespaces/ref/aiannh/aiannh__0.xml </loc>
		<lastmod> 2021-10-15 19:25:22.943282 </lastmod></url><url>
	<loc> https://geoconnex.us/uild/namespaces/ref/ua10/ua10__0.xml </loc>
		<lastmod> 2021-10-15 19:25:22.979743 </lastmod></url><url>
	<loc> https://geoconnex.us/uild/namespaces/ref/places/places__0.xml </loc>
		<lastmod> 2021-10-15 19:25:23.241822 </lastmod></url><url>
	<loc> https://geoconnex.us/uild/namespaces/ref/cbsa/cbsa.xml </loc>
		<lastmod> 2021-10-15 19:25:23.316105 </lastmod></url><url>
	<loc> https://geoconnex.us/uild/namespaces/ref/cbsa/cbsa__0.xml </loc>
		<lastmod> 2021-10-15 19:25:23.325121 </lastmod></url><url>
	<loc> https://geoconnex.us/uild/namespaces/ref/hu10/hu10.xml </loc>
		<lastmod> 2021-10-15 19:25:23.325752 </lastmod></url><url>
	<loc> https://geoconnex.us/uild/namespaces/ref/hu10/hu10__0.xml </loc>
		<lastmod> 2021-10-15 19:25:23.325933 </lastmod></url><url>
	<loc> https://geoconnex.us/uild/namespaces/ref/hu04/hu04__0.xml </loc>
		<lastmod> 2021-10-15 19:25:23.327925 </lastmod></url><url>
	<loc> https://geoconnex.us/uild/namespaces/ref/gages/gages.xml </loc>
		<lastmod> 2021-10-15 19:25:23.328202 </lastmod></url><url>
	<loc> https://geoconnex.us/uild/namespaces/ref/gages/gages__0.xml </loc>
		<lastmod> 2021-10-15 19:25:23.328374 </lastmod></url><url>
	<loc> https://geoconnex.us/uild/namespaces/iow/autotest1__0.xml </loc>
		<lastmod> 2021-10-15 19:25:23.328549 </lastmod></url><url>
	<loc> https://geoconnex.us/uild/namespaces/iow/test3__0.xml </loc>
		<lastmod> 2021-10-15 19:25:23.328708 </lastmod></url><url>
	<loc> https://geoconnex.us/uild/namespaces/iow/sta-demo__0.xml </loc>
		<lastmod> 2021-10-15 19:25:23.329242 </lastmod></url><url>
	<loc> https://geoconnex.us/uild/namespaces/iow/autotest2__0.xml </loc>
		<lastmod> 2021-10-15 19:25:23.329424 </lastmod></url><url>
	<loc> https://geoconnex.us/uild/namespaces/iow/x__0.xml </loc>
		<lastmod> 2021-10-15 19:25:23.329583 </lastmod></url><url>
	<loc> https://geoconnex.us/uild/namespaces/CHyLD/chyld-pilot_ids__0.xml </loc>
		<lastmod> 2021-10-15 19:25:23.340113 </lastmod></url><url>
	<loc> https://geoconnex.us/uild/namespaces/nhdplusv2/huc12pourpoints.xml </loc>
		<lastmod> 2021-10-15 19:25:23.340546 </lastmod></url><url>
	<loc> https://geoconnex.us/uild/namespaces/nhdplusv2/comid.xml </loc>
		<lastmod> 2021-10-15 19:25:23.340788 </lastmod></url><url>
	<loc> https://geoconnex.us/uild/namespaces/nhdplusv2/huc12pourpoints__0.xml </loc>
		<lastmod> 2021-10-15 19:25:23.340967 </lastmod></url><url>
	<loc> https://geoconnex.us/uild/namespaces/nhdplusv2/comid__0.xml </loc>
		<lastmod> 2021-10-15 19:25:23.341125 </lastmod></url><url>
	<loc> https://geoconnex.us/uild/namespaces/SELFIE/SELFIE_ids__0.xml </loc>
		<lastmod> 2021-10-15 19:25:23.341423 </lastmod></url><url>
	<loc> https://geoconnex.us/uild/namespaces/usgs/monitoring-location.xml </loc>
		<lastmod> 2021-10-15 19:25:23.341627 </lastmod></url><url>
	<loc> https://geoconnex.us/uild/namespaces/usgs/hydrologic-unit__0.xml </loc>
		<lastmod> 2021-10-15 19:25:23.364075 </lastmod></url><url>
	<loc> https://geoconnex.us/uild/namespaces/usgs/gfv11_pois__0.xml </loc>
		<lastmod> 2021-10-15 19:25:23.364591 </lastmod></url><url>
	<loc> https://geoconnex.us/uild/namespaces/usgs/monitoring-location__0.xml </loc>
		<lastmod> 2021-10-15 19:25:23.364775 </lastmod></url><url>
	<loc> https://geoconnex.us/uild/namespaces/ca-gage-assessment/ca_gages_pids__0.xml </loc>
		<lastmod> 2021-10-15 19:25:23.386979 </lastmod></url><url>
	<loc> https://geoconnex.us/uild/namespaces/epa/hmw/hmw.xml </loc>
		<lastmod> 2021-10-15 19:25:23.387599 </lastmod></url><url>
	<loc> https://geoconnex.us/uild/namespaces/epa/hmw/hmw__0.xml </loc>
		<lastmod> 2021-10-15 19:25:23.387897 </lastmod></url></ns0:url>
</ns0:urlset>