<ns0:urlset xmlns:ns0="http://www.sitemaps.org/schemas/sitemap/0.9">
    <ns0:url>
    <url>
	<loc> https://geoconnex.us/ref/aiannh/0250 </loc>
		<lastmod> 2021-10-15 19:25:16.864731 </lastmod></url><url>
	<loc> https://geoconnex.us/ref/aiannh/3355 </loc>
		<lastmod> 2021-10-15 19:25:16.864756 </lastmod></url><url>
	<loc> https://geoconnex.us/ref/aiannh/7075 </loc>
		<lastmod> 2021-10-15 19:25:16.864768 </lastmod></url><url>
	<loc> https://geoconnex.us/ref/aiannh/7310 </loc>
		<lastmod> 2021-10-15 19:25:16.864778 </lastmod></url><url>
	<loc> https://geoconnex.us/ref/aiannh/6175 </loc>
		<lastmod> 2021-10-15 19:25:16.864788 </lastmod></url><url>
	<loc> https://geoconnex.us/ref/aiannh/1970 </loc>
		<lastmod> 2021-10-15 19:25:16.864798 </lastmod></url><url>
	<loc> https://geoconnex.us/ref/aiannh/3145 </loc>
		<lastmod> 2021-10-15 19:25:16.864809 </lastmod></url><url>
	<loc> https://geoconnex.us/ref/aiannh/3070 </loc>
		<lastmod> 2021-10-15 19:25:16.864818 </lastmod></url><url>
	<loc> https://geoconnex.us/ref/aiannh/1555 </loc>
		<lastmod> 2021-10-15 19:25:16.864845 </lastmod></url><url>
	<loc> https://geoconnex.us/ref/aiannh/4635 </loc>
		<lastmod> 2021-10-15 19:25:16.864855 </lastmod></url><url>
	<loc> https://geoconnex.us/ref/aiannh/0440 </loc>
		<lastmod> 2021-10-15 19:25:16.864864 </lastmod></url><url>
	<loc> https://geoconnex.us/ref/aiannh/6440 </loc>
		<lastmod> 2021-10-15 19:25:16.864873 </lastmod></url><url>
	<loc> https://geoconnex.us/ref/aiannh/6470 </loc>
		<lastmod> 2021-10-15 19:25:16.864882 </lastmod></url><url>
	<loc> https://geoconnex.us/ref/aiannh/7005 </loc>
		<lastmod> 2021-10-15 19:25:16.864916 </lastmod></url><url>
	<loc> https://geoconnex.us/ref/aiannh/0780 </loc>
		<lastmod> 2021-10-15 19:25:16.864926 </lastmod></url><url>
	<loc> https://geoconnex.us/ref/aiannh/3860 </loc>
		<lastmod> 2021-10-15 19:25:16.864936 </lastmod></url><url>
	<loc> https://geoconnex.us/ref/aiannh/5193 </loc>
		<lastmod> 2021-10-15 19:25:16.864946 </lastmod></url><url>
	<loc> https://geoconnex.us/ref/aiannh/2255 </loc>
		<lastmod> 2021-10-15 19:25:16.864956 </lastmod></url><url>
	<loc> https://geoconnex.us/ref/aiannh/7440 </loc>
		<lastmod> 2021-10-15 19:25:16.864977 </lastmod></url><url>
	<loc> https://geoconnex.us/ref/aiannh/6615 </loc>
		<lastmod> 2021-10-15 19:25:16.864987 </lastmod></url><url>
	<loc> https://geoconnex.us/ref/aiannh/5248 </loc>
		<lastmod> 2021-10-15 19:25:16.864997 </lastmod></url><url>
	<loc> https://geoconnex.us/ref/aiannh/4580 </loc>
		<lastmod> 2021-10-15 19:25:16.865007 </lastmod></url><url>
	<loc> https://geoconnex.us/ref/aiannh/0620 </loc>
		<lastmod> 2021-10-15 19:25:16.865017 </lastmod></url><url>
	<loc> https://geoconnex.us/ref/aiannh/0095 </loc>
		<lastmod> 2021-10-15 19:25:16.865026 </lastmod></url><url>
	<loc> https://geoconnex.us/ref/aiannh/2330 </loc>
		<lastmod> 2021-10-15 19:25:16.865036 </lastmod></url><url>
	<loc> https://geoconnex.us/ref/aiannh/6825 </loc>
		<lastmod> 2021-10-15 19:25:16.865046 </lastmod></url><url>
	<loc> https://geoconnex.us/ref/aiannh/4110 </loc>
		<lastmod> 2021-10-15 19:25:16.865056 </lastmod></url><url>
	<loc> https://geoconnex.us/ref/aiannh/1075 </loc>
		<lastmod> 2021-10-15 19:25:16.865066 </lastmod></url><url>
	<loc> https://geoconnex.us/ref/aiannh/0760 </loc>
		<lastmod> 2021-10-15 19:25:16.865076 </lastmod></url><url>
	<loc> https://geoconnex.us/ref/aiannh/3625 </loc>
		<lastmod> 2021-10-15 19:25:16.865085 </lastmod></url><url>
	<loc> https://geoconnex.us/ref/aiannh/3100 </loc>
		<lastmod> 2021-10-15 19:25:16.865095 </lastmod></url><url>
	<loc> https://geoconnex.us/ref/aiannh/1940 </loc>
		<lastmod> 2021-10-15 19:25:16.865105 </lastmod></url><url>
	<loc> https://geoconnex.us/ref/aiannh/4595 </loc>
		<lastmod> 2021-10-15 19:25:16.865115 </lastmod></url><url>
	<loc> https://geoconnex.us/ref/aiannh/1505 </loc>
		<lastmod> 2021-10-15 19:25:16.865124 </lastmod></url><url>
	<loc> https://geoconnex.us/ref/aiannh/4200 </loc>
		<lastmod> 2021-10-15 19:25:16.865134 </lastmod></url><url>
	<loc> https://geoconnex.us/ref/aiannh/3970 </loc>
		<lastmod> 2021-10-15 19:25:16.865144 </lastmod></url><url>
	<loc> https://geoconnex.us/ref/aiannh/4700 </loc>
		<lastmod> 2021-10-15 19:25:16.865154 </lastmod></url><url>
	<loc> https://geoconnex.us/ref/aiannh/9820 </loc>
		<lastmod> 2021-10-15 19:25:16.865164 </lastmod></url><url>
	<loc> https://geoconnex.us/ref/aiannh/6290 </loc>
		<lastmod> 2021-10-15 19:25:16.865174 </lastmod></url><url>
	<loc> https://geoconnex.us/ref/aiannh/9680 </loc>
		<lastmod> 2021-10-15 19:25:16.865184 </lastmod></url><url>
	<loc> https://geoconnex.us/ref/aiannh/9880 </loc>
		<lastmod> 2021-10-15 19:25:16.865194 </lastmod></url><url>
	<loc> https://geoconnex.us/ref/aiannh/9560 </loc>
		<lastmod> 2021-10-15 19:25:16.865203 </lastmod></url><url>
	<loc> https://geoconnex.us/ref/aiannh/7540 </loc>
		<lastmod> 2021-10-15 19:25:16.865213 </lastmod></url><url>
	<loc> https://geoconnex.us/ref/aiannh/6280 </loc>
		<lastmod> 2021-10-15 19:25:16.865240 </lastmod></url><url>
	<loc> https://geoconnex.us/ref/aiannh/7263 </loc>
		<lastmod> 2021-10-15 19:25:16.865265 </lastmod></url><url>
	<loc> https://geoconnex.us/ref/aiannh/7110 </loc>
		<lastmod> 2021-10-15 19:25:16.865274 </lastmod></url><url>
	<loc> https://geoconnex.us/ref/aiannh/6795 </loc>
		<lastmod> 2021-10-15 19:25:16.865283 </lastmod></url><url>
	<loc> https://geoconnex.us/ref/aiannh/7035 </loc>
		<lastmod> 2021-10-15 19:25:16.865293 </lastmod></url><url>
	<loc> https://geoconnex.us/ref/aiannh/6830 </loc>
		<lastmod> 2021-10-15 19:25:16.865302 </lastmod></url><url>
	<loc> https://geoconnex.us/ref/aiannh/7133 </loc>
		<lastmod> 2021-10-15 19:25:16.865311 </lastmod></url><url>
	<loc> https://geoconnex.us/ref/aiannh/6480 </loc>
		<lastmod> 2021-10-15 19:25:16.865319 </lastmod></url><url>
	<loc> https://geoconnex.us/ref/aiannh/6205 </loc>
		<lastmod> 2021-10-15 19:25:16.865329 </lastmod></url><url>
	<loc> https://geoconnex.us/ref/aiannh/6690 </loc>
		<lastmod> 2021-10-15 19:25:16.865338 </lastmod></url><url>
	<loc> https://geoconnex.us/ref/aiannh/6165 </loc>
		<lastmod> 2021-10-15 19:25:16.865347 </lastmod></url><url>
	<loc> https://geoconnex.us/ref/aiannh/7470 </loc>
		<lastmod> 2021-10-15 19:25:16.865355 </lastmod></url><url>
	<loc> https://geoconnex.us/ref/aiannh/4375 </loc>
		<lastmod> 2021-10-15 19:25:16.865364 </lastmod></url><url>
	<loc> https://geoconnex.us/ref/aiannh/1515 </loc>
		<lastmod> 2021-10-15 19:25:16.865373 </lastmod></url><url>
	<loc> https://geoconnex.us/ref/aiannh/5076 </loc>
		<lastmod> 2021-10-15 19:25:16.865382 </lastmod></url><url>
	<loc> https://geoconnex.us/ref/aiannh/5026 </loc>
		<lastmod> 2021-10-15 19:25:16.865391 </lastmod></url><url>
	<loc> https://geoconnex.us/ref/aiannh/5188 </loc>
		<lastmod> 2021-10-15 19:25:16.865400 </lastmod></url><url>
	<loc> https://geoconnex.us/ref/aiannh/4760 </loc>
		<lastmod> 2021-10-15 19:25:16.865409 </lastmod></url><url>
	<loc> https://geoconnex.us/ref/aiannh/8100 </loc>
		<lastmod> 2021-10-15 19:25:16.865418 </lastmod></url><url>
	<loc> https://geoconnex.us/ref/aiannh/4680 </loc>
		<lastmod> 2021-10-15 19:25:16.865427 </lastmod></url><url>
	<loc> https://geoconnex.us/ref/aiannh/4610 </loc>
		<lastmod> 2021-10-15 19:25:16.865436 </lastmod></url><url>
	<loc> https://geoconnex.us/ref/aiannh/9635 </loc>
		<lastmod> 2021-10-15 19:25:16.865445 </lastmod></url><url>
	<loc> https://geoconnex.us/ref/aiannh/2430 </loc>
		<lastmod> 2021-10-15 19:25:16.865455 </lastmod></url><url>
	<loc> https://geoconnex.us/ref/aiannh/3940 </loc>
		<lastmod> 2021-10-15 19:25:16.865463 </lastmod></url><url>
	<loc> https://geoconnex.us/ref/aiannh/9400 </loc>
		<lastmod> 2021-10-15 19:25:16.865473 </lastmod></url><url>
	<loc> https://geoconnex.us/ref/aiannh/4785 </loc>
		<lastmod> 2021-10-15 19:25:16.865481 </lastmod></url><url>
	<loc> https://geoconnex.us/ref/aiannh/3235 </loc>
		<lastmod> 2021-10-15 19:25:16.865491 </lastmod></url><url>
	<loc> https://geoconnex.us/ref/aiannh/1860 </loc>
		<lastmod> 2021-10-15 19:25:16.865500 </lastmod></url><url>
	<loc> https://geoconnex.us/ref/aiannh/6785 </loc>
		<lastmod> 2021-10-15 19:25:16.865509 </lastmod></url><url>
	<loc> https://geoconnex.us/ref/aiannh/7080 </loc>
		<lastmod> 2021-10-15 19:25:16.865518 </lastmod></url><url>
	<loc> https://geoconnex.us/ref/aiannh/7580 </loc>
		<lastmod> 2021-10-15 19:25:16.865527 </lastmod></url><url>
	<loc> https://geoconnex.us/ref/aiannh/7765 </loc>
		<lastmod> 2021-10-15 19:25:16.865537 </lastmod></url><url>
	<loc> https://geoconnex.us/ref/aiannh/6790 </loc>
		<lastmod> 2021-10-15 19:25:16.865546 </lastmod></url><url>
	<loc> https://geoconnex.us/ref/aiannh/7115 </loc>
		<lastmod> 2021-10-15 19:25:16.865554 </lastmod></url><url>
	<loc> https://geoconnex.us/ref/aiannh/6335 </loc>
		<lastmod> 2021-10-15 19:25:16.865564 </lastmod></url><url>
	<loc> https://geoconnex.us/ref/aiannh/6730 </loc>
		<lastmod> 2021-10-15 19:25:16.865573 </lastmod></url><url>
	<loc> https://geoconnex.us/ref/aiannh/7095 </loc>
		<lastmod> 2021-10-15 19:25:16.865582 </lastmod></url><url>
	<loc> https://geoconnex.us/ref/aiannh/6835 </loc>
		<lastmod> 2021-10-15 19:25:16.865591 </lastmod></url><url>
	<loc> https://geoconnex.us/ref/aiannh/6075 </loc>
		<lastmod> 2021-10-15 19:25:16.865601 </lastmod></url><url>
	<loc> https://geoconnex.us/ref/aiannh/7430 </loc>
		<lastmod> 2021-10-15 19:25:16.865610 </lastmod></url><url>
	<loc> https://geoconnex.us/ref/aiannh/6910 </loc>
		<lastmod> 2021-10-15 19:25:16.865620 </lastmod></url><url>
	<loc> https://geoconnex.us/ref/aiannh/7125 </loc>
		<lastmod> 2021-10-15 19:25:16.865629 </lastmod></url><url>
	<loc> https://geoconnex.us/ref/aiannh/6890 </loc>
		<lastmod> 2021-10-15 19:25:16.865639 </lastmod></url><url>
	<loc> https://geoconnex.us/ref/aiannh/6240 </loc>
		<lastmod> 2021-10-15 19:25:16.865648 </lastmod></url><url>
	<loc> https://geoconnex.us/ref/aiannh/1815 </loc>
		<lastmod> 2021-10-15 19:25:16.865657 </lastmod></url><url>
	<loc> https://geoconnex.us/ref/aiannh/4255 </loc>
		<lastmod> 2021-10-15 19:25:16.865666 </lastmod></url><url>
	<loc> https://geoconnex.us/ref/aiannh/2100 </loc>
		<lastmod> 2021-10-15 19:25:16.865676 </lastmod></url><url>
	<loc> https://geoconnex.us/ref/aiannh/0690 </loc>
		<lastmod> 2021-10-15 19:25:16.865685 </lastmod></url><url>
	<loc> https://geoconnex.us/ref/aiannh/5123 </loc>
		<lastmod> 2021-10-15 19:25:16.865695 </lastmod></url><url>
	<loc> https://geoconnex.us/ref/aiannh/4140 </loc>
		<lastmod> 2021-10-15 19:25:16.865704 </lastmod></url><url>
	<loc> https://geoconnex.us/ref/aiannh/4930 </loc>
		<lastmod> 2021-10-15 19:25:16.865713 </lastmod></url><url>
	<loc> https://geoconnex.us/ref/aiannh/5098 </loc>
		<lastmod> 2021-10-15 19:25:16.865723 </lastmod></url><url>
	<loc> https://geoconnex.us/ref/aiannh/5008 </loc>
		<lastmod> 2021-10-15 19:25:16.865732 </lastmod></url><url>
	<loc> https://geoconnex.us/ref/aiannh/1250 </loc>
		<lastmod> 2021-10-15 19:25:16.865741 </lastmod></url><url>
	<loc> https://geoconnex.us/ref/aiannh/5135 </loc>
		<lastmod> 2021-10-15 19:25:16.865751 </lastmod></url><url>
	<loc> https://geoconnex.us/ref/aiannh/5177 </loc>
		<lastmod> 2021-10-15 19:25:16.865760 </lastmod></url><url>
	<loc> https://geoconnex.us/ref/aiannh/5560 </loc>
		<lastmod> 2021-10-15 19:25:16.865770 </lastmod></url><url>
	<loc> https://geoconnex.us/ref/aiannh/5620 </loc>
		<lastmod> 2021-10-15 19:25:16.865779 </lastmod></url><url>
	<loc> https://geoconnex.us/ref/aiannh/9720 </loc>
		<lastmod> 2021-10-15 19:25:16.865789 </lastmod></url><url>
	<loc> https://geoconnex.us/ref/aiannh/3185 </loc>
		<lastmod> 2021-10-15 19:25:16.865799 </lastmod></url><url>
	<loc> https://geoconnex.us/ref/aiannh/1955 </loc>
		<lastmod> 2021-10-15 19:25:16.865809 </lastmod></url><url>
	<loc> https://geoconnex.us/ref/aiannh/0605 </loc>
		<lastmod> 2021-10-15 19:25:16.865818 </lastmod></url><url>
	<loc> https://geoconnex.us/ref/aiannh/2810 </loc>
		<lastmod> 2021-10-15 19:25:16.865828 </lastmod></url><url>
	<loc> https://geoconnex.us/ref/aiannh/9100 </loc>
		<lastmod> 2021-10-15 19:25:16.865838 </lastmod></url><url>
	<loc> https://geoconnex.us/ref/aiannh/2595 </loc>
		<lastmod> 2021-10-15 19:25:16.865848 </lastmod></url><url>
	<loc> https://geoconnex.us/ref/aiannh/5071 </loc>
		<lastmod> 2021-10-15 19:25:16.865858 </lastmod></url><url>
	<loc> https://geoconnex.us/ref/aiannh/6275 </loc>
		<lastmod> 2021-10-15 19:25:16.865867 </lastmod></url><url>
	<loc> https://geoconnex.us/ref/aiannh/1355 </loc>
		<lastmod> 2021-10-15 19:25:16.865877 </lastmod></url><url>
	<loc> https://geoconnex.us/ref/aiannh/7390 </loc>
		<lastmod> 2021-10-15 19:25:16.865886 </lastmod></url><url>
	<loc> https://geoconnex.us/ref/aiannh/6710 </loc>
		<lastmod> 2021-10-15 19:25:16.865896 </lastmod></url><url>
	<loc> https://geoconnex.us/ref/aiannh/6225 </loc>
		<lastmod> 2021-10-15 19:25:16.865906 </lastmod></url><url>
	<loc> https://geoconnex.us/ref/aiannh/6595 </loc>
		<lastmod> 2021-10-15 19:25:16.865915 </lastmod></url><url>
	<loc> https://geoconnex.us/ref/aiannh/7185 </loc>
		<lastmod> 2021-10-15 19:25:16.865925 </lastmod></url><url>
	<loc> https://geoconnex.us/ref/aiannh/6070 </loc>
		<lastmod> 2021-10-15 19:25:16.865934 </lastmod></url><url>
	<loc> https://geoconnex.us/ref/aiannh/6820 </loc>
		<lastmod> 2021-10-15 19:25:16.865944 </lastmod></url><url>
	<loc> https://geoconnex.us/ref/aiannh/7755 </loc>
		<lastmod> 2021-10-15 19:25:16.865953 </lastmod></url><url>
	<loc> https://geoconnex.us/ref/aiannh/6725 </loc>
		<lastmod> 2021-10-15 19:25:16.865963 </lastmod></url><url>
	<loc> https://geoconnex.us/ref/aiannh/1700 </loc>
		<lastmod> 2021-10-15 19:25:16.865972 </lastmod></url><url>
	<loc> https://geoconnex.us/ref/aiannh/4940 </loc>
		<lastmod> 2021-10-15 19:25:16.865981 </lastmod></url><url>
	<loc> https://geoconnex.us/ref/aiannh/9675 </loc>
		<lastmod> 2021-10-15 19:25:16.865991 </lastmod></url><url>
	<loc> https://geoconnex.us/ref/aiannh/1895 </loc>
		<lastmod> 2021-10-15 19:25:16.866000 </lastmod></url><url>
	<loc> https://geoconnex.us/ref/aiannh/9370 </loc>
		<lastmod> 2021-10-15 19:25:16.866010 </lastmod></url><url>
	<loc> https://geoconnex.us/ref/aiannh/6855 </loc>
		<lastmod> 2021-10-15 19:25:16.866019 </lastmod></url><url>
	<loc> https://geoconnex.us/ref/aiannh/1560 </loc>
		<lastmod> 2021-10-15 19:25:16.866028 </lastmod></url><url>
	<loc> https://geoconnex.us/ref/aiannh/0720 </loc>
		<lastmod> 2021-10-15 19:25:16.866038 </lastmod></url><url>
	<loc> https://geoconnex.us/ref/aiannh/9230 </loc>
		<lastmod> 2021-10-15 19:25:16.866047 </lastmod></url><url>
	<loc> https://geoconnex.us/ref/aiannh/1135 </loc>
		<lastmod> 2021-10-15 19:25:16.866057 </lastmod></url><url>
	<loc> https://geoconnex.us/ref/aiannh/0110 </loc>
		<lastmod> 2021-10-15 19:25:16.866066 </lastmod></url><url>
	<loc> https://geoconnex.us/ref/aiannh/0750 </loc>
		<lastmod> 2021-10-15 19:25:16.866076 </lastmod></url><url>
	<loc> https://geoconnex.us/ref/aiannh/0820 </loc>
		<lastmod> 2021-10-15 19:25:16.866085 </lastmod></url><url>
	<loc> https://geoconnex.us/ref/aiannh/6720 </loc>
		<lastmod> 2021-10-15 19:25:16.866095 </lastmod></url><url>
	<loc> https://geoconnex.us/ref/aiannh/7740 </loc>
		<lastmod> 2021-10-15 19:25:16.866105 </lastmod></url><url>
	<loc> https://geoconnex.us/ref/aiannh/6545 </loc>
		<lastmod> 2021-10-15 19:25:16.866115 </lastmod></url><url>
	<loc> https://geoconnex.us/ref/aiannh/5114 </loc>
		<lastmod> 2021-10-15 19:25:16.866124 </lastmod></url><url>
	<loc> https://geoconnex.us/ref/aiannh/5067 </loc>
		<lastmod> 2021-10-15 19:25:16.866135 </lastmod></url><url>
	<loc> https://geoconnex.us/ref/aiannh/1395 </loc>
		<lastmod> 2021-10-15 19:25:16.866144 </lastmod></url><url>
	<loc> https://geoconnex.us/ref/aiannh/0955 </loc>
		<lastmod> 2021-10-15 19:25:16.866153 </lastmod></url><url>
	<loc> https://geoconnex.us/ref/aiannh/5600 </loc>
		<lastmod> 2021-10-15 19:25:16.866163 </lastmod></url><url>
	<loc> https://geoconnex.us/ref/aiannh/0215 </loc>
		<lastmod> 2021-10-15 19:25:16.866173 </lastmod></url><url>
	<loc> https://geoconnex.us/ref/aiannh/1775 </loc>
		<lastmod> 2021-10-15 19:25:16.866237 </lastmod></url><url>
	<loc> https://geoconnex.us/ref/aiannh/5134 </loc>
		<lastmod> 2021-10-15 19:25:16.866249 </lastmod></url><url>
	<loc> https://geoconnex.us/ref/aiannh/1005 </loc>
		<lastmod> 2021-10-15 19:25:16.866259 </lastmod></url><url>
	<loc> https://geoconnex.us/ref/aiannh/0560 </loc>
		<lastmod> 2021-10-15 19:25:16.866268 </lastmod></url><url>
	<loc> https://geoconnex.us/ref/aiannh/2535 </loc>
		<lastmod> 2021-10-15 19:25:16.866278 </lastmod></url><url>
	<loc> https://geoconnex.us/ref/aiannh/6605 </loc>
		<lastmod> 2021-10-15 19:25:16.866287 </lastmod></url><url>
	<loc> https://geoconnex.us/ref/aiannh/6905 </loc>
		<lastmod> 2021-10-15 19:25:16.866296 </lastmod></url><url>
	<loc> https://geoconnex.us/ref/aiannh/1925 </loc>
		<lastmod> 2021-10-15 19:25:16.866306 </lastmod></url><url>
	<loc> https://geoconnex.us/ref/aiannh/4545 </loc>
		<lastmod> 2021-10-15 19:25:16.866315 </lastmod></url><url>
	<loc> https://geoconnex.us/ref/aiannh/5069 </loc>
		<lastmod> 2021-10-15 19:25:16.866325 </lastmod></url><url>
	<loc> https://geoconnex.us/ref/aiannh/0305 </loc>
		<lastmod> 2021-10-15 19:25:16.866334 </lastmod></url><url>
	<loc> https://geoconnex.us/ref/aiannh/1010 </loc>
		<lastmod> 2021-10-15 19:25:16.866344 </lastmod></url><url>
	<loc> https://geoconnex.us/ref/aiannh/7665 </loc>
		<lastmod> 2021-10-15 19:25:16.866353 </lastmod></url><url>
	<loc> https://geoconnex.us/ref/aiannh/3520 </loc>
		<lastmod> 2021-10-15 19:25:16.866362 </lastmod></url><url>
	<loc> https://geoconnex.us/ref/aiannh/0290 </loc>
		<lastmod> 2021-10-15 19:25:16.866372 </lastmod></url><url>
	<loc> https://geoconnex.us/ref/aiannh/1550 </loc>
		<lastmod> 2021-10-15 19:25:16.866381 </lastmod></url><url>
	<loc> https://geoconnex.us/ref/aiannh/2015 </loc>
		<lastmod> 2021-10-15 19:25:16.866390 </lastmod></url><url>
	<loc> https://geoconnex.us/ref/aiannh/7695 </loc>
		<lastmod> 2021-10-15 19:25:16.866399 </lastmod></url><url>
	<loc> https://geoconnex.us/ref/aiannh/2320 </loc>
		<lastmod> 2021-10-15 19:25:16.866409 </lastmod></url><url>
	<loc> https://geoconnex.us/ref/aiannh/9280 </loc>
		<lastmod> 2021-10-15 19:25:16.866419 </lastmod></url><url>
	<loc> https://geoconnex.us/ref/aiannh/0020 </loc>
		<lastmod> 2021-10-15 19:25:16.866428 </lastmod></url><url>
	<loc> https://geoconnex.us/ref/aiannh/0540 </loc>
		<lastmod> 2021-10-15 19:25:16.866437 </lastmod></url><url>
	<loc> https://geoconnex.us/ref/aiannh/3550 </loc>
		<lastmod> 2021-10-15 19:25:16.866446 </lastmod></url><url>
	<loc> https://geoconnex.us/ref/aiannh/3750 </loc>
		<lastmod> 2021-10-15 19:25:16.866456 </lastmod></url><url>
	<loc> https://geoconnex.us/ref/aiannh/9815 </loc>
		<lastmod> 2021-10-15 19:25:16.866465 </lastmod></url><url>
	<loc> https://geoconnex.us/ref/aiannh/0010 </loc>
		<lastmod> 2021-10-15 19:25:16.866475 </lastmod></url><url>
	<loc> https://geoconnex.us/ref/aiannh/5148 </loc>
		<lastmod> 2021-10-15 19:25:16.866485 </lastmod></url><url>
	<loc> https://geoconnex.us/ref/aiannh/5156 </loc>
		<lastmod> 2021-10-15 19:25:16.866494 </lastmod></url><url>
	<loc> https://geoconnex.us/ref/aiannh/5009 </loc>
		<lastmod> 2021-10-15 19:25:16.866504 </lastmod></url><url>
	<loc> https://geoconnex.us/ref/aiannh/5196 </loc>
		<lastmod> 2021-10-15 19:25:16.866513 </lastmod></url><url>
	<loc> https://geoconnex.us/ref/aiannh/5111 </loc>
		<lastmod> 2021-10-15 19:25:16.866523 </lastmod></url><url>
	<loc> https://geoconnex.us/ref/aiannh/0275 </loc>
		<lastmod> 2021-10-15 19:25:16.866532 </lastmod></url><url>
	<loc> https://geoconnex.us/ref/aiannh/5251 </loc>
		<lastmod> 2021-10-15 19:25:16.866542 </lastmod></url><url>
	<loc> https://geoconnex.us/ref/aiannh/5540 </loc>
		<lastmod> 2021-10-15 19:25:16.866551 </lastmod></url><url>
	<loc> https://geoconnex.us/ref/aiannh/5820 </loc>
		<lastmod> 2021-10-15 19:25:16.866561 </lastmod></url><url>
	<loc> https://geoconnex.us/ref/aiannh/5580 </loc>
		<lastmod> 2021-10-15 19:25:16.866570 </lastmod></url><url>
	<loc> https://geoconnex.us/ref/aiannh/9515 </loc>
		<lastmod> 2021-10-15 19:25:16.866580 </lastmod></url><url>
	<loc> https://geoconnex.us/ref/aiannh/9745 </loc>
		<lastmod> 2021-10-15 19:25:16.866589 </lastmod></url><url>
	<loc> https://geoconnex.us/ref/aiannh/4665 </loc>
		<lastmod> 2021-10-15 19:25:16.866599 </lastmod></url><url>
	<loc> https://geoconnex.us/ref/aiannh/2490 </loc>
		<lastmod> 2021-10-15 19:25:16.866608 </lastmod></url><url>
	<loc> https://geoconnex.us/ref/aiannh/9150 </loc>
		<lastmod> 2021-10-15 19:25:16.866618 </lastmod></url><url>
	<loc> https://geoconnex.us/ref/aiannh/5830 </loc>
		<lastmod> 2021-10-15 19:25:16.866628 </lastmod></url><url>
	<loc> https://geoconnex.us/ref/aiannh/5780 </loc>
		<lastmod> 2021-10-15 19:25:16.866637 </lastmod></url><url>
	<loc> https://geoconnex.us/ref/aiannh/5011 </loc>
		<lastmod> 2021-10-15 19:25:16.866646 </lastmod></url><url>
	<loc> https://geoconnex.us/ref/aiannh/0240 </loc>
		<lastmod> 2021-10-15 19:25:16.866655 </lastmod></url><url>
	<loc> https://geoconnex.us/ref/aiannh/0185 </loc>
		<lastmod> 2021-10-15 19:25:16.866665 </lastmod></url><url>
	<loc> https://geoconnex.us/ref/aiannh/1140 </loc>
		<lastmod> 2021-10-15 19:25:16.866674 </lastmod></url><url>
	<loc> https://geoconnex.us/ref/aiannh/1440 </loc>
		<lastmod> 2021-10-15 19:25:16.866683 </lastmod></url><url>
	<loc> https://geoconnex.us/ref/aiannh/5740 </loc>
		<lastmod> 2021-10-15 19:25:16.866693 </lastmod></url><url>
	<loc> https://geoconnex.us/ref/aiannh/6750 </loc>
		<lastmod> 2021-10-15 19:25:16.866702 </lastmod></url><url>
	<loc> https://geoconnex.us/ref/aiannh/6350 </loc>
		<lastmod> 2021-10-15 19:25:16.866711 </lastmod></url><url>
	<loc> https://geoconnex.us/ref/aiannh/6250 </loc>
		<lastmod> 2021-10-15 19:25:16.866721 </lastmod></url><url>
	<loc> https://geoconnex.us/ref/aiannh/7050 </loc>
		<lastmod> 2021-10-15 19:25:16.866730 </lastmod></url><url>
	<loc> https://geoconnex.us/ref/aiannh/7135 </loc>
		<lastmod> 2021-10-15 19:25:16.866739 </lastmod></url><url>
	<loc> https://geoconnex.us/ref/aiannh/6755 </loc>
		<lastmod> 2021-10-15 19:25:16.866748 </lastmod></url><url>
	<loc> https://geoconnex.us/ref/aiannh/0350 </loc>
		<lastmod> 2021-10-15 19:25:16.866758 </lastmod></url><url>
	<loc> https://geoconnex.us/ref/aiannh/3265 </loc>
		<lastmod> 2021-10-15 19:25:16.866767 </lastmod></url><url>
	<loc> https://geoconnex.us/ref/aiannh/4030 </loc>
		<lastmod> 2021-10-15 19:25:16.866776 </lastmod></url><url>
	<loc> https://geoconnex.us/ref/aiannh/7100 </loc>
		<lastmod> 2021-10-15 19:25:16.866785 </lastmod></url><url>
	<loc> https://geoconnex.us/ref/aiannh/1670 </loc>
		<lastmod> 2021-10-15 19:25:16.866795 </lastmod></url><url>
	<loc> https://geoconnex.us/ref/aiannh/1260 </loc>
		<lastmod> 2021-10-15 19:25:16.866804 </lastmod></url><url>
	<loc> https://geoconnex.us/ref/aiannh/3935 </loc>
		<lastmod> 2021-10-15 19:25:16.866813 </lastmod></url><url>
	<loc> https://geoconnex.us/ref/aiannh/2115 </loc>
		<lastmod> 2021-10-15 19:25:16.866823 </lastmod></url><url>
	<loc> https://geoconnex.us/ref/aiannh/9300 </loc>
		<lastmod> 2021-10-15 19:25:16.866832 </lastmod></url><url>
	<loc> https://geoconnex.us/ref/aiannh/2505 </loc>
		<lastmod> 2021-10-15 19:25:16.866841 </lastmod></url><url>
	<loc> https://geoconnex.us/ref/aiannh/6630 </loc>
		<lastmod> 2021-10-15 19:25:16.866851 </lastmod></url><url>
	<loc> https://geoconnex.us/ref/aiannh/1270 </loc>
		<lastmod> 2021-10-15 19:25:16.866860 </lastmod></url><url>
	<loc> https://geoconnex.us/ref/aiannh/9260 </loc>
		<lastmod> 2021-10-15 19:25:16.866870 </lastmod></url><url>
	<loc> https://geoconnex.us/ref/aiannh/2555 </loc>
		<lastmod> 2021-10-15 19:25:16.866879 </lastmod></url><url>
	<loc> https://geoconnex.us/ref/aiannh/4910 </loc>
		<lastmod> 2021-10-15 19:25:16.866889 </lastmod></url><url>
	<loc> https://geoconnex.us/ref/aiannh/3665 </loc>
		<lastmod> 2021-10-15 19:25:16.866898 </lastmod></url><url>
	<loc> https://geoconnex.us/ref/aiannh/4360 </loc>
		<lastmod> 2021-10-15 19:25:16.866907 </lastmod></url><url>
	<loc> https://geoconnex.us/ref/aiannh/7745 </loc>
		<lastmod> 2021-10-15 19:25:16.866917 </lastmod></url><url>
	<loc> https://geoconnex.us/ref/aiannh/2835 </loc>
		<lastmod> 2021-10-15 19:25:16.866926 </lastmod></url><url>
	<loc> https://geoconnex.us/ref/aiannh/5550 </loc>
		<lastmod> 2021-10-15 19:25:16.866936 </lastmod></url><url>
	<loc> https://geoconnex.us/ref/aiannh/9550 </loc>
		<lastmod> 2021-10-15 19:25:16.866945 </lastmod></url><url>
	<loc> https://geoconnex.us/ref/aiannh/7275 </loc>
		<lastmod> 2021-10-15 19:25:16.866955 </lastmod></url><url>
	<loc> https://geoconnex.us/ref/aiannh/6080 </loc>
		<lastmod> 2021-10-15 19:25:16.866964 </lastmod></url><url>
	<loc> https://geoconnex.us/ref/aiannh/6975 </loc>
		<lastmod> 2021-10-15 19:25:16.866973 </lastmod></url><url>
	<loc> https://geoconnex.us/ref/aiannh/6815 </loc>
		<lastmod> 2021-10-15 19:25:16.866982 </lastmod></url><url>
	<loc> https://geoconnex.us/ref/aiannh/6895 </loc>
		<lastmod> 2021-10-15 19:25:16.866991 </lastmod></url><url>
	<loc> https://geoconnex.us/ref/aiannh/4470 </loc>
		<lastmod> 2021-10-15 19:25:16.867001 </lastmod></url><url>
	<loc> https://geoconnex.us/ref/aiannh/2785 </loc>
		<lastmod> 2021-10-15 19:25:16.867010 </lastmod></url><url>
	<loc> https://geoconnex.us/ref/aiannh/4390 </loc>
		<lastmod> 2021-10-15 19:25:16.867020 </lastmod></url><url>
	<loc> https://geoconnex.us/ref/aiannh/1185 </loc>
		<lastmod> 2021-10-15 19:25:16.867029 </lastmod></url><url>
	<loc> https://geoconnex.us/ref/aiannh/5590 </loc>
		<lastmod> 2021-10-15 19:25:16.867038 </lastmod></url><url>
	<loc> https://geoconnex.us/ref/aiannh/9960 </loc>
		<lastmod> 2021-10-15 19:25:16.867047 </lastmod></url><url>
	<loc> https://geoconnex.us/ref/aiannh/1110 </loc>
		<lastmod> 2021-10-15 19:25:16.867057 </lastmod></url><url>
	<loc> https://geoconnex.us/ref/aiannh/2075 </loc>
		<lastmod> 2021-10-15 19:25:16.867066 </lastmod></url><url>
	<loc> https://geoconnex.us/ref/aiannh/3985 </loc>
		<lastmod> 2021-10-15 19:25:16.867075 </lastmod></url><url>
	<loc> https://geoconnex.us/ref/aiannh/0555 </loc>
		<lastmod> 2021-10-15 19:25:16.867084 </lastmod></url><url>
	<loc> https://geoconnex.us/ref/aiannh/5720 </loc>
		<lastmod> 2021-10-15 19:25:16.867093 </lastmod></url><url>
	<loc> https://geoconnex.us/ref/aiannh/5955 </loc>
		<lastmod> 2021-10-15 19:25:16.867103 </lastmod></url><url>
	<loc> https://geoconnex.us/ref/aiannh/6455 </loc>
		<lastmod> 2021-10-15 19:25:16.867112 </lastmod></url><url>
	<loc> https://geoconnex.us/ref/aiannh/7245 </loc>
		<lastmod> 2021-10-15 19:25:16.867121 </lastmod></url><url>
	<loc> https://geoconnex.us/ref/aiannh/7565 </loc>
		<lastmod> 2021-10-15 19:25:16.867131 </lastmod></url><url>
	<loc> https://geoconnex.us/ref/aiannh/6100 </loc>
		<lastmod> 2021-10-15 19:25:16.867140 </lastmod></url><url>
	<loc> https://geoconnex.us/ref/aiannh/7180 </loc>
		<lastmod> 2021-10-15 19:25:16.867149 </lastmod></url><url>
	<loc> https://geoconnex.us/ref/aiannh/7300 </loc>
		<lastmod> 2021-10-15 19:25:16.867159 </lastmod></url><url>
	<loc> https://geoconnex.us/ref/aiannh/4455 </loc>
		<lastmod> 2021-10-15 19:25:16.867168 </lastmod></url><url>
	<loc> https://geoconnex.us/ref/aiannh/3955 </loc>
		<lastmod> 2021-10-15 19:25:16.867178 </lastmod></url><url>
	<loc> https://geoconnex.us/ref/aiannh/2300 </loc>
		<lastmod> 2021-10-15 19:25:16.867187 </lastmod></url><url>
	<loc> https://geoconnex.us/ref/aiannh/1125 </loc>
		<lastmod> 2021-10-15 19:25:16.867197 </lastmod></url><url>
	<loc> https://geoconnex.us/ref/aiannh/3250 </loc>
		<lastmod> 2021-10-15 19:25:16.867207 </lastmod></url><url>
	<loc> https://geoconnex.us/ref/aiannh/1310 </loc>
		<lastmod> 2021-10-15 19:25:16.867217 </lastmod></url><url>
	<loc> https://geoconnex.us/ref/aiannh/0775 </loc>
		<lastmod> 2021-10-15 19:25:16.867226 </lastmod></url><url>
	<loc> https://geoconnex.us/ref/aiannh/4405 </loc>
		<lastmod> 2021-10-15 19:25:16.867236 </lastmod></url><url>
	<loc> https://geoconnex.us/ref/aiannh/1785 </loc>
		<lastmod> 2021-10-15 19:25:16.867246 </lastmod></url><url>
	<loc> https://geoconnex.us/ref/aiannh/0400 </loc>
		<lastmod> 2021-10-15 19:25:16.867255 </lastmod></url><url>
	<loc> https://geoconnex.us/ref/aiannh/5166 </loc>
		<lastmod> 2021-10-15 19:25:16.867265 </lastmod></url><url>
	<loc> https://geoconnex.us/ref/aiannh/5029 </loc>
		<lastmod> 2021-10-15 19:25:16.867274 </lastmod></url><url>
	<loc> https://geoconnex.us/ref/aiannh/1840 </loc>
		<lastmod> 2021-10-15 19:25:16.867284 </lastmod></url><url>
	<loc> https://geoconnex.us/ref/aiannh/3400 </loc>
		<lastmod> 2021-10-15 19:25:16.867293 </lastmod></url><url>
	<loc> https://geoconnex.us/ref/aiannh/2240 </loc>
		<lastmod> 2021-10-15 19:25:16.867303 </lastmod></url><url>
	<loc> https://geoconnex.us/ref/aiannh/1735 </loc>
		<lastmod> 2021-10-15 19:25:16.867313 </lastmod></url><url>
	<loc> https://geoconnex.us/ref/aiannh/3825 </loc>
		<lastmod> 2021-10-15 19:25:16.867322 </lastmod></url><url>
	<loc> https://geoconnex.us/ref/aiannh/6430 </loc>
		<lastmod> 2021-10-15 19:25:16.867332 </lastmod></url><url>
	<loc> https://geoconnex.us/ref/aiannh/6285 </loc>
		<lastmod> 2021-10-15 19:25:16.867341 </lastmod></url><url>
	<loc> https://geoconnex.us/ref/aiannh/6550 </loc>
		<lastmod> 2021-10-15 19:25:16.867351 </lastmod></url><url>
	<loc> https://geoconnex.us/ref/aiannh/6045 </loc>
		<lastmod> 2021-10-15 19:25:16.867360 </lastmod></url><url>
	<loc> https://geoconnex.us/ref/aiannh/6105 </loc>
		<lastmod> 2021-10-15 19:25:16.867369 </lastmod></url><url>
	<loc> https://geoconnex.us/ref/aiannh/6065 </loc>
		<lastmod> 2021-10-15 19:25:16.867379 </lastmod></url><url>
	<loc> https://geoconnex.us/ref/aiannh/6525 </loc>
		<lastmod> 2021-10-15 19:25:16.867388 </lastmod></url><url>
	<loc> https://geoconnex.us/ref/aiannh/6915 </loc>
		<lastmod> 2021-10-15 19:25:16.867398 </lastmod></url><url>
	<loc> https://geoconnex.us/ref/aiannh/6965 </loc>
		<lastmod> 2021-10-15 19:25:16.867408 </lastmod></url><url>
	<loc> https://geoconnex.us/ref/aiannh/7020 </loc>
		<lastmod> 2021-10-15 19:25:16.867417 </lastmod></url><url>
	<loc> https://geoconnex.us/ref/aiannh/6195 </loc>
		<lastmod> 2021-10-15 19:25:16.867427 </lastmod></url><url>
	<loc> https://geoconnex.us/ref/aiannh/0855 </loc>
		<lastmod> 2021-10-15 19:25:16.867436 </lastmod></url><url>
	<loc> https://geoconnex.us/ref/aiannh/9580 </loc>
		<lastmod> 2021-10-15 19:25:16.867446 </lastmod></url><url>
	<loc> https://geoconnex.us/ref/aiannh/4330 </loc>
		<lastmod> 2021-10-15 19:25:16.867456 </lastmod></url><url>
	<loc> https://geoconnex.us/ref/aiannh/1490 </loc>
		<lastmod> 2021-10-15 19:25:16.867466 </lastmod></url><url>
	<loc> https://geoconnex.us/ref/aiannh/5770 </loc>
		<lastmod> 2021-10-15 19:25:16.867476 </lastmod></url><url>
	<loc> https://geoconnex.us/ref/aiannh/5198 </loc>
		<lastmod> 2021-10-15 19:25:16.867485 </lastmod></url><url>
	<loc> https://geoconnex.us/ref/aiannh/0080 </loc>
		<lastmod> 2021-10-15 19:25:16.867495 </lastmod></url><url>
	<loc> https://geoconnex.us/ref/aiannh/9835 </loc>
		<lastmod> 2021-10-15 19:25:16.867504 </lastmod></url><url>
	<loc> https://geoconnex.us/ref/aiannh/1690 </loc>
		<lastmod> 2021-10-15 19:25:16.867513 </lastmod></url><url>
	<loc> https://geoconnex.us/ref/aiannh/9800 </loc>
		<lastmod> 2021-10-15 19:25:16.867522 </lastmod></url><url>
	<loc> https://geoconnex.us/ref/aiannh/4755 </loc>
		<lastmod> 2021-10-15 19:25:16.867532 </lastmod></url><url>
	<loc> https://geoconnex.us/ref/aiannh/2040 </loc>
		<lastmod> 2021-10-15 19:25:16.867541 </lastmod></url><url>
	<loc> https://geoconnex.us/ref/aiannh/1460 </loc>
		<lastmod> 2021-10-15 19:25:16.867578 </lastmod></url><url>
	<loc> https://geoconnex.us/ref/aiannh/2990 </loc>
		<lastmod> 2021-10-15 19:25:16.867589 </lastmod></url><url>
	<loc> https://geoconnex.us/ref/aiannh/2205 </loc>
		<lastmod> 2021-10-15 19:25:16.867598 </lastmod></url><url>
	<loc> https://geoconnex.us/ref/aiannh/2625 </loc>
		<lastmod> 2021-10-15 19:25:16.867608 </lastmod></url><url>
	<loc> https://geoconnex.us/ref/aiannh/2445 </loc>
		<lastmod> 2021-10-15 19:25:16.867617 </lastmod></url><url>
	<loc> https://geoconnex.us/ref/aiannh/5271 </loc>
		<lastmod> 2021-10-15 19:25:16.867626 </lastmod></url><url>
	<loc> https://geoconnex.us/ref/aiannh/5091 </loc>
		<lastmod> 2021-10-15 19:25:16.867636 </lastmod></url><url>
	<loc> https://geoconnex.us/ref/aiannh/5106 </loc>
		<lastmod> 2021-10-15 19:25:16.867645 </lastmod></url><url>
	<loc> https://geoconnex.us/ref/aiannh/5146 </loc>
		<lastmod> 2021-10-15 19:25:16.867655 </lastmod></url><url>
	<loc> https://geoconnex.us/ref/aiannh/3415 </loc>
		<lastmod> 2021-10-15 19:25:16.867664 </lastmod></url><url>
	<loc> https://geoconnex.us/ref/aiannh/5161 </loc>
		<lastmod> 2021-10-15 19:25:16.867673 </lastmod></url><url>
	<loc> https://geoconnex.us/ref/aiannh/5044 </loc>
		<lastmod> 2021-10-15 19:25:16.867683 </lastmod></url><url>
	<loc> https://geoconnex.us/ref/aiannh/5104 </loc>
		<lastmod> 2021-10-15 19:25:16.867692 </lastmod></url><url>
	<loc> https://geoconnex.us/ref/aiannh/5053 </loc>
		<lastmod> 2021-10-15 19:25:16.867701 </lastmod></url><url>
	<loc> https://geoconnex.us/ref/aiannh/5222 </loc>
		<lastmod> 2021-10-15 19:25:16.867711 </lastmod></url><url>
	<loc> https://geoconnex.us/ref/aiannh/6305 </loc>
		<lastmod> 2021-10-15 19:25:16.867720 </lastmod></url><url>
	<loc> https://geoconnex.us/ref/aiannh/6530 </loc>
		<lastmod> 2021-10-15 19:25:16.867729 </lastmod></url><url>
	<loc> https://geoconnex.us/ref/aiannh/2560 </loc>
		<lastmod> 2021-10-15 19:25:16.867738 </lastmod></url><url>
	<loc> https://geoconnex.us/ref/aiannh/3085 </loc>
		<lastmod> 2021-10-15 19:25:16.867747 </lastmod></url><url>
	<loc> https://geoconnex.us/ref/aiannh/1825 </loc>
		<lastmod> 2021-10-15 19:25:16.867757 </lastmod></url><url>
	<loc> https://geoconnex.us/ref/aiannh/0140 </loc>
		<lastmod> 2021-10-15 19:25:16.867766 </lastmod></url><url>
	<loc> https://geoconnex.us/ref/aiannh/4015 </loc>
		<lastmod> 2021-10-15 19:25:16.867776 </lastmod></url><url>
	<loc> https://geoconnex.us/ref/aiannh/1963 </loc>
		<lastmod> 2021-10-15 19:25:16.867786 </lastmod></url><url>
	<loc> https://geoconnex.us/ref/aiannh/3195 </loc>
		<lastmod> 2021-10-15 19:25:16.867796 </lastmod></url><url>
	<loc> https://geoconnex.us/ref/aiannh/2495 </loc>
		<lastmod> 2021-10-15 19:25:16.867806 </lastmod></url><url>
	<loc> https://geoconnex.us/ref/aiannh/2147 </loc>
		<lastmod> 2021-10-15 19:25:16.867815 </lastmod></url><url>
	<loc> https://geoconnex.us/ref/aiannh/6625 </loc>
		<lastmod> 2021-10-15 19:25:16.867825 </lastmod></url><url>
	<loc> https://geoconnex.us/ref/aiannh/6520 </loc>
		<lastmod> 2021-10-15 19:25:16.867834 </lastmod></url><url>
	<loc> https://geoconnex.us/ref/aiannh/7625 </loc>
		<lastmod> 2021-10-15 19:25:16.867844 </lastmod></url><url>
	<loc> https://geoconnex.us/ref/aiannh/3030 </loc>
		<lastmod> 2021-10-15 19:25:16.867855 </lastmod></url><url>
	<loc> https://geoconnex.us/ref/aiannh/0845 </loc>
		<lastmod> 2021-10-15 19:25:16.867865 </lastmod></url><url>
	<loc> https://geoconnex.us/ref/aiannh/0225 </loc>
		<lastmod> 2021-10-15 19:25:16.867874 </lastmod></url><url>
	<loc> https://geoconnex.us/ref/aiannh/2400 </loc>
		<lastmod> 2021-10-15 19:25:16.867884 </lastmod></url><url>
	<loc> https://geoconnex.us/ref/aiannh/3870 </loc>
		<lastmod> 2021-10-15 19:25:16.867894 </lastmod></url><url>
	<loc> https://geoconnex.us/ref/aiannh/3020 </loc>
		<lastmod> 2021-10-15 19:25:16.867903 </lastmod></url><url>
	<loc> https://geoconnex.us/ref/aiannh/4060 </loc>
		<lastmod> 2021-10-15 19:25:16.867913 </lastmod></url><url>
	<loc> https://geoconnex.us/ref/aiannh/4430 </loc>
		<lastmod> 2021-10-15 19:25:16.867922 </lastmod></url><url>
	<loc> https://geoconnex.us/ref/aiannh/2715 </loc>
		<lastmod> 2021-10-15 19:25:16.867932 </lastmod></url><url>
	<loc> https://geoconnex.us/ref/aiannh/0415 </loc>
		<lastmod> 2021-10-15 19:25:16.867942 </lastmod></url><url>
	<loc> https://geoconnex.us/ref/aiannh/0155 </loc>
		<lastmod> 2021-10-15 19:25:16.867951 </lastmod></url><url>
	<loc> https://geoconnex.us/ref/aiannh/6500 </loc>
		<lastmod> 2021-10-15 19:25:16.867987 </lastmod></url><url>
	<loc> https://geoconnex.us/ref/aiannh/7085 </loc>
		<lastmod> 2021-10-15 19:25:16.868003 </lastmod></url><url>
	<loc> https://geoconnex.us/ref/aiannh/6840 </loc>
		<lastmod> 2021-10-15 19:25:16.868013 </lastmod></url><url>
	<loc> https://geoconnex.us/ref/aiannh/6255 </loc>
		<lastmod> 2021-10-15 19:25:16.868023 </lastmod></url><url>
	<loc> https://geoconnex.us/ref/aiannh/7500 </loc>
		<lastmod> 2021-10-15 19:25:16.868032 </lastmod></url><url>
	<loc> https://geoconnex.us/ref/aiannh/6865 </loc>
		<lastmod> 2021-10-15 19:25:16.868041 </lastmod></url><url>
	<loc> https://geoconnex.us/ref/aiannh/7650 </loc>
		<lastmod> 2021-10-15 19:25:16.868051 </lastmod></url><url>
	<loc> https://geoconnex.us/ref/aiannh/4130 </loc>
		<lastmod> 2021-10-15 19:25:16.868060 </lastmod></url><url>
	<loc> https://geoconnex.us/ref/aiannh/3115 </loc>
		<lastmod> 2021-10-15 19:25:16.868069 </lastmod></url><url>
	<loc> https://geoconnex.us/ref/aiannh/4625 </loc>
		<lastmod> 2021-10-15 19:25:16.868079 </lastmod></url><url>
	<loc> https://geoconnex.us/ref/aiannh/3285 </loc>
		<lastmod> 2021-10-15 19:25:16.868088 </lastmod></url><url>
	<loc> https://geoconnex.us/ref/aiannh/0325 </loc>
		<lastmod> 2021-10-15 19:25:16.868098 </lastmod></url><url>
	<loc> https://geoconnex.us/ref/aiannh/9950 </loc>
		<lastmod> 2021-10-15 19:25:16.868107 </lastmod></url><url>
	<loc> https://geoconnex.us/ref/aiannh/7415 </loc>
		<lastmod> 2021-10-15 19:25:16.868116 </lastmod></url><url>
	<loc> https://geoconnex.us/ref/aiannh/1040 </loc>
		<lastmod> 2021-10-15 19:25:16.868126 </lastmod></url><url>
	<loc> https://geoconnex.us/ref/aiannh/0165 </loc>
		<lastmod> 2021-10-15 19:25:16.868135 </lastmod></url><url>
	<loc> https://geoconnex.us/ref/aiannh/6300 </loc>
		<lastmod> 2021-10-15 19:25:16.868145 </lastmod></url><url>
	<loc> https://geoconnex.us/ref/aiannh/7250 </loc>
		<lastmod> 2021-10-15 19:25:16.868154 </lastmod></url><url>
	<loc> https://geoconnex.us/ref/aiannh/6490 </loc>
		<lastmod> 2021-10-15 19:25:16.868163 </lastmod></url><url>
	<loc> https://geoconnex.us/ref/aiannh/7225 </loc>
		<lastmod> 2021-10-15 19:25:16.868174 </lastmod></url><url>
	<loc> https://geoconnex.us/ref/aiannh/2475 </loc>
		<lastmod> 2021-10-15 19:25:16.868183 </lastmod></url><url>
	<loc> https://geoconnex.us/ref/aiannh/0575 </loc>
		<lastmod> 2021-10-15 19:25:16.868193 </lastmod></url><url>
	<loc> https://geoconnex.us/ref/aiannh/2925 </loc>
		<lastmod> 2021-10-15 19:25:16.868202 </lastmod></url><url>
	<loc> https://geoconnex.us/ref/aiannh/2985 </loc>
		<lastmod> 2021-10-15 19:25:16.868212 </lastmod></url><url>
	<loc> https://geoconnex.us/ref/aiannh/0335 </loc>
		<lastmod> 2021-10-15 19:25:16.868222 </lastmod></url><url>
	<loc> https://geoconnex.us/ref/aiannh/5730 </loc>
		<lastmod> 2021-10-15 19:25:16.868231 </lastmod></url><url>
	<loc> https://geoconnex.us/ref/aiannh/3280 </loc>
		<lastmod> 2021-10-15 19:25:16.868241 </lastmod></url><url>
	<loc> https://geoconnex.us/ref/aiannh/5088 </loc>
		<lastmod> 2021-10-15 19:25:16.868250 </lastmod></url><url>
	<loc> https://geoconnex.us/ref/aiannh/5116 </loc>
		<lastmod> 2021-10-15 19:25:16.868260 </lastmod></url><url>
	<loc> https://geoconnex.us/ref/aiannh/4500 </loc>
		<lastmod> 2021-10-15 19:25:16.868270 </lastmod></url><url>
	<loc> https://geoconnex.us/ref/aiannh/1055 </loc>
		<lastmod> 2021-10-15 19:25:16.868279 </lastmod></url><url>
	<loc> https://geoconnex.us/ref/aiannh/3095 </loc>
		<lastmod> 2021-10-15 19:25:16.868289 </lastmod></url><url>
	<loc> https://geoconnex.us/ref/aiannh/1915 </loc>
		<lastmod> 2021-10-15 19:25:16.868298 </lastmod></url><url>
	<loc> https://geoconnex.us/ref/aiannh/7315 </loc>
		<lastmod> 2021-10-15 19:25:16.868308 </lastmod></url><url>
	<loc> https://geoconnex.us/ref/aiannh/7450 </loc>
		<lastmod> 2021-10-15 19:25:16.868318 </lastmod></url><url>
	<loc> https://geoconnex.us/ref/aiannh/7495 </loc>
		<lastmod> 2021-10-15 19:25:16.868328 </lastmod></url><url>
	<loc> https://geoconnex.us/ref/aiannh/6015 </loc>
		<lastmod> 2021-10-15 19:25:16.868337 </lastmod></url><url>
	<loc> https://geoconnex.us/ref/aiannh/6860 </loc>
		<lastmod> 2021-10-15 19:25:16.868347 </lastmod></url><url>
	<loc> https://geoconnex.us/ref/aiannh/2055 </loc>
		<lastmod> 2021-10-15 19:25:16.868356 </lastmod></url><url>
	<loc> https://geoconnex.us/ref/aiannh/2150 </loc>
		<lastmod> 2021-10-15 19:25:16.868366 </lastmod></url><url>
	<loc> https://geoconnex.us/ref/aiannh/5051 </loc>
		<lastmod> 2021-10-15 19:25:16.868375 </lastmod></url><url>
	<loc> https://geoconnex.us/ref/aiannh/5239 </loc>
		<lastmod> 2021-10-15 19:25:16.868385 </lastmod></url><url>
	<loc> https://geoconnex.us/ref/aiannh/5640 </loc>
		<lastmod> 2021-10-15 19:25:16.868394 </lastmod></url><url>
	<loc> https://geoconnex.us/ref/aiannh/3010 </loc>
		<lastmod> 2021-10-15 19:25:16.868404 </lastmod></url><url>
	<loc> https://geoconnex.us/ref/aiannh/7145 </loc>
		<lastmod> 2021-10-15 19:25:16.868413 </lastmod></url><url>
	<loc> https://geoconnex.us/ref/aiannh/2070 </loc>
		<lastmod> 2021-10-15 19:25:16.868423 </lastmod></url><url>
	<loc> https://geoconnex.us/ref/aiannh/0200 </loc>
		<lastmod> 2021-10-15 19:25:16.868432 </lastmod></url><url>
	<loc> https://geoconnex.us/ref/aiannh/6810 </loc>
		<lastmod> 2021-10-15 19:25:16.868441 </lastmod></url><url>
	<loc> https://geoconnex.us/ref/aiannh/6995 </loc>
		<lastmod> 2021-10-15 19:25:16.868451 </lastmod></url><url>
	<loc> https://geoconnex.us/ref/aiannh/6365 </loc>
		<lastmod> 2021-10-15 19:25:16.868460 </lastmod></url><url>
	<loc> https://geoconnex.us/ref/aiannh/2285 </loc>
		<lastmod> 2021-10-15 19:25:16.868470 </lastmod></url><url>
	<loc> https://geoconnex.us/ref/aiannh/3885 </loc>
		<lastmod> 2021-10-15 19:25:16.868479 </lastmod></url><url>
	<loc> https://geoconnex.us/ref/aiannh/5915 </loc>
		<lastmod> 2021-10-15 19:25:16.868489 </lastmod></url><url>
	<loc> https://geoconnex.us/ref/aiannh/9975 </loc>
		<lastmod> 2021-10-15 19:25:16.868499 </lastmod></url><url>
	<loc> https://geoconnex.us/ref/aiannh/2850 </loc>
		<lastmod> 2021-10-15 19:25:16.868509 </lastmod></url><url>
	<loc> https://geoconnex.us/ref/aiannh/0940 </loc>
		<lastmod> 2021-10-15 19:25:16.868519 </lastmod></url><url>
	<loc> https://geoconnex.us/ref/aiannh/1380 </loc>
		<lastmod> 2021-10-15 19:25:16.868529 </lastmod></url><url>
	<loc> https://geoconnex.us/ref/aiannh/0265 </loc>
		<lastmod> 2021-10-15 19:25:16.868539 </lastmod></url><url>
	<loc> https://geoconnex.us/ref/aiannh/4235 </loc>
		<lastmod> 2021-10-15 19:25:16.868549 </lastmod></url><url>
	<loc> https://geoconnex.us/ref/aiannh/6590 </loc>
		<lastmod> 2021-10-15 19:25:16.868558 </lastmod></url><url>
	<loc> https://geoconnex.us/ref/aiannh/6680 </loc>
		<lastmod> 2021-10-15 19:25:16.868568 </lastmod></url><url>
	<loc> https://geoconnex.us/ref/aiannh/7130 </loc>
		<lastmod> 2021-10-15 19:25:16.868578 </lastmod></url><url>
	<loc> https://geoconnex.us/ref/aiannh/7150 </loc>
		<lastmod> 2021-10-15 19:25:16.868587 </lastmod></url><url>
	<loc> https://geoconnex.us/ref/aiannh/7260 </loc>
		<lastmod> 2021-10-15 19:25:16.868598 </lastmod></url><url>
	<loc> https://geoconnex.us/ref/aiannh/6390 </loc>
		<lastmod> 2021-10-15 19:25:16.868607 </lastmod></url><url>
	<loc> https://geoconnex.us/ref/aiannh/4290 </loc>
		<lastmod> 2021-10-15 19:25:16.868617 </lastmod></url><url>
	<loc> https://geoconnex.us/ref/aiannh/2085 </loc>
		<lastmod> 2021-10-15 19:25:16.868627 </lastmod></url><url>
	<loc> https://geoconnex.us/ref/aiannh/2685 </loc>
		<lastmod> 2021-10-15 19:25:16.868637 </lastmod></url><url>
	<loc> https://geoconnex.us/ref/aiannh/0125 </loc>
		<lastmod> 2021-10-15 19:25:16.868646 </lastmod></url><url>
	<loc> https://geoconnex.us/ref/aiannh/2820 </loc>
		<lastmod> 2021-10-15 19:25:16.868656 </lastmod></url><url>
	<loc> https://geoconnex.us/ref/aiannh/6235 </loc>
		<lastmod> 2021-10-15 19:25:16.868666 </lastmod></url><url>
	<loc> https://geoconnex.us/ref/aiannh/6540 </loc>
		<lastmod> 2021-10-15 19:25:16.868675 </lastmod></url><url>
	<loc> https://geoconnex.us/ref/aiannh/6650 </loc>
		<lastmod> 2021-10-15 19:25:16.868685 </lastmod></url><url>
	<loc> https://geoconnex.us/ref/aiannh/6265 </loc>
		<lastmod> 2021-10-15 19:25:16.868694 </lastmod></url><url>
	<loc> https://geoconnex.us/ref/aiannh/1195 </loc>
		<lastmod> 2021-10-15 19:25:16.868704 </lastmod></url><url>
	<loc> https://geoconnex.us/ref/aiannh/1770 </loc>
		<lastmod> 2021-10-15 19:25:16.868713 </lastmod></url><url>
	<loc> https://geoconnex.us/ref/aiannh/3165 </loc>
		<lastmod> 2021-10-15 19:25:16.868723 </lastmod></url><url>
	<loc> https://geoconnex.us/ref/aiannh/1625 </loc>
		<lastmod> 2021-10-15 19:25:16.868733 </lastmod></url><url>
	<loc> https://geoconnex.us/ref/aiannh/3000 </loc>
		<lastmod> 2021-10-15 19:25:16.868742 </lastmod></url><url>
	<loc> https://geoconnex.us/ref/aiannh/4690 </loc>
		<lastmod> 2021-10-15 19:25:16.868751 </lastmod></url><url>
	<loc> https://geoconnex.us/ref/aiannh/6295 </loc>
		<lastmod> 2021-10-15 19:25:16.868761 </lastmod></url><url>
	<loc> https://geoconnex.us/ref/aiannh/7065 </loc>
		<lastmod> 2021-10-15 19:25:16.868770 </lastmod></url><url>
	<loc> https://geoconnex.us/ref/aiannh/7465 </loc>
		<lastmod> 2021-10-15 19:25:16.868779 </lastmod></url><url>
	<loc> https://geoconnex.us/ref/aiannh/7270 </loc>
		<lastmod> 2021-10-15 19:25:16.868788 </lastmod></url><url>
	<loc> https://geoconnex.us/ref/aiannh/6945 </loc>
		<lastmod> 2021-10-15 19:25:16.868797 </lastmod></url><url>
	<loc> https://geoconnex.us/ref/aiannh/7605 </loc>
		<lastmod> 2021-10-15 19:25:16.868807 </lastmod></url><url>
	<loc> https://geoconnex.us/ref/aiannh/7220 </loc>
		<lastmod> 2021-10-15 19:25:16.868816 </lastmod></url><url>
	<loc> https://geoconnex.us/ref/aiannh/6040 </loc>
		<lastmod> 2021-10-15 19:25:16.868825 </lastmod></url><url>
	<loc> https://geoconnex.us/ref/aiannh/6570 </loc>
		<lastmod> 2021-10-15 19:25:16.868835 </lastmod></url><url>
	<loc> https://geoconnex.us/ref/aiannh/6405 </loc>
		<lastmod> 2021-10-15 19:25:16.868845 </lastmod></url><url>
	<loc> https://geoconnex.us/ref/aiannh/7475 </loc>
		<lastmod> 2021-10-15 19:25:16.868854 </lastmod></url><url>
	<loc> https://geoconnex.us/ref/aiannh/7030 </loc>
		<lastmod> 2021-10-15 19:25:16.868864 </lastmod></url><url>
	<loc> https://geoconnex.us/ref/aiannh/2745 </loc>
		<lastmod> 2021-10-15 19:25:16.868874 </lastmod></url><url>
	<loc> https://geoconnex.us/ref/aiannh/9963 </loc>
		<lastmod> 2021-10-15 19:25:16.868883 </lastmod></url><url>
	<loc> https://geoconnex.us/ref/aiannh/1100 </loc>
		<lastmod> 2021-10-15 19:25:16.868893 </lastmod></url><url>
	<loc> https://geoconnex.us/ref/aiannh/6670 </loc>
		<lastmod> 2021-10-15 19:25:16.868903 </lastmod></url><url>
	<loc> https://geoconnex.us/ref/aiannh/0510 </loc>
		<lastmod> 2021-10-15 19:25:16.868913 </lastmod></url><url>
	<loc> https://geoconnex.us/ref/aiannh/2510 </loc>
		<lastmod> 2021-10-15 19:25:16.868923 </lastmod></url><url>
	<loc> https://geoconnex.us/ref/aiannh/2270 </loc>
		<lastmod> 2021-10-15 19:25:16.868932 </lastmod></url><url>
	<loc> https://geoconnex.us/ref/aiannh/4708 </loc>
		<lastmod> 2021-10-15 19:25:16.868969 </lastmod></url><url>
	<loc> https://geoconnex.us/ref/aiannh/2680 </loc>
		<lastmod> 2021-10-15 19:25:16.868981 </lastmod></url><url>
	<loc> https://geoconnex.us/ref/aiannh/2315 </loc>
		<lastmod> 2021-10-15 19:25:16.868990 </lastmod></url><url>
	<loc> https://geoconnex.us/ref/aiannh/3480 </loc>
		<lastmod> 2021-10-15 19:25:16.869000 </lastmod></url><url>
	<loc> https://geoconnex.us/ref/aiannh/4770 </loc>
		<lastmod> 2021-10-15 19:25:16.869009 </lastmod></url><url>
	<loc> https://geoconnex.us/ref/aiannh/9970 </loc>
		<lastmod> 2021-10-15 19:25:16.869019 </lastmod></url><url>
	<loc> https://geoconnex.us/ref/aiannh/5181 </loc>
		<lastmod> 2021-10-15 19:25:16.869028 </lastmod></url><url>
	<loc> https://geoconnex.us/ref/aiannh/5216 </loc>
		<lastmod> 2021-10-15 19:25:16.869037 </lastmod></url><url>
	<loc> https://geoconnex.us/ref/aiannh/7205 </loc>
		<lastmod> 2021-10-15 19:25:16.869046 </lastmod></url><url>
	<loc> https://geoconnex.us/ref/aiannh/5970 </loc>
		<lastmod> 2021-10-15 19:25:16.869056 </lastmod></url><url>
	<loc> https://geoconnex.us/ref/aiannh/6990 </loc>
		<lastmod> 2021-10-15 19:25:16.869065 </lastmod></url><url>
	<loc> https://geoconnex.us/ref/aiannh/6445 </loc>
		<lastmod> 2021-10-15 19:25:16.869075 </lastmod></url><url>
	<loc> https://geoconnex.us/ref/aiannh/6415 </loc>
		<lastmod> 2021-10-15 19:25:16.869084 </lastmod></url><url>
	<loc> https://geoconnex.us/ref/aiannh/6310 </loc>
		<lastmod> 2021-10-15 19:25:16.869093 </lastmod></url><url>
	<loc> https://geoconnex.us/ref/aiannh/7070 </loc>
		<lastmod> 2021-10-15 19:25:16.869102 </lastmod></url><url>
	<loc> https://geoconnex.us/ref/aiannh/7485 </loc>
		<lastmod> 2021-10-15 19:25:16.869111 </lastmod></url><url>
	<loc> https://geoconnex.us/ref/aiannh/7640 </loc>
		<lastmod> 2021-10-15 19:25:16.869121 </lastmod></url><url>
	<loc> https://geoconnex.us/ref/aiannh/6025 </loc>
		<lastmod> 2021-10-15 19:25:16.869130 </lastmod></url><url>
	<loc> https://geoconnex.us/ref/aiannh/7055 </loc>
		<lastmod> 2021-10-15 19:25:16.869140 </lastmod></url><url>
	<loc> https://geoconnex.us/ref/aiannh/6585 </loc>
		<lastmod> 2021-10-15 19:25:16.869149 </lastmod></url><url>
	<loc> https://geoconnex.us/ref/aiannh/7175 </loc>
		<lastmod> 2021-10-15 19:25:16.869158 </lastmod></url><url>
	<loc> https://geoconnex.us/ref/aiannh/7410 </loc>
		<lastmod> 2021-10-15 19:25:16.869168 </lastmod></url><url>
	<loc> https://geoconnex.us/ref/aiannh/3340 </loc>
		<lastmod> 2021-10-15 19:25:16.869177 </lastmod></url><url>
	<loc> https://geoconnex.us/ref/aiannh/3320 </loc>
		<lastmod> 2021-10-15 19:25:16.869186 </lastmod></url><url>
	<loc> https://geoconnex.us/ref/aiannh/7510 </loc>
		<lastmod> 2021-10-15 19:25:16.869195 </lastmod></url><url>
	<loc> https://geoconnex.us/ref/aiannh/6935 </loc>
		<lastmod> 2021-10-15 19:25:16.869205 </lastmod></url><url>
	<loc> https://geoconnex.us/ref/aiannh/7040 </loc>
		<lastmod> 2021-10-15 19:25:16.869215 </lastmod></url><url>
	<loc> https://geoconnex.us/ref/aiannh/7255 </loc>
		<lastmod> 2021-10-15 19:25:16.869225 </lastmod></url><url>
	<loc> https://geoconnex.us/ref/aiannh/7630 </loc>
		<lastmod> 2021-10-15 19:25:16.869235 </lastmod></url><url>
	<loc> https://geoconnex.us/ref/aiannh/7435 </loc>
		<lastmod> 2021-10-15 19:25:16.869245 </lastmod></url><url>
	<loc> https://geoconnex.us/ref/aiannh/5061 </loc>
		<lastmod> 2021-10-15 19:25:16.869254 </lastmod></url><url>
	<loc> https://geoconnex.us/ref/aiannh/5238 </loc>
		<lastmod> 2021-10-15 19:25:16.869264 </lastmod></url><url>
	<loc> https://geoconnex.us/ref/aiannh/5176 </loc>
		<lastmod> 2021-10-15 19:25:16.869273 </lastmod></url><url>
	<loc> https://geoconnex.us/ref/aiannh/4075 </loc>
		<lastmod> 2021-10-15 19:25:16.869283 </lastmod></url><url>
	<loc> https://geoconnex.us/ref/aiannh/2910 </loc>
		<lastmod> 2021-10-15 19:25:16.869293 </lastmod></url><url>
	<loc> https://geoconnex.us/ref/aiannh/3370 </loc>
		<lastmod> 2021-10-15 19:25:16.869302 </lastmod></url><url>
	<loc> https://geoconnex.us/ref/aiannh/6340 </loc>
		<lastmod> 2021-10-15 19:25:16.869312 </lastmod></url><url>
	<loc> https://geoconnex.us/ref/aiannh/6460 </loc>
		<lastmod> 2021-10-15 19:25:16.869321 </lastmod></url><url>
	<loc> https://geoconnex.us/ref/aiannh/1610 </loc>
		<lastmod> 2021-10-15 19:25:16.869331 </lastmod></url><url>
	<loc> https://geoconnex.us/ref/aiannh/3735 </loc>
		<lastmod> 2021-10-15 19:25:16.869341 </lastmod></url><url>
	<loc> https://geoconnex.us/ref/aiannh/5223 </loc>
		<lastmod> 2021-10-15 19:25:16.869350 </lastmod></url><url>
	<loc> https://geoconnex.us/ref/aiannh/5030 </loc>
		<lastmod> 2021-10-15 19:25:16.869359 </lastmod></url><url>
	<loc> https://geoconnex.us/ref/aiannh/5046 </loc>
		<lastmod> 2021-10-15 19:25:16.869369 </lastmod></url><url>
	<loc> https://geoconnex.us/ref/aiannh/3795 </loc>
		<lastmod> 2021-10-15 19:25:16.869379 </lastmod></url><url>
	<loc> https://geoconnex.us/ref/aiannh/5186 </loc>
		<lastmod> 2021-10-15 19:25:16.869389 </lastmod></url><url>
	<loc> https://geoconnex.us/ref/aiannh/5033 </loc>
		<lastmod> 2021-10-15 19:25:16.869398 </lastmod></url><url>
	<loc> https://geoconnex.us/ref/aiannh/5101 </loc>
		<lastmod> 2021-10-15 19:25:16.869408 </lastmod></url><url>
	<loc> https://geoconnex.us/ref/aiannh/3930 </loc>
		<lastmod> 2021-10-15 19:25:16.869418 </lastmod></url><url>
	<loc> https://geoconnex.us/ref/aiannh/5800 </loc>
		<lastmod> 2021-10-15 19:25:16.869427 </lastmod></url><url>
	<loc> https://geoconnex.us/ref/aiannh/6325 </loc>
		<lastmod> 2021-10-15 19:25:16.869437 </lastmod></url><url>
	<loc> https://geoconnex.us/ref/aiannh/6575 </loc>
		<lastmod> 2021-10-15 19:25:16.869447 </lastmod></url><url>
	<loc> https://geoconnex.us/ref/aiannh/6450 </loc>
		<lastmod> 2021-10-15 19:25:16.869457 </lastmod></url><url>
	<loc> https://geoconnex.us/ref/aiannh/2775 </loc>
		<lastmod> 2021-10-15 19:25:16.869466 </lastmod></url><url>
	<loc> https://geoconnex.us/ref/aiannh/0495 </loc>
		<lastmod> 2021-10-15 19:25:16.869476 </lastmod></url><url>
	<loc> https://geoconnex.us/ref/aiannh/7530 </loc>
		<lastmod> 2021-10-15 19:25:16.869486 </lastmod></url><url>
	<loc> https://geoconnex.us/ref/aiannh/1160 </loc>
		<lastmod> 2021-10-15 19:25:16.869496 </lastmod></url><url>
	<loc> https://geoconnex.us/ref/aiannh/9865 </loc>
		<lastmod> 2021-10-15 19:25:16.869506 </lastmod></url><url>
	<loc> https://geoconnex.us/ref/aiannh/1750 </loc>
		<lastmod> 2021-10-15 19:25:16.869515 </lastmod></url><url>
	<loc> https://geoconnex.us/ref/aiannh/2190 </loc>
		<lastmod> 2021-10-15 19:25:16.869525 </lastmod></url><url>
	<loc> https://geoconnex.us/ref/aiannh/4090 </loc>
		<lastmod> 2021-10-15 19:25:16.869534 </lastmod></url><url>
	<loc> https://geoconnex.us/ref/aiannh/4530 </loc>
		<lastmod> 2021-10-15 19:25:16.869544 </lastmod></url><url>
	<loc> https://geoconnex.us/ref/aiannh/4225 </loc>
		<lastmod> 2021-10-15 19:25:16.869553 </lastmod></url><url>
	<loc> https://geoconnex.us/ref/aiannh/5056 </loc>
		<lastmod> 2021-10-15 19:25:16.869563 </lastmod></url><url>
	<loc> https://geoconnex.us/ref/aiannh/1590 </loc>
		<lastmod> 2021-10-15 19:25:16.869572 </lastmod></url><url>
	<loc> https://geoconnex.us/ref/aiannh/7505 </loc>
		<lastmod> 2021-10-15 19:25:16.869582 </lastmod></url><url>
	<loc> https://geoconnex.us/ref/aiannh/6515 </loc>
		<lastmod> 2021-10-15 19:25:16.869591 </lastmod></url><url>
	<loc> https://geoconnex.us/ref/aiannh/6125 </loc>
		<lastmod> 2021-10-15 19:25:16.869601 </lastmod></url><url>
	<loc> https://geoconnex.us/ref/aiannh/6150 </loc>
		<lastmod> 2021-10-15 19:25:16.869610 </lastmod></url><url>
	<loc> https://geoconnex.us/ref/aiannh/6765 </loc>
		<lastmod> 2021-10-15 19:25:16.869620 </lastmod></url><url>
	<loc> https://geoconnex.us/ref/aiannh/6385 </loc>
		<lastmod> 2021-10-15 19:25:16.869713 </lastmod></url><url>
	<loc> https://geoconnex.us/ref/aiannh/1410 </loc>
		<lastmod> 2021-10-15 19:25:16.869736 </lastmod></url><url>
	<loc> https://geoconnex.us/ref/aiannh/3780 </loc>
		<lastmod> 2021-10-15 19:25:16.869750 </lastmod></url><url>
	<loc> https://geoconnex.us/ref/aiannh/9838 </loc>
		<lastmod> 2021-10-15 19:25:16.869763 </lastmod></url><url>
	<loc> https://geoconnex.us/ref/aiannh/5179 </loc>
		<lastmod> 2021-10-15 19:25:16.869775 </lastmod></url><url>
	<loc> https://geoconnex.us/ref/aiannh/5083 </loc>
		<lastmod> 2021-10-15 19:25:16.869788 </lastmod></url><url>
	<loc> https://geoconnex.us/ref/aiannh/5276 </loc>
		<lastmod> 2021-10-15 19:25:16.869800 </lastmod></url><url>
	<loc> https://geoconnex.us/ref/aiannh/4315 </loc>
		<lastmod> 2021-10-15 19:25:16.869812 </lastmod></url><url>
	<loc> https://geoconnex.us/ref/aiannh/9830 </loc>
		<lastmod> 2021-10-15 19:25:16.869825 </lastmod></url><url>
	<loc> https://geoconnex.us/ref/aiannh/2375 </loc>
		<lastmod> 2021-10-15 19:25:16.869837 </lastmod></url><url>
	<loc> https://geoconnex.us/ref/aiannh/3680 </loc>
		<lastmod> 2021-10-15 19:25:16.869849 </lastmod></url><url>
	<loc> https://geoconnex.us/ref/aiannh/6160 </loc>
		<lastmod> 2021-10-15 19:25:16.869863 </lastmod></url><url>
	<loc> https://geoconnex.us/ref/aiannh/7560 </loc>
		<lastmod> 2021-10-15 19:25:16.869875 </lastmod></url><url>
	<loc> https://geoconnex.us/ref/aiannh/6685 </loc>
		<lastmod> 2021-10-15 19:25:16.869888 </lastmod></url><url>
	<loc> https://geoconnex.us/ref/aiannh/6495 </loc>
		<lastmod> 2021-10-15 19:25:16.869900 </lastmod></url><url>
	<loc> https://geoconnex.us/ref/aiannh/1880 </loc>
		<lastmod> 2021-10-15 19:25:16.869913 </lastmod></url><url>
	<loc> https://geoconnex.us/ref/aiannh/0815 </loc>
		<lastmod> 2021-10-15 19:25:16.869926 </lastmod></url><url>
	<loc> https://geoconnex.us/ref/aiannh/6740 </loc>
		<lastmod> 2021-10-15 19:25:16.869938 </lastmod></url><url>
	<loc> https://geoconnex.us/ref/aiannh/4710 </loc>
		<lastmod> 2021-10-15 19:25:16.869950 </lastmod></url><url>
	<loc> https://geoconnex.us/ref/aiannh/1220 </loc>
		<lastmod> 2021-10-15 19:25:16.869963 </lastmod></url><url>
	<loc> https://geoconnex.us/ref/aiannh/3840 </loc>
		<lastmod> 2021-10-15 19:25:16.869975 </lastmod></url><url>
	<loc> https://geoconnex.us/ref/aiannh/6620 </loc>
		<lastmod> 2021-10-15 19:25:16.870004 </lastmod></url><url>
	<loc> https://geoconnex.us/ref/aiannh/1830 </loc>
		<lastmod> 2021-10-15 19:25:16.870030 </lastmod></url><url>
	<loc> https://geoconnex.us/ref/aiannh/0975 </loc>
		<lastmod> 2021-10-15 19:25:16.870040 </lastmod></url><url>
	<loc> https://geoconnex.us/ref/aiannh/9825 </loc>
		<lastmod> 2021-10-15 19:25:16.870049 </lastmod></url><url>
	<loc> https://geoconnex.us/ref/aiannh/2865 </loc>
		<lastmod> 2021-10-15 19:25:16.870059 </lastmod></url><url>
	<loc> https://geoconnex.us/ref/aiannh/6700 </loc>
		<lastmod> 2021-10-15 19:25:16.870068 </lastmod></url><url>
	<loc> https://geoconnex.us/ref/aiannh/3635 </loc>
		<lastmod> 2021-10-15 19:25:16.870078 </lastmod></url><url>
	<loc> https://geoconnex.us/ref/aiannh/2635 </loc>
		<lastmod> 2021-10-15 19:25:16.870087 </lastmod></url><url>
	<loc> https://geoconnex.us/ref/aiannh/1655 </loc>
		<lastmod> 2021-10-15 19:25:16.870097 </lastmod></url><url>
	<loc> https://geoconnex.us/ref/aiannh/2360 </loc>
		<lastmod> 2021-10-15 19:25:16.870107 </lastmod></url><url>
	<loc> https://geoconnex.us/ref/aiannh/7375 </loc>
		<lastmod> 2021-10-15 19:25:16.870116 </lastmod></url><url>
	<loc> https://geoconnex.us/ref/aiannh/6735 </loc>
		<lastmod> 2021-10-15 19:25:16.870126 </lastmod></url><url>
	<loc> https://geoconnex.us/ref/aiannh/5004 </loc>
		<lastmod> 2021-10-15 19:25:16.870135 </lastmod></url><url>
	<loc> https://geoconnex.us/ref/aiannh/9510 </loc>
		<lastmod> 2021-10-15 19:25:16.870145 </lastmod></url><url>
	<loc> https://geoconnex.us/ref/aiannh/6420 </loc>
		<lastmod> 2021-10-15 19:25:16.870154 </lastmod></url><url>
	<loc> https://geoconnex.us/ref/aiannh/7735 </loc>
		<lastmod> 2021-10-15 19:25:16.870163 </lastmod></url><url>
	<loc> https://geoconnex.us/ref/aiannh/7645 </loc>
		<lastmod> 2021-10-15 19:25:16.870173 </lastmod></url><url>
	<loc> https://geoconnex.us/ref/aiannh/9525 </loc>
		<lastmod> 2021-10-15 19:25:16.870183 </lastmod></url><url>
	<loc> https://geoconnex.us/ref/aiannh/7215 </loc>
		<lastmod> 2021-10-15 19:25:16.870192 </lastmod></url><url>
	<loc> https://geoconnex.us/ref/aiannh/1475 </loc>
		<lastmod> 2021-10-15 19:25:16.870201 </lastmod></url><url>
	<loc> https://geoconnex.us/ref/aiannh/5031 </loc>
		<lastmod> 2021-10-15 19:25:16.870211 </lastmod></url><url>
	<loc> https://geoconnex.us/ref/aiannh/1685 </loc>
		<lastmod> 2021-10-15 19:25:16.870220 </lastmod></url><url>
	<loc> https://geoconnex.us/ref/aiannh/2550 </loc>
		<lastmod> 2021-10-15 19:25:16.870229 </lastmod></url><url>
	<loc> https://geoconnex.us/ref/aiannh/5041 </loc>
		<lastmod> 2021-10-15 19:25:16.870239 </lastmod></url><url>
	<loc> https://geoconnex.us/ref/aiannh/5138 </loc>
		<lastmod> 2021-10-15 19:25:16.870248 </lastmod></url><url>
	<loc> https://geoconnex.us/ref/aiannh/5213 </loc>
		<lastmod> 2021-10-15 19:25:16.870257 </lastmod></url><url>
	<loc> https://geoconnex.us/ref/aiannh/5120 </loc>
		<lastmod> 2021-10-15 19:25:16.870266 </lastmod></url><url>
	<loc> https://geoconnex.us/ref/aiannh/5086 </loc>
		<lastmod> 2021-10-15 19:25:16.870276 </lastmod></url><url>
	<loc> https://geoconnex.us/ref/aiannh/5133 </loc>
		<lastmod> 2021-10-15 19:25:16.870285 </lastmod></url><url>
	<loc> https://geoconnex.us/ref/aiannh/5066 </loc>
		<lastmod> 2021-10-15 19:25:16.870295 </lastmod></url><url>
	<loc> https://geoconnex.us/ref/aiannh/5256 </loc>
		<lastmod> 2021-10-15 19:25:16.870305 </lastmod></url><url>
	<loc> https://geoconnex.us/ref/aiannh/2760 </loc>
		<lastmod> 2021-10-15 19:25:16.870315 </lastmod></url><url>
	<loc> https://geoconnex.us/ref/aiannh/2695 </loc>
		<lastmod> 2021-10-15 19:25:16.870324 </lastmod></url><url>
	<loc> https://geoconnex.us/ref/aiannh/3040 </loc>
		<lastmod> 2021-10-15 19:25:16.870334 </lastmod></url><url>
	<loc> https://geoconnex.us/ref/aiannh/3925 </loc>
		<lastmod> 2021-10-15 19:25:16.870344 </lastmod></url><url>
	<loc> https://geoconnex.us/ref/aiannh/9630 </loc>
		<lastmod> 2021-10-15 19:25:16.870354 </lastmod></url><url>
	<loc> https://geoconnex.us/ref/aiannh/3565 </loc>
		<lastmod> 2021-10-15 19:25:16.870363 </lastmod></url><url>
	<loc> https://geoconnex.us/ref/aiannh/2900 </loc>
		<lastmod> 2021-10-15 19:25:16.870373 </lastmod></url><url>
	<loc> https://geoconnex.us/ref/aiannh/8450 </loc>
		<lastmod> 2021-10-15 19:25:16.870382 </lastmod></url><url>
	<loc> https://geoconnex.us/ref/aiannh/7340 </loc>
		<lastmod> 2021-10-15 19:25:16.870392 </lastmod></url><url>
	<loc> https://geoconnex.us/ref/aiannh/1850 </loc>
		<lastmod> 2021-10-15 19:25:16.870401 </lastmod></url><url>
	<loc> https://geoconnex.us/ref/aiannh/2580 </loc>
		<lastmod> 2021-10-15 19:25:16.870446 </lastmod></url><url>
	<loc> https://geoconnex.us/ref/aiannh/6400 </loc>
		<lastmod> 2021-10-15 19:25:16.870457 </lastmod></url><url>
	<loc> https://geoconnex.us/ref/aiannh/6535 </loc>
		<lastmod> 2021-10-15 19:25:16.870467 </lastmod></url><url>
	<loc> https://geoconnex.us/ref/aiannh/5670 </loc>
		<lastmod> 2021-10-15 19:25:16.870477 </lastmod></url><url>
	<loc> https://geoconnex.us/ref/aiannh/2570 </loc>
		<lastmod> 2021-10-15 19:25:16.870488 </lastmod></url><url>
	<loc> https://geoconnex.us/ref/aiannh/2175 </loc>
		<lastmod> 2021-10-15 19:25:16.870498 </lastmod></url><url>
	<loc> https://geoconnex.us/ref/aiannh/6380 </loc>
		<lastmod> 2021-10-15 19:25:16.870508 </lastmod></url><url>
	<loc> https://geoconnex.us/ref/aiannh/1280 </loc>
		<lastmod> 2021-10-15 19:25:16.870517 </lastmod></url><url>
	<loc> https://geoconnex.us/ref/aiannh/3220 </loc>
		<lastmod> 2021-10-15 19:25:16.870734 </lastmod></url><url>
	<loc> https://geoconnex.us/ref/aiannh/1980 </loc>
		<lastmod> 2021-10-15 19:25:16.870747 </lastmod></url><url>
	<loc> https://geoconnex.us/ref/aiannh/1065 </loc>
		<lastmod> 2021-10-15 19:25:16.870757 </lastmod></url><url>
	<loc> https://geoconnex.us/ref/aiannh/7570 </loc>
		<lastmod> 2021-10-15 19:25:16.870767 </lastmod></url><url>
	<loc> https://geoconnex.us/ref/aiannh/6900 </loc>
		<lastmod> 2021-10-15 19:25:16.870776 </lastmod></url><url>
	<loc> https://geoconnex.us/ref/aiannh/7025 </loc>
		<lastmod> 2021-10-15 19:25:16.870804 </lastmod></url><url>
	<loc> https://geoconnex.us/ref/aiannh/6030 </loc>
		<lastmod> 2021-10-15 19:25:16.870813 </lastmod></url><url>
	<loc> https://geoconnex.us/ref/aiannh/1960 </loc>
		<lastmod> 2021-10-15 19:25:16.870822 </lastmod></url><url>
	<loc> https://geoconnex.us/ref/aiannh/4345 </loc>
		<lastmod> 2021-10-15 19:25:16.870832 </lastmod></url><url>
	<loc> https://geoconnex.us/ref/aiannh/3205 </loc>
		<lastmod> 2021-10-15 19:25:16.870842 </lastmod></url><url>
	<loc> https://geoconnex.us/ref/aiannh/1150 </loc>
		<lastmod> 2021-10-15 19:25:16.870852 </lastmod></url><url>
	<loc> https://geoconnex.us/ref/aiannh/1995 </loc>
		<lastmod> 2021-10-15 19:25:16.870862 </lastmod></url><url>
	<loc> https://geoconnex.us/ref/aiannh/1170 </loc>
		<lastmod> 2021-10-15 19:25:16.870872 </lastmod></url><url>
	<loc> https://geoconnex.us/ref/aiannh/7690 </loc>
		<lastmod> 2021-10-15 19:25:16.870881 </lastmod></url><url>
	<loc> https://geoconnex.us/ref/aiannh/5890 </loc>
		<lastmod> 2021-10-15 19:25:16.870891 </lastmod></url><url>
	<loc> https://geoconnex.us/ref/aiannh/9850 </loc>
		<lastmod> 2021-10-15 19:25:16.870901 </lastmod></url><url>
	<loc> https://geoconnex.us/ref/aiannh/0360 </loc>
		<lastmod> 2021-10-15 19:25:16.870911 </lastmod></url><url>
	<loc> https://geoconnex.us/ref/aiannh/0795 </loc>
		<lastmod> 2021-10-15 19:25:16.870921 </lastmod></url><url>
	<loc> https://geoconnex.us/ref/aiannh/3130 </loc>
		<lastmod> 2021-10-15 19:25:16.870931 </lastmod></url><url>
	<loc> https://geoconnex.us/ref/aiannh/6257 </loc>
		<lastmod> 2021-10-15 19:25:16.870941 </lastmod></url><url>
	<loc> https://geoconnex.us/ref/aiannh/1450 </loc>
		<lastmod> 2021-10-15 19:25:16.870950 </lastmod></url><url>
	<loc> https://geoconnex.us/ref/aiannh/5236 </loc>
		<lastmod> 2021-10-15 19:25:16.870960 </lastmod></url><url>
	<loc> https://geoconnex.us/ref/aiannh/5136 </loc>
		<lastmod> 2021-10-15 19:25:16.870970 </lastmod></url><url>
	<loc> https://geoconnex.us/ref/aiannh/5139 </loc>
		<lastmod> 2021-10-15 19:25:16.870979 </lastmod></url><url>
	<loc> https://geoconnex.us/ref/aiannh/5283 </loc>
		<lastmod> 2021-10-15 19:25:16.870988 </lastmod></url><url>
	<loc> https://geoconnex.us/ref/aiannh/1800 </loc>
		<lastmod> 2021-10-15 19:25:16.870999 </lastmod></url><url>
	<loc> https://geoconnex.us/ref/aiannh/5018 </loc>
		<lastmod> 2021-10-15 19:25:16.871008 </lastmod></url><url>
	<loc> https://geoconnex.us/ref/aiannh/5199 </loc>
		<lastmod> 2021-10-15 19:25:16.871018 </lastmod></url><url>
	<loc> https://geoconnex.us/ref/aiannh/3980 </loc>
		<lastmod> 2021-10-15 19:25:16.871028 </lastmod></url><url>
	<loc> https://geoconnex.us/ref/aiannh/4740 </loc>
		<lastmod> 2021-10-15 19:25:16.871054 </lastmod></url><url>
	<loc> https://geoconnex.us/ref/aiannh/9240 </loc>
		<lastmod> 2021-10-15 19:25:16.871065 </lastmod></url><url>
	<loc> https://geoconnex.us/ref/aiannh/6360 </loc>
		<lastmod> 2021-10-15 19:25:16.871097 </lastmod></url><url>
	<loc> https://geoconnex.us/ref/aiannh/7230 </loc>
		<lastmod> 2021-10-15 19:25:16.871126 </lastmod></url><url>
	<loc> https://geoconnex.us/ref/aiannh/7425 </loc>
		<lastmod> 2021-10-15 19:25:16.871137 </lastmod></url><url>
	<loc> https://geoconnex.us/ref/aiannh/7400 </loc>
		<lastmod> 2021-10-15 19:25:16.871165 </lastmod></url><url>
	<loc> https://geoconnex.us/ref/aiannh/6845 </loc>
		<lastmod> 2021-10-15 19:25:16.871176 </lastmod></url><url>
	<loc> https://geoconnex.us/ref/aiannh/6330 </loc>
		<lastmod> 2021-10-15 19:25:16.871205 </lastmod></url><url>
	<loc> https://geoconnex.us/ref/aiannh/7525 </loc>
		<lastmod> 2021-10-15 19:25:16.871216 </lastmod></url><url>
	<loc> https://geoconnex.us/ref/aiannh/6560 </loc>
		<lastmod> 2021-10-15 19:25:16.871228 </lastmod></url><url>
	<loc> https://geoconnex.us/ref/aiannh/7305 </loc>
		<lastmod> 2021-10-15 19:25:16.871258 </lastmod></url><url>
	<loc> https://geoconnex.us/ref/aiannh/5286 </loc>
		<lastmod> 2021-10-15 19:25:16.871271 </lastmod></url><url>
	<loc> https://geoconnex.us/ref/aiannh/4180 </loc>
		<lastmod> 2021-10-15 19:25:16.871283 </lastmod></url><url>
	<loc> https://geoconnex.us/ref/aiannh/0050 </loc>
		<lastmod> 2021-10-15 19:25:16.871312 </lastmod></url><url>
	<loc> https://geoconnex.us/ref/aiannh/2460 </loc>
		<lastmod> 2021-10-15 19:25:16.871328 </lastmod></url><url>
	<loc> https://geoconnex.us/ref/aiannh/4275 </loc>
		<lastmod> 2021-10-15 19:25:16.871341 </lastmod></url><url>
	<loc> https://geoconnex.us/ref/aiannh/7725 </loc>
		<lastmod> 2021-10-15 19:25:16.871354 </lastmod></url><url>
	<loc> https://geoconnex.us/ref/aiannh/6095 </loc>
		<lastmod> 2021-10-15 19:25:16.871366 </lastmod></url><url>
	<loc> https://geoconnex.us/ref/aiannh/7555 </loc>
		<lastmod> 2021-10-15 19:25:16.871379 </lastmod></url><url>
	<loc> https://geoconnex.us/ref/aiannh/7520 </loc>
		<lastmod> 2021-10-15 19:25:16.871391 </lastmod></url><url>
	<loc> https://geoconnex.us/ref/aiannh/6800 </loc>
		<lastmod> 2021-10-15 19:25:16.871403 </lastmod></url><url>
	<loc> https://geoconnex.us/ref/aiannh/7265 </loc>
		<lastmod> 2021-10-15 19:25:16.871415 </lastmod></url><url>
	<loc> https://geoconnex.us/ref/aiannh/6190 </loc>
		<lastmod> 2021-10-15 19:25:16.871428 </lastmod></url><url>
	<loc> https://geoconnex.us/ref/aiannh/6705 </loc>
		<lastmod> 2021-10-15 19:25:16.871440 </lastmod></url><url>
	<loc> https://geoconnex.us/ref/aiannh/9844 </loc>
		<lastmod> 2021-10-15 19:25:16.871460 </lastmod></url><url>
	<loc> https://geoconnex.us/ref/aiannh/0825 </loc>
		<lastmod> 2021-10-15 19:25:16.871474 </lastmod></url><url>
	<loc> https://geoconnex.us/ref/aiannh/9967 </loc>
		<lastmod> 2021-10-15 19:25:16.871487 </lastmod></url><url>
	<loc> https://geoconnex.us/ref/aiannh/0635 </loc>
		<lastmod> 2021-10-15 19:25:16.871499 </lastmod></url><url>
	<loc> https://geoconnex.us/ref/aiannh/5281 </loc>
		<lastmod> 2021-10-15 19:25:16.871511 </lastmod></url><url>
	<loc> https://geoconnex.us/ref/aiannh/1640 </loc>
		<lastmod> 2021-10-15 19:25:16.871523 </lastmod></url><url>
	<loc> https://geoconnex.us/ref/aiannh/0435 </loc>
		<lastmod> 2021-10-15 19:25:16.871535 </lastmod></url><url>
	<loc> https://geoconnex.us/ref/aiannh/4045 </loc>
		<lastmod> 2021-10-15 19:25:16.871547 </lastmod></url><url>
	<loc> https://geoconnex.us/ref/aiannh/6315 </loc>
		<lastmod> 2021-10-15 19:25:16.871575 </lastmod></url><url>
	<loc> https://geoconnex.us/ref/aiannh/4725 </loc>
		<lastmod> 2021-10-15 19:25:16.871587 </lastmod></url><url>
	<loc> https://geoconnex.us/ref/aiannh/2145 </loc>
		<lastmod> 2021-10-15 19:25:16.871616 </lastmod></url><url>
	<loc> https://geoconnex.us/ref/aiannh/1235 </loc>
		<lastmod> 2021-10-15 19:25:16.871628 </lastmod></url><url>
	<loc> https://geoconnex.us/ref/aiannh/0990 </loc>
		<lastmod> 2021-10-15 19:25:16.871640 </lastmod></url><url>
	<loc> https://geoconnex.us/ref/aiannh/3495 </loc>
		<lastmod> 2021-10-15 19:25:16.871652 </lastmod></url><url>
	<loc> https://geoconnex.us/ref/aiannh/8750 </loc>
		<lastmod> 2021-10-15 19:25:16.871664 </lastmod></url><url>
	<loc> https://geoconnex.us/ref/aiannh/4445 </loc>
		<lastmod> 2021-10-15 19:25:16.871676 </lastmod></url><url>
	<loc> https://geoconnex.us/ref/aiannh/7535 </loc>
		<lastmod> 2021-10-15 19:25:16.871687 </lastmod></url><url>
	<loc> https://geoconnex.us/ref/aiannh/0735 </loc>
		<lastmod> 2021-10-15 19:25:16.871699 </lastmod></url><url>
	<loc> https://geoconnex.us/ref/aiannh/1545 </loc>
		<lastmod> 2021-10-15 19:25:16.871711 </lastmod></url><url>
	<loc> https://geoconnex.us/ref/aiannh/2130 </loc>
		<lastmod> 2021-10-15 19:25:16.871723 </lastmod></url><url>
	<loc> https://geoconnex.us/ref/aiannh/1720 </loc>
		<lastmod> 2021-10-15 19:25:16.871734 </lastmod></url><url>
	<loc> https://geoconnex.us/ref/aiannh/1070 </loc>
		<lastmod> 2021-10-15 19:25:16.871746 </lastmod></url><url>
	<loc> https://geoconnex.us/ref/aiannh/0120 </loc>
		<lastmod> 2021-10-15 19:25:16.871758 </lastmod></url><url>
	<loc> https://geoconnex.us/ref/aiannh/3540 </loc>
		<lastmod> 2021-10-15 19:25:16.871787 </lastmod></url><url>
	<loc> https://geoconnex.us/ref/aiannh/0585 </loc>
		<lastmod> 2021-10-15 19:25:16.871815 </lastmod></url><url>
	<loc> https://geoconnex.us/ref/aiannh/5835 </loc>
		<lastmod> 2021-10-15 19:25:16.871827 </lastmod></url><url>
	<loc> https://geoconnex.us/ref/aiannh/5810 </loc>
		<lastmod> 2021-10-15 19:25:16.871838 </lastmod></url><url>
	<loc> https://geoconnex.us/ref/aiannh/0770 </loc>
		<lastmod> 2021-10-15 19:25:16.871867 </lastmod></url><url>
	<loc> https://geoconnex.us/ref/aiannh/5760 </loc>
		<lastmod> 2021-10-15 19:25:16.871878 </lastmod></url><url>
	<loc> https://geoconnex.us/ref/aiannh/0115 </loc>
		<lastmod> 2021-10-15 19:25:16.871889 </lastmod></url><url>
	<loc> https://geoconnex.us/ref/aiannh/1530 </loc>
		<lastmod> 2021-10-15 19:25:16.871917 </lastmod></url><url>
	<loc> https://geoconnex.us/ref/aiannh/6875 </loc>
		<lastmod> 2021-10-15 19:25:16.871945 </lastmod></url><url>
	<loc> https://geoconnex.us/ref/aiannh/6140 </loc>
		<lastmod> 2021-10-15 19:25:16.871955 </lastmod></url><url>
	<loc> https://geoconnex.us/ref/aiannh/6020 </loc>
		<lastmod> 2021-10-15 19:25:16.871979 </lastmod></url><url>
	<loc> https://geoconnex.us/ref/aiannh/7235 </loc>
		<lastmod> 2021-10-15 19:25:16.871992 </lastmod></url><url>
	<loc> https://geoconnex.us/ref/aiannh/3305 </loc>
		<lastmod> 2021-10-15 19:25:16.872003 </lastmod></url><url>
	<loc> https://geoconnex.us/ref/aiannh/7655 </loc>
		<lastmod> 2021-10-15 19:25:16.872013 </lastmod></url><url>
	<loc> https://geoconnex.us/ref/aiannh/6035 </loc>
		<lastmod> 2021-10-15 19:25:16.872023 </lastmod></url><url>
	<loc> https://geoconnex.us/ref/aiannh/7420 </loc>
		<lastmod> 2021-10-15 19:25:16.872033 </lastmod></url><url>
	<loc> https://geoconnex.us/ref/aiannh/6610 </loc>
		<lastmod> 2021-10-15 19:25:16.872042 </lastmod></url><url>
	<loc> https://geoconnex.us/ref/aiannh/7010 </loc>
		<lastmod> 2021-10-15 19:25:16.872052 </lastmod></url><url>
	<loc> https://geoconnex.us/ref/aiannh/2890 </loc>
		<lastmod> 2021-10-15 19:25:16.872062 </lastmod></url><url>
	<loc> https://geoconnex.us/ref/aiannh/2340 </loc>
		<lastmod> 2021-10-15 19:25:16.872072 </lastmod></url><url>
	<loc> https://geoconnex.us/ref/aiannh/5795 </loc>
		<lastmod> 2021-10-15 19:25:16.872082 </lastmod></url><url>
	<loc> https://geoconnex.us/ref/aiannh/5950 </loc>
		<lastmod> 2021-10-15 19:25:16.872091 </lastmod></url><url>
	<loc> https://geoconnex.us/ref/aiannh/5860 </loc>
		<lastmod> 2021-10-15 19:25:16.872101 </lastmod></url><url>
	<loc> https://geoconnex.us/ref/aiannh/2415 </loc>
		<lastmod> 2021-10-15 19:25:16.872111 </lastmod></url><url>
	<loc> https://geoconnex.us/ref/aiannh/9875 </loc>
		<lastmod> 2021-10-15 19:25:16.872120 </lastmod></url><url>
	<loc> https://geoconnex.us/ref/aiannh/1575 </loc>
		<lastmod> 2021-10-15 19:25:16.872130 </lastmod></url><url>
	<loc> https://geoconnex.us/ref/aiannh/4515 </loc>
		<lastmod> 2021-10-15 19:25:16.872140 </lastmod></url><url>
	<loc> https://geoconnex.us/ref/aiannh/0965 </loc>
		<lastmod> 2021-10-15 19:25:16.872149 </lastmod></url><url>
	<loc> https://geoconnex.us/ref/aiannh/0170 </loc>
		<lastmod> 2021-10-15 19:25:16.872159 </lastmod></url><url>
	<loc> https://geoconnex.us/ref/aiannh/1340 </loc>
		<lastmod> 2021-10-15 19:25:16.872168 </lastmod></url><url>
	<loc> https://geoconnex.us/ref/aiannh/3525 </loc>
		<lastmod> 2021-10-15 19:25:16.872178 </lastmod></url><url>
	<loc> https://geoconnex.us/ref/aiannh/4095 </loc>
		<lastmod> 2021-10-15 19:25:16.872187 </lastmod></url><url>
	<loc> https://geoconnex.us/ref/aiannh/0450 </loc>
		<lastmod> 2021-10-15 19:25:16.872197 </lastmod></url><url>
	<loc> https://geoconnex.us/ref/aiannh/0525 </loc>
		<lastmod> 2021-10-15 19:25:16.872206 </lastmod></url><url>
	<loc> https://geoconnex.us/ref/aiannh/9350 </loc>
		<lastmod> 2021-10-15 19:25:16.872216 </lastmod></url><url>
	<loc> https://geoconnex.us/ref/aiannh/4300 </loc>
		<lastmod> 2021-10-15 19:25:16.872226 </lastmod></url><url>
	<loc> https://geoconnex.us/ref/aiannh/3585 </loc>
		<lastmod> 2021-10-15 19:25:16.872236 </lastmod></url><url>
	<loc> https://geoconnex.us/ref/aiannh/3855 </loc>
		<lastmod> 2021-10-15 19:25:16.872246 </lastmod></url><url>
	<loc> https://geoconnex.us/ref/aiannh/2030 </loc>
		<lastmod> 2021-10-15 19:25:16.872257 </lastmod></url><url>
	<loc> https://geoconnex.us/ref/aiannh/5700 </loc>
		<lastmod> 2021-10-15 19:25:16.872267 </lastmod></url><url>
	<loc> https://geoconnex.us/ref/aiannh/5241 </loc>
		<lastmod> 2021-10-15 19:25:16.872276 </lastmod></url><url>
	<loc> https://geoconnex.us/ref/aiannh/1210 </loc>
		<lastmod> 2021-10-15 19:25:16.872286 </lastmod></url><url>
	<loc> https://geoconnex.us/ref/aiannh/4560 </loc>
		<lastmod> 2021-10-15 19:25:16.872296 </lastmod></url><url>
	<loc> https://geoconnex.us/ref/aiannh/3460 </loc>
		<lastmod> 2021-10-15 19:25:16.872306 </lastmod></url><url>
	<loc> https://geoconnex.us/ref/aiannh/0695 </loc>
		<lastmod> 2021-10-15 19:25:16.872316 </lastmod></url><url>
	<loc> https://geoconnex.us/ref/aiannh/5690 </loc>
		<lastmod> 2021-10-15 19:25:16.872326 </lastmod></url><url>
	<loc> https://geoconnex.us/ref/aiannh/8300 </loc>
		<lastmod> 2021-10-15 19:25:16.872336 </lastmod></url><url>
	<loc> https://geoconnex.us/ref/aiannh/6850 </loc>
		<lastmod> 2021-10-15 19:25:16.872345 </lastmod></url><url>
	<loc> https://geoconnex.us/ref/aiannh/1400 </loc>
		<lastmod> 2021-10-15 19:25:16.872355 </lastmod></url><url>
	<loc> https://geoconnex.us/ref/aiannh/2980 </loc>
		<lastmod> 2021-10-15 19:25:16.872365 </lastmod></url><url>
	<loc> https://geoconnex.us/ref/aiannh/4000 </loc>
		<lastmod> 2021-10-15 19:25:16.872375 </lastmod></url><url>
	<loc> https://geoconnex.us/ref/aiannh/4170 </loc>
		<lastmod> 2021-10-15 19:25:16.872385 </lastmod></url><url>
	<loc> https://geoconnex.us/ref/aiannh/0680 </loc>
		<lastmod> 2021-10-15 19:25:16.872395 </lastmod></url><url>
	<loc> https://geoconnex.us/ref/aiannh/0705 </loc>
		<lastmod> 2021-10-15 19:25:16.872405 </lastmod></url><url>
	<loc> https://geoconnex.us/ref/aiannh/5043 </loc>
		<lastmod> 2021-10-15 19:25:16.872414 </lastmod></url><url>
	<loc> https://geoconnex.us/ref/aiannh/5003 </loc>
		<lastmod> 2021-10-15 19:25:16.872424 </lastmod></url><url>
	<loc> https://geoconnex.us/ref/aiannh/1370 </loc>
		<lastmod> 2021-10-15 19:25:16.872433 </lastmod></url><url>
	<loc> https://geoconnex.us/ref/aiannh/3445 </loc>
		<lastmod> 2021-10-15 19:25:16.872443 </lastmod></url><url>
	<loc> https://geoconnex.us/ref/aiannh/5201 </loc>
		<lastmod> 2021-10-15 19:25:16.872453 </lastmod></url><url>
	<loc> https://geoconnex.us/ref/aiannh/1365 </loc>
		<lastmod> 2021-10-15 19:25:16.872463 </lastmod></url></ns0:url>
</ns0:urlset>