<ns0:urlset xmlns:ns0="http://www.sitemaps.org/schemas/sitemap/0.9">
    <ns0:url>
    <url>
	<loc> https://geoconnex.us/cuahsi/his/SCAN/2057_AL_SCAN </loc>
		<lastmod> 2021-10-15 19:24:58.220620 </lastmod></url><url>
	<loc> https://geoconnex.us/cuahsi/his/SCAN/2092_KS_SCAN </loc>
		<lastmod> 2021-10-15 19:24:58.220660 </lastmod></url><url>
	<loc> https://geoconnex.us/cuahsi/his/SCAN/2015_NM_SCAN </loc>
		<lastmod> 2021-10-15 19:24:58.220671 </lastmod></url><url>
	<loc> https://geoconnex.us/cuahsi/his/SCAN/2172_NM_SCAN </loc>
		<lastmod> 2021-10-15 19:24:58.220682 </lastmod></url><url>
	<loc> https://geoconnex.us/cuahsi/his/SCAN/2138_UT_SCAN </loc>
		<lastmod> 2021-10-15 19:24:58.220692 </lastmod></url><url>
	<loc> https://geoconnex.us/cuahsi/his/SCAN/2076_TN_SCAN </loc>
		<lastmod> 2021-10-15 19:24:58.220701 </lastmod></url><url>
	<loc> https://geoconnex.us/cuahsi/his/SCAN/2031_IA_SCAN </loc>
		<lastmod> 2021-10-15 19:24:58.220711 </lastmod></url><url>
	<loc> https://geoconnex.us/cuahsi/his/SCAN/2065_AK_SCAN </loc>
		<lastmod> 2021-10-15 19:24:58.220720 </lastmod></url><url>
	<loc> https://geoconnex.us/cuahsi/his/SCAN/2214_CA_SCAN </loc>
		<lastmod> 2021-10-15 19:24:58.220729 </lastmod></url><url>
	<loc> https://geoconnex.us/cuahsi/his/SCAN/2032_MS_SCAN </loc>
		<lastmod> 2021-10-15 19:24:58.220738 </lastmod></url><url>
	<loc> https://geoconnex.us/cuahsi/his/SCAN/2207_TX_SCAN </loc>
		<lastmod> 2021-10-15 19:24:58.220747 </lastmod></url><url>
	<loc> https://geoconnex.us/cuahsi/his/SCAN/2135_UT_SCAN </loc>
		<lastmod> 2021-10-15 19:24:58.220756 </lastmod></url><url>
	<loc> https://geoconnex.us/cuahsi/his/SCAN/2215_CA_SCAN </loc>
		<lastmod> 2021-10-15 19:24:58.220765 </lastmod></url><url>
	<loc> https://geoconnex.us/cuahsi/his/SCAN/2067_PR_SCAN </loc>
		<lastmod> 2021-10-15 19:24:58.220774 </lastmod></url><url>
	<loc> https://geoconnex.us/cuahsi/his/SCAN/2078_AL_SCAN </loc>
		<lastmod> 2021-10-15 19:24:58.220782 </lastmod></url><url>
	<loc> https://geoconnex.us/cuahsi/his/SCAN/2177_AL_SCAN </loc>
		<lastmod> 2021-10-15 19:24:58.220791 </lastmod></url><url>
	<loc> https://geoconnex.us/cuahsi/his/SCAN/2216_NV_SCAN </loc>
		<lastmod> 2021-10-15 19:24:58.220800 </lastmod></url><url>
	<loc> https://geoconnex.us/cuahsi/his/SCAN/2151_UT_SCAN </loc>
		<lastmod> 2021-10-15 19:24:58.220809 </lastmod></url><url>
	<loc> https://geoconnex.us/cuahsi/his/SCAN/2224_MO_SCAN </loc>
		<lastmod> 2021-10-15 19:24:58.220818 </lastmod></url><url>
	<loc> https://geoconnex.us/cuahsi/his/SCAN/2006_TX_SCAN </loc>
		<lastmod> 2021-10-15 19:24:58.220827 </lastmod></url><url>
	<loc> https://geoconnex.us/cuahsi/his/SCAN/2136_UT_SCAN </loc>
		<lastmod> 2021-10-15 19:24:58.220835 </lastmod></url><url>
	<loc> https://geoconnex.us/cuahsi/his/SCAN/1232_AK_SCAN </loc>
		<lastmod> 2021-10-15 19:24:58.220844 </lastmod></url><url>
	<loc> https://geoconnex.us/cuahsi/his/SCAN/2223_MO_SCAN </loc>
		<lastmod> 2021-10-15 19:24:58.220853 </lastmod></url><url>
	<loc> https://geoconnex.us/cuahsi/his/SCAN/2161_UT_SCAN </loc>
		<lastmod> 2021-10-15 19:24:58.220862 </lastmod></url><url>
	<loc> https://geoconnex.us/cuahsi/his/SCAN/2094_KS_SCAN </loc>
		<lastmod> 2021-10-15 19:24:58.220870 </lastmod></url><url>
	<loc> https://geoconnex.us/cuahsi/his/SCAN/2145_NV_SCAN </loc>
		<lastmod> 2021-10-15 19:24:58.220879 </lastmod></url><url>
	<loc> https://geoconnex.us/cuahsi/his/SCAN/2213_AK_SCAN </loc>
		<lastmod> 2021-10-15 19:24:58.220888 </lastmod></url><url>
	<loc> https://geoconnex.us/cuahsi/his/SCAN/2150_UT_SCAN </loc>
		<lastmod> 2021-10-15 19:24:58.220897 </lastmod></url><url>
	<loc> https://geoconnex.us/cuahsi/his/SCAN/2124_VI_SCAN </loc>
		<lastmod> 2021-10-15 19:24:58.220906 </lastmod></url><url>
	<loc> https://geoconnex.us/cuahsi/his/SCAN/2125_UT_SCAN </loc>
		<lastmod> 2021-10-15 19:24:58.220914 </lastmod></url><url>
	<loc> https://geoconnex.us/cuahsi/his/SCAN/2195_MO_SCAN </loc>
		<lastmod> 2021-10-15 19:24:58.220923 </lastmod></url><url>
	<loc> https://geoconnex.us/cuahsi/his/SCAN/2189_CA_SCAN </loc>
		<lastmod> 2021-10-15 19:24:58.220932 </lastmod></url><url>
	<loc> https://geoconnex.us/cuahsi/his/SCAN/2066_PR_SCAN </loc>
		<lastmod> 2021-10-15 19:24:58.220941 </lastmod></url><url>
	<loc> https://geoconnex.us/cuahsi/his/SCAN/2117_MT_SCAN </loc>
		<lastmod> 2021-10-15 19:24:58.220949 </lastmod></url><url>
	<loc> https://geoconnex.us/cuahsi/his/SCAN/2198_WA_SCAN </loc>
		<lastmod> 2021-10-15 19:24:58.220958 </lastmod></url><url>
	<loc> https://geoconnex.us/cuahsi/his/SCAN/2188_PR_SCAN </loc>
		<lastmod> 2021-10-15 19:24:58.220967 </lastmod></url><url>
	<loc> https://geoconnex.us/cuahsi/his/SCAN/2197_CO_SCAN </loc>
		<lastmod> 2021-10-15 19:24:58.220994 </lastmod></url><url>
	<loc> https://geoconnex.us/cuahsi/his/SCAN/2002_MN_SCAN </loc>
		<lastmod> 2021-10-15 19:24:58.221003 </lastmod></url><url>
	<loc> https://geoconnex.us/cuahsi/his/SCAN/2107_NM_SCAN </loc>
		<lastmod> 2021-10-15 19:24:58.221013 </lastmod></url><url>
	<loc> https://geoconnex.us/cuahsi/his/SCAN/2113_AL_SCAN </loc>
		<lastmod> 2021-10-15 19:24:58.221022 </lastmod></url><url>
	<loc> https://geoconnex.us/cuahsi/his/SCAN/2190_CA_SCAN </loc>
		<lastmod> 2021-10-15 19:24:58.221031 </lastmod></url><url>
	<loc> https://geoconnex.us/cuahsi/his/SCAN/2174_AL_SCAN </loc>
		<lastmod> 2021-10-15 19:24:58.221041 </lastmod></url><url>
	<loc> https://geoconnex.us/cuahsi/his/SCAN/2187_CA_SCAN </loc>
		<lastmod> 2021-10-15 19:24:58.221050 </lastmod></url><url>
	<loc> https://geoconnex.us/cuahsi/his/SCAN/2183_CA_SCAN </loc>
		<lastmod> 2021-10-15 19:24:58.221059 </lastmod></url><url>
	<loc> https://geoconnex.us/cuahsi/his/SCAN/2048_MO_SCAN </loc>
		<lastmod> 2021-10-15 19:24:58.221069 </lastmod></url><url>
	<loc> https://geoconnex.us/cuahsi/his/SCAN/2191_CA_SCAN </loc>
		<lastmod> 2021-10-15 19:24:58.221094 </lastmod></url><url>
	<loc> https://geoconnex.us/cuahsi/his/SCAN/2167_UT_SCAN </loc>
		<lastmod> 2021-10-15 19:24:58.221103 </lastmod></url><url>
	<loc> https://geoconnex.us/cuahsi/his/SCAN/2192_CA_SCAN </loc>
		<lastmod> 2021-10-15 19:24:58.221112 </lastmod></url><url>
	<loc> https://geoconnex.us/cuahsi/his/SCAN/2130_UT_SCAN </loc>
		<lastmod> 2021-10-15 19:24:58.221121 </lastmod></url><url>
	<loc> https://geoconnex.us/cuahsi/his/SCAN/2077_TN_SCAN </loc>
		<lastmod> 2021-10-15 19:24:58.221130 </lastmod></url><url>
	<loc> https://geoconnex.us/cuahsi/his/SCAN/2220_MO_SCAN </loc>
		<lastmod> 2021-10-15 19:24:58.221139 </lastmod></url><url>
	<loc> https://geoconnex.us/cuahsi/his/SCAN/2128_UT_SCAN </loc>
		<lastmod> 2021-10-15 19:24:58.221148 </lastmod></url><url>
	<loc> https://geoconnex.us/cuahsi/his/SCAN/2126_UT_SCAN </loc>
		<lastmod> 2021-10-15 19:24:58.221156 </lastmod></url><url>
	<loc> https://geoconnex.us/cuahsi/his/SCAN/2072_SD_SCAN </loc>
		<lastmod> 2021-10-15 19:24:58.221165 </lastmod></url><url>
	<loc> https://geoconnex.us/cuahsi/his/SCAN/2185_CA_SCAN </loc>
		<lastmod> 2021-10-15 19:24:58.221174 </lastmod></url><url>
	<loc> https://geoconnex.us/cuahsi/his/SCAN/2051_FL_SCAN </loc>
		<lastmod> 2021-10-15 19:24:58.221183 </lastmod></url><url>
	<loc> https://geoconnex.us/cuahsi/his/SCAN/2184_CA_SCAN </loc>
		<lastmod> 2021-10-15 19:24:58.221192 </lastmod></url><url>
	<loc> https://geoconnex.us/cuahsi/his/SCAN/2019_MT_SCAN </loc>
		<lastmod> 2021-10-15 19:24:58.221201 </lastmod></url><url>
	<loc> https://geoconnex.us/cuahsi/his/SCAN/2022_OK_SCAN </loc>
		<lastmod> 2021-10-15 19:24:58.221210 </lastmod></url><url>
	<loc> https://geoconnex.us/cuahsi/his/SCAN/2122_PR_SCAN </loc>
		<lastmod> 2021-10-15 19:24:58.221219 </lastmod></url><url>
	<loc> https://geoconnex.us/cuahsi/his/SCAN/2218_CA_SCAN </loc>
		<lastmod> 2021-10-15 19:24:58.221228 </lastmod></url><url>
	<loc> https://geoconnex.us/cuahsi/his/SCAN/2011_NY_SCAN </loc>
		<lastmod> 2021-10-15 19:24:58.221236 </lastmod></url><url>
	<loc> https://geoconnex.us/cuahsi/his/SCAN/2050_MN_SCAN </loc>
		<lastmod> 2021-10-15 19:24:58.221245 </lastmod></url><url>
	<loc> https://geoconnex.us/cuahsi/his/SCAN/2024_MS_SCAN </loc>
		<lastmod> 2021-10-15 19:24:58.221254 </lastmod></url><url>
	<loc> https://geoconnex.us/cuahsi/his/SCAN/2025_MS_SCAN </loc>
		<lastmod> 2021-10-15 19:24:58.221263 </lastmod></url><url>
	<loc> https://geoconnex.us/cuahsi/his/SCAN/2165_UT_SCAN </loc>
		<lastmod> 2021-10-15 19:24:58.221272 </lastmod></url><url>
	<loc> https://geoconnex.us/cuahsi/his/SCAN/2152_UT_SCAN </loc>
		<lastmod> 2021-10-15 19:24:58.221280 </lastmod></url><url>
	<loc> https://geoconnex.us/cuahsi/his/SCAN/2131_UT_SCAN </loc>
		<lastmod> 2021-10-15 19:24:58.221289 </lastmod></url><url>
	<loc> https://geoconnex.us/cuahsi/his/SCAN/2160_UT_SCAN </loc>
		<lastmod> 2021-10-15 19:24:58.221298 </lastmod></url><url>
	<loc> https://geoconnex.us/cuahsi/his/SCAN/2045_PR_SCAN </loc>
		<lastmod> 2021-10-15 19:24:58.221307 </lastmod></url><url>
	<loc> https://geoconnex.us/cuahsi/his/SCAN/2222_AK_SCAN </loc>
		<lastmod> 2021-10-15 19:24:58.221316 </lastmod></url><url>
	<loc> https://geoconnex.us/cuahsi/his/SCAN/2164_UT_SCAN </loc>
		<lastmod> 2021-10-15 19:24:58.221325 </lastmod></url><url>
	<loc> https://geoconnex.us/cuahsi/his/SCAN/2166_UT_SCAN </loc>
		<lastmod> 2021-10-15 19:24:58.221334 </lastmod></url><url>
	<loc> https://geoconnex.us/cuahsi/his/SCAN/2143_NV_SCAN </loc>
		<lastmod> 2021-10-15 19:24:58.221343 </lastmod></url><url>
	<loc> https://geoconnex.us/cuahsi/his/SCAN/2055_AL_SCAN </loc>
		<lastmod> 2021-10-15 19:24:58.221352 </lastmod></url><url>
	<loc> https://geoconnex.us/cuahsi/his/SCAN/2127_UT_SCAN </loc>
		<lastmod> 2021-10-15 19:24:58.221361 </lastmod></url><url>
	<loc> https://geoconnex.us/cuahsi/his/SCAN/2210_AK_SCAN </loc>
		<lastmod> 2021-10-15 19:24:58.221370 </lastmod></url><url>
	<loc> https://geoconnex.us/cuahsi/his/SCAN/2069_NH_SCAN </loc>
		<lastmod> 2021-10-15 19:24:58.221379 </lastmod></url><url>
	<loc> https://geoconnex.us/cuahsi/his/SCAN/2211_AK_SCAN </loc>
		<lastmod> 2021-10-15 19:24:58.221388 </lastmod></url><url>
	<loc> https://geoconnex.us/cuahsi/his/SCAN/2052_PR_SCAN </loc>
		<lastmod> 2021-10-15 19:24:58.221396 </lastmod></url><url>
	<loc> https://geoconnex.us/cuahsi/his/SCAN/2173_AL_SCAN </loc>
		<lastmod> 2021-10-15 19:24:58.221405 </lastmod></url><url>
	<loc> https://geoconnex.us/cuahsi/his/SCAN/2100_HI_SCAN </loc>
		<lastmod> 2021-10-15 19:24:58.221414 </lastmod></url><url>
	<loc> https://geoconnex.us/cuahsi/his/SCAN/2111_NE_SCAN </loc>
		<lastmod> 2021-10-15 19:24:58.221423 </lastmod></url><url>
	<loc> https://geoconnex.us/cuahsi/his/SCAN/2121_MT_SCAN </loc>
		<lastmod> 2021-10-15 19:24:58.221432 </lastmod></url><url>
	<loc> https://geoconnex.us/cuahsi/his/SCAN/2148_ID_SCAN </loc>
		<lastmod> 2021-10-15 19:24:58.221441 </lastmod></url><url>
	<loc> https://geoconnex.us/cuahsi/his/SCAN/2168_NM_SCAN </loc>
		<lastmod> 2021-10-15 19:24:58.221450 </lastmod></url><url>
	<loc> https://geoconnex.us/cuahsi/his/SCAN/2194_MO_SCAN </loc>
		<lastmod> 2021-10-15 19:24:58.221459 </lastmod></url><url>
	<loc> https://geoconnex.us/cuahsi/his/SCAN/2096_HI_SCAN </loc>
		<lastmod> 2021-10-15 19:24:58.221467 </lastmod></url><url>
	<loc> https://geoconnex.us/cuahsi/his/SCAN/2208_AK_SCAN </loc>
		<lastmod> 2021-10-15 19:24:58.221476 </lastmod></url><url>
	<loc> https://geoconnex.us/cuahsi/his/SCAN/2212_AK_SCAN </loc>
		<lastmod> 2021-10-15 19:24:58.221485 </lastmod></url><url>
	<loc> https://geoconnex.us/cuahsi/his/SCAN/2103_HI_SCAN </loc>
		<lastmod> 2021-10-15 19:24:58.221494 </lastmod></url><url>
	<loc> https://geoconnex.us/cuahsi/his/SCAN/2206_TX_SCAN </loc>
		<lastmod> 2021-10-15 19:24:58.221502 </lastmod></url><url>
	<loc> https://geoconnex.us/cuahsi/his/SCAN/2201_TX_SCAN </loc>
		<lastmod> 2021-10-15 19:24:58.221511 </lastmod></url><url>
	<loc> https://geoconnex.us/cuahsi/his/SCAN/2180_AL_SCAN </loc>
		<lastmod> 2021-10-15 19:24:58.221520 </lastmod></url><url>
	<loc> https://geoconnex.us/cuahsi/his/SCAN/2147_KS_SCAN </loc>
		<lastmod> 2021-10-15 19:24:58.221529 </lastmod></url><url>
	<loc> https://geoconnex.us/cuahsi/his/SCAN/2097_HI_SCAN </loc>
		<lastmod> 2021-10-15 19:24:58.221537 </lastmod></url><url>
	<loc> https://geoconnex.us/cuahsi/his/SCAN/2141_NV_SCAN </loc>
		<lastmod> 2021-10-15 19:24:58.221546 </lastmod></url><url>
	<loc> https://geoconnex.us/cuahsi/his/SCAN/2106_TX_SCAN </loc>
		<lastmod> 2021-10-15 19:24:58.221555 </lastmod></url><url>
	<loc> https://geoconnex.us/cuahsi/his/SCAN/2105_TX_SCAN </loc>
		<lastmod> 2021-10-15 19:24:58.221564 </lastmod></url><url>
	<loc> https://geoconnex.us/cuahsi/his/SCAN/2021_WA_SCAN </loc>
		<lastmod> 2021-10-15 19:24:58.221573 </lastmod></url><url>
	<loc> https://geoconnex.us/cuahsi/his/SCAN/581_MT_SCAN </loc>
		<lastmod> 2021-10-15 19:24:58.221581 </lastmod></url><url>
	<loc> https://geoconnex.us/cuahsi/his/SCAN/2155_UT_SCAN </loc>
		<lastmod> 2021-10-15 19:24:58.221590 </lastmod></url><url>
	<loc> https://geoconnex.us/cuahsi/his/SCAN/2027_GA_SCAN </loc>
		<lastmod> 2021-10-15 19:24:58.221599 </lastmod></url><url>
	<loc> https://geoconnex.us/cuahsi/his/SCAN/2114_AL_SCAN </loc>
		<lastmod> 2021-10-15 19:24:58.221608 </lastmod></url><url>
	<loc> https://geoconnex.us/cuahsi/his/SCAN/2169_NM_SCAN </loc>
		<lastmod> 2021-10-15 19:24:58.221617 </lastmod></url><url>
	<loc> https://geoconnex.us/cuahsi/his/SCAN/2146_NV_SCAN </loc>
		<lastmod> 2021-10-15 19:24:58.221626 </lastmod></url><url>
	<loc> https://geoconnex.us/cuahsi/his/SCAN/2116_NV_SCAN </loc>
		<lastmod> 2021-10-15 19:24:58.221635 </lastmod></url><url>
	<loc> https://geoconnex.us/cuahsi/his/SCAN/1233_AK_SCAN </loc>
		<lastmod> 2021-10-15 19:24:58.221644 </lastmod></url><url>
	<loc> https://geoconnex.us/cuahsi/his/SCAN/2042_VT_SCAN </loc>
		<lastmod> 2021-10-15 19:24:58.221653 </lastmod></url><url>
	<loc> https://geoconnex.us/cuahsi/his/SCAN/2074_OR_SCAN </loc>
		<lastmod> 2021-10-15 19:24:58.221662 </lastmod></url><url>
	<loc> https://geoconnex.us/cuahsi/his/SCAN/2028_PA_SCAN </loc>
		<lastmod> 2021-10-15 19:24:58.221671 </lastmod></url><url>
	<loc> https://geoconnex.us/cuahsi/his/SCAN/2079_KY_SCAN </loc>
		<lastmod> 2021-10-15 19:24:58.221679 </lastmod></url><url>
	<loc> https://geoconnex.us/cuahsi/his/SCAN/2102_HI_SCAN </loc>
		<lastmod> 2021-10-15 19:24:58.221688 </lastmod></url><url>
	<loc> https://geoconnex.us/cuahsi/his/SCAN/2020_ND_SCAN </loc>
		<lastmod> 2021-10-15 19:24:58.221697 </lastmod></url><url>
	<loc> https://geoconnex.us/cuahsi/his/SCAN/2156_UT_SCAN </loc>
		<lastmod> 2021-10-15 19:24:58.221706 </lastmod></url><url>
	<loc> https://geoconnex.us/cuahsi/his/SCAN/2149_CA_SCAN </loc>
		<lastmod> 2021-10-15 19:24:58.221715 </lastmod></url><url>
	<loc> https://geoconnex.us/cuahsi/his/SCAN/15_PR_SCAN </loc>
		<lastmod> 2021-10-15 19:24:58.221724 </lastmod></url><url>
	<loc> https://geoconnex.us/cuahsi/his/SCAN/2225_MO_SCAN </loc>
		<lastmod> 2021-10-15 19:24:58.221733 </lastmod></url><url>
	<loc> https://geoconnex.us/cuahsi/his/SCAN/2043_NH_SCAN </loc>
		<lastmod> 2021-10-15 19:24:58.221742 </lastmod></url><url>
	<loc> https://geoconnex.us/cuahsi/his/SCAN/2004_IL_SCAN </loc>
		<lastmod> 2021-10-15 19:24:58.221751 </lastmod></url><url>
	<loc> https://geoconnex.us/cuahsi/his/SCAN/2112_PR_SCAN </loc>
		<lastmod> 2021-10-15 19:24:58.221759 </lastmod></url><url>
	<loc> https://geoconnex.us/cuahsi/his/SCAN/2110_MS_SCAN </loc>
		<lastmod> 2021-10-15 19:24:58.221768 </lastmod></url><url>
	<loc> https://geoconnex.us/cuahsi/his/SCAN/2075_TN_SCAN </loc>
		<lastmod> 2021-10-15 19:24:58.221777 </lastmod></url><url>
	<loc> https://geoconnex.us/cuahsi/his/SCAN/2140_UT_SCAN </loc>
		<lastmod> 2021-10-15 19:24:58.221786 </lastmod></url><url>
	<loc> https://geoconnex.us/cuahsi/his/SCAN/2129_UT_SCAN </loc>
		<lastmod> 2021-10-15 19:24:58.221795 </lastmod></url><url>
	<loc> https://geoconnex.us/cuahsi/his/SCAN/2119_MT_SCAN </loc>
		<lastmod> 2021-10-15 19:24:58.221804 </lastmod></url><url>
	<loc> https://geoconnex.us/cuahsi/his/SCAN/2014_OH_SCAN </loc>
		<lastmod> 2021-10-15 19:24:58.221812 </lastmod></url><url>
	<loc> https://geoconnex.us/cuahsi/his/SCAN/2217_CA_SCAN </loc>
		<lastmod> 2021-10-15 19:24:58.221821 </lastmod></url><url>
	<loc> https://geoconnex.us/cuahsi/his/SCAN/2062_AK_SCAN </loc>
		<lastmod> 2021-10-15 19:24:58.221830 </lastmod></url><url>
	<loc> https://geoconnex.us/cuahsi/his/SCAN/2133_UT_SCAN </loc>
		<lastmod> 2021-10-15 19:24:58.221839 </lastmod></url><url>
	<loc> https://geoconnex.us/cuahsi/his/SCAN/2178_AL_SCAN </loc>
		<lastmod> 2021-10-15 19:24:58.221848 </lastmod></url><url>
	<loc> https://geoconnex.us/cuahsi/his/SCAN/2041_VT_SCAN </loc>
		<lastmod> 2021-10-15 19:24:58.221857 </lastmod></url><url>
	<loc> https://geoconnex.us/cuahsi/his/SCAN/2134_UT_SCAN </loc>
		<lastmod> 2021-10-15 19:24:58.221865 </lastmod></url><url>
	<loc> https://geoconnex.us/cuahsi/his/SCAN/2060_MO_SCAN </loc>
		<lastmod> 2021-10-15 19:24:58.221874 </lastmod></url><url>
	<loc> https://geoconnex.us/cuahsi/his/SCAN/2039_VA_SCAN </loc>
		<lastmod> 2021-10-15 19:24:58.221883 </lastmod></url><url>
	<loc> https://geoconnex.us/cuahsi/his/SCAN/2228_TX_SCAN </loc>
		<lastmod> 2021-10-15 19:24:58.221892 </lastmod></url><url>
	<loc> https://geoconnex.us/cuahsi/his/SCAN/2209_AK_SCAN </loc>
		<lastmod> 2021-10-15 19:24:58.221901 </lastmod></url><url>
	<loc> https://geoconnex.us/cuahsi/his/SCAN/2081_AK_SCAN </loc>
		<lastmod> 2021-10-15 19:24:58.221909 </lastmod></url><url>
	<loc> https://geoconnex.us/cuahsi/his/SCAN/2137_UT_SCAN </loc>
		<lastmod> 2021-10-15 19:24:58.221918 </lastmod></url><url>
	<loc> https://geoconnex.us/cuahsi/his/SCAN/2087_MS_SCAN </loc>
		<lastmod> 2021-10-15 19:24:58.221927 </lastmod></url><url>
	<loc> https://geoconnex.us/cuahsi/his/SCAN/2017_CO_SCAN </loc>
		<lastmod> 2021-10-15 19:24:58.221936 </lastmod></url><url>
	<loc> https://geoconnex.us/cuahsi/his/SCAN/2033_MS_SCAN </loc>
		<lastmod> 2021-10-15 19:24:58.221945 </lastmod></url><url>
	<loc> https://geoconnex.us/cuahsi/his/SCAN/674_ID_SCAN </loc>
		<lastmod> 2021-10-15 19:24:58.221954 </lastmod></url><url>
	<loc> https://geoconnex.us/cuahsi/his/SCAN/2157_UT_SCAN </loc>
		<lastmod> 2021-10-15 19:24:58.221963 </lastmod></url><url>
	<loc> https://geoconnex.us/cuahsi/his/SCAN/2153_UT_SCAN </loc>
		<lastmod> 2021-10-15 19:24:58.221971 </lastmod></url><url>
	<loc> https://geoconnex.us/cuahsi/his/SCAN/2037_SC_SCAN </loc>
		<lastmod> 2021-10-15 19:24:58.221980 </lastmod></url><url>
	<loc> https://geoconnex.us/cuahsi/his/SCAN/2181_AL_SCAN </loc>
		<lastmod> 2021-10-15 19:24:58.221989 </lastmod></url><url>
	<loc> https://geoconnex.us/cuahsi/his/SCAN/2046_MS_SCAN </loc>
		<lastmod> 2021-10-15 19:24:58.221998 </lastmod></url><url>
	<loc> https://geoconnex.us/cuahsi/his/SCAN/2093_KS_SCAN </loc>
		<lastmod> 2021-10-15 19:24:58.222006 </lastmod></url><url>
	<loc> https://geoconnex.us/cuahsi/his/SCAN/2144_NV_SCAN </loc>
		<lastmod> 2021-10-15 19:24:58.222016 </lastmod></url><url>
	<loc> https://geoconnex.us/cuahsi/his/SCAN/2049_MD_SCAN </loc>
		<lastmod> 2021-10-15 19:24:58.222025 </lastmod></url><url>
	<loc> https://geoconnex.us/cuahsi/his/SCAN/2061_MO_SCAN </loc>
		<lastmod> 2021-10-15 19:24:58.222033 </lastmod></url><url>
	<loc> https://geoconnex.us/cuahsi/his/SCAN/2016_TX_SCAN </loc>
		<lastmod> 2021-10-15 19:24:58.222042 </lastmod></url><url>
	<loc> https://geoconnex.us/cuahsi/his/SCAN/2132_UT_SCAN </loc>
		<lastmod> 2021-10-15 19:24:58.222092 </lastmod></url><url>
	<loc> https://geoconnex.us/cuahsi/his/SCAN/2005_KY_SCAN </loc>
		<lastmod> 2021-10-15 19:24:58.222103 </lastmod></url><url>
	<loc> https://geoconnex.us/cuahsi/his/SCAN/2098_HI_SCAN </loc>
		<lastmod> 2021-10-15 19:24:58.222113 </lastmod></url><url>
	<loc> https://geoconnex.us/cuahsi/his/SCAN/2104_TX_SCAN </loc>
		<lastmod> 2021-10-15 19:24:58.222122 </lastmod></url><url>
	<loc> https://geoconnex.us/cuahsi/his/SCAN/2089_VA_SCAN </loc>
		<lastmod> 2021-10-15 19:24:58.222131 </lastmod></url><url>
	<loc> https://geoconnex.us/cuahsi/his/SCAN/2199_TX_SCAN </loc>
		<lastmod> 2021-10-15 19:24:58.222139 </lastmod></url><url>
	<loc> https://geoconnex.us/cuahsi/his/SCAN/2182_AL_SCAN </loc>
		<lastmod> 2021-10-15 19:24:58.222148 </lastmod></url><url>
	<loc> https://geoconnex.us/cuahsi/his/SCAN/2036_PA_SCAN </loc>
		<lastmod> 2021-10-15 19:24:58.222157 </lastmod></url><url>
	<loc> https://geoconnex.us/cuahsi/his/SCAN/2001_NE_SCAN </loc>
		<lastmod> 2021-10-15 19:24:58.222166 </lastmod></url><url>
	<loc> https://geoconnex.us/cuahsi/his/SCAN/2229_NV_SCAN </loc>
		<lastmod> 2021-10-15 19:24:58.222192 </lastmod></url><url>
	<loc> https://geoconnex.us/cuahsi/his/SCAN/2200_TX_SCAN </loc>
		<lastmod> 2021-10-15 19:24:58.222201 </lastmod></url><url>
	<loc> https://geoconnex.us/cuahsi/his/SCAN/2159_UT_SCAN </loc>
		<lastmod> 2021-10-15 19:24:58.222210 </lastmod></url><url>
	<loc> https://geoconnex.us/cuahsi/his/SCAN/2109_MS_SCAN </loc>
		<lastmod> 2021-10-15 19:24:58.222220 </lastmod></url><url>
	<loc> https://geoconnex.us/cuahsi/his/SCAN/2193_MO_SCAN </loc>
		<lastmod> 2021-10-15 19:24:58.222248 </lastmod></url><url>
	<loc> https://geoconnex.us/cuahsi/his/SCAN/2063_AK_SCAN </loc>
		<lastmod> 2021-10-15 19:24:58.222258 </lastmod></url><url>
	<loc> https://geoconnex.us/cuahsi/his/SCAN/2070_MS_SCAN </loc>
		<lastmod> 2021-10-15 19:24:58.222267 </lastmod></url><url>
	<loc> https://geoconnex.us/cuahsi/his/SCAN/2012_FL_SCAN </loc>
		<lastmod> 2021-10-15 19:24:58.222277 </lastmod></url><url>
	<loc> https://geoconnex.us/cuahsi/his/SCAN/2176_AL_SCAN </loc>
		<lastmod> 2021-10-15 19:24:58.222286 </lastmod></url><url>
	<loc> https://geoconnex.us/cuahsi/his/SCAN/2171_NM_SCAN </loc>
		<lastmod> 2021-10-15 19:24:58.222296 </lastmod></url><url>
	<loc> https://geoconnex.us/cuahsi/his/SCAN/2186_CA_SCAN </loc>
		<lastmod> 2021-10-15 19:24:58.222329 </lastmod></url><url>
	<loc> https://geoconnex.us/cuahsi/his/SCAN/2068_IA_SCAN </loc>
		<lastmod> 2021-10-15 19:24:58.222357 </lastmod></url><url>
	<loc> https://geoconnex.us/cuahsi/his/SCAN/2227_MO_SCAN </loc>
		<lastmod> 2021-10-15 19:24:58.222368 </lastmod></url><url>
	<loc> https://geoconnex.us/cuahsi/his/SCAN/2088_VA_SCAN </loc>
		<lastmod> 2021-10-15 19:24:58.222378 </lastmod></url><url>
	<loc> https://geoconnex.us/cuahsi/his/SCAN/2120_MT_SCAN </loc>
		<lastmod> 2021-10-15 19:24:58.222388 </lastmod></url><url>
	<loc> https://geoconnex.us/cuahsi/his/SCAN/2086_MS_SCAN </loc>
		<lastmod> 2021-10-15 19:24:58.222398 </lastmod></url><url>
	<loc> https://geoconnex.us/cuahsi/his/SCAN/2101_HI_SCAN </loc>
		<lastmod> 2021-10-15 19:24:58.222408 </lastmod></url><url>
	<loc> https://geoconnex.us/cuahsi/his/SCAN/2047_MO_SCAN </loc>
		<lastmod> 2021-10-15 19:24:58.222418 </lastmod></url><url>
	<loc> https://geoconnex.us/cuahsi/his/SCAN/2154_UT_SCAN </loc>
		<lastmod> 2021-10-15 19:24:58.222428 </lastmod></url><url>
	<loc> https://geoconnex.us/cuahsi/his/SCAN/2158_UT_SCAN </loc>
		<lastmod> 2021-10-15 19:24:58.222438 </lastmod></url><url>
	<loc> https://geoconnex.us/cuahsi/his/SCAN/2044_AK_SCAN </loc>
		<lastmod> 2021-10-15 19:24:58.222448 </lastmod></url><url>
	<loc> https://geoconnex.us/cuahsi/his/SCAN/2056_AL_SCAN </loc>
		<lastmod> 2021-10-15 19:24:58.222458 </lastmod></url><url>
	<loc> https://geoconnex.us/cuahsi/his/SCAN/2064_MS_SCAN </loc>
		<lastmod> 2021-10-15 19:24:58.222467 </lastmod></url><url>
	<loc> https://geoconnex.us/cuahsi/his/SCAN/2203_TX_SCAN </loc>
		<lastmod> 2021-10-15 19:24:58.222477 </lastmod></url><url>
	<loc> https://geoconnex.us/cuahsi/his/SCAN/2219_CA_SCAN </loc>
		<lastmod> 2021-10-15 19:24:58.222487 </lastmod></url><url>
	<loc> https://geoconnex.us/cuahsi/his/SCAN/2179_AL_SCAN </loc>
		<lastmod> 2021-10-15 19:24:58.222497 </lastmod></url><url>
	<loc> https://geoconnex.us/cuahsi/his/SCAN/2073_OH_SCAN </loc>
		<lastmod> 2021-10-15 19:24:58.222523 </lastmod></url><url>
	<loc> https://geoconnex.us/cuahsi/his/SCAN/808_MT_SCAN </loc>
		<lastmod> 2021-10-15 19:24:58.222557 </lastmod></url><url>
	<loc> https://geoconnex.us/cuahsi/his/SCAN/2008_NC_SCAN </loc>
		<lastmod> 2021-10-15 19:24:58.222566 </lastmod></url><url>
	<loc> https://geoconnex.us/cuahsi/his/SCAN/2040_VA_SCAN </loc>
		<lastmod> 2021-10-15 19:24:58.222594 </lastmod></url><url>
	<loc> https://geoconnex.us/cuahsi/his/SCAN/2082_MS_SCAN </loc>
		<lastmod> 2021-10-15 19:24:58.222604 </lastmod></url><url>
	<loc> https://geoconnex.us/cuahsi/his/SCAN/2080_AK_SCAN </loc>
		<lastmod> 2021-10-15 19:24:58.222614 </lastmod></url><url>
	<loc> https://geoconnex.us/cuahsi/his/SCAN/2018_WY_SCAN </loc>
		<lastmod> 2021-10-15 19:24:58.222623 </lastmod></url><url>
	<loc> https://geoconnex.us/cuahsi/his/SCAN/2142_NV_SCAN </loc>
		<lastmod> 2021-10-15 19:24:58.222633 </lastmod></url><url>
	<loc> https://geoconnex.us/cuahsi/his/SCAN/2163_UT_SCAN </loc>
		<lastmod> 2021-10-15 19:24:58.222642 </lastmod></url><url>
	<loc> https://geoconnex.us/cuahsi/his/SCAN/2034_MS_SCAN </loc>
		<lastmod> 2021-10-15 19:24:58.222652 </lastmod></url><url>
	<loc> https://geoconnex.us/cuahsi/his/SCAN/2115_AL_SCAN </loc>
		<lastmod> 2021-10-15 19:24:58.222662 </lastmod></url><url>
	<loc> https://geoconnex.us/cuahsi/his/SCAN/2226_MO_SCAN </loc>
		<lastmod> 2021-10-15 19:24:58.222687 </lastmod></url><url>
	<loc> https://geoconnex.us/cuahsi/his/SCAN/2083_AR_SCAN </loc>
		<lastmod> 2021-10-15 19:24:58.222697 </lastmod></url><url>
	<loc> https://geoconnex.us/cuahsi/his/SCAN/2091_AR_SCAN </loc>
		<lastmod> 2021-10-15 19:24:58.222706 </lastmod></url><url>
	<loc> https://geoconnex.us/cuahsi/his/SCAN/2090_AR_SCAN </loc>
		<lastmod> 2021-10-15 19:24:58.222715 </lastmod></url><url>
	<loc> https://geoconnex.us/cuahsi/his/SCAN/2085_AR_SCAN </loc>
		<lastmod> 2021-10-15 19:24:58.222725 </lastmod></url><url>
	<loc> https://geoconnex.us/cuahsi/his/SCAN/2030_AR_SCAN </loc>
		<lastmod> 2021-10-15 19:24:58.222734 </lastmod></url><url>
	<loc> https://geoconnex.us/cuahsi/his/SCAN/2084_AR_SCAN </loc>
		<lastmod> 2021-10-15 19:24:58.222744 </lastmod></url><url>
	<loc> https://geoconnex.us/cuahsi/his/SCAN/2221_AK_SCAN </loc>
		<lastmod> 2021-10-15 19:24:58.222753 </lastmod></url><url>
	<loc> https://geoconnex.us/cuahsi/his/SCAN/2123_VI_SCAN </loc>
		<lastmod> 2021-10-15 19:24:58.222762 </lastmod></url><url>
	<loc> https://geoconnex.us/cuahsi/his/SCAN/2204_TX_SCAN </loc>
		<lastmod> 2021-10-15 19:24:58.222772 </lastmod></url><url>
	<loc> https://geoconnex.us/cuahsi/his/SCAN/2196_WI_SCAN </loc>
		<lastmod> 2021-10-15 19:24:58.222781 </lastmod></url><url>
	<loc> https://geoconnex.us/cuahsi/his/SCAN/2035_MS_SCAN </loc>
		<lastmod> 2021-10-15 19:24:58.222791 </lastmod></url><url>
	<loc> https://geoconnex.us/cuahsi/his/SCAN/2162_UT_SCAN </loc>
		<lastmod> 2021-10-15 19:24:58.222801 </lastmod></url><url>
	<loc> https://geoconnex.us/cuahsi/his/SCAN/2202_TX_SCAN </loc>
		<lastmod> 2021-10-15 19:24:58.222810 </lastmod></url><url>
	<loc> https://geoconnex.us/cuahsi/his/SCAN/2118_MT_SCAN </loc>
		<lastmod> 2021-10-15 19:24:58.222820 </lastmod></url><url>
	<loc> https://geoconnex.us/cuahsi/his/SCAN/2003_WI_SCAN </loc>
		<lastmod> 2021-10-15 19:24:58.222829 </lastmod></url><url>
	<loc> https://geoconnex.us/cuahsi/his/SCAN/2099_HI_SCAN </loc>
		<lastmod> 2021-10-15 19:24:58.222839 </lastmod></url><url>
	<loc> https://geoconnex.us/cuahsi/his/SCAN/2009_FL_SCAN </loc>
		<lastmod> 2021-10-15 19:24:58.222849 </lastmod></url><url>
	<loc> https://geoconnex.us/cuahsi/his/SCAN/2026_AZ_SCAN </loc>
		<lastmod> 2021-10-15 19:24:58.222858 </lastmod></url><url>
	<loc> https://geoconnex.us/cuahsi/his/SCAN/2013_GA_SCAN </loc>
		<lastmod> 2021-10-15 19:24:58.222885 </lastmod></url><url>
	<loc> https://geoconnex.us/cuahsi/his/SCAN/1234_AK_SCAN </loc>
		<lastmod> 2021-10-15 19:24:58.222910 </lastmod></url><url>
	<loc> https://geoconnex.us/cuahsi/his/SCAN/2175_AL_SCAN </loc>
		<lastmod> 2021-10-15 19:24:58.222937 </lastmod></url><url>
	<loc> https://geoconnex.us/cuahsi/his/SCAN/2205_TX_SCAN </loc>
		<lastmod> 2021-10-15 19:24:58.222946 </lastmod></url><url>
	<loc> https://geoconnex.us/cuahsi/his/SCAN/2139_UT_SCAN </loc>
		<lastmod> 2021-10-15 19:24:58.222955 </lastmod></url><url>
	<loc> https://geoconnex.us/cuahsi/his/SCAN/2108_NM_SCAN </loc>
		<lastmod> 2021-10-15 19:24:58.222964 </lastmod></url><url>
	<loc> https://geoconnex.us/cuahsi/his/SCAN/2053_AL_SCAN </loc>
		<lastmod> 2021-10-15 19:24:58.222974 </lastmod></url><url>
	<loc> https://geoconnex.us/cuahsi/his/SCAN/2038_SC_SCAN </loc>
		<lastmod> 2021-10-15 19:24:58.222983 </lastmod></url></ns0:url>
</ns0:urlset>