<ns0:urlset xmlns:ns0="http://www.sitemaps.org/schemas/sitemap/0.9">
    <ns0:url>
    <url>
	<loc> https://geoconnex.us/cuahsi/his/LCZOODM2/QPA_Arriba </loc>
		<lastmod> 2021-10-15 19:25:03.259744 </lastmod></url><url>
	<loc> https://geoconnex.us/cuahsi/his/LCZOODM2/RESL </loc>
		<lastmod> 2021-10-15 19:25:03.259768 </lastmod></url><url>
	<loc> https://geoconnex.us/cuahsi/his/LCZOODM2/QPA_mid_light </loc>
		<lastmod> 2021-10-15 19:25:03.259781 </lastmod></url><url>
	<loc> https://geoconnex.us/cuahsi/his/LCZOODM2/LGW2B </loc>
		<lastmod> 2021-10-15 19:25:03.259791 </lastmod></url><url>
	<loc> https://geoconnex.us/cuahsi/his/LCZOODM2/RESSH </loc>
		<lastmod> 2021-10-15 19:25:03.259801 </lastmod></url><url>
	<loc> https://geoconnex.us/cuahsi/his/LCZOODM2/I-06 </loc>
		<lastmod> 2021-10-15 19:25:03.259810 </lastmod></url><url>
	<loc> https://geoconnex.us/cuahsi/his/LCZOODM2/Icacos-Pulse-RI </loc>
		<lastmod> 2021-10-15 19:25:03.259819 </lastmod></url><url>
	<loc> https://geoconnex.us/cuahsi/his/LCZOODM2/394 </loc>
		<lastmod> 2021-10-15 19:25:03.259829 </lastmod></url><url>
	<loc> https://geoconnex.us/cuahsi/his/LCZOODM2/QPA_abajo </loc>
		<lastmod> 2021-10-15 19:25:03.259838 </lastmod></url><url>
	<loc> https://geoconnex.us/cuahsi/his/LCZOODM2/QPB_Abajo </loc>
		<lastmod> 2021-10-15 19:25:03.259847 </lastmod></url><url>
	<loc> https://geoconnex.us/cuahsi/his/LCZOODM2/I-04 </loc>
		<lastmod> 2021-10-15 19:25:03.259856 </lastmod></url><url>
	<loc> https://geoconnex.us/cuahsi/his/LCZOODM2/RESDN </loc>
		<lastmod> 2021-10-15 19:25:03.259864 </lastmod></url><url>
	<loc> https://geoconnex.us/cuahsi/his/LCZOODM2/QS-Quebrada_Sonadora </loc>
		<lastmod> 2021-10-15 19:25:03.259873 </lastmod></url><url>
	<loc> https://geoconnex.us/cuahsi/his/LCZOODM2/QPB_light_mid </loc>
		<lastmod> 2021-10-15 19:25:03.259882 </lastmod></url><url>
	<loc> https://geoconnex.us/cuahsi/his/LCZOODM2/QPB_Arriba </loc>
		<lastmod> 2021-10-15 19:25:03.259891 </lastmod></url><url>
	<loc> https://geoconnex.us/cuahsi/his/LCZOODM2/I-23 </loc>
		<lastmod> 2021-10-15 19:25:03.259900 </lastmod></url><url>
	<loc> https://geoconnex.us/cuahsi/his/LCZOODM2/Prieta </loc>
		<lastmod> 2021-10-15 19:25:03.259908 </lastmod></url><url>
	<loc> https://geoconnex.us/cuahsi/his/LCZOODM2/Bisley-Q3 </loc>
		<lastmod> 2021-10-15 19:25:03.259917 </lastmod></url><url>
	<loc> https://geoconnex.us/cuahsi/his/LCZOODM2/Quebrada_Toronja </loc>
		<lastmod> 2021-10-15 19:25:03.259926 </lastmod></url><url>
	<loc> https://geoconnex.us/cuahsi/his/LCZOODM2/B15 </loc>
		<lastmod> 2021-10-15 19:25:03.259935 </lastmod></url><url>
	<loc> https://geoconnex.us/cuahsi/his/LCZOODM2/Rio_Icacos_Trib-IO </loc>
		<lastmod> 2021-10-15 19:25:03.259944 </lastmod></url></ns0:url>
</ns0:urlset>