<ns0:urlset xmlns:ns0="http://www.sitemaps.org/schemas/sitemap/0.9">
    <ns0:url>
    <url>
	<loc> https://geoconnex.us/cuahsi/his/TarlandWaterQuality/010201JHI </loc>
		<lastmod> 2021-10-15 19:24:58.046557 </lastmod></url><url>
	<loc> https://geoconnex.us/cuahsi/his/TarlandWaterQuality/010210JHI </loc>
		<lastmod> 2021-10-15 19:24:58.046583 </lastmod></url><url>
	<loc> https://geoconnex.us/cuahsi/his/TarlandWaterQuality/010213JHI </loc>
		<lastmod> 2021-10-15 19:24:58.046597 </lastmod></url><url>
	<loc> https://geoconnex.us/cuahsi/his/TarlandWaterQuality/010214JHI </loc>
		<lastmod> 2021-10-15 19:24:58.046608 </lastmod></url><url>
	<loc> https://geoconnex.us/cuahsi/his/TarlandWaterQuality/010215JHI </loc>
		<lastmod> 2021-10-15 19:24:58.046618 </lastmod></url><url>
	<loc> https://geoconnex.us/cuahsi/his/TarlandWaterQuality/010216JHI </loc>
		<lastmod> 2021-10-15 19:24:58.046628 </lastmod></url><url>
	<loc> https://geoconnex.us/cuahsi/his/TarlandWaterQuality/010202JHI </loc>
		<lastmod> 2021-10-15 19:24:58.046638 </lastmod></url><url>
	<loc> https://geoconnex.us/cuahsi/his/TarlandWaterQuality/010220JHI </loc>
		<lastmod> 2021-10-15 19:24:58.046648 </lastmod></url><url>
	<loc> https://geoconnex.us/cuahsi/his/TarlandWaterQuality/010227JHI </loc>
		<lastmod> 2021-10-15 19:24:58.046674 </lastmod></url><url>
	<loc> https://geoconnex.us/cuahsi/his/TarlandWaterQuality/010230JHI </loc>
		<lastmod> 2021-10-15 19:24:58.046683 </lastmod></url><url>
	<loc> https://geoconnex.us/cuahsi/his/TarlandWaterQuality/010231JHI </loc>
		<lastmod> 2021-10-15 19:24:58.046693 </lastmod></url><url>
	<loc> https://geoconnex.us/cuahsi/his/TarlandWaterQuality/010232JHI </loc>
		<lastmod> 2021-10-15 19:24:58.046702 </lastmod></url><url>
	<loc> https://geoconnex.us/cuahsi/his/TarlandWaterQuality/010205JHI </loc>
		<lastmod> 2021-10-15 19:24:58.046712 </lastmod></url><url>
	<loc> https://geoconnex.us/cuahsi/his/TarlandWaterQuality/010206JHI </loc>
		<lastmod> 2021-10-15 19:24:58.046722 </lastmod></url><url>
	<loc> https://geoconnex.us/cuahsi/his/TarlandWaterQuality/010207JHI </loc>
		<lastmod> 2021-10-15 19:24:58.046731 </lastmod></url><url>
	<loc> https://geoconnex.us/cuahsi/his/TarlandWaterQuality/010208JHI </loc>
		<lastmod> 2021-10-15 19:24:58.046740 </lastmod></url><url>
	<loc> https://geoconnex.us/cuahsi/his/TarlandWaterQuality/010233JHI </loc>
		<lastmod> 2021-10-15 19:24:58.046750 </lastmod></url><url>
	<loc> https://geoconnex.us/cuahsi/his/TarlandWaterQuality/010234JHI </loc>
		<lastmod> 2021-10-15 19:24:58.046759 </lastmod></url><url>
	<loc> https://geoconnex.us/cuahsi/his/TarlandWaterQuality/010235JHI </loc>
		<lastmod> 2021-10-15 19:24:58.046769 </lastmod></url><url>
	<loc> https://geoconnex.us/cuahsi/his/TarlandWaterQuality/010236JHI </loc>
		<lastmod> 2021-10-15 19:24:58.046794 </lastmod></url><url>
	<loc> https://geoconnex.us/cuahsi/his/TarlandWaterQuality/010237JHI </loc>
		<lastmod> 2021-10-15 19:24:58.046804 </lastmod></url><url>
	<loc> https://geoconnex.us/cuahsi/his/TarlandWaterQuality/010238JHI </loc>
		<lastmod> 2021-10-15 19:24:58.046813 </lastmod></url><url>
	<loc> https://geoconnex.us/cuahsi/his/TarlandWaterQuality/010240JHI </loc>
		<lastmod> 2021-10-15 19:24:58.046822 </lastmod></url><url>
	<loc> https://geoconnex.us/cuahsi/his/TarlandWaterQuality/010241JHI </loc>
		<lastmod> 2021-10-15 19:24:58.046831 </lastmod></url></ns0:url>
</ns0:urlset>