<ns0:urlset xmlns:ns0="http://www.sitemaps.org/schemas/sitemap/0.9">
    <ns0:url>
    <url>
	<loc> https://geoconnex.us/cuahsi/his/Kansas_Weather_Data/1 </loc>
		<lastmod> 2021-10-15 19:24:54.664698 </lastmod></url><url>
	<loc> https://geoconnex.us/cuahsi/his/Kansas_Weather_Data/10 </loc>
		<lastmod> 2021-10-15 19:24:54.664729 </lastmod></url><url>
	<loc> https://geoconnex.us/cuahsi/his/Kansas_Weather_Data/11 </loc>
		<lastmod> 2021-10-15 19:24:54.664746 </lastmod></url><url>
	<loc> https://geoconnex.us/cuahsi/his/Kansas_Weather_Data/12 </loc>
		<lastmod> 2021-10-15 19:24:54.664776 </lastmod></url><url>
	<loc> https://geoconnex.us/cuahsi/his/Kansas_Weather_Data/13 </loc>
		<lastmod> 2021-10-15 19:24:54.664787 </lastmod></url><url>
	<loc> https://geoconnex.us/cuahsi/his/Kansas_Weather_Data/14 </loc>
		<lastmod> 2021-10-15 19:24:54.664798 </lastmod></url><url>
	<loc> https://geoconnex.us/cuahsi/his/Kansas_Weather_Data/2 </loc>
		<lastmod> 2021-10-15 19:24:54.664809 </lastmod></url><url>
	<loc> https://geoconnex.us/cuahsi/his/Kansas_Weather_Data/3 </loc>
		<lastmod> 2021-10-15 19:24:54.664836 </lastmod></url><url>
	<loc> https://geoconnex.us/cuahsi/his/Kansas_Weather_Data/4 </loc>
		<lastmod> 2021-10-15 19:24:54.664847 </lastmod></url><url>
	<loc> https://geoconnex.us/cuahsi/his/Kansas_Weather_Data/5 </loc>
		<lastmod> 2021-10-15 19:24:54.664873 </lastmod></url><url>
	<loc> https://geoconnex.us/cuahsi/his/Kansas_Weather_Data/6 </loc>
		<lastmod> 2021-10-15 19:24:54.664883 </lastmod></url><url>
	<loc> https://geoconnex.us/cuahsi/his/Kansas_Weather_Data/7 </loc>
		<lastmod> 2021-10-15 19:24:54.664910 </lastmod></url><url>
	<loc> https://geoconnex.us/cuahsi/his/Kansas_Weather_Data/8 </loc>
		<lastmod> 2021-10-15 19:24:54.664919 </lastmod></url><url>
	<loc> https://geoconnex.us/cuahsi/his/Kansas_Weather_Data/9 </loc>
		<lastmod> 2021-10-15 19:24:54.664945 </lastmod></url></ns0:url>
</ns0:urlset>