<ns0:urlset xmlns:ns0="http://www.sitemaps.org/schemas/sitemap/0.9">
    <ns0:url>
    <url>
	<loc> https://geoconnex.us/cuahsi/his/czo_udel/WCC_SpencerRdBridge </loc>
		<lastmod> 2021-10-15 19:25:03.241873 </lastmod></url><url>
	<loc> https://geoconnex.us/cuahsi/his/czo_udel/BUCKANDDOE </loc>
		<lastmod> 2021-10-15 19:25:03.241901 </lastmod></url><url>
	<loc> https://geoconnex.us/cuahsi/his/czo_udel/CHOATES </loc>
		<lastmod> 2021-10-15 19:25:03.241916 </lastmod></url><url>
	<loc> https://geoconnex.us/cuahsi/his/czo_udel/HALFWAYRUN </loc>
		<lastmod> 2021-10-15 19:25:03.241944 </lastmod></url><url>
	<loc> https://geoconnex.us/cuahsi/his/czo_udel/LAURELSSPR1 </loc>
		<lastmod> 2021-10-15 19:25:03.241954 </lastmod></url><url>
	<loc> https://geoconnex.us/cuahsi/his/czo_udel/LSBMAIN </loc>
		<lastmod> 2021-10-15 19:25:03.241965 </lastmod></url><url>
	<loc> https://geoconnex.us/cuahsi/his/czo_udel/LSBSIDE </loc>
		<lastmod> 2021-10-15 19:25:03.241975 </lastmod></url><url>
	<loc> https://geoconnex.us/cuahsi/his/czo_udel/MCCORKLES1 </loc>
		<lastmod> 2021-10-15 19:25:03.241985 </lastmod></url><url>
	<loc> https://geoconnex.us/cuahsi/his/czo_udel/MCCORKLES2 </loc>
		<lastmod> 2021-10-15 19:25:03.242011 </lastmod></url><url>
	<loc> https://geoconnex.us/cuahsi/his/czo_udel/MINEHILLRUN </loc>
		<lastmod> 2021-10-15 19:25:03.242020 </lastmod></url><url>
	<loc> https://geoconnex.us/cuahsi/his/czo_udel/MORRISRUN </loc>
		<lastmod> 2021-10-15 19:25:03.242047 </lastmod></url><url>
	<loc> https://geoconnex.us/cuahsi/his/czo_udel/PUSEY_LOWER </loc>
		<lastmod> 2021-10-15 19:25:03.242056 </lastmod></url><url>
	<loc> https://geoconnex.us/cuahsi/his/czo_udel/PUSEY_UPPER </loc>
		<lastmod> 2021-10-15 19:25:03.242065 </lastmod></url><url>
	<loc> https://geoconnex.us/cuahsi/his/czo_udel/STA2 </loc>
		<lastmod> 2021-10-15 19:25:03.242074 </lastmod></url><url>
	<loc> https://geoconnex.us/cuahsi/his/czo_udel/STA2TEMP </loc>
		<lastmod> 2021-10-15 19:25:03.242083 </lastmod></url><url>
	<loc> https://geoconnex.us/cuahsi/his/czo_udel/STA3 </loc>
		<lastmod> 2021-10-15 19:25:03.242092 </lastmod></url><url>
	<loc> https://geoconnex.us/cuahsi/his/czo_udel/STA4 </loc>
		<lastmod> 2021-10-15 19:25:03.242101 </lastmod></url><url>
	<loc> https://geoconnex.us/cuahsi/his/czo_udel/STA5 </loc>
		<lastmod> 2021-10-15 19:25:03.242110 </lastmod></url><url>
	<loc> https://geoconnex.us/cuahsi/his/czo_udel/STA6 </loc>
		<lastmod> 2021-10-15 19:25:03.242119 </lastmod></url><url>
	<loc> https://geoconnex.us/cuahsi/his/czo_udel/WALTONS </loc>
		<lastmod> 2021-10-15 19:25:03.242128 </lastmod></url><url>
	<loc> https://geoconnex.us/cuahsi/his/czo_udel/WATERCRESS_LOWER </loc>
		<lastmod> 2021-10-15 19:25:03.242137 </lastmod></url><url>
	<loc> https://geoconnex.us/cuahsi/his/czo_udel/WATERCRESS_UPPER </loc>
		<lastmod> 2021-10-15 19:25:03.242146 </lastmod></url><url>
	<loc> https://geoconnex.us/cuahsi/his/czo_udel/WCC </loc>
		<lastmod> 2021-10-15 19:25:03.242155 </lastmod></url><url>
	<loc> https://geoconnex.us/cuahsi/his/czo_udel/WCC558 </loc>
		<lastmod> 2021-10-15 19:25:03.242164 </lastmod></url><url>
	<loc> https://geoconnex.us/cuahsi/his/czo_udel/WCCLAB </loc>
		<lastmod> 2021-10-15 19:25:03.242173 </lastmod></url><url>
	<loc> https://geoconnex.us/cuahsi/his/czo_udel/WCCLABTEMP </loc>
		<lastmod> 2021-10-15 19:25:03.242183 </lastmod></url><url>
	<loc> https://geoconnex.us/cuahsi/his/czo_udel/WCCPH </loc>
		<lastmod> 2021-10-15 19:25:03.242192 </lastmod></url><url>
	<loc> https://geoconnex.us/cuahsi/his/czo_udel/WCC_MEADOW </loc>
		<lastmod> 2021-10-15 19:25:03.242201 </lastmod></url><url>
	<loc> https://geoconnex.us/cuahsi/his/czo_udel/WCW </loc>
		<lastmod> 2021-10-15 19:25:03.242210 </lastmod></url><url>
	<loc> https://geoconnex.us/cuahsi/his/czo_udel/WLY_MOUTH </loc>
		<lastmod> 2021-10-15 19:25:03.242219 </lastmod></url><url>
	<loc> https://geoconnex.us/cuahsi/his/czo_udel/WLY_SPENCER </loc>
		<lastmod> 2021-10-15 19:25:03.242228 </lastmod></url><url>
	<loc> https://geoconnex.us/cuahsi/his/czo_udel/BOULTON_PATH </loc>
		<lastmod> 2021-10-15 19:25:03.242237 </lastmod></url><url>
	<loc> https://geoconnex.us/cuahsi/his/czo_udel/DDSS </loc>
		<lastmod> 2021-10-15 19:25:03.242247 </lastmod></url><url>
	<loc> https://geoconnex.us/cuahsi/his/czo_udel/DOERUN_SBFUNK </loc>
		<lastmod> 2021-10-15 19:25:03.242256 </lastmod></url><url>
	<loc> https://geoconnex.us/cuahsi/his/czo_udel/LSS </loc>
		<lastmod> 2021-10-15 19:25:03.242265 </lastmod></url><url>
	<loc> https://geoconnex.us/cuahsi/his/czo_udel/STATION2 </loc>
		<lastmod> 2021-10-15 19:25:03.242274 </lastmod></url><url>
	<loc> https://geoconnex.us/cuahsi/his/czo_udel/STATION3 </loc>
		<lastmod> 2021-10-15 19:25:03.242283 </lastmod></url><url>
	<loc> https://geoconnex.us/cuahsi/his/czo_udel/STATION4 </loc>
		<lastmod> 2021-10-15 19:25:03.242292 </lastmod></url><url>
	<loc> https://geoconnex.us/cuahsi/his/czo_udel/STATION5 </loc>
		<lastmod> 2021-10-15 19:25:03.242302 </lastmod></url><url>
	<loc> https://geoconnex.us/cuahsi/his/czo_udel/STATION6 </loc>
		<lastmod> 2021-10-15 19:25:03.242311 </lastmod></url><url>
	<loc> https://geoconnex.us/cuahsi/his/czo_udel/TTRWS1 </loc>
		<lastmod> 2021-10-15 19:25:03.242320 </lastmod></url><url>
	<loc> https://geoconnex.us/cuahsi/his/czo_udel/USGSNRNEWARK </loc>
		<lastmod> 2021-10-15 19:25:03.242329 </lastmod></url><url>
	<loc> https://geoconnex.us/cuahsi/his/czo_udel/WCC0 </loc>
		<lastmod> 2021-10-15 19:25:03.242338 </lastmod></url><url>
	<loc> https://geoconnex.us/cuahsi/his/czo_udel/WCCISCO_926 </loc>
		<lastmod> 2021-10-15 19:25:03.242347 </lastmod></url><url>
	<loc> https://geoconnex.us/cuahsi/his/czo_udel/WCD478 </loc>
		<lastmod> 2021-10-15 19:25:03.242356 </lastmod></url><url>
	<loc> https://geoconnex.us/cuahsi/his/czo_udel/WCWISCO_926 </loc>
		<lastmod> 2021-10-15 19:25:03.242365 </lastmod></url><url>
	<loc> https://geoconnex.us/cuahsi/his/czo_udel/WLYATSPENCER </loc>
		<lastmod> 2021-10-15 19:25:03.242374 </lastmod></url><url>
	<loc> https://geoconnex.us/cuahsi/his/czo_udel/WLYMOUTH </loc>
		<lastmod> 2021-10-15 19:25:03.242384 </lastmod></url><url>
	<loc> https://geoconnex.us/cuahsi/his/czo_udel/WSS </loc>
		<lastmod> 2021-10-15 19:25:03.242393 </lastmod></url><url>
	<loc> https://geoconnex.us/cuahsi/his/czo_udel/WCC573 </loc>
		<lastmod> 2021-10-15 19:25:03.242402 </lastmod></url><url>
	<loc> https://geoconnex.us/cuahsi/his/czo_udel/WELL001 </loc>
		<lastmod> 2021-10-15 19:25:03.242429 </lastmod></url><url>
	<loc> https://geoconnex.us/cuahsi/his/czo_udel/WELL002 </loc>
		<lastmod> 2021-10-15 19:25:03.242457 </lastmod></url><url>
	<loc> https://geoconnex.us/cuahsi/his/czo_udel/WELL003 </loc>
		<lastmod> 2021-10-15 19:25:03.242466 </lastmod></url><url>
	<loc> https://geoconnex.us/cuahsi/his/czo_udel/WELL004 </loc>
		<lastmod> 2021-10-15 19:25:03.242476 </lastmod></url><url>
	<loc> https://geoconnex.us/cuahsi/his/czo_udel/WELL005 </loc>
		<lastmod> 2021-10-15 19:25:03.242485 </lastmod></url><url>
	<loc> https://geoconnex.us/cuahsi/his/czo_udel/WELL006 </loc>
		<lastmod> 2021-10-15 19:25:03.242495 </lastmod></url><url>
	<loc> https://geoconnex.us/cuahsi/his/czo_udel/WELL007 </loc>
		<lastmod> 2021-10-15 19:25:03.242540 </lastmod></url><url>
	<loc> https://geoconnex.us/cuahsi/his/czo_udel/WELL008 </loc>
		<lastmod> 2021-10-15 19:25:03.242551 </lastmod></url><url>
	<loc> https://geoconnex.us/cuahsi/his/czo_udel/WELL009 </loc>
		<lastmod> 2021-10-15 19:25:03.242561 </lastmod></url><url>
	<loc> https://geoconnex.us/cuahsi/his/czo_udel/WELL010 </loc>
		<lastmod> 2021-10-15 19:25:03.242571 </lastmod></url><url>
	<loc> https://geoconnex.us/cuahsi/his/czo_udel/WELL011 </loc>
		<lastmod> 2021-10-15 19:25:03.242581 </lastmod></url><url>
	<loc> https://geoconnex.us/cuahsi/his/czo_udel/WELL012 </loc>
		<lastmod> 2021-10-15 19:25:03.242591 </lastmod></url><url>
	<loc> https://geoconnex.us/cuahsi/his/czo_udel/WELL013 </loc>
		<lastmod> 2021-10-15 19:25:03.242601 </lastmod></url><url>
	<loc> https://geoconnex.us/cuahsi/his/czo_udel/WELL014 </loc>
		<lastmod> 2021-10-15 19:25:03.242611 </lastmod></url><url>
	<loc> https://geoconnex.us/cuahsi/his/czo_udel/WELL015 </loc>
		<lastmod> 2021-10-15 19:25:03.242621 </lastmod></url><url>
	<loc> https://geoconnex.us/cuahsi/his/czo_udel/WELL016 </loc>
		<lastmod> 2021-10-15 19:25:03.242631 </lastmod></url><url>
	<loc> https://geoconnex.us/cuahsi/his/czo_udel/WELL017 </loc>
		<lastmod> 2021-10-15 19:25:03.242641 </lastmod></url><url>
	<loc> https://geoconnex.us/cuahsi/his/czo_udel/WELL018 </loc>
		<lastmod> 2021-10-15 19:25:03.242650 </lastmod></url><url>
	<loc> https://geoconnex.us/cuahsi/his/czo_udel/WELL019 </loc>
		<lastmod> 2021-10-15 19:25:03.242660 </lastmod></url><url>
	<loc> https://geoconnex.us/cuahsi/his/czo_udel/WELL021 </loc>
		<lastmod> 2021-10-15 19:25:03.242670 </lastmod></url><url>
	<loc> https://geoconnex.us/cuahsi/his/czo_udel/WELL022 </loc>
		<lastmod> 2021-10-15 19:25:03.242680 </lastmod></url><url>
	<loc> https://geoconnex.us/cuahsi/his/czo_udel/WELL023 </loc>
		<lastmod> 2021-10-15 19:25:03.242690 </lastmod></url><url>
	<loc> https://geoconnex.us/cuahsi/his/czo_udel/WELL024 </loc>
		<lastmod> 2021-10-15 19:25:03.242701 </lastmod></url><url>
	<loc> https://geoconnex.us/cuahsi/his/czo_udel/WELL031 </loc>
		<lastmod> 2021-10-15 19:25:03.242711 </lastmod></url><url>
	<loc> https://geoconnex.us/cuahsi/his/czo_udel/WELL032 </loc>
		<lastmod> 2021-10-15 19:25:03.242722 </lastmod></url><url>
	<loc> https://geoconnex.us/cuahsi/his/czo_udel/WELL041 </loc>
		<lastmod> 2021-10-15 19:25:03.242732 </lastmod></url><url>
	<loc> https://geoconnex.us/cuahsi/his/czo_udel/WELL042 </loc>
		<lastmod> 2021-10-15 19:25:03.242742 </lastmod></url><url>
	<loc> https://geoconnex.us/cuahsi/his/czo_udel/WELL043 </loc>
		<lastmod> 2021-10-15 19:25:03.242752 </lastmod></url><url>
	<loc> https://geoconnex.us/cuahsi/his/czo_udel/WELL044 </loc>
		<lastmod> 2021-10-15 19:25:03.242762 </lastmod></url><url>
	<loc> https://geoconnex.us/cuahsi/his/czo_udel/WCC2153 </loc>
		<lastmod> 2021-10-15 19:25:03.242773 </lastmod></url><url>
	<loc> https://geoconnex.us/cuahsi/his/czo_udel/WCW374 </loc>
		<lastmod> 2021-10-15 19:25:03.242783 </lastmod></url></ns0:url>
</ns0:urlset>