<ns0:urlset xmlns:ns0="http://www.sitemaps.org/schemas/sitemap/0.9">
    <ns0:url>
    <url>
	<loc> https://geoconnex.us/cuahsi/his/Scotland_NWIS/114632JHI_NWIS_South </loc>
		<lastmod> 2021-10-15 19:24:58.026708 </lastmod></url><url>
	<loc> https://geoconnex.us/cuahsi/his/Scotland_NWIS/114645JHI_NWIS_South </loc>
		<lastmod> 2021-10-15 19:24:58.026732 </lastmod></url><url>
	<loc> https://geoconnex.us/cuahsi/his/Scotland_NWIS/114672JHI_NWIS_South </loc>
		<lastmod> 2021-10-15 19:24:58.026745 </lastmod></url><url>
	<loc> https://geoconnex.us/cuahsi/his/Scotland_NWIS/114701JHI_NWIS_South </loc>
		<lastmod> 2021-10-15 19:24:58.026755 </lastmod></url><url>
	<loc> https://geoconnex.us/cuahsi/his/Scotland_NWIS/121084JHI_NWIS_South </loc>
		<lastmod> 2021-10-15 19:24:58.026765 </lastmod></url><url>
	<loc> https://geoconnex.us/cuahsi/his/Scotland_NWIS/121105JHI_NWIS_South </loc>
		<lastmod> 2021-10-15 19:24:58.026774 </lastmod></url><url>
	<loc> https://geoconnex.us/cuahsi/his/Scotland_NWIS/121117JHI_NWIS_South </loc>
		<lastmod> 2021-10-15 19:24:58.026783 </lastmod></url><url>
	<loc> https://geoconnex.us/cuahsi/his/Scotland_NWIS/121157JHI_NWIS_South </loc>
		<lastmod> 2021-10-15 19:24:58.026792 </lastmod></url><url>
	<loc> https://geoconnex.us/cuahsi/his/Scotland_NWIS/121207JHI_NWIS_South </loc>
		<lastmod> 2021-10-15 19:24:58.026801 </lastmod></url><url>
	<loc> https://geoconnex.us/cuahsi/his/Scotland_NWIS/121228JHI_NWIS_South </loc>
		<lastmod> 2021-10-15 19:24:58.026810 </lastmod></url><url>
	<loc> https://geoconnex.us/cuahsi/his/Scotland_NWIS/121255JHI_NWIS_South </loc>
		<lastmod> 2021-10-15 19:24:58.026819 </lastmod></url><url>
	<loc> https://geoconnex.us/cuahsi/his/Scotland_NWIS/121317JHI_NWIS_South </loc>
		<lastmod> 2021-10-15 19:24:58.026828 </lastmod></url><url>
	<loc> https://geoconnex.us/cuahsi/his/Scotland_NWIS/121402JHI_NWIS_South </loc>
		<lastmod> 2021-10-15 19:24:58.026836 </lastmod></url><url>
	<loc> https://geoconnex.us/cuahsi/his/Scotland_NWIS/121456JHI_NWIS_South </loc>
		<lastmod> 2021-10-15 19:24:58.026845 </lastmod></url><url>
	<loc> https://geoconnex.us/cuahsi/his/Scotland_NWIS/121541JHI_NWIS_South </loc>
		<lastmod> 2021-10-15 19:24:58.026854 </lastmod></url><url>
	<loc> https://geoconnex.us/cuahsi/his/Scotland_NWIS/121552JHI_NWIS_South </loc>
		<lastmod> 2021-10-15 19:24:58.026862 </lastmod></url><url>
	<loc> https://geoconnex.us/cuahsi/his/Scotland_NWIS/121572JHI_NWIS_South </loc>
		<lastmod> 2021-10-15 19:24:58.026871 </lastmod></url><url>
	<loc> https://geoconnex.us/cuahsi/his/Scotland_NWIS/121582JHI_NWIS_South </loc>
		<lastmod> 2021-10-15 19:24:58.026880 </lastmod></url><url>
	<loc> https://geoconnex.us/cuahsi/his/Scotland_NWIS/121587JHI_NWIS_South </loc>
		<lastmod> 2021-10-15 19:24:58.026888 </lastmod></url><url>
	<loc> https://geoconnex.us/cuahsi/his/Scotland_NWIS/121600JHI_NWIS_South </loc>
		<lastmod> 2021-10-15 19:24:58.026897 </lastmod></url><url>
	<loc> https://geoconnex.us/cuahsi/his/Scotland_NWIS/121641JHI_NWIS_South </loc>
		<lastmod> 2021-10-15 19:24:58.026906 </lastmod></url><url>
	<loc> https://geoconnex.us/cuahsi/his/Scotland_NWIS/123252JHI_NWIS_South </loc>
		<lastmod> 2021-10-15 19:24:58.026914 </lastmod></url><url>
	<loc> https://geoconnex.us/cuahsi/his/Scotland_NWIS/125528JHI_NWIS_GrdWater </loc>
		<lastmod> 2021-10-15 19:24:58.026941 </lastmod></url><url>
	<loc> https://geoconnex.us/cuahsi/his/Scotland_NWIS/125530JHI_NWIS_GrdWater </loc>
		<lastmod> 2021-10-15 19:24:58.026951 </lastmod></url><url>
	<loc> https://geoconnex.us/cuahsi/his/Scotland_NWIS/125539JHI_NWIS_GrdWater </loc>
		<lastmod> 2021-10-15 19:24:58.026960 </lastmod></url><url>
	<loc> https://geoconnex.us/cuahsi/his/Scotland_NWIS/12918JHI_NWIS_GrdWater </loc>
		<lastmod> 2021-10-15 19:24:58.026969 </lastmod></url><url>
	<loc> https://geoconnex.us/cuahsi/his/Scotland_NWIS/134152JHI_NWIS_South </loc>
		<lastmod> 2021-10-15 19:24:58.026978 </lastmod></url><url>
	<loc> https://geoconnex.us/cuahsi/his/Scotland_NWIS/1542JHI_NWIS_South </loc>
		<lastmod> 2021-10-15 19:24:58.026988 </lastmod></url><url>
	<loc> https://geoconnex.us/cuahsi/his/Scotland_NWIS/1560JHI_NWIS_South </loc>
		<lastmod> 2021-10-15 19:24:58.026997 </lastmod></url><url>
	<loc> https://geoconnex.us/cuahsi/his/Scotland_NWIS/1574JHI_NWIS_South </loc>
		<lastmod> 2021-10-15 19:24:58.027006 </lastmod></url><url>
	<loc> https://geoconnex.us/cuahsi/his/Scotland_NWIS/1615JHI_NWIS_South </loc>
		<lastmod> 2021-10-15 19:24:58.027015 </lastmod></url><url>
	<loc> https://geoconnex.us/cuahsi/his/Scotland_NWIS/16454JHI_NWIS_GrdWater </loc>
		<lastmod> 2021-10-15 19:24:58.027024 </lastmod></url><url>
	<loc> https://geoconnex.us/cuahsi/his/Scotland_NWIS/16461JHI_NWIS_GrdWater </loc>
		<lastmod> 2021-10-15 19:24:58.027033 </lastmod></url><url>
	<loc> https://geoconnex.us/cuahsi/his/Scotland_NWIS/16494JHI_NWIS_GrdWater </loc>
		<lastmod> 2021-10-15 19:24:58.027043 </lastmod></url><url>
	<loc> https://geoconnex.us/cuahsi/his/Scotland_NWIS/17066JHI_NWIS_GrdWater </loc>
		<lastmod> 2021-10-15 19:24:58.027052 </lastmod></url><url>
	<loc> https://geoconnex.us/cuahsi/his/Scotland_NWIS/201567JHI_NWIS_North </loc>
		<lastmod> 2021-10-15 19:24:58.027061 </lastmod></url><url>
	<loc> https://geoconnex.us/cuahsi/his/Scotland_NWIS/202310JHI_NWIS_North </loc>
		<lastmod> 2021-10-15 19:24:58.027070 </lastmod></url><url>
	<loc> https://geoconnex.us/cuahsi/his/Scotland_NWIS/202311JHI_NWIS_North </loc>
		<lastmod> 2021-10-15 19:24:58.027079 </lastmod></url><url>
	<loc> https://geoconnex.us/cuahsi/his/Scotland_NWIS/202312JHI_NWIS_North </loc>
		<lastmod> 2021-10-15 19:24:58.027089 </lastmod></url><url>
	<loc> https://geoconnex.us/cuahsi/his/Scotland_NWIS/202313JHI_NWIS_North </loc>
		<lastmod> 2021-10-15 19:24:58.027098 </lastmod></url><url>
	<loc> https://geoconnex.us/cuahsi/his/Scotland_NWIS/202314JHI_NWIS_North </loc>
		<lastmod> 2021-10-15 19:24:58.027107 </lastmod></url><url>
	<loc> https://geoconnex.us/cuahsi/his/Scotland_NWIS/202897JHI_NWIS_North </loc>
		<lastmod> 2021-10-15 19:24:58.027116 </lastmod></url><url>
	<loc> https://geoconnex.us/cuahsi/his/Scotland_NWIS/202898JHI_NWIS_North </loc>
		<lastmod> 2021-10-15 19:24:58.027126 </lastmod></url><url>
	<loc> https://geoconnex.us/cuahsi/his/Scotland_NWIS/203301JHI_NWIS_North </loc>
		<lastmod> 2021-10-15 19:24:58.027135 </lastmod></url><url>
	<loc> https://geoconnex.us/cuahsi/his/Scotland_NWIS/203302JHI_NWIS_North </loc>
		<lastmod> 2021-10-15 19:24:58.027144 </lastmod></url><url>
	<loc> https://geoconnex.us/cuahsi/his/Scotland_NWIS/203751JHI_NWIS_North </loc>
		<lastmod> 2021-10-15 19:24:58.027153 </lastmod></url><url>
	<loc> https://geoconnex.us/cuahsi/his/Scotland_NWIS/203862JHI_NWIS_North </loc>
		<lastmod> 2021-10-15 19:24:58.027162 </lastmod></url><url>
	<loc> https://geoconnex.us/cuahsi/his/Scotland_NWIS/204514JHI_NWIS_North </loc>
		<lastmod> 2021-10-15 19:24:58.027172 </lastmod></url><url>
	<loc> https://geoconnex.us/cuahsi/his/Scotland_NWIS/204561JHI_NWIS_North </loc>
		<lastmod> 2021-10-15 19:24:58.027181 </lastmod></url><url>
	<loc> https://geoconnex.us/cuahsi/his/Scotland_NWIS/204602JHI_NWIS_North </loc>
		<lastmod> 2021-10-15 19:24:58.027190 </lastmod></url><url>
	<loc> https://geoconnex.us/cuahsi/his/Scotland_NWIS/205047JHI_NWIS_North </loc>
		<lastmod> 2021-10-15 19:24:58.027199 </lastmod></url><url>
	<loc> https://geoconnex.us/cuahsi/his/Scotland_NWIS/205148JHI_NWIS_North </loc>
		<lastmod> 2021-10-15 19:24:58.027208 </lastmod></url><url>
	<loc> https://geoconnex.us/cuahsi/his/Scotland_NWIS/205208JHI_NWIS_North </loc>
		<lastmod> 2021-10-15 19:24:58.027217 </lastmod></url><url>
	<loc> https://geoconnex.us/cuahsi/his/Scotland_NWIS/205210JHI_NWIS_North </loc>
		<lastmod> 2021-10-15 19:24:58.027226 </lastmod></url><url>
	<loc> https://geoconnex.us/cuahsi/his/Scotland_NWIS/205223JHI_NWIS_North </loc>
		<lastmod> 2021-10-15 19:24:58.027236 </lastmod></url><url>
	<loc> https://geoconnex.us/cuahsi/his/Scotland_NWIS/205225JHI_NWIS_North </loc>
		<lastmod> 2021-10-15 19:24:58.027245 </lastmod></url><url>
	<loc> https://geoconnex.us/cuahsi/his/Scotland_NWIS/205703JHI_NWIS_North </loc>
		<lastmod> 2021-10-15 19:24:58.027254 </lastmod></url><url>
	<loc> https://geoconnex.us/cuahsi/his/Scotland_NWIS/205978JHI_NWIS_GrdWater </loc>
		<lastmod> 2021-10-15 19:24:58.027279 </lastmod></url><url>
	<loc> https://geoconnex.us/cuahsi/his/Scotland_NWIS/206010JHI_NWIS_GrdWater </loc>
		<lastmod> 2021-10-15 19:24:58.027306 </lastmod></url><url>
	<loc> https://geoconnex.us/cuahsi/his/Scotland_NWIS/233005JHI_NWIS_GrdWater </loc>
		<lastmod> 2021-10-15 19:24:58.027316 </lastmod></url><url>
	<loc> https://geoconnex.us/cuahsi/his/Scotland_NWIS/301825JHI_NWIS_North </loc>
		<lastmod> 2021-10-15 19:24:58.027325 </lastmod></url><url>
	<loc> https://geoconnex.us/cuahsi/his/Scotland_NWIS/305538JHI_NWIS_GrdWater </loc>
		<lastmod> 2021-10-15 19:24:58.027334 </lastmod></url><url>
	<loc> https://geoconnex.us/cuahsi/his/Scotland_NWIS/322700JHI_NWIS_GrdWater </loc>
		<lastmod> 2021-10-15 19:24:58.027343 </lastmod></url><url>
	<loc> https://geoconnex.us/cuahsi/his/Scotland_NWIS/326656JHI_NWIS_GrdWater </loc>
		<lastmod> 2021-10-15 19:24:58.027371 </lastmod></url><url>
	<loc> https://geoconnex.us/cuahsi/his/Scotland_NWIS/334234JHI_NWIS_GrdWater </loc>
		<lastmod> 2021-10-15 19:24:58.027381 </lastmod></url><url>
	<loc> https://geoconnex.us/cuahsi/his/Scotland_NWIS/334752JHI_NWIS_GrdWater </loc>
		<lastmod> 2021-10-15 19:24:58.027391 </lastmod></url><url>
	<loc> https://geoconnex.us/cuahsi/his/Scotland_NWIS/335781JHI_NWIS_GrdWater </loc>
		<lastmod> 2021-10-15 19:24:58.027401 </lastmod></url><url>
	<loc> https://geoconnex.us/cuahsi/his/Scotland_NWIS/336840JHI_NWIS_GrdWater </loc>
		<lastmod> 2021-10-15 19:24:58.027411 </lastmod></url><url>
	<loc> https://geoconnex.us/cuahsi/his/Scotland_NWIS/337736JHI_NWIS_GrdWater </loc>
		<lastmod> 2021-10-15 19:24:58.027421 </lastmod></url><url>
	<loc> https://geoconnex.us/cuahsi/his/Scotland_NWIS/338297JHI_NWIS_GrdWater </loc>
		<lastmod> 2021-10-15 19:24:58.027431 </lastmod></url><url>
	<loc> https://geoconnex.us/cuahsi/his/Scotland_NWIS/340586JHI_NWIS_GrdWater </loc>
		<lastmod> 2021-10-15 19:24:58.027441 </lastmod></url><url>
	<loc> https://geoconnex.us/cuahsi/his/Scotland_NWIS/3415JHI_NWIS_South </loc>
		<lastmod> 2021-10-15 19:24:58.027451 </lastmod></url><url>
	<loc> https://geoconnex.us/cuahsi/his/Scotland_NWIS/342JHI_NWIS_South </loc>
		<lastmod> 2021-10-15 19:24:58.027461 </lastmod></url><url>
	<loc> https://geoconnex.us/cuahsi/his/Scotland_NWIS/345069JHI_NWIS_GrdWater </loc>
		<lastmod> 2021-10-15 19:24:58.027472 </lastmod></url><url>
	<loc> https://geoconnex.us/cuahsi/his/Scotland_NWIS/349617JHI_NWIS_South </loc>
		<lastmod> 2021-10-15 19:24:58.027482 </lastmod></url><url>
	<loc> https://geoconnex.us/cuahsi/his/Scotland_NWIS/365224JHI_NWIS_GrdWater </loc>
		<lastmod> 2021-10-15 19:24:58.027492 </lastmod></url><url>
	<loc> https://geoconnex.us/cuahsi/his/Scotland_NWIS/459911JHI_NWIS_GrdWater </loc>
		<lastmod> 2021-10-15 19:24:58.027502 </lastmod></url><url>
	<loc> https://geoconnex.us/cuahsi/his/Scotland_NWIS/4638JHI_NWIS_South </loc>
		<lastmod> 2021-10-15 19:24:58.027512 </lastmod></url><url>
	<loc> https://geoconnex.us/cuahsi/his/Scotland_NWIS/467JHI_NWIS_South </loc>
		<lastmod> 2021-10-15 19:24:58.027522 </lastmod></url><url>
	<loc> https://geoconnex.us/cuahsi/his/Scotland_NWIS/470268JHI_NWIS_GrdWater </loc>
		<lastmod> 2021-10-15 19:24:58.027532 </lastmod></url><url>
	<loc> https://geoconnex.us/cuahsi/his/Scotland_NWIS/472141JHI_NWIS_GrdWater </loc>
		<lastmod> 2021-10-15 19:24:58.027542 </lastmod></url><url>
	<loc> https://geoconnex.us/cuahsi/his/Scotland_NWIS/472346JHI_NWIS_GrdWater </loc>
		<lastmod> 2021-10-15 19:24:58.027552 </lastmod></url><url>
	<loc> https://geoconnex.us/cuahsi/his/Scotland_NWIS/536JHI_NWIS_South </loc>
		<lastmod> 2021-10-15 19:24:58.027562 </lastmod></url><url>
	<loc> https://geoconnex.us/cuahsi/his/Scotland_NWIS/635JHI_NWIS_South </loc>
		<lastmod> 2021-10-15 19:24:58.027572 </lastmod></url><url>
	<loc> https://geoconnex.us/cuahsi/his/Scotland_NWIS/676JHI_NWIS_South </loc>
		<lastmod> 2021-10-15 19:24:58.027582 </lastmod></url><url>
	<loc> https://geoconnex.us/cuahsi/his/Scotland_NWIS/7651JHI_NWIS_North </loc>
		<lastmod> 2021-10-15 19:24:58.027592 </lastmod></url><url>
	<loc> https://geoconnex.us/cuahsi/his/Scotland_NWIS/7762JHI_NWIS_North </loc>
		<lastmod> 2021-10-15 19:24:58.027602 </lastmod></url><url>
	<loc> https://geoconnex.us/cuahsi/his/Scotland_NWIS/7817JHI_NWIS_GrdWater </loc>
		<lastmod> 2021-10-15 19:24:58.027612 </lastmod></url><url>
	<loc> https://geoconnex.us/cuahsi/his/Scotland_NWIS/7989JHI_NWIS_North </loc>
		<lastmod> 2021-10-15 19:24:58.027622 </lastmod></url><url>
	<loc> https://geoconnex.us/cuahsi/his/Scotland_NWIS/8175JHI_NWIS_South </loc>
		<lastmod> 2021-10-15 19:24:58.027632 </lastmod></url><url>
	<loc> https://geoconnex.us/cuahsi/his/Scotland_NWIS/8321JHI_NWIS_North </loc>
		<lastmod> 2021-10-15 19:24:58.027642 </lastmod></url><url>
	<loc> https://geoconnex.us/cuahsi/his/Scotland_NWIS/8811JHI_NWIS_North </loc>
		<lastmod> 2021-10-15 19:24:58.027653 </lastmod></url><url>
	<loc> https://geoconnex.us/cuahsi/his/Scotland_NWIS/9422JHI_NWIS_South </loc>
		<lastmod> 2021-10-15 19:24:58.027662 </lastmod></url><url>
	<loc> https://geoconnex.us/cuahsi/his/Scotland_NWIS/9457JHI_NWIS_South </loc>
		<lastmod> 2021-10-15 19:24:58.027673 </lastmod></url><url>
	<loc> https://geoconnex.us/cuahsi/his/Scotland_NWIS/9514JHI_NWIS_South </loc>
		<lastmod> 2021-10-15 19:24:58.027682 </lastmod></url><url>
	<loc> https://geoconnex.us/cuahsi/his/Scotland_NWIS/010102JHI </loc>
		<lastmod> 2021-10-15 19:24:58.027692 </lastmod></url><url>
	<loc> https://geoconnex.us/cuahsi/his/Scotland_NWIS/010114JHI </loc>
		<lastmod> 2021-10-15 19:24:58.027702 </lastmod></url><url>
	<loc> https://geoconnex.us/cuahsi/his/Scotland_NWIS/010128JHI </loc>
		<lastmod> 2021-10-15 19:24:58.027712 </lastmod></url><url>
	<loc> https://geoconnex.us/cuahsi/his/Scotland_NWIS/010129JHI </loc>
		<lastmod> 2021-10-15 19:24:58.027722 </lastmod></url><url>
	<loc> https://geoconnex.us/cuahsi/his/Scotland_NWIS/010130JHI </loc>
		<lastmod> 2021-10-15 19:24:58.027732 </lastmod></url><url>
	<loc> https://geoconnex.us/cuahsi/his/Scotland_NWIS/010131JHI </loc>
		<lastmod> 2021-10-15 19:24:58.027742 </lastmod></url></ns0:url>
</ns0:urlset>