<ns0:urlset xmlns:ns0="http://www.sitemaps.org/schemas/sitemap/0.9">
    <ns0:url>
    <url>
	<loc> https://geoconnex.us/cuahsi/his/MWRA/36 </loc>
		<lastmod> 2021-10-15 19:24:54.844686 </lastmod></url><url>
	<loc> https://geoconnex.us/cuahsi/his/MWRA/48 </loc>
		<lastmod> 2021-10-15 19:24:54.844712 </lastmod></url><url>
	<loc> https://geoconnex.us/cuahsi/his/MWRA/38 </loc>
		<lastmod> 2021-10-15 19:24:54.844726 </lastmod></url><url>
	<loc> https://geoconnex.us/cuahsi/his/MWRA/54 </loc>
		<lastmod> 2021-10-15 19:24:54.844737 </lastmod></url><url>
	<loc> https://geoconnex.us/cuahsi/his/MWRA/42 </loc>
		<lastmod> 2021-10-15 19:24:54.844748 </lastmod></url><url>
	<loc> https://geoconnex.us/cuahsi/his/MWRA/41 </loc>
		<lastmod> 2021-10-15 19:24:54.844776 </lastmod></url><url>
	<loc> https://geoconnex.us/cuahsi/his/MWRA/40 </loc>
		<lastmod> 2021-10-15 19:24:54.844803 </lastmod></url><url>
	<loc> https://geoconnex.us/cuahsi/his/MWRA/39 </loc>
		<lastmod> 2021-10-15 19:24:54.844813 </lastmod></url><url>
	<loc> https://geoconnex.us/cuahsi/his/MWRA/33 </loc>
		<lastmod> 2021-10-15 19:24:54.844822 </lastmod></url><url>
	<loc> https://geoconnex.us/cuahsi/his/MWRA/14 </loc>
		<lastmod> 2021-10-15 19:24:54.844831 </lastmod></url><url>
	<loc> https://geoconnex.us/cuahsi/his/MWRA/15 </loc>
		<lastmod> 2021-10-15 19:24:54.844840 </lastmod></url><url>
	<loc> https://geoconnex.us/cuahsi/his/MWRA/19 </loc>
		<lastmod> 2021-10-15 19:24:54.844849 </lastmod></url><url>
	<loc> https://geoconnex.us/cuahsi/his/MWRA/22 </loc>
		<lastmod> 2021-10-15 19:24:54.844858 </lastmod></url><url>
	<loc> https://geoconnex.us/cuahsi/his/MWRA/24 </loc>
		<lastmod> 2021-10-15 19:24:54.844867 </lastmod></url><url>
	<loc> https://geoconnex.us/cuahsi/his/MWRA/44 </loc>
		<lastmod> 2021-10-15 19:24:54.844876 </lastmod></url><url>
	<loc> https://geoconnex.us/cuahsi/his/MWRA/47 </loc>
		<lastmod> 2021-10-15 19:24:54.844885 </lastmod></url><url>
	<loc> https://geoconnex.us/cuahsi/his/MWRA/50 </loc>
		<lastmod> 2021-10-15 19:24:54.844894 </lastmod></url><url>
	<loc> https://geoconnex.us/cuahsi/his/MWRA/18 </loc>
		<lastmod> 2021-10-15 19:24:54.844903 </lastmod></url><url>
	<loc> https://geoconnex.us/cuahsi/his/MWRA/65 </loc>
		<lastmod> 2021-10-15 19:24:54.844913 </lastmod></url><url>
	<loc> https://geoconnex.us/cuahsi/his/MWRA/27 </loc>
		<lastmod> 2021-10-15 19:24:54.844922 </lastmod></url><url>
	<loc> https://geoconnex.us/cuahsi/his/MWRA/52 </loc>
		<lastmod> 2021-10-15 19:24:54.844931 </lastmod></url><url>
	<loc> https://geoconnex.us/cuahsi/his/MWRA/69 </loc>
		<lastmod> 2021-10-15 19:24:54.844940 </lastmod></url><url>
	<loc> https://geoconnex.us/cuahsi/his/MWRA/75 </loc>
		<lastmod> 2021-10-15 19:24:54.844948 </lastmod></url><url>
	<loc> https://geoconnex.us/cuahsi/his/MWRA/77 </loc>
		<lastmod> 2021-10-15 19:24:54.844957 </lastmod></url><url>
	<loc> https://geoconnex.us/cuahsi/his/MWRA/79 </loc>
		<lastmod> 2021-10-15 19:24:54.844966 </lastmod></url><url>
	<loc> https://geoconnex.us/cuahsi/his/MWRA/80 </loc>
		<lastmod> 2021-10-15 19:24:54.844976 </lastmod></url><url>
	<loc> https://geoconnex.us/cuahsi/his/MWRA/81 </loc>
		<lastmod> 2021-10-15 19:24:54.844985 </lastmod></url><url>
	<loc> https://geoconnex.us/cuahsi/his/MWRA/82 </loc>
		<lastmod> 2021-10-15 19:24:54.845042 </lastmod></url><url>
	<loc> https://geoconnex.us/cuahsi/his/MWRA/84 </loc>
		<lastmod> 2021-10-15 19:24:54.845056 </lastmod></url><url>
	<loc> https://geoconnex.us/cuahsi/his/MWRA/89 </loc>
		<lastmod> 2021-10-15 19:24:54.845065 </lastmod></url><url>
	<loc> https://geoconnex.us/cuahsi/his/MWRA/105 </loc>
		<lastmod> 2021-10-15 19:24:54.845074 </lastmod></url><url>
	<loc> https://geoconnex.us/cuahsi/his/MWRA/106 </loc>
		<lastmod> 2021-10-15 19:24:54.845084 </lastmod></url><url>
	<loc> https://geoconnex.us/cuahsi/his/MWRA/117 </loc>
		<lastmod> 2021-10-15 19:24:54.845093 </lastmod></url><url>
	<loc> https://geoconnex.us/cuahsi/his/MWRA/118 </loc>
		<lastmod> 2021-10-15 19:24:54.845102 </lastmod></url><url>
	<loc> https://geoconnex.us/cuahsi/his/MWRA/124 </loc>
		<lastmod> 2021-10-15 19:24:54.845111 </lastmod></url><url>
	<loc> https://geoconnex.us/cuahsi/his/MWRA/138 </loc>
		<lastmod> 2021-10-15 19:24:54.845120 </lastmod></url><url>
	<loc> https://geoconnex.us/cuahsi/his/MWRA/140 </loc>
		<lastmod> 2021-10-15 19:24:54.845129 </lastmod></url><url>
	<loc> https://geoconnex.us/cuahsi/his/MWRA/139 </loc>
		<lastmod> 2021-10-15 19:24:54.845138 </lastmod></url><url>
	<loc> https://geoconnex.us/cuahsi/his/MWRA/141 </loc>
		<lastmod> 2021-10-15 19:24:54.845148 </lastmod></url><url>
	<loc> https://geoconnex.us/cuahsi/his/MWRA/142 </loc>
		<lastmod> 2021-10-15 19:24:54.845157 </lastmod></url><url>
	<loc> https://geoconnex.us/cuahsi/his/MWRA/137 </loc>
		<lastmod> 2021-10-15 19:24:54.845166 </lastmod></url><url>
	<loc> https://geoconnex.us/cuahsi/his/MWRA/129 </loc>
		<lastmod> 2021-10-15 19:24:54.845175 </lastmod></url><url>
	<loc> https://geoconnex.us/cuahsi/his/MWRA/130 </loc>
		<lastmod> 2021-10-15 19:24:54.845184 </lastmod></url><url>
	<loc> https://geoconnex.us/cuahsi/his/MWRA/154 </loc>
		<lastmod> 2021-10-15 19:24:54.845193 </lastmod></url><url>
	<loc> https://geoconnex.us/cuahsi/his/MWRA/178 </loc>
		<lastmod> 2021-10-15 19:24:54.845202 </lastmod></url><url>
	<loc> https://geoconnex.us/cuahsi/his/MWRA/55 </loc>
		<lastmod> 2021-10-15 19:24:54.845212 </lastmod></url><url>
	<loc> https://geoconnex.us/cuahsi/his/MWRA/1 </loc>
		<lastmod> 2021-10-15 19:24:54.845221 </lastmod></url><url>
	<loc> https://geoconnex.us/cuahsi/his/MWRA/11 </loc>
		<lastmod> 2021-10-15 19:24:54.845231 </lastmod></url><url>
	<loc> https://geoconnex.us/cuahsi/his/MWRA/10 </loc>
		<lastmod> 2021-10-15 19:24:54.845240 </lastmod></url><url>
	<loc> https://geoconnex.us/cuahsi/his/MWRA/9 </loc>
		<lastmod> 2021-10-15 19:24:54.845249 </lastmod></url><url>
	<loc> https://geoconnex.us/cuahsi/his/MWRA/8 </loc>
		<lastmod> 2021-10-15 19:24:54.845258 </lastmod></url><url>
	<loc> https://geoconnex.us/cuahsi/his/MWRA/2 </loc>
		<lastmod> 2021-10-15 19:24:54.845267 </lastmod></url><url>
	<loc> https://geoconnex.us/cuahsi/his/MWRA/7 </loc>
		<lastmod> 2021-10-15 19:24:54.845276 </lastmod></url><url>
	<loc> https://geoconnex.us/cuahsi/his/MWRA/6 </loc>
		<lastmod> 2021-10-15 19:24:54.845285 </lastmod></url><url>
	<loc> https://geoconnex.us/cuahsi/his/MWRA/5 </loc>
		<lastmod> 2021-10-15 19:24:54.845294 </lastmod></url><url>
	<loc> https://geoconnex.us/cuahsi/his/MWRA/4 </loc>
		<lastmod> 2021-10-15 19:24:54.845303 </lastmod></url><url>
	<loc> https://geoconnex.us/cuahsi/his/MWRA/3 </loc>
		<lastmod> 2021-10-15 19:24:54.845312 </lastmod></url><url>
	<loc> https://geoconnex.us/cuahsi/his/MWRA/12 </loc>
		<lastmod> 2021-10-15 19:24:54.845321 </lastmod></url><url>
	<loc> https://geoconnex.us/cuahsi/his/MWRA/144 </loc>
		<lastmod> 2021-10-15 19:24:54.845330 </lastmod></url><url>
	<loc> https://geoconnex.us/cuahsi/his/MWRA/166 </loc>
		<lastmod> 2021-10-15 19:24:54.845340 </lastmod></url><url>
	<loc> https://geoconnex.us/cuahsi/his/MWRA/70 </loc>
		<lastmod> 2021-10-15 19:24:54.845349 </lastmod></url><url>
	<loc> https://geoconnex.us/cuahsi/his/MWRA/57 </loc>
		<lastmod> 2021-10-15 19:24:54.845358 </lastmod></url><url>
	<loc> https://geoconnex.us/cuahsi/his/MWRA/56 </loc>
		<lastmod> 2021-10-15 19:24:54.845367 </lastmod></url><url>
	<loc> https://geoconnex.us/cuahsi/his/MWRA/66 </loc>
		<lastmod> 2021-10-15 19:24:54.845376 </lastmod></url><url>
	<loc> https://geoconnex.us/cuahsi/his/MWRA/67 </loc>
		<lastmod> 2021-10-15 19:24:54.845385 </lastmod></url><url>
	<loc> https://geoconnex.us/cuahsi/his/MWRA/74 </loc>
		<lastmod> 2021-10-15 19:24:54.845394 </lastmod></url><url>
	<loc> https://geoconnex.us/cuahsi/his/MWRA/83 </loc>
		<lastmod> 2021-10-15 19:24:54.845403 </lastmod></url><url>
	<loc> https://geoconnex.us/cuahsi/his/MWRA/167 </loc>
		<lastmod> 2021-10-15 19:24:54.845412 </lastmod></url><url>
	<loc> https://geoconnex.us/cuahsi/his/MWRA/172 </loc>
		<lastmod> 2021-10-15 19:24:54.845421 </lastmod></url><url>
	<loc> https://geoconnex.us/cuahsi/his/MWRA/174 </loc>
		<lastmod> 2021-10-15 19:24:54.845430 </lastmod></url><url>
	<loc> https://geoconnex.us/cuahsi/his/MWRA/176 </loc>
		<lastmod> 2021-10-15 19:24:54.845439 </lastmod></url><url>
	<loc> https://geoconnex.us/cuahsi/his/MWRA/59 </loc>
		<lastmod> 2021-10-15 19:24:54.845448 </lastmod></url><url>
	<loc> https://geoconnex.us/cuahsi/his/MWRA/145 </loc>
		<lastmod> 2021-10-15 19:24:54.845457 </lastmod></url><url>
	<loc> https://geoconnex.us/cuahsi/his/MWRA/177 </loc>
		<lastmod> 2021-10-15 19:24:54.845466 </lastmod></url><url>
	<loc> https://geoconnex.us/cuahsi/his/MWRA/180 </loc>
		<lastmod> 2021-10-15 19:24:54.845476 </lastmod></url><url>
	<loc> https://geoconnex.us/cuahsi/his/MWRA/181 </loc>
		<lastmod> 2021-10-15 19:24:54.845485 </lastmod></url><url>
	<loc> https://geoconnex.us/cuahsi/his/MWRA/182 </loc>
		<lastmod> 2021-10-15 19:24:54.845494 </lastmod></url><url>
	<loc> https://geoconnex.us/cuahsi/his/MWRA/183 </loc>
		<lastmod> 2021-10-15 19:24:54.845503 </lastmod></url></ns0:url>
</ns0:urlset>