<ns0:urlset xmlns:ns0="http://www.sitemaps.org/schemas/sitemap/0.9">
    <ns0:url>
    <url>
	<loc> https://geoconnex.us/cuahsi/his/MMA_Atacama/S1_M1 </loc>
		<lastmod> 2021-10-15 19:24:54.867939 </lastmod></url><url>
	<loc> https://geoconnex.us/cuahsi/his/MMA_Atacama/S3_PA1_ATM1 </loc>
		<lastmod> 2021-10-15 19:24:54.867987 </lastmod></url><url>
	<loc> https://geoconnex.us/cuahsi/his/MMA_Atacama/S3_PA1_TD1 </loc>
		<lastmod> 2021-10-15 19:24:54.868005 </lastmod></url><url>
	<loc> https://geoconnex.us/cuahsi/his/MMA_Atacama/S1_ST2_SA1 </loc>
		<lastmod> 2021-10-15 19:24:54.868016 </lastmod></url><url>
	<loc> https://geoconnex.us/cuahsi/his/MMA_Atacama/S3_PA1_SA1 </loc>
		<lastmod> 2021-10-15 19:24:54.868026 </lastmod></url><url>
	<loc> https://geoconnex.us/cuahsi/his/MMA_Atacama/S2_RL1_TD1 </loc>
		<lastmod> 2021-10-15 19:24:54.868036 </lastmod></url><url>
	<loc> https://geoconnex.us/cuahsi/his/MMA_Atacama/S2_RL1_ATM1 </loc>
		<lastmod> 2021-10-15 19:24:54.868045 </lastmod></url><url>
	<loc> https://geoconnex.us/cuahsi/his/MMA_Atacama/03041003-3 </loc>
		<lastmod> 2021-10-15 19:24:54.868055 </lastmod></url></ns0:url>
</ns0:urlset>