<ns0:urlset xmlns:ns0="http://www.sitemaps.org/schemas/sitemap/0.9">
    <ns0:url>
    <url>
	<loc> https://geoconnex.us/cuahsi/his/FRC_WQM/SL </loc>
		<lastmod> 2021-10-15 19:24:55.122083 </lastmod></url><url>
	<loc> https://geoconnex.us/cuahsi/his/FRC_WQM/PPO </loc>
		<lastmod> 2021-10-15 19:24:55.122125 </lastmod></url><url>
	<loc> https://geoconnex.us/cuahsi/his/FRC_WQM/PB </loc>
		<lastmod> 2021-10-15 19:24:55.122140 </lastmod></url><url>
	<loc> https://geoconnex.us/cuahsi/his/FRC_WQM/BR </loc>
		<lastmod> 2021-10-15 19:24:55.122168 </lastmod></url><url>
	<loc> https://geoconnex.us/cuahsi/his/FRC_WQM/LPO </loc>
		<lastmod> 2021-10-15 19:24:55.122201 </lastmod></url><url>
	<loc> https://geoconnex.us/cuahsi/his/FRC_WQM/CPLSD </loc>
		<lastmod> 2021-10-15 19:24:55.122211 </lastmod></url><url>
	<loc> https://geoconnex.us/cuahsi/his/FRC_WQM/MBBR </loc>
		<lastmod> 2021-10-15 19:24:55.122244 </lastmod></url><url>
	<loc> https://geoconnex.us/cuahsi/his/FRC_WQM/MBWN </loc>
		<lastmod> 2021-10-15 19:24:55.122254 </lastmod></url><url>
	<loc> https://geoconnex.us/cuahsi/his/FRC_WQM/ND </loc>
		<lastmod> 2021-10-15 19:24:55.122264 </lastmod></url><url>
	<loc> https://geoconnex.us/cuahsi/his/FRC_WQM/OMB </loc>
		<lastmod> 2021-10-15 19:24:55.122273 </lastmod></url><url>
	<loc> https://geoconnex.us/cuahsi/his/FRC_WQM/LB </loc>
		<lastmod> 2021-10-15 19:24:55.122282 </lastmod></url><url>
	<loc> https://geoconnex.us/cuahsi/his/FRC_WQM/CBR </loc>
		<lastmod> 2021-10-15 19:24:55.122292 </lastmod></url><url>
	<loc> https://geoconnex.us/cuahsi/his/FRC_WQM/LR </loc>
		<lastmod> 2021-10-15 19:24:55.122301 </lastmod></url><url>
	<loc> https://geoconnex.us/cuahsi/his/FRC_WQM/DR </loc>
		<lastmod> 2021-10-15 19:24:55.122310 </lastmod></url><url>
	<loc> https://geoconnex.us/cuahsi/his/FRC_WQM/HS </loc>
		<lastmod> 2021-10-15 19:24:55.122320 </lastmod></url><url>
	<loc> https://geoconnex.us/cuahsi/his/FRC_WQM/R56 </loc>
		<lastmod> 2021-10-15 19:24:55.122329 </lastmod></url><url>
	<loc> https://geoconnex.us/cuahsi/his/FRC_WQM/SB </loc>
		<lastmod> 2021-10-15 19:24:55.122338 </lastmod></url><url>
	<loc> https://geoconnex.us/cuahsi/his/FRC_WQM/MB </loc>
		<lastmod> 2021-10-15 19:24:55.122347 </lastmod></url><url>
	<loc> https://geoconnex.us/cuahsi/his/FRC_WQM/BB </loc>
		<lastmod> 2021-10-15 19:24:55.122356 </lastmod></url><url>
	<loc> https://geoconnex.us/cuahsi/his/FRC_WQM/BBR16 </loc>
		<lastmod> 2021-10-15 19:24:55.122365 </lastmod></url><url>
	<loc> https://geoconnex.us/cuahsi/his/FRC_WQM/RP </loc>
		<lastmod> 2021-10-15 19:24:55.122375 </lastmod></url><url>
	<loc> https://geoconnex.us/cuahsi/his/FRC_WQM/MBRR </loc>
		<lastmod> 2021-10-15 19:24:55.122384 </lastmod></url></ns0:url>
</ns0:urlset>