<ns0:urlset xmlns:ns0="http://www.sitemaps.org/schemas/sitemap/0.9">
    <ns0:url>
    <url>
	<loc> https://geoconnex.us/cuahsi/his/czo_psu/CZO_RTH1 </loc>
		<lastmod> 2021-10-15 19:24:55.254601 </lastmod></url><url>
	<loc> https://geoconnex.us/cuahsi/his/czo_psu/CZO_RTH2_1 </loc>
		<lastmod> 2021-10-15 19:24:55.254625 </lastmod></url><url>
	<loc> https://geoconnex.us/cuahsi/his/czo_psu/CZO_RTH2_2 </loc>
		<lastmod> 2021-10-15 19:24:55.254638 </lastmod></url><url>
	<loc> https://geoconnex.us/cuahsi/his/czo_psu/CZO_RTH2_3 </loc>
		<lastmod> 2021-10-15 19:24:55.254648 </lastmod></url><url>
	<loc> https://geoconnex.us/cuahsi/his/czo_psu/CZO_RTH3_1 </loc>
		<lastmod> 2021-10-15 19:24:55.254658 </lastmod></url><url>
	<loc> https://geoconnex.us/cuahsi/his/czo_psu/CZO_RTH3_2 </loc>
		<lastmod> 2021-10-15 19:24:55.254667 </lastmod></url><url>
	<loc> https://geoconnex.us/cuahsi/his/czo_psu/CZO_RTH3_3 </loc>
		<lastmod> 2021-10-15 19:24:55.254676 </lastmod></url><url>
	<loc> https://geoconnex.us/cuahsi/his/czo_psu/CZO_RTH3_4 </loc>
		<lastmod> 2021-10-15 19:24:55.254685 </lastmod></url><url>
	<loc> https://geoconnex.us/cuahsi/his/czo_psu/CZO_RTH3_5 </loc>
		<lastmod> 2021-10-15 19:24:55.254693 </lastmod></url><url>
	<loc> https://geoconnex.us/cuahsi/his/czo_psu/CZO_RTH3_6 </loc>
		<lastmod> 2021-10-15 19:24:55.254702 </lastmod></url><url>
	<loc> https://geoconnex.us/cuahsi/his/czo_psu/CZO_RTH3_7 </loc>
		<lastmod> 2021-10-15 19:24:55.254711 </lastmod></url><url>
	<loc> https://geoconnex.us/cuahsi/his/czo_psu/CZO_RTH4 </loc>
		<lastmod> 2021-10-15 19:24:55.254720 </lastmod></url><url>
	<loc> https://geoconnex.us/cuahsi/his/czo_psu/SSHCZO_FluxTower </loc>
		<lastmod> 2021-10-15 19:24:55.254729 </lastmod></url><url>
	<loc> https://geoconnex.us/cuahsi/his/czo_psu/SSH_55 </loc>
		<lastmod> 2021-10-15 19:24:55.254738 </lastmod></url><url>
	<loc> https://geoconnex.us/cuahsi/his/czo_psu/SSH_60 </loc>
		<lastmod> 2021-10-15 19:24:55.254746 </lastmod></url><url>
	<loc> https://geoconnex.us/cuahsi/his/czo_psu/SSH_03 </loc>
		<lastmod> 2021-10-15 19:24:55.254755 </lastmod></url><url>
	<loc> https://geoconnex.us/cuahsi/his/czo_psu/SSH_06 </loc>
		<lastmod> 2021-10-15 19:24:55.254764 </lastmod></url><url>
	<loc> https://geoconnex.us/cuahsi/his/czo_psu/SSH_08 </loc>
		<lastmod> 2021-10-15 19:24:55.254772 </lastmod></url><url>
	<loc> https://geoconnex.us/cuahsi/his/czo_psu/SSH_11 </loc>
		<lastmod> 2021-10-15 19:24:55.254786 </lastmod></url><url>
	<loc> https://geoconnex.us/cuahsi/his/czo_psu/SSH_12 </loc>
		<lastmod> 2021-10-15 19:24:55.254797 </lastmod></url><url>
	<loc> https://geoconnex.us/cuahsi/his/czo_psu/SSH_15 </loc>
		<lastmod> 2021-10-15 19:24:55.254806 </lastmod></url><url>
	<loc> https://geoconnex.us/cuahsi/his/czo_psu/SSH_51 </loc>
		<lastmod> 2021-10-15 19:24:55.254814 </lastmod></url><url>
	<loc> https://geoconnex.us/cuahsi/his/czo_psu/SSH_53 </loc>
		<lastmod> 2021-10-15 19:24:55.254823 </lastmod></url><url>
	<loc> https://geoconnex.us/cuahsi/his/czo_psu/SSH_61 </loc>
		<lastmod> 2021-10-15 19:24:55.254831 </lastmod></url><url>
	<loc> https://geoconnex.us/cuahsi/his/czo_psu/SSH_74 </loc>
		<lastmod> 2021-10-15 19:24:55.254840 </lastmod></url><url>
	<loc> https://geoconnex.us/cuahsi/his/czo_psu/SSH_A4 </loc>
		<lastmod> 2021-10-15 19:24:55.254848 </lastmod></url><url>
	<loc> https://geoconnex.us/cuahsi/his/czo_psu/SW </loc>
		<lastmod> 2021-10-15 19:24:55.254857 </lastmod></url><url>
	<loc> https://geoconnex.us/cuahsi/his/czo_psu/SW_ISCO </loc>
		<lastmod> 2021-10-15 19:24:55.254866 </lastmod></url><url>
	<loc> https://geoconnex.us/cuahsi/his/czo_psu/SSH_GW1 </loc>
		<lastmod> 2021-10-15 19:24:55.254874 </lastmod></url><url>
	<loc> https://geoconnex.us/cuahsi/his/czo_psu/SSH_GW2 </loc>
		<lastmod> 2021-10-15 19:24:55.254883 </lastmod></url><url>
	<loc> https://geoconnex.us/cuahsi/his/czo_psu/SPVF </loc>
		<lastmod> 2021-10-15 19:24:55.254891 </lastmod></url><url>
	<loc> https://geoconnex.us/cuahsi/his/czo_psu/SPMS </loc>
		<lastmod> 2021-10-15 19:24:55.254900 </lastmod></url><url>
	<loc> https://geoconnex.us/cuahsi/his/czo_psu/SPRT </loc>
		<lastmod> 2021-10-15 19:24:55.254909 </lastmod></url><url>
	<loc> https://geoconnex.us/cuahsi/his/czo_psu/SSVF </loc>
		<lastmod> 2021-10-15 19:24:55.254917 </lastmod></url><url>
	<loc> https://geoconnex.us/cuahsi/his/czo_psu/SSMS </loc>
		<lastmod> 2021-10-15 19:24:55.254926 </lastmod></url><url>
	<loc> https://geoconnex.us/cuahsi/his/czo_psu/SSRT </loc>
		<lastmod> 2021-10-15 19:24:55.254935 </lastmod></url><url>
	<loc> https://geoconnex.us/cuahsi/his/czo_psu/NSVF </loc>
		<lastmod> 2021-10-15 19:24:55.254944 </lastmod></url><url>
	<loc> https://geoconnex.us/cuahsi/his/czo_psu/NSMS </loc>
		<lastmod> 2021-10-15 19:24:55.254953 </lastmod></url><url>
	<loc> https://geoconnex.us/cuahsi/his/czo_psu/NSRT </loc>
		<lastmod> 2021-10-15 19:24:55.254962 </lastmod></url><url>
	<loc> https://geoconnex.us/cuahsi/his/czo_psu/NPVF </loc>
		<lastmod> 2021-10-15 19:24:55.254971 </lastmod></url><url>
	<loc> https://geoconnex.us/cuahsi/his/czo_psu/NPMS </loc>
		<lastmod> 2021-10-15 19:24:55.254979 </lastmod></url><url>
	<loc> https://geoconnex.us/cuahsi/his/czo_psu/NPRT </loc>
		<lastmod> 2021-10-15 19:24:55.254988 </lastmod></url><url>
	<loc> https://geoconnex.us/cuahsi/his/czo_psu/SH </loc>
		<lastmod> 2021-10-15 19:24:55.254997 </lastmod></url><url>
	<loc> https://geoconnex.us/cuahsi/his/czo_psu/SM </loc>
		<lastmod> 2021-10-15 19:24:55.255006 </lastmod></url><url>
	<loc> https://geoconnex.us/cuahsi/his/czo_psu/GW1 </loc>
		<lastmod> 2021-10-15 19:24:55.255014 </lastmod></url><url>
	<loc> https://geoconnex.us/cuahsi/his/czo_psu/GW2 </loc>
		<lastmod> 2021-10-15 19:24:55.255023 </lastmod></url><url>
	<loc> https://geoconnex.us/cuahsi/his/czo_psu/SH_Eigen </loc>
		<lastmod> 2021-10-15 19:24:55.255032 </lastmod></url><url>
	<loc> https://geoconnex.us/cuahsi/his/czo_psu/SSH_01 </loc>
		<lastmod> 2021-10-15 19:24:55.255041 </lastmod></url><url>
	<loc> https://geoconnex.us/cuahsi/his/czo_psu/Llewelyyn2015_PLG12-33 </loc>
		<lastmod> 2021-10-15 19:24:55.255050 </lastmod></url><url>
	<loc> https://geoconnex.us/cuahsi/his/czo_psu/Llewelyyn2015_PLG12-34 </loc>
		<lastmod> 2021-10-15 19:24:55.255059 </lastmod></url><url>
	<loc> https://geoconnex.us/cuahsi/his/czo_psu/Llewelyyn2015_PLG12-60 </loc>
		<lastmod> 2021-10-15 19:24:55.255067 </lastmod></url><url>
	<loc> https://geoconnex.us/cuahsi/his/czo_psu/Llewelyyn2015_PLG12-65 </loc>
		<lastmod> 2021-10-15 19:24:55.255077 </lastmod></url><url>
	<loc> https://geoconnex.us/cuahsi/his/czo_psu/Llewelyyn2015_PLG12-69_postpurge </loc>
		<lastmod> 2021-10-15 19:24:55.255085 </lastmod></url><url>
	<loc> https://geoconnex.us/cuahsi/his/czo_psu/Llewelyyn2015_PLG12-69_prepurge </loc>
		<lastmod> 2021-10-15 19:24:55.255095 </lastmod></url><url>
	<loc> https://geoconnex.us/cuahsi/his/czo_psu/Llewelyyn2015_PLG12-70 </loc>
		<lastmod> 2021-10-15 19:24:55.255103 </lastmod></url><url>
	<loc> https://geoconnex.us/cuahsi/his/czo_psu/Llewelyyn2015_PLG13-2 </loc>
		<lastmod> 2021-10-15 19:24:55.255112 </lastmod></url><url>
	<loc> https://geoconnex.us/cuahsi/his/czo_psu/Llewelyyn2015_PLG13-4 </loc>
		<lastmod> 2021-10-15 19:24:55.255121 </lastmod></url><url>
	<loc> https://geoconnex.us/cuahsi/his/czo_psu/Llewelyyn2015_PLG13-5 </loc>
		<lastmod> 2021-10-15 19:24:55.255130 </lastmod></url><url>
	<loc> https://geoconnex.us/cuahsi/his/czo_psu/Llewelyyn2015_PLG13-6 </loc>
		<lastmod> 2021-10-15 19:24:55.255139 </lastmod></url><url>
	<loc> https://geoconnex.us/cuahsi/his/czo_psu/Llewelyyn2015_PLG13-7 </loc>
		<lastmod> 2021-10-15 19:24:55.255148 </lastmod></url></ns0:url>
</ns0:urlset>