<ns0:urlset xmlns:ns0="http://www.sitemaps.org/schemas/sitemap/0.9">
    <ns0:url>
    <url>
	<loc> https://geoconnex.us/cuahsi/his/Nevados/2272886 </loc>
		<lastmod> 2021-10-15 19:25:03.168759 </lastmod></url><url>
	<loc> https://geoconnex.us/cuahsi/his/Nevados/2272887 </loc>
		<lastmod> 2021-10-15 19:25:03.168805 </lastmod></url><url>
	<loc> https://geoconnex.us/cuahsi/his/Nevados/2272888 </loc>
		<lastmod> 2021-10-15 19:25:03.168818 </lastmod></url><url>
	<loc> https://geoconnex.us/cuahsi/his/Nevados/2272889 </loc>
		<lastmod> 2021-10-15 19:25:03.168829 </lastmod></url><url>
	<loc> https://geoconnex.us/cuahsi/his/Nevados/9950000 </loc>
		<lastmod> 2021-10-15 19:25:03.168839 </lastmod></url><url>
	<loc> https://geoconnex.us/cuahsi/his/Nevados/10047204 </loc>
		<lastmod> 2021-10-15 19:25:03.168849 </lastmod></url><url>
	<loc> https://geoconnex.us/cuahsi/his/Nevados/10170473 </loc>
		<lastmod> 2021-10-15 19:25:03.168859 </lastmod></url><url>
	<loc> https://geoconnex.us/cuahsi/his/Nevados/10409121 </loc>
		<lastmod> 2021-10-15 19:25:03.168868 </lastmod></url><url>
	<loc> https://geoconnex.us/cuahsi/his/Nevados/10409122 </loc>
		<lastmod> 2021-10-15 19:25:03.168877 </lastmod></url><url>
	<loc> https://geoconnex.us/cuahsi/his/Nevados/10409123 </loc>
		<lastmod> 2021-10-15 19:25:03.168887 </lastmod></url><url>
	<loc> https://geoconnex.us/cuahsi/his/Nevados/10170474 </loc>
		<lastmod> 2021-10-15 19:25:03.168896 </lastmod></url><url>
	<loc> https://geoconnex.us/cuahsi/his/Nevados/10667797 </loc>
		<lastmod> 2021-10-15 19:25:03.168905 </lastmod></url><url>
	<loc> https://geoconnex.us/cuahsi/his/Nevados/10667798 </loc>
		<lastmod> 2021-10-15 19:25:03.168914 </lastmod></url><url>
	<loc> https://geoconnex.us/cuahsi/his/Nevados/10667799 </loc>
		<lastmod> 2021-10-15 19:25:03.168923 </lastmod></url><url>
	<loc> https://geoconnex.us/cuahsi/his/Nevados/10790471 </loc>
		<lastmod> 2021-10-15 19:25:03.168932 </lastmod></url><url>
	<loc> https://geoconnex.us/cuahsi/his/Nevados/10790472 </loc>
		<lastmod> 2021-10-15 19:25:03.168942 </lastmod></url><url>
	<loc> https://geoconnex.us/cuahsi/his/Nevados/10790475 </loc>
		<lastmod> 2021-10-15 19:25:03.168951 </lastmod></url><url>
	<loc> https://geoconnex.us/cuahsi/his/Nevados/10790476 </loc>
		<lastmod> 2021-10-15 19:25:03.168960 </lastmod></url><url>
	<loc> https://geoconnex.us/cuahsi/his/Nevados/0000Santa_Isabel </loc>
		<lastmod> 2021-10-15 19:25:03.168969 </lastmod></url><url>
	<loc> https://geoconnex.us/cuahsi/his/Nevados/2886Salto_Cueva </loc>
		<lastmod> 2021-10-15 19:25:03.168978 </lastmod></url><url>
	<loc> https://geoconnex.us/cuahsi/his/Nevados/2887Microcentral </loc>
		<lastmod> 2021-10-15 19:25:03.168988 </lastmod></url><url>
	<loc> https://geoconnex.us/cuahsi/his/Nevados/2888El_Cisne </loc>
		<lastmod> 2021-10-15 19:25:03.168998 </lastmod></url><url>
	<loc> https://geoconnex.us/cuahsi/his/Nevados/2889Nariz_Diablo </loc>
		<lastmod> 2021-10-15 19:25:03.169025 </lastmod></url><url>
	<loc> https://geoconnex.us/cuahsi/his/Nevados/09121San_Antonio </loc>
		<lastmod> 2021-10-15 19:25:03.169034 </lastmod></url><url>
	<loc> https://geoconnex.us/cuahsi/his/Nevados/09122La_Fonda </loc>
		<lastmod> 2021-10-15 19:25:03.169044 </lastmod></url><url>
	<loc> https://geoconnex.us/cuahsi/his/Nevados/09123La_Quinta </loc>
		<lastmod> 2021-10-15 19:25:03.169053 </lastmod></url><url>
	<loc> https://geoconnex.us/cuahsi/his/Nevados/67797FincaBuenavista </loc>
		<lastmod> 2021-10-15 19:25:03.169080 </lastmod></url><url>
	<loc> https://geoconnex.us/cuahsi/his/Nevados/6779898ClaroMolinos </loc>
		<lastmod> 2021-10-15 19:25:03.169090 </lastmod></url><url>
	<loc> https://geoconnex.us/cuahsi/his/Nevados/67799Molinos </loc>
		<lastmod> 2021-10-15 19:25:03.169100 </lastmod></url><url>
	<loc> https://geoconnex.us/cuahsi/his/Nevados/70473Valle_Quemado_1 </loc>
		<lastmod> 2021-10-15 19:25:03.169109 </lastmod></url><url>
	<loc> https://geoconnex.us/cuahsi/his/Nevados/70474Valle_Quemado_2 </loc>
		<lastmod> 2021-10-15 19:25:03.169119 </lastmod></url><url>
	<loc> https://geoconnex.us/cuahsi/his/Nevados/90471LosAlpes </loc>
		<lastmod> 2021-10-15 19:25:03.169128 </lastmod></url><url>
	<loc> https://geoconnex.us/cuahsi/his/Nevados/90472PozoNereidas </loc>
		<lastmod> 2021-10-15 19:25:03.169138 </lastmod></url><url>
	<loc> https://geoconnex.us/cuahsi/his/Nevados/90475Alfombrales </loc>
		<lastmod> 2021-10-15 19:25:03.169148 </lastmod></url><url>
	<loc> https://geoconnex.us/cuahsi/his/Nevados/90476ZigZag </loc>
		<lastmod> 2021-10-15 19:25:03.169157 </lastmod></url><url>
	<loc> https://geoconnex.us/cuahsi/his/Nevados/39281Lupinus_ValleyII </loc>
		<lastmod> 2021-10-15 19:25:03.169167 </lastmod></url><url>
	<loc> https://geoconnex.us/cuahsi/his/Nevados/09123LaQuinta </loc>
		<lastmod> 2021-10-15 19:25:03.169177 </lastmod></url></ns0:url>
</ns0:urlset>