<ns0:urlset xmlns:ns0="http://www.sitemaps.org/schemas/sitemap/0.9">
    <ns0:url>
    <url>
	<loc> https://geoconnex.us/cuahsi/his/UMBCGW/DR5 </loc>
		<lastmod> 2021-10-15 19:24:55.223394 </lastmod></url><url>
	<loc> https://geoconnex.us/cuahsi/his/UMBCGW/DR5.015m </loc>
		<lastmod> 2021-10-15 19:24:55.223419 </lastmod></url><url>
	<loc> https://geoconnex.us/cuahsi/his/UMBCGW/DR5.108m </loc>
		<lastmod> 2021-10-15 19:24:55.223450 </lastmod></url><url>
	<loc> https://geoconnex.us/cuahsi/his/UMBCGW/DR5.190m </loc>
		<lastmod> 2021-10-15 19:24:55.223461 </lastmod></url><url>
	<loc> https://geoconnex.us/cuahsi/his/UMBCGW/DR5.231m </loc>
		<lastmod> 2021-10-15 19:24:55.223470 </lastmod></url><url>
	<loc> https://geoconnex.us/cuahsi/his/UMBCGW/DR5.382m </loc>
		<lastmod> 2021-10-15 19:24:55.223480 </lastmod></url><url>
	<loc> https://geoconnex.us/cuahsi/his/UMBCGW/DR5.514m </loc>
		<lastmod> 2021-10-15 19:24:55.223490 </lastmod></url><url>
	<loc> https://geoconnex.us/cuahsi/his/UMBCGW/DR5.582m </loc>
		<lastmod> 2021-10-15 19:24:55.223499 </lastmod></url><url>
	<loc> https://geoconnex.us/cuahsi/his/UMBCGW/DR5.786m </loc>
		<lastmod> 2021-10-15 19:24:55.223508 </lastmod></url><url>
	<loc> https://geoconnex.us/cuahsi/his/UMBCGW/DR5.893m </loc>
		<lastmod> 2021-10-15 19:24:55.223518 </lastmod></url><url>
	<loc> https://geoconnex.us/cuahsi/his/UMBCGW/DR5.902m </loc>
		<lastmod> 2021-10-15 19:24:55.223527 </lastmod></url><url>
	<loc> https://geoconnex.us/cuahsi/his/UMBCGW/DR2 </loc>
		<lastmod> 2021-10-15 19:24:55.223536 </lastmod></url><url>
	<loc> https://geoconnex.us/cuahsi/his/UMBCGW/DR3 </loc>
		<lastmod> 2021-10-15 19:24:55.223546 </lastmod></url><url>
	<loc> https://geoconnex.us/cuahsi/his/UMBCGW/DR4 </loc>
		<lastmod> 2021-10-15 19:24:55.223555 </lastmod></url><url>
	<loc> https://geoconnex.us/cuahsi/his/UMBCGW/DRKR </loc>
		<lastmod> 2021-10-15 19:24:55.223564 </lastmod></url><url>
	<loc> https://geoconnex.us/cuahsi/his/UMBCGW/DR1 </loc>
		<lastmod> 2021-10-15 19:24:55.223573 </lastmod></url></ns0:url>
</ns0:urlset>