<ns0:urlset xmlns:ns0="http://www.sitemaps.org/schemas/sitemap/0.9">
    <ns0:url>
    <url>
	<loc> https://geoconnex.us/cuahsi/his/DRWI/MiSTuC2452345 </loc>
		<lastmod> 2021-10-15 19:24:58.018747 </lastmod></url><url>
	<loc> https://geoconnex.us/cuahsi/his/DRWI/ScHSBF1765563 </loc>
		<lastmod> 2021-10-15 19:24:58.018771 </lastmod></url><url>
	<loc> https://geoconnex.us/cuahsi/his/DRWI/PaKRaC3426a441 </loc>
		<lastmod> 2021-10-15 19:24:58.018784 </lastmod></url><url>
	<loc> https://geoconnex.us/cuahsi/his/DRWI/BaCBuR11362231 </loc>
		<lastmod> 2021-10-15 19:24:58.018794 </lastmod></url><url>
	<loc> https://geoconnex.us/cuahsi/his/DRWI/USPCoC10483250 </loc>
		<lastmod> 2021-10-15 19:24:58.018803 </lastmod></url><url>
	<loc> https://geoconnex.us/cuahsi/his/DRWI/PaKBrC3158623 </loc>
		<lastmod> 2021-10-15 19:24:58.018812 </lastmod></url><url>
	<loc> https://geoconnex.us/cuahsi/his/DRWI/USPPoC12949861 </loc>
		<lastmod> 2021-10-15 19:24:58.018822 </lastmod></url><url>
	<loc> https://geoconnex.us/cuahsi/his/DRWI/PaKFlB3278860 </loc>
		<lastmod> 2021-10-15 19:24:58.018830 </lastmod></url><url>
	<loc> https://geoconnex.us/cuahsi/his/DRWI/PaKLBK316077 </loc>
		<lastmod> 2021-10-15 19:24:58.018839 </lastmod></url><url>
	<loc> https://geoconnex.us/cuahsi/his/DRWI/MiSPeC19231620 </loc>
		<lastmod> 2021-10-15 19:24:58.018848 </lastmod></url><url>
	<loc> https://geoconnex.us/cuahsi/his/DRWI/PaKBaK37972393 </loc>
		<lastmod> 2021-10-15 19:24:58.018856 </lastmod></url><url>
	<loc> https://geoconnex.us/cuahsi/his/DRWI/ScHFrC1765208 </loc>
		<lastmod> 2021-10-15 19:24:58.018865 </lastmod></url><url>
	<loc> https://geoconnex.us/cuahsi/his/DRWI/NJHMuR26033731 </loc>
		<lastmod> 2021-10-15 19:24:58.018874 </lastmod></url><url>
	<loc> https://geoconnex.us/cuahsi/his/DRWI/ScHPiC15871111 </loc>
		<lastmod> 2021-10-15 19:24:58.018882 </lastmod></url><url>
	<loc> https://geoconnex.us/cuahsi/his/DRWI/MiSRVC1796739 </loc>
		<lastmod> 2021-10-15 19:24:58.018891 </lastmod></url><url>
	<loc> https://geoconnex.us/cuahsi/his/DRWI/MiSSwC1731199 </loc>
		<lastmod> 2021-10-15 19:24:58.018899 </lastmod></url><url>
	<loc> https://geoconnex.us/cuahsi/his/DRWI/UpLToC40800 </loc>
		<lastmod> 2021-10-15 19:24:58.018908 </lastmod></url><url>
	<loc> https://geoconnex.us/cuahsi/his/DRWI/NJHMuR27784578 </loc>
		<lastmod> 2021-10-15 19:24:58.018917 </lastmod></url><url>
	<loc> https://geoconnex.us/cuahsi/his/DRWI/MiSMaC2512138 </loc>
		<lastmod> 2021-10-15 19:24:58.018925 </lastmod></url><url>
	<loc> https://geoconnex.us/cuahsi/his/DRWI/USPBuP12462996 </loc>
		<lastmod> 2021-10-15 19:24:58.018934 </lastmod></url><url>
	<loc> https://geoconnex.us/cuahsi/his/DRWI/BaCWBB13831772 </loc>
		<lastmod> 2021-10-15 19:24:58.018943 </lastmod></url><url>
	<loc> https://geoconnex.us/cuahsi/his/DRWI/MiSMaC1850792 </loc>
		<lastmod> 2021-10-15 19:24:58.018951 </lastmod></url><url>
	<loc> https://geoconnex.us/cuahsi/his/DRWI/NJHPaK303554 </loc>
		<lastmod> 2021-10-15 19:24:58.018960 </lastmod></url><url>
	<loc> https://geoconnex.us/cuahsi/his/DRWI/BaCEBW11271815 </loc>
		<lastmod> 2021-10-15 19:24:58.018969 </lastmod></url><url>
	<loc> https://geoconnex.us/cuahsi/his/DRWI/ScHFrC15952118 </loc>
		<lastmod> 2021-10-15 19:24:58.018978 </lastmod></url><url>
	<loc> https://geoconnex.us/cuahsi/his/DRWI/ScHHaC2019787 </loc>
		<lastmod> 2021-10-15 19:24:58.018986 </lastmod></url><url>
	<loc> https://geoconnex.us/cuahsi/his/DRWI/NJHUnT33191904 </loc>
		<lastmod> 2021-10-15 19:24:58.018995 </lastmod></url><url>
	<loc> https://geoconnex.us/cuahsi/his/DRWI/BaCEBB1187533 </loc>
		<lastmod> 2021-10-15 19:24:58.019004 </lastmod></url><url>
	<loc> https://geoconnex.us/cuahsi/his/DRWI/PaKTeR4088184 </loc>
		<lastmod> 2021-10-15 19:24:58.019012 </lastmod></url><url>
	<loc> https://geoconnex.us/cuahsi/his/DRWI/PaKMaC41101476 </loc>
		<lastmod> 2021-10-15 19:24:58.019021 </lastmod></url><url>
	<loc> https://geoconnex.us/cuahsi/his/DRWI/USPPeC1411531 </loc>
		<lastmod> 2021-10-15 19:24:58.019029 </lastmod></url><url>
	<loc> https://geoconnex.us/cuahsi/his/DRWI/UpLBlC355293 </loc>
		<lastmod> 2021-10-15 19:24:58.019038 </lastmod></url><url>
	<loc> https://geoconnex.us/cuahsi/his/DRWI/UpLSiC3975a370 </loc>
		<lastmod> 2021-10-15 19:24:58.019046 </lastmod></url><url>
	<loc> https://geoconnex.us/cuahsi/his/DRWI/NJHPeR2804579 </loc>
		<lastmod> 2021-10-15 19:24:58.019073 </lastmod></url><url>
	<loc> https://geoconnex.us/cuahsi/his/DRWI/UpLBeC3746312 </loc>
		<lastmod> 2021-10-15 19:24:58.019082 </lastmod></url></ns0:url>
</ns0:urlset>