<ns0:urlset xmlns:ns0="http://www.sitemaps.org/schemas/sitemap/0.9">
    <ns0:url>
    <url>
	<loc> https://geoconnex.us/cuahsi/his/SNOTEL/301_CA_SNTL </loc>
		<lastmod> 2021-10-15 19:24:54.635842 </lastmod></url><url>
	<loc> https://geoconnex.us/cuahsi/his/SNOTEL/907_UT_SNTL </loc>
		<lastmod> 2021-10-15 19:24:54.635874 </lastmod></url><url>
	<loc> https://geoconnex.us/cuahsi/his/SNOTEL/916_MT_SNTL </loc>
		<lastmod> 2021-10-15 19:24:54.635890 </lastmod></url><url>
	<loc> https://geoconnex.us/cuahsi/his/SNOTEL/1267_AK_SNTL </loc>
		<lastmod> 2021-10-15 19:24:54.635902 </lastmod></url><url>
	<loc> https://geoconnex.us/cuahsi/his/SNOTEL/908_WA_SNTL </loc>
		<lastmod> 2021-10-15 19:24:54.635915 </lastmod></url><url>
	<loc> https://geoconnex.us/cuahsi/his/SNOTEL/1189_AK_SNTL </loc>
		<lastmod> 2021-10-15 19:24:54.635926 </lastmod></url><url>
	<loc> https://geoconnex.us/cuahsi/his/SNOTEL/1062_AK_SNTL </loc>
		<lastmod> 2021-10-15 19:24:54.635938 </lastmod></url><url>
	<loc> https://geoconnex.us/cuahsi/his/SNOTEL/1070_AK_SNTL </loc>
		<lastmod> 2021-10-15 19:24:54.635950 </lastmod></url><url>
	<loc> https://geoconnex.us/cuahsi/his/SNOTEL/302_OR_SNTL </loc>
		<lastmod> 2021-10-15 19:24:54.635986 </lastmod></url><url>
	<loc> https://geoconnex.us/cuahsi/his/SNOTEL/1000_OR_SNTL </loc>
		<lastmod> 2021-10-15 19:24:54.636005 </lastmod></url><url>
	<loc> https://geoconnex.us/cuahsi/his/SNOTEL/303_CO_SNTL </loc>
		<lastmod> 2021-10-15 19:24:54.636016 </lastmod></url><url>
	<loc> https://geoconnex.us/cuahsi/his/SNOTEL/1030_CO_SNTL </loc>
		<lastmod> 2021-10-15 19:24:54.636027 </lastmod></url><url>
	<loc> https://geoconnex.us/cuahsi/his/SNOTEL/304_OR_SNTL </loc>
		<lastmod> 2021-10-15 19:24:54.636037 </lastmod></url><url>
	<loc> https://geoconnex.us/cuahsi/his/SNOTEL/305_CO_SNTL </loc>
		<lastmod> 2021-10-15 19:24:54.636048 </lastmod></url><url>
	<loc> https://geoconnex.us/cuahsi/his/SNOTEL/957_AK_SNTL </loc>
		<lastmod> 2021-10-15 19:24:54.636059 </lastmod></url><url>
	<loc> https://geoconnex.us/cuahsi/his/SNOTEL/306_ID_SNTL </loc>
		<lastmod> 2021-10-15 19:24:54.636070 </lastmod></url><url>
	<loc> https://geoconnex.us/cuahsi/his/SNOTEL/8082_UT_SNTL </loc>
		<lastmod> 2021-10-15 19:24:54.636080 </lastmod></url><url>
	<loc> https://geoconnex.us/cuahsi/his/SNOTEL/307_MT_SNTL </loc>
		<lastmod> 2021-10-15 19:24:54.636091 </lastmod></url><url>
	<loc> https://geoconnex.us/cuahsi/his/SNOTEL/308_AZ_SNTL </loc>
		<lastmod> 2021-10-15 19:24:54.636102 </lastmod></url><url>
	<loc> https://geoconnex.us/cuahsi/his/SNOTEL/1140_AZ_SNTL </loc>
		<lastmod> 2021-10-15 19:24:54.636112 </lastmod></url><url>
	<loc> https://geoconnex.us/cuahsi/his/SNOTEL/309_WY_SNTL </loc>
		<lastmod> 2021-10-15 19:24:54.636123 </lastmod></url><url>
	<loc> https://geoconnex.us/cuahsi/his/SNOTEL/310_AZ_SNTL </loc>
		<lastmod> 2021-10-15 19:24:54.636134 </lastmod></url><url>
	<loc> https://geoconnex.us/cuahsi/his/SNOTEL/311_MT_SNTL </loc>
		<lastmod> 2021-10-15 19:24:54.636144 </lastmod></url><url>
	<loc> https://geoconnex.us/cuahsi/his/SNOTEL/312_ID_SNTL </loc>
		<lastmod> 2021-10-15 19:24:54.636155 </lastmod></url><url>
	<loc> https://geoconnex.us/cuahsi/his/SNOTEL/1212_AZ_SNTL </loc>
		<lastmod> 2021-10-15 19:24:54.636165 </lastmod></url><url>
	<loc> https://geoconnex.us/cuahsi/his/SNOTEL/313_MT_SNTL </loc>
		<lastmod> 2021-10-15 19:24:54.636175 </lastmod></url><url>
	<loc> https://geoconnex.us/cuahsi/his/SNOTEL/314_WY_SNTL </loc>
		<lastmod> 2021-10-15 19:24:54.636186 </lastmod></url><url>
	<loc> https://geoconnex.us/cuahsi/his/SNOTEL/315_MT_SNTL </loc>
		<lastmod> 2021-10-15 19:24:54.636196 </lastmod></url><url>
	<loc> https://geoconnex.us/cuahsi/his/SNOTEL/316_NM_SNTL </loc>
		<lastmod> 2021-10-15 19:24:54.636206 </lastmod></url><url>
	<loc> https://geoconnex.us/cuahsi/his/SNOTEL/317_WY_SNTL </loc>
		<lastmod> 2021-10-15 19:24:54.636217 </lastmod></url><url>
	<loc> https://geoconnex.us/cuahsi/his/SNOTEL/318_MT_SNTL </loc>
		<lastmod> 2021-10-15 19:24:54.636227 </lastmod></url><url>
	<loc> https://geoconnex.us/cuahsi/his/SNOTEL/319_ID_SNTL </loc>
		<lastmod> 2021-10-15 19:24:54.636237 </lastmod></url><url>
	<loc> https://geoconnex.us/cuahsi/his/SNOTEL/320_ID_SNTL </loc>
		<lastmod> 2021-10-15 19:24:54.636247 </lastmod></url><url>
	<loc> https://geoconnex.us/cuahsi/his/SNOTEL/321_NV_SNTL </loc>
		<lastmod> 2021-10-15 19:24:54.636258 </lastmod></url><url>
	<loc> https://geoconnex.us/cuahsi/his/SNOTEL/1166_OR_SNTL </loc>
		<lastmod> 2021-10-15 19:24:54.636268 </lastmod></url><url>
	<loc> https://geoconnex.us/cuahsi/his/SNOTEL/322_CO_SNTL </loc>
		<lastmod> 2021-10-15 19:24:54.636279 </lastmod></url><url>
	<loc> https://geoconnex.us/cuahsi/his/SNOTEL/323_ID_SNTL </loc>
		<lastmod> 2021-10-15 19:24:54.636289 </lastmod></url><url>
	<loc> https://geoconnex.us/cuahsi/his/SNOTEL/1061_CO_SNTL </loc>
		<lastmod> 2021-10-15 19:24:54.636300 </lastmod></url><url>
	<loc> https://geoconnex.us/cuahsi/his/SNOTEL/992_UT_SNTL </loc>
		<lastmod> 2021-10-15 19:24:54.636327 </lastmod></url><url>
	<loc> https://geoconnex.us/cuahsi/his/SNOTEL/324_ID_SNTL </loc>
		<lastmod> 2021-10-15 19:24:54.636338 </lastmod></url><url>
	<loc> https://geoconnex.us/cuahsi/his/SNOTEL/325_WY_SNTL </loc>
		<lastmod> 2021-10-15 19:24:54.636347 </lastmod></url><url>
	<loc> https://geoconnex.us/cuahsi/his/SNOTEL/326_WY_SNTL </loc>
		<lastmod> 2021-10-15 19:24:54.636357 </lastmod></url><url>
	<loc> https://geoconnex.us/cuahsi/his/SNOTEL/327_CO_SNTL </loc>
		<lastmod> 2021-10-15 19:24:54.636368 </lastmod></url><url>
	<loc> https://geoconnex.us/cuahsi/his/SNOTEL/1041_CO_SNTL </loc>
		<lastmod> 2021-10-15 19:24:54.636378 </lastmod></url><url>
	<loc> https://geoconnex.us/cuahsi/his/SNOTEL/328_MT_SNTL </loc>
		<lastmod> 2021-10-15 19:24:54.636388 </lastmod></url><url>
	<loc> https://geoconnex.us/cuahsi/his/SNOTEL/329_UT_SNTL </loc>
		<lastmod> 2021-10-15 19:24:54.636398 </lastmod></url><url>
	<loc> https://geoconnex.us/cuahsi/his/SNOTEL/330_UT_SNTL </loc>
		<lastmod> 2021-10-15 19:24:54.636408 </lastmod></url><url>
	<loc> https://geoconnex.us/cuahsi/his/SNOTEL/902_AZ_SNTL </loc>
		<lastmod> 2021-10-15 19:24:54.636418 </lastmod></url><url>
	<loc> https://geoconnex.us/cuahsi/his/SNOTEL/990_WA_SNTL </loc>
		<lastmod> 2021-10-15 19:24:54.636429 </lastmod></url><url>
	<loc> https://geoconnex.us/cuahsi/his/SNOTEL/331_OR_SNTL </loc>
		<lastmod> 2021-10-15 19:24:54.636439 </lastmod></url><url>
	<loc> https://geoconnex.us/cuahsi/his/SNOTEL/1143_AZ_SNTL </loc>
		<lastmod> 2021-10-15 19:24:54.636449 </lastmod></url><url>
	<loc> https://geoconnex.us/cuahsi/his/SNOTEL/332_UT_SNTL </loc>
		<lastmod> 2021-10-15 19:24:54.636459 </lastmod></url><url>
	<loc> https://geoconnex.us/cuahsi/his/SNOTEL/333_UT_SNTL </loc>
		<lastmod> 2021-10-15 19:24:54.636469 </lastmod></url><url>
	<loc> https://geoconnex.us/cuahsi/his/SNOTEL/251_ID_SNTL </loc>
		<lastmod> 2021-10-15 19:24:54.636480 </lastmod></url><url>
	<loc> https://geoconnex.us/cuahsi/his/SNOTEL/1086_AK_SNTL </loc>
		<lastmod> 2021-10-15 19:24:54.636490 </lastmod></url><url>
	<loc> https://geoconnex.us/cuahsi/his/SNOTEL/334_NV_SNTL </loc>
		<lastmod> 2021-10-15 19:24:54.636500 </lastmod></url><url>
	<loc> https://geoconnex.us/cuahsi/his/SNOTEL/335_CO_SNTL </loc>
		<lastmod> 2021-10-15 19:24:54.636510 </lastmod></url><url>
	<loc> https://geoconnex.us/cuahsi/his/SNOTEL/1182_AK_SNTL </loc>
		<lastmod> 2021-10-15 19:24:54.636520 </lastmod></url><url>
	<loc> https://geoconnex.us/cuahsi/his/SNOTEL/1214_UT_SNTL </loc>
		<lastmod> 2021-10-15 19:24:54.636531 </lastmod></url><url>
	<loc> https://geoconnex.us/cuahsi/his/SNOTEL/336_NV_SNTL </loc>
		<lastmod> 2021-10-15 19:24:54.636541 </lastmod></url><url>
	<loc> https://geoconnex.us/cuahsi/his/SNOTEL/337_NV_SNTL </loc>
		<lastmod> 2021-10-15 19:24:54.636552 </lastmod></url><url>
	<loc> https://geoconnex.us/cuahsi/his/SNOTEL/338_ID_SNTL </loc>
		<lastmod> 2021-10-15 19:24:54.636563 </lastmod></url><url>
	<loc> https://geoconnex.us/cuahsi/his/SNOTEL/339_UT_SNTL </loc>
		<lastmod> 2021-10-15 19:24:54.636573 </lastmod></url><url>
	<loc> https://geoconnex.us/cuahsi/his/SNOTEL/931_WY_SNTL </loc>
		<lastmod> 2021-10-15 19:24:54.636583 </lastmod></url><url>
	<loc> https://geoconnex.us/cuahsi/his/SNOTEL/340_NV_SNTL </loc>
		<lastmod> 2021-10-15 19:24:54.636593 </lastmod></url><url>
	<loc> https://geoconnex.us/cuahsi/his/SNOTEL/341_OR_SNTL </loc>
		<lastmod> 2021-10-15 19:24:54.636603 </lastmod></url><url>
	<loc> https://geoconnex.us/cuahsi/his/SNOTEL/342_WY_SNTL </loc>
		<lastmod> 2021-10-15 19:24:54.636613 </lastmod></url><url>
	<loc> https://geoconnex.us/cuahsi/his/SNOTEL/343_OR_SNTL </loc>
		<lastmod> 2021-10-15 19:24:54.636623 </lastmod></url><url>
	<loc> https://geoconnex.us/cuahsi/his/SNOTEL/344_OR_SNTL </loc>
		<lastmod> 2021-10-15 19:24:54.636633 </lastmod></url><url>
	<loc> https://geoconnex.us/cuahsi/his/SNOTEL/1155_NV_SNTL </loc>
		<lastmod> 2021-10-15 19:24:54.636643 </lastmod></url><url>
	<loc> https://geoconnex.us/cuahsi/his/SNOTEL/345_CO_SNTL </loc>
		<lastmod> 2021-10-15 19:24:54.636652 </lastmod></url><url>
	<loc> https://geoconnex.us/cuahsi/his/SNOTEL/346_MT_SNTL </loc>
		<lastmod> 2021-10-15 19:24:54.636662 </lastmod></url><url>
	<loc> https://geoconnex.us/cuahsi/his/SNOTEL/347_MT_SNTL </loc>
		<lastmod> 2021-10-15 19:24:54.636672 </lastmod></url><url>
	<loc> https://geoconnex.us/cuahsi/his/SNOTEL/348_UT_SNTL </loc>
		<lastmod> 2021-10-15 19:24:54.636683 </lastmod></url><url>
	<loc> https://geoconnex.us/cuahsi/his/SNOTEL/1185_CO_SNTL </loc>
		<lastmod> 2021-10-15 19:24:54.636693 </lastmod></url><url>
	<loc> https://geoconnex.us/cuahsi/his/SNOTEL/1161_CO_SNTL </loc>
		<lastmod> 2021-10-15 19:24:54.636703 </lastmod></url><url>
	<loc> https://geoconnex.us/cuahsi/his/SNOTEL/349_MT_SNTL </loc>
		<lastmod> 2021-10-15 19:24:54.636713 </lastmod></url><url>
	<loc> https://geoconnex.us/cuahsi/his/SNOTEL/1119_WY_SNTL </loc>
		<lastmod> 2021-10-15 19:24:54.636723 </lastmod></url><url>
	<loc> https://geoconnex.us/cuahsi/his/SNOTEL/1162_UT_SNTL </loc>
		<lastmod> 2021-10-15 19:24:54.636733 </lastmod></url><url>
	<loc> https://geoconnex.us/cuahsi/his/SNOTEL/1144_MT_SNTL </loc>
		<lastmod> 2021-10-15 19:24:54.636743 </lastmod></url><url>
	<loc> https://geoconnex.us/cuahsi/his/SNOTEL/350_WY_SNTL </loc>
		<lastmod> 2021-10-15 19:24:54.636754 </lastmod></url><url>
	<loc> https://geoconnex.us/cuahsi/his/SNOTEL/351_OR_SNTL </loc>
		<lastmod> 2021-10-15 19:24:54.636764 </lastmod></url><url>
	<loc> https://geoconnex.us/cuahsi/his/SNOTEL/352_WA_SNTL </loc>
		<lastmod> 2021-10-15 19:24:54.636774 </lastmod></url><url>
	<loc> https://geoconnex.us/cuahsi/his/SNOTEL/353_WY_SNTL </loc>
		<lastmod> 2021-10-15 19:24:54.636784 </lastmod></url><url>
	<loc> https://geoconnex.us/cuahsi/his/SNOTEL/354_SD_SNTL </loc>
		<lastmod> 2021-10-15 19:24:54.636794 </lastmod></url><url>
	<loc> https://geoconnex.us/cuahsi/his/SNOTEL/355_MT_SNTL </loc>
		<lastmod> 2021-10-15 19:24:54.636803 </lastmod></url><url>
	<loc> https://geoconnex.us/cuahsi/his/SNOTEL/356_CA_SNTL </loc>
		<lastmod> 2021-10-15 19:24:54.636813 </lastmod></url><url>
	<loc> https://geoconnex.us/cuahsi/his/SNOTEL/357_OR_SNTL </loc>
		<lastmod> 2021-10-15 19:24:54.636823 </lastmod></url><url>
	<loc> https://geoconnex.us/cuahsi/his/SNOTEL/1278_UT_SNTL </loc>
		<lastmod> 2021-10-15 19:24:54.636833 </lastmod></url><url>
	<loc> https://geoconnex.us/cuahsi/his/SNOTEL/978_ID_SNTL </loc>
		<lastmod> 2021-10-15 19:24:54.636843 </lastmod></url><url>
	<loc> https://geoconnex.us/cuahsi/his/SNOTEL/358_WY_SNTL </loc>
		<lastmod> 2021-10-15 19:24:54.636853 </lastmod></url><url>
	<loc> https://geoconnex.us/cuahsi/his/SNOTEL/359_ID_SNTL </loc>
		<lastmod> 2021-10-15 19:24:54.636863 </lastmod></url><url>
	<loc> https://geoconnex.us/cuahsi/his/SNOTEL/360_MT_SNTL </loc>
		<lastmod> 2021-10-15 19:24:54.636873 </lastmod></url><url>
	<loc> https://geoconnex.us/cuahsi/his/SNOTEL/361_OR_SNTL </loc>
		<lastmod> 2021-10-15 19:24:54.636883 </lastmod></url><url>
	<loc> https://geoconnex.us/cuahsi/his/SNOTEL/362_OR_SNTL </loc>
		<lastmod> 2021-10-15 19:24:54.636893 </lastmod></url><url>
	<loc> https://geoconnex.us/cuahsi/his/SNOTEL/363_MT_SNTL </loc>
		<lastmod> 2021-10-15 19:24:54.636903 </lastmod></url><url>
	<loc> https://geoconnex.us/cuahsi/his/SNOTEL/364_UT_SNTL </loc>
		<lastmod> 2021-10-15 19:24:54.636912 </lastmod></url><url>
	<loc> https://geoconnex.us/cuahsi/his/SNOTEL/1156_UT_SNTL </loc>
		<lastmod> 2021-10-15 19:24:54.636922 </lastmod></url><url>
	<loc> https://geoconnex.us/cuahsi/his/SNOTEL/365_MT_SNTL </loc>
		<lastmod> 2021-10-15 19:24:54.636932 </lastmod></url><url>
	<loc> https://geoconnex.us/cuahsi/his/SNOTEL/1154_UT_SNTL </loc>
		<lastmod> 2021-10-15 19:24:54.636942 </lastmod></url><url>
	<loc> https://geoconnex.us/cuahsi/his/SNOTEL/252_MT_SNTL </loc>
		<lastmod> 2021-10-15 19:24:54.636952 </lastmod></url><url>
	<loc> https://geoconnex.us/cuahsi/his/SNOTEL/366_UT_SNTL </loc>
		<lastmod> 2021-10-15 19:24:54.636962 </lastmod></url><url>
	<loc> https://geoconnex.us/cuahsi/his/SNOTEL/1111_NV_SNTL </loc>
		<lastmod> 2021-10-15 19:24:54.636972 </lastmod></url><url>
	<loc> https://geoconnex.us/cuahsi/his/SNOTEL/367_WY_SNTL </loc>
		<lastmod> 2021-10-15 19:24:54.636981 </lastmod></url><url>
	<loc> https://geoconnex.us/cuahsi/his/SNOTEL/368_UT_SNTL </loc>
		<lastmod> 2021-10-15 19:24:54.636991 </lastmod></url><url>
	<loc> https://geoconnex.us/cuahsi/his/SNOTEL/1080_WA_SNTL </loc>
		<lastmod> 2021-10-15 19:24:54.637001 </lastmod></url><url>
	<loc> https://geoconnex.us/cuahsi/his/SNOTEL/369_CO_SNTL </loc>
		<lastmod> 2021-10-15 19:24:54.637011 </lastmod></url><url>
	<loc> https://geoconnex.us/cuahsi/his/SNOTEL/370_ID_SNTL </loc>
		<lastmod> 2021-10-15 19:24:54.637021 </lastmod></url><url>
	<loc> https://geoconnex.us/cuahsi/his/SNOTEL/371_UT_SNTL </loc>
		<lastmod> 2021-10-15 19:24:54.637031 </lastmod></url><url>
	<loc> https://geoconnex.us/cuahsi/his/SNOTEL/1192_UT_SNTL </loc>
		<lastmod> 2021-10-15 19:24:54.637041 </lastmod></url><url>
	<loc> https://geoconnex.us/cuahsi/his/SNOTEL/372_AZ_SNTL </loc>
		<lastmod> 2021-10-15 19:24:54.637051 </lastmod></url><url>
	<loc> https://geoconnex.us/cuahsi/his/SNOTEL/1153_UT_SNTL </loc>
		<lastmod> 2021-10-15 19:24:54.637061 </lastmod></url><url>
	<loc> https://geoconnex.us/cuahsi/his/SNOTEL/1107_WA_SNTL </loc>
		<lastmod> 2021-10-15 19:24:54.637071 </lastmod></url><url>
	<loc> https://geoconnex.us/cuahsi/his/SNOTEL/938_CO_SNTL </loc>
		<lastmod> 2021-10-15 19:24:54.637081 </lastmod></url><url>
	<loc> https://geoconnex.us/cuahsi/his/SNOTEL/373_NV_SNTL </loc>
		<lastmod> 2021-10-15 19:24:54.637091 </lastmod></url><url>
	<loc> https://geoconnex.us/cuahsi/his/SNOTEL/913_CO_SNTL </loc>
		<lastmod> 2021-10-15 19:24:54.637101 </lastmod></url><url>
	<loc> https://geoconnex.us/cuahsi/his/SNOTEL/374_UT_SNTL </loc>
		<lastmod> 2021-10-15 19:24:54.637111 </lastmod></url><url>
	<loc> https://geoconnex.us/cuahsi/his/SNOTEL/375_WA_SNTL </loc>
		<lastmod> 2021-10-15 19:24:54.637121 </lastmod></url><url>
	<loc> https://geoconnex.us/cuahsi/his/SNOTEL/376_WA_SNTL </loc>
		<lastmod> 2021-10-15 19:24:54.637131 </lastmod></url><url>
	<loc> https://geoconnex.us/cuahsi/his/SNOTEL/377_WY_SNTL </loc>
		<lastmod> 2021-10-15 19:24:54.637140 </lastmod></url><url>
	<loc> https://geoconnex.us/cuahsi/his/SNOTEL/1051_CA_SNTL </loc>
		<lastmod> 2021-10-15 19:24:54.637150 </lastmod></url><url>
	<loc> https://geoconnex.us/cuahsi/his/SNOTEL/942_WA_SNTL </loc>
		<lastmod> 2021-10-15 19:24:54.637160 </lastmod></url><url>
	<loc> https://geoconnex.us/cuahsi/his/SNOTEL/981_MT_SNTL </loc>
		<lastmod> 2021-10-15 19:24:54.637170 </lastmod></url><url>
	<loc> https://geoconnex.us/cuahsi/his/SNOTEL/378_CO_SNTL </loc>
		<lastmod> 2021-10-15 19:24:54.637180 </lastmod></url><url>
	<loc> https://geoconnex.us/cuahsi/his/SNOTEL/379_WY_SNTL </loc>
		<lastmod> 2021-10-15 19:24:54.637190 </lastmod></url><url>
	<loc> https://geoconnex.us/cuahsi/his/SNOTEL/1135_UT_SNTL </loc>
		<lastmod> 2021-10-15 19:24:54.637200 </lastmod></url><url>
	<loc> https://geoconnex.us/cuahsi/his/SNOTEL/380_CO_SNTL </loc>
		<lastmod> 2021-10-15 19:24:54.637210 </lastmod></url><url>
	<loc> https://geoconnex.us/cuahsi/his/SNOTEL/1109_WA_SNTL </loc>
		<lastmod> 2021-10-15 19:24:54.637220 </lastmod></url><url>
	<loc> https://geoconnex.us/cuahsi/his/SNOTEL/381_MT_SNTL </loc>
		<lastmod> 2021-10-15 19:24:54.637230 </lastmod></url><url>
	<loc> https://geoconnex.us/cuahsi/his/SNOTEL/382_ID_SNTL </loc>
		<lastmod> 2021-10-15 19:24:54.637239 </lastmod></url><url>
	<loc> https://geoconnex.us/cuahsi/his/SNOTEL/383_UT_SNTL </loc>
		<lastmod> 2021-10-15 19:24:54.637249 </lastmod></url><url>
	<loc> https://geoconnex.us/cuahsi/his/SNOTEL/384_WY_SNTL </loc>
		<lastmod> 2021-10-15 19:24:54.637259 </lastmod></url><url>
	<loc> https://geoconnex.us/cuahsi/his/SNOTEL/385_MT_SNTL </loc>
		<lastmod> 2021-10-15 19:24:54.637269 </lastmod></url><url>
	<loc> https://geoconnex.us/cuahsi/his/SNOTEL/1067_CA_SNTL </loc>
		<lastmod> 2021-10-15 19:24:54.637279 </lastmod></url><url>
	<loc> https://geoconnex.us/cuahsi/his/SNOTEL/386_CO_SNTL </loc>
		<lastmod> 2021-10-15 19:24:54.637289 </lastmod></url><url>
	<loc> https://geoconnex.us/cuahsi/his/SNOTEL/387_CO_SNTL </loc>
		<lastmod> 2021-10-15 19:24:54.637299 </lastmod></url><url>
	<loc> https://geoconnex.us/cuahsi/his/SNOTEL/1039_UT_SNTL </loc>
		<lastmod> 2021-10-15 19:24:54.637309 </lastmod></url><url>
	<loc> https://geoconnex.us/cuahsi/his/SNOTEL/388_OR_SNTL </loc>
		<lastmod> 2021-10-15 19:24:54.637319 </lastmod></url><url>
	<loc> https://geoconnex.us/cuahsi/his/SNOTEL/253_MT_SNTL </loc>
		<lastmod> 2021-10-15 19:24:54.637329 </lastmod></url><url>
	<loc> https://geoconnex.us/cuahsi/his/SNOTEL/389_WY_SNTL </loc>
		<lastmod> 2021-10-15 19:24:54.637339 </lastmod></url><url>
	<loc> https://geoconnex.us/cuahsi/his/SNOTEL/1130_WY_SNTL </loc>
		<lastmod> 2021-10-15 19:24:54.637349 </lastmod></url><url>
	<loc> https://geoconnex.us/cuahsi/his/SNOTEL/390_UT_SNTL </loc>
		<lastmod> 2021-10-15 19:24:54.637359 </lastmod></url><url>
	<loc> https://geoconnex.us/cuahsi/his/SNOTEL/247_CO_SNTL </loc>
		<lastmod> 2021-10-15 19:24:54.637369 </lastmod></url><url>
	<loc> https://geoconnex.us/cuahsi/his/SNOTEL/1152_NV_SNTL </loc>
		<lastmod> 2021-10-15 19:24:54.637379 </lastmod></url><url>
	<loc> https://geoconnex.us/cuahsi/his/SNOTEL/1085_WA_SNTL </loc>
		<lastmod> 2021-10-15 19:24:54.637389 </lastmod></url><url>
	<loc> https://geoconnex.us/cuahsi/his/SNOTEL/391_CA_SNTL </loc>
		<lastmod> 2021-10-15 19:24:54.637399 </lastmod></url><url>
	<loc> https://geoconnex.us/cuahsi/his/SNOTEL/1139_AZ_SNTL </loc>
		<lastmod> 2021-10-15 19:24:54.637408 </lastmod></url><url>
	<loc> https://geoconnex.us/cuahsi/his/SNOTEL/392_UT_SNTL </loc>
		<lastmod> 2021-10-15 19:24:54.637418 </lastmod></url><url>
	<loc> https://geoconnex.us/cuahsi/his/SNOTEL/393_UT_SNTL </loc>
		<lastmod> 2021-10-15 19:24:54.637428 </lastmod></url><url>
	<loc> https://geoconnex.us/cuahsi/his/SNOTEL/394_NM_SNTL </loc>
		<lastmod> 2021-10-15 19:24:54.637439 </lastmod></url><url>
	<loc> https://geoconnex.us/cuahsi/his/SNOTEL/1101_CO_SNTL </loc>
		<lastmod> 2021-10-15 19:24:54.637449 </lastmod></url><url>
	<loc> https://geoconnex.us/cuahsi/his/SNOTEL/395_OR_SNTL </loc>
		<lastmod> 2021-10-15 19:24:54.637459 </lastmod></url><url>
	<loc> https://geoconnex.us/cuahsi/his/SNOTEL/396_UT_SNTL </loc>
		<lastmod> 2021-10-15 19:24:54.637469 </lastmod></url><url>
	<loc> https://geoconnex.us/cuahsi/his/SNOTEL/1093_AK_SNTL </loc>
		<lastmod> 2021-10-15 19:24:54.637534 </lastmod></url><url>
	<loc> https://geoconnex.us/cuahsi/his/SNOTEL/895_ID_SNTL </loc>
		<lastmod> 2021-10-15 19:24:54.637547 </lastmod></url><url>
	<loc> https://geoconnex.us/cuahsi/his/SNOTEL/397_WY_SNTL </loc>
		<lastmod> 2021-10-15 19:24:54.637557 </lastmod></url><url>
	<loc> https://geoconnex.us/cuahsi/his/SNOTEL/1046_WY_SNTL </loc>
		<lastmod> 2021-10-15 19:24:54.637567 </lastmod></url><url>
	<loc> https://geoconnex.us/cuahsi/his/SNOTEL/398_OR_SNTL </loc>
		<lastmod> 2021-10-15 19:24:54.637577 </lastmod></url><url>
	<loc> https://geoconnex.us/cuahsi/his/SNOTEL/983_UT_SNTL </loc>
		<lastmod> 2021-10-15 19:24:54.637588 </lastmod></url><url>
	<loc> https://geoconnex.us/cuahsi/his/SNOTEL/399_UT_SNTL </loc>
		<lastmod> 2021-10-15 19:24:54.637598 </lastmod></url><url>
	<loc> https://geoconnex.us/cuahsi/his/SNOTEL/400_UT_SNTL </loc>
		<lastmod> 2021-10-15 19:24:54.637608 </lastmod></url><url>
	<loc> https://geoconnex.us/cuahsi/his/SNOTEL/401_OR_SNTL </loc>
		<lastmod> 2021-10-15 19:24:54.637618 </lastmod></url><url>
	<loc> https://geoconnex.us/cuahsi/his/SNOTEL/402_WY_SNTL </loc>
		<lastmod> 2021-10-15 19:24:54.637628 </lastmod></url><url>
	<loc> https://geoconnex.us/cuahsi/his/SNOTEL/403_MT_SNTL </loc>
		<lastmod> 2021-10-15 19:24:54.637638 </lastmod></url><url>
	<loc> https://geoconnex.us/cuahsi/his/SNOTEL/1059_CO_SNTL </loc>
		<lastmod> 2021-10-15 19:24:54.637649 </lastmod></url><url>
	<loc> https://geoconnex.us/cuahsi/his/SNOTEL/405_WY_SNTL </loc>
		<lastmod> 2021-10-15 19:24:54.637659 </lastmod></url><url>
	<loc> https://geoconnex.us/cuahsi/his/SNOTEL/406_OR_SNTL </loc>
		<lastmod> 2021-10-15 19:24:54.637669 </lastmod></url><url>
	<loc> https://geoconnex.us/cuahsi/his/SNOTEL/958_AK_SNTL </loc>
		<lastmod> 2021-10-15 19:24:54.637679 </lastmod></url><url>
	<loc> https://geoconnex.us/cuahsi/his/SNOTEL/982_WY_SNTL </loc>
		<lastmod> 2021-10-15 19:24:54.637689 </lastmod></url><url>
	<loc> https://geoconnex.us/cuahsi/his/SNOTEL/407_MT_SNTL </loc>
		<lastmod> 2021-10-15 19:24:54.637699 </lastmod></url><url>
	<loc> https://geoconnex.us/cuahsi/his/SNOTEL/1204_NV_SNTL </loc>
		<lastmod> 2021-10-15 19:24:54.637709 </lastmod></url><url>
	<loc> https://geoconnex.us/cuahsi/his/SNOTEL/408_CO_SNTL </loc>
		<lastmod> 2021-10-15 19:24:54.637719 </lastmod></url><url>
	<loc> https://geoconnex.us/cuahsi/his/SNOTEL/409_CO_SNTL </loc>
		<lastmod> 2021-10-15 19:24:54.637729 </lastmod></url><url>
	<loc> https://geoconnex.us/cuahsi/his/SNOTEL/904_CO_SNTL </loc>
		<lastmod> 2021-10-15 19:24:54.637739 </lastmod></url><url>
	<loc> https://geoconnex.us/cuahsi/his/SNOTEL/410_MT_SNTL </loc>
		<lastmod> 2021-10-15 19:24:54.637748 </lastmod></url><url>
	<loc> https://geoconnex.us/cuahsi/his/SNOTEL/411_ID_SNTL </loc>
		<lastmod> 2021-10-15 19:24:54.637758 </lastmod></url><url>
	<loc> https://geoconnex.us/cuahsi/his/SNOTEL/959_AK_SNTL </loc>
		<lastmod> 2021-10-15 19:24:54.637768 </lastmod></url><url>
	<loc> https://geoconnex.us/cuahsi/his/SNOTEL/412_CO_SNTL </loc>
		<lastmod> 2021-10-15 19:24:54.637778 </lastmod></url><url>
	<loc> https://geoconnex.us/cuahsi/his/SNOTEL/413_MT_SNTL </loc>
		<lastmod> 2021-10-15 19:24:54.637788 </lastmod></url><url>
	<loc> https://geoconnex.us/cuahsi/his/SNOTEL/414_MT_SNTL </loc>
		<lastmod> 2021-10-15 19:24:54.637798 </lastmod></url><url>
	<loc> https://geoconnex.us/cuahsi/his/SNOTEL/415_CO_SNTL </loc>
		<lastmod> 2021-10-15 19:24:54.637808 </lastmod></url><url>
	<loc> https://geoconnex.us/cuahsi/his/SNOTEL/1209_NV_SNTL </loc>
		<lastmod> 2021-10-15 19:24:54.637818 </lastmod></url><url>
	<loc> https://geoconnex.us/cuahsi/his/SNOTEL/416_AZ_SNTL </loc>
		<lastmod> 2021-10-15 19:24:54.637828 </lastmod></url><url>
	<loc> https://geoconnex.us/cuahsi/his/SNOTEL/1236_UT_SNTL </loc>
		<lastmod> 2021-10-15 19:24:54.637838 </lastmod></url><url>
	<loc> https://geoconnex.us/cuahsi/his/SNOTEL/417_NV_SNTL </loc>
		<lastmod> 2021-10-15 19:24:54.637848 </lastmod></url><url>
	<loc> https://geoconnex.us/cuahsi/his/SNOTEL/418_WA_SNTL </loc>
		<lastmod> 2021-10-15 19:24:54.637858 </lastmod></url><url>
	<loc> https://geoconnex.us/cuahsi/his/SNOTEL/419_WY_SNTL </loc>
		<lastmod> 2021-10-15 19:24:54.637868 </lastmod></url><url>
	<loc> https://geoconnex.us/cuahsi/his/SNOTEL/420_WA_SNTL </loc>
		<lastmod> 2021-10-15 19:24:54.637878 </lastmod></url><url>
	<loc> https://geoconnex.us/cuahsi/his/SNOTEL/421_WY_SNTL </loc>
		<lastmod> 2021-10-15 19:24:54.637888 </lastmod></url><url>
	<loc> https://geoconnex.us/cuahsi/his/SNOTEL/422_OR_SNTL </loc>
		<lastmod> 2021-10-15 19:24:54.637898 </lastmod></url><url>
	<loc> https://geoconnex.us/cuahsi/his/SNOTEL/423_ID_SNTL </loc>
		<lastmod> 2021-10-15 19:24:54.637909 </lastmod></url><url>
	<loc> https://geoconnex.us/cuahsi/his/SNOTEL/424_ID_SNTL </loc>
		<lastmod> 2021-10-15 19:24:54.637919 </lastmod></url><url>
	<loc> https://geoconnex.us/cuahsi/his/SNOTEL/425_ID_SNTL </loc>
		<lastmod> 2021-10-15 19:24:54.637929 </lastmod></url><url>
	<loc> https://geoconnex.us/cuahsi/his/SNOTEL/1010_OR_SNTL </loc>
		<lastmod> 2021-10-15 19:24:54.637939 </lastmod></url><url>
	<loc> https://geoconnex.us/cuahsi/his/SNOTEL/426_CO_SNTL </loc>
		<lastmod> 2021-10-15 19:24:54.637949 </lastmod></url><url>
	<loc> https://geoconnex.us/cuahsi/his/SNOTEL/1045_WY_SNTL </loc>
		<lastmod> 2021-10-15 19:24:54.637959 </lastmod></url><url>
	<loc> https://geoconnex.us/cuahsi/his/SNOTEL/977_CA_SNTL </loc>
		<lastmod> 2021-10-15 19:24:54.637969 </lastmod></url><url>
	<loc> https://geoconnex.us/cuahsi/his/SNOTEL/427_MT_SNTL </loc>
		<lastmod> 2021-10-15 19:24:54.637978 </lastmod></url><url>
	<loc> https://geoconnex.us/cuahsi/his/SNOTEL/428_CA_SNTL </loc>
		<lastmod> 2021-10-15 19:24:54.637988 </lastmod></url><url>
	<loc> https://geoconnex.us/cuahsi/his/SNOTEL/430_CO_SNTL </loc>
		<lastmod> 2021-10-15 19:24:54.637998 </lastmod></url><url>
	<loc> https://geoconnex.us/cuahsi/his/SNOTEL/431_CO_SNTL </loc>
		<lastmod> 2021-10-15 19:24:54.638008 </lastmod></url><url>
	<loc> https://geoconnex.us/cuahsi/his/SNOTEL/432_UT_SNTL </loc>
		<lastmod> 2021-10-15 19:24:54.638018 </lastmod></url><url>
	<loc> https://geoconnex.us/cuahsi/his/SNOTEL/919_MT_SNTL </loc>
		<lastmod> 2021-10-15 19:24:54.638028 </lastmod></url><url>
	<loc> https://geoconnex.us/cuahsi/his/SNOTEL/433_MT_SNTL </loc>
		<lastmod> 2021-10-15 19:24:54.638050 </lastmod></url><url>
	<loc> https://geoconnex.us/cuahsi/his/SNOTEL/434_OR_SNTL </loc>
		<lastmod> 2021-10-15 19:24:54.638059 </lastmod></url><url>
	<loc> https://geoconnex.us/cuahsi/his/SNOTEL/435_UT_SNTL </loc>
		<lastmod> 2021-10-15 19:24:54.638069 </lastmod></url><url>
	<loc> https://geoconnex.us/cuahsi/his/SNOTEL/436_MT_SNTL </loc>
		<lastmod> 2021-10-15 19:24:54.638079 </lastmod></url><url>
	<loc> https://geoconnex.us/cuahsi/his/SNOTEL/437_MT_SNTL </loc>
		<lastmod> 2021-10-15 19:24:54.638089 </lastmod></url><url>
	<loc> https://geoconnex.us/cuahsi/his/SNOTEL/438_CO_SNTL </loc>
		<lastmod> 2021-10-15 19:24:54.638099 </lastmod></url><url>
	<loc> https://geoconnex.us/cuahsi/his/SNOTEL/439_ID_SNTL </loc>
		<lastmod> 2021-10-15 19:24:54.638109 </lastmod></url><url>
	<loc> https://geoconnex.us/cuahsi/his/SNOTEL/923_WY_SNTL </loc>
		<lastmod> 2021-10-15 19:24:54.638118 </lastmod></url><url>
	<loc> https://geoconnex.us/cuahsi/his/SNOTEL/1210_NV_SNTL </loc>
		<lastmod> 2021-10-15 19:24:54.638128 </lastmod></url><url>
	<loc> https://geoconnex.us/cuahsi/his/SNOTEL/440_OR_SNTL </loc>
		<lastmod> 2021-10-15 19:24:54.638138 </lastmod></url><url>
	<loc> https://geoconnex.us/cuahsi/his/SNOTEL/441_UT_SNTL </loc>
		<lastmod> 2021-10-15 19:24:54.638148 </lastmod></url><url>
	<loc> https://geoconnex.us/cuahsi/his/SNOTEL/442_OR_SNTL </loc>
		<lastmod> 2021-10-15 19:24:54.638157 </lastmod></url><url>
	<loc> https://geoconnex.us/cuahsi/his/SNOTEL/443_NV_SNTL </loc>
		<lastmod> 2021-10-15 19:24:54.638167 </lastmod></url><url>
	<loc> https://geoconnex.us/cuahsi/his/SNOTEL/444_UT_SNTL </loc>
		<lastmod> 2021-10-15 19:24:54.638177 </lastmod></url><url>
	<loc> https://geoconnex.us/cuahsi/his/SNOTEL/8011_WY_SNTL </loc>
		<lastmod> 2021-10-15 19:24:54.638187 </lastmod></url><url>
	<loc> https://geoconnex.us/cuahsi/his/SNOTEL/445_NV_SNTL </loc>
		<lastmod> 2021-10-15 19:24:54.638197 </lastmod></url><url>
	<loc> https://geoconnex.us/cuahsi/his/SNOTEL/446_CA_SNTL </loc>
		<lastmod> 2021-10-15 19:24:54.638206 </lastmod></url><url>
	<loc> https://geoconnex.us/cuahsi/his/SNOTEL/448_MT_SNTL </loc>
		<lastmod> 2021-10-15 19:24:54.638216 </lastmod></url><url>
	<loc> https://geoconnex.us/cuahsi/his/SNOTEL/449_WY_SNTL </loc>
		<lastmod> 2021-10-15 19:24:54.638226 </lastmod></url><url>
	<loc> https://geoconnex.us/cuahsi/his/SNOTEL/450_ID_SNTL </loc>
		<lastmod> 2021-10-15 19:24:54.638236 </lastmod></url><url>
	<loc> https://geoconnex.us/cuahsi/his/SNOTEL/451_WY_SNTL </loc>
		<lastmod> 2021-10-15 19:24:54.638246 </lastmod></url><url>
	<loc> https://geoconnex.us/cuahsi/his/SNOTEL/452_UT_SNTL </loc>
		<lastmod> 2021-10-15 19:24:54.638255 </lastmod></url><url>
	<loc> https://geoconnex.us/cuahsi/his/SNOTEL/453_NV_SNTL </loc>
		<lastmod> 2021-10-15 19:24:54.638265 </lastmod></url><url>
	<loc> https://geoconnex.us/cuahsi/his/SNOTEL/454_NV_SNTL </loc>
		<lastmod> 2021-10-15 19:24:54.638275 </lastmod></url><url>
	<loc> https://geoconnex.us/cuahsi/his/SNOTEL/455_UT_SNTL </loc>
		<lastmod> 2021-10-15 19:24:54.638285 </lastmod></url><url>
	<loc> https://geoconnex.us/cuahsi/his/SNOTEL/1243_NV_SNTL </loc>
		<lastmod> 2021-10-15 19:24:54.638295 </lastmod></url><url>
	<loc> https://geoconnex.us/cuahsi/his/SNOTEL/906_UT_SNTL </loc>
		<lastmod> 2021-10-15 19:24:54.638305 </lastmod></url><url>
	<loc> https://geoconnex.us/cuahsi/his/SNOTEL/457_CO_SNTL </loc>
		<lastmod> 2021-10-15 19:24:54.638314 </lastmod></url><url>
	<loc> https://geoconnex.us/cuahsi/his/SNOTEL/943_WA_SNTL </loc>
		<lastmod> 2021-10-15 19:24:54.638324 </lastmod></url><url>
	<loc> https://geoconnex.us/cuahsi/his/SNOTEL/458_MT_SNTL </loc>
		<lastmod> 2021-10-15 19:24:54.638334 </lastmod></url><url>
	<loc> https://geoconnex.us/cuahsi/his/SNOTEL/960_AK_SNTL </loc>
		<lastmod> 2021-10-15 19:24:54.638344 </lastmod></url><url>
	<loc> https://geoconnex.us/cuahsi/his/SNOTEL/1105_MT_SNTL </loc>
		<lastmod> 2021-10-15 19:24:54.638354 </lastmod></url><url>
	<loc> https://geoconnex.us/cuahsi/his/SNOTEL/460_WY_SNTL </loc>
		<lastmod> 2021-10-15 19:24:54.638364 </lastmod></url><url>
	<loc> https://geoconnex.us/cuahsi/his/SNOTEL/461_UT_SNTL </loc>
		<lastmod> 2021-10-15 19:24:54.638375 </lastmod></url><url>
	<loc> https://geoconnex.us/cuahsi/his/SNOTEL/998_WA_SNTL </loc>
		<lastmod> 2021-10-15 19:24:54.638385 </lastmod></url><url>
	<loc> https://geoconnex.us/cuahsi/his/SNOTEL/462_CA_SNTL </loc>
		<lastmod> 2021-10-15 19:24:54.638394 </lastmod></url><url>
	<loc> https://geoconnex.us/cuahsi/his/SNOTEL/936_CO_SNTL </loc>
		<lastmod> 2021-10-15 19:24:54.638404 </lastmod></url><url>
	<loc> https://geoconnex.us/cuahsi/his/SNOTEL/463_CA_SNTL </loc>
		<lastmod> 2021-10-15 19:24:54.638414 </lastmod></url><url>
	<loc> https://geoconnex.us/cuahsi/his/SNOTEL/1163_UT_SNTL </loc>
		<lastmod> 2021-10-15 19:24:54.638424 </lastmod></url><url>
	<loc> https://geoconnex.us/cuahsi/his/SNOTEL/464_OR_SNTL </loc>
		<lastmod> 2021-10-15 19:24:54.638434 </lastmod></url><url>
	<loc> https://geoconnex.us/cuahsi/his/SNOTEL/465_CO_SNTL </loc>
		<lastmod> 2021-10-15 19:24:54.638444 </lastmod></url><url>
	<loc> https://geoconnex.us/cuahsi/his/SNOTEL/910_WA_SNTL </loc>
		<lastmod> 2021-10-15 19:24:54.638454 </lastmod></url><url>
	<loc> https://geoconnex.us/cuahsi/his/SNOTEL/466_ID_SNTL </loc>
		<lastmod> 2021-10-15 19:24:54.638464 </lastmod></url><url>
	<loc> https://geoconnex.us/cuahsi/his/SNOTEL/921_NM_SNTL </loc>
		<lastmod> 2021-10-15 19:24:54.638474 </lastmod></url><url>
	<loc> https://geoconnex.us/cuahsi/his/SNOTEL/1106_MT_SNTL </loc>
		<lastmod> 2021-10-15 19:24:54.638484 </lastmod></url><url>
	<loc> https://geoconnex.us/cuahsi/his/SNOTEL/467_CO_SNTL </loc>
		<lastmod> 2021-10-15 19:24:54.638493 </lastmod></url><url>
	<loc> https://geoconnex.us/cuahsi/his/SNOTEL/468_WY_SNTL </loc>
		<lastmod> 2021-10-15 19:24:54.638503 </lastmod></url><url>
	<loc> https://geoconnex.us/cuahsi/his/SNOTEL/1252_CO_SNTL </loc>
		<lastmod> 2021-10-15 19:24:54.638513 </lastmod></url><url>
	<loc> https://geoconnex.us/cuahsi/his/SNOTEL/1120_CO_SNTL </loc>
		<lastmod> 2021-10-15 19:24:54.638523 </lastmod></url><url>
	<loc> https://geoconnex.us/cuahsi/his/SNOTEL/469_MT_SNTL </loc>
		<lastmod> 2021-10-15 19:24:54.638533 </lastmod></url><url>
	<loc> https://geoconnex.us/cuahsi/his/SNOTEL/470_OR_SNTL </loc>
		<lastmod> 2021-10-15 19:24:54.638542 </lastmod></url><url>
	<loc> https://geoconnex.us/cuahsi/his/SNOTEL/471_ID_SNTL </loc>
		<lastmod> 2021-10-15 19:24:54.638552 </lastmod></url><url>
	<loc> https://geoconnex.us/cuahsi/his/SNOTEL/1027_OR_SNTL </loc>
		<lastmod> 2021-10-15 19:24:54.638563 </lastmod></url><url>
	<loc> https://geoconnex.us/cuahsi/his/SNOTEL/1026_OR_SNTL </loc>
		<lastmod> 2021-10-15 19:24:54.638572 </lastmod></url><url>
	<loc> https://geoconnex.us/cuahsi/his/SNOTEL/1028_OR_SNTL </loc>
		<lastmod> 2021-10-15 19:24:54.638582 </lastmod></url><url>
	<loc> https://geoconnex.us/cuahsi/his/SNOTEL/1022_OR_SNTL </loc>
		<lastmod> 2021-10-15 19:24:54.638593 </lastmod></url><url>
	<loc> https://geoconnex.us/cuahsi/his/SNOTEL/1023_OR_SNTL </loc>
		<lastmod> 2021-10-15 19:24:54.638603 </lastmod></url><url>
	<loc> https://geoconnex.us/cuahsi/his/SNOTEL/1029_OR_SNTL </loc>
		<lastmod> 2021-10-15 19:24:54.638612 </lastmod></url><url>
	<loc> https://geoconnex.us/cuahsi/his/SNOTEL/1021_OR_SNTL </loc>
		<lastmod> 2021-10-15 19:24:54.638622 </lastmod></url><url>
	<loc> https://geoconnex.us/cuahsi/his/SNOTEL/1020_OR_SNTL </loc>
		<lastmod> 2021-10-15 19:24:54.638633 </lastmod></url><url>
	<loc> https://geoconnex.us/cuahsi/his/SNOTEL/995_WA_SNTL </loc>
		<lastmod> 2021-10-15 19:24:54.638643 </lastmod></url><url>
	<loc> https://geoconnex.us/cuahsi/his/SNOTEL/994_WA_SNTL </loc>
		<lastmod> 2021-10-15 19:24:54.638653 </lastmod></url><url>
	<loc> https://geoconnex.us/cuahsi/his/SNOTEL/1019_OR_SNTL </loc>
		<lastmod> 2021-10-15 19:24:54.638663 </lastmod></url><url>
	<loc> https://geoconnex.us/cuahsi/his/SNOTEL/1018_OR_SNTL </loc>
		<lastmod> 2021-10-15 19:24:54.638673 </lastmod></url><url>
	<loc> https://geoconnex.us/cuahsi/his/SNOTEL/1025_OR_SNTL </loc>
		<lastmod> 2021-10-15 19:24:54.638682 </lastmod></url><url>
	<loc> https://geoconnex.us/cuahsi/his/SNOTEL/1024_OR_SNTL </loc>
		<lastmod> 2021-10-15 19:24:54.638692 </lastmod></url><url>
	<loc> https://geoconnex.us/cuahsi/his/SNOTEL/1004_WA_SNTL </loc>
		<lastmod> 2021-10-15 19:24:54.638702 </lastmod></url><url>
	<loc> https://geoconnex.us/cuahsi/his/SNOTEL/976_OR_SNTL </loc>
		<lastmod> 2021-10-15 19:24:54.638712 </lastmod></url><url>
	<loc> https://geoconnex.us/cuahsi/his/SNOTEL/1071_AK_SNTL </loc>
		<lastmod> 2021-10-15 19:24:54.638722 </lastmod></url><url>
	<loc> https://geoconnex.us/cuahsi/his/SNOTEL/472_WY_SNTL </loc>
		<lastmod> 2021-10-15 19:24:54.638732 </lastmod></url><url>
	<loc> https://geoconnex.us/cuahsi/his/SNOTEL/1092_AK_SNTL </loc>
		<lastmod> 2021-10-15 19:24:54.638741 </lastmod></url><url>
	<loc> https://geoconnex.us/cuahsi/his/SNOTEL/1174_AK_SNTL </loc>
		<lastmod> 2021-10-15 19:24:54.638751 </lastmod></url><url>
	<loc> https://geoconnex.us/cuahsi/his/SNOTEL/473_CA_SNTL </loc>
		<lastmod> 2021-10-15 19:24:54.638761 </lastmod></url><url>
	<loc> https://geoconnex.us/cuahsi/his/SNOTEL/474_UT_SNTL </loc>
		<lastmod> 2021-10-15 19:24:54.638771 </lastmod></url><url>
	<loc> https://geoconnex.us/cuahsi/his/SNOTEL/1054_UT_SNTL </loc>
		<lastmod> 2021-10-15 19:24:54.638781 </lastmod></url><url>
	<loc> https://geoconnex.us/cuahsi/his/SNOTEL/475_UT_SNTL </loc>
		<lastmod> 2021-10-15 19:24:54.638792 </lastmod></url><url>
	<loc> https://geoconnex.us/cuahsi/his/SNOTEL/476_NV_SNTL </loc>
		<lastmod> 2021-10-15 19:24:54.638801 </lastmod></url><url>
	<loc> https://geoconnex.us/cuahsi/his/SNOTEL/1268_AK_SNTL </loc>
		<lastmod> 2021-10-15 19:24:54.638811 </lastmod></url><url>
	<loc> https://geoconnex.us/cuahsi/his/SNOTEL/477_OR_SNTL </loc>
		<lastmod> 2021-10-15 19:24:54.638821 </lastmod></url><url>
	<loc> https://geoconnex.us/cuahsi/his/SNOTEL/478_WA_SNTL </loc>
		<lastmod> 2021-10-15 19:24:54.638830 </lastmod></url><url>
	<loc> https://geoconnex.us/cuahsi/his/SNOTEL/1149_UT_SNTL </loc>
		<lastmod> 2021-10-15 19:24:54.638840 </lastmod></url><url>
	<loc> https://geoconnex.us/cuahsi/his/SNOTEL/479_OR_SNTL </loc>
		<lastmod> 2021-10-15 19:24:54.638850 </lastmod></url><url>
	<loc> https://geoconnex.us/cuahsi/his/SNOTEL/480_MT_SNTL </loc>
		<lastmod> 2021-10-15 19:24:54.638859 </lastmod></url><url>
	<loc> https://geoconnex.us/cuahsi/his/SNOTEL/481_UT_SNTL </loc>
		<lastmod> 2021-10-15 19:24:54.638869 </lastmod></url><url>
	<loc> https://geoconnex.us/cuahsi/his/SNOTEL/482_MT_SNTL </loc>
		<lastmod> 2021-10-15 19:24:54.638878 </lastmod></url><url>
	<loc> https://geoconnex.us/cuahsi/his/SNOTEL/1285_AK_SNTL </loc>
		<lastmod> 2021-10-15 19:24:54.638888 </lastmod></url><url>
	<loc> https://geoconnex.us/cuahsi/his/SNOTEL/1186_CO_SNTL </loc>
		<lastmod> 2021-10-15 19:24:54.638898 </lastmod></url><url>
	<loc> https://geoconnex.us/cuahsi/his/SNOTEL/1049_CA_SNTL </loc>
		<lastmod> 2021-10-15 19:24:54.638907 </lastmod></url><url>
	<loc> https://geoconnex.us/cuahsi/his/SNOTEL/1121_AZ_SNTL </loc>
		<lastmod> 2021-10-15 19:24:54.638917 </lastmod></url><url>
	<loc> https://geoconnex.us/cuahsi/his/SNOTEL/961_AK_SNTL </loc>
		<lastmod> 2021-10-15 19:24:54.638952 </lastmod></url><url>
	<loc> https://geoconnex.us/cuahsi/his/SNOTEL/483_OR_SNTL </loc>
		<lastmod> 2021-10-15 19:24:54.638964 </lastmod></url><url>
	<loc> https://geoconnex.us/cuahsi/his/SNOTEL/484_ID_SNTL </loc>
		<lastmod> 2021-10-15 19:24:54.638974 </lastmod></url><url>
	<loc> https://geoconnex.us/cuahsi/his/SNOTEL/1277_CA_SNTL </loc>
		<lastmod> 2021-10-15 19:24:54.638984 </lastmod></url><url>
	<loc> https://geoconnex.us/cuahsi/his/SNOTEL/485_CO_SNTL </loc>
		<lastmod> 2021-10-15 19:24:54.638993 </lastmod></url><url>
	<loc> https://geoconnex.us/cuahsi/his/SNOTEL/486_NM_SNTL </loc>
		<lastmod> 2021-10-15 19:24:54.639003 </lastmod></url><url>
	<loc> https://geoconnex.us/cuahsi/his/SNOTEL/487_MT_SNTL </loc>
		<lastmod> 2021-10-15 19:24:54.639013 </lastmod></url><url>
	<loc> https://geoconnex.us/cuahsi/his/SNOTEL/488_AZ_SNTL </loc>
		<lastmod> 2021-10-15 19:24:54.639022 </lastmod></url><url>
	<loc> https://geoconnex.us/cuahsi/his/SNOTEL/1262_NV_SNTL </loc>
		<lastmod> 2021-10-15 19:24:54.639032 </lastmod></url><url>
	<loc> https://geoconnex.us/cuahsi/his/SNOTEL/489_ID_SNTL </loc>
		<lastmod> 2021-10-15 19:24:54.639041 </lastmod></url><url>
	<loc> https://geoconnex.us/cuahsi/his/SNOTEL/490_ID_SNTL </loc>
		<lastmod> 2021-10-15 19:24:54.639051 </lastmod></url><url>
	<loc> https://geoconnex.us/cuahsi/his/SNOTEL/491_NM_SNTL </loc>
		<lastmod> 2021-10-15 19:24:54.639060 </lastmod></url><url>
	<loc> https://geoconnex.us/cuahsi/his/SNOTEL/1114_UT_SNTL </loc>
		<lastmod> 2021-10-15 19:24:54.639070 </lastmod></url><url>
	<loc> https://geoconnex.us/cuahsi/his/SNOTEL/1066_UT_SNTL </loc>
		<lastmod> 2021-10-15 19:24:54.639080 </lastmod></url><url>
	<loc> https://geoconnex.us/cuahsi/his/SNOTEL/492_ID_SNTL </loc>
		<lastmod> 2021-10-15 19:24:54.639089 </lastmod></url><url>
	<loc> https://geoconnex.us/cuahsi/his/SNOTEL/1173_NM_SNTL </loc>
		<lastmod> 2021-10-15 19:24:54.639099 </lastmod></url><url>
	<loc> https://geoconnex.us/cuahsi/his/SNOTEL/918_MT_SNTL </loc>
		<lastmod> 2021-10-15 19:24:54.639109 </lastmod></url><url>
	<loc> https://geoconnex.us/cuahsi/his/SNOTEL/1221_UT_SNTL </loc>
		<lastmod> 2021-10-15 19:24:54.639118 </lastmod></url><url>
	<loc> https://geoconnex.us/cuahsi/his/SNOTEL/1222_UT_SNTL </loc>
		<lastmod> 2021-10-15 19:24:54.639128 </lastmod></url><url>
	<loc> https://geoconnex.us/cuahsi/his/SNOTEL/1151_UT_SNTL </loc>
		<lastmod> 2021-10-15 19:24:54.639138 </lastmod></url><url>
	<loc> https://geoconnex.us/cuahsi/his/SNOTEL/945_OR_SNTL </loc>
		<lastmod> 2021-10-15 19:24:54.639147 </lastmod></url><url>
	<loc> https://geoconnex.us/cuahsi/his/SNOTEL/493_ID_SNTL </loc>
		<lastmod> 2021-10-15 19:24:54.639157 </lastmod></url><url>
	<loc> https://geoconnex.us/cuahsi/his/SNOTEL/1057_CO_SNTL </loc>
		<lastmod> 2021-10-15 19:24:54.639166 </lastmod></url><url>
	<loc> https://geoconnex.us/cuahsi/his/SNOTEL/257_NV_SNTL </loc>
		<lastmod> 2021-10-15 19:24:54.639176 </lastmod></url><url>
	<loc> https://geoconnex.us/cuahsi/his/SNOTEL/962_AK_SNTL </loc>
		<lastmod> 2021-10-15 19:24:54.639185 </lastmod></url><url>
	<loc> https://geoconnex.us/cuahsi/his/SNOTEL/1195_NV_SNTL </loc>
		<lastmod> 2021-10-15 19:24:54.639195 </lastmod></url><url>
	<loc> https://geoconnex.us/cuahsi/his/SNOTEL/1159_WA_SNTL </loc>
		<lastmod> 2021-10-15 19:24:54.639205 </lastmod></url><url>
	<loc> https://geoconnex.us/cuahsi/his/SNOTEL/494_OR_SNTL </loc>
		<lastmod> 2021-10-15 19:24:54.639215 </lastmod></url><url>
	<loc> https://geoconnex.us/cuahsi/his/SNOTEL/1256_WA_SNTL </loc>
		<lastmod> 2021-10-15 19:24:54.639225 </lastmod></url><url>
	<loc> https://geoconnex.us/cuahsi/his/SNOTEL/495_UT_SNTL </loc>
		<lastmod> 2021-10-15 19:24:54.639235 </lastmod></url><url>
	<loc> https://geoconnex.us/cuahsi/his/SNOTEL/1184_UT_SNTL </loc>
		<lastmod> 2021-10-15 19:24:54.639245 </lastmod></url><url>
	<loc> https://geoconnex.us/cuahsi/his/SNOTEL/496_ID_SNTL </loc>
		<lastmod> 2021-10-15 19:24:54.639255 </lastmod></url><url>
	<loc> https://geoconnex.us/cuahsi/his/SNOTEL/1082_WY_SNTL </loc>
		<lastmod> 2021-10-15 19:24:54.639264 </lastmod></url><url>
	<loc> https://geoconnex.us/cuahsi/his/SNOTEL/956_AK_SNTL </loc>
		<lastmod> 2021-10-15 19:24:54.639274 </lastmod></url><url>
	<loc> https://geoconnex.us/cuahsi/his/SNOTEL/497_WY_SNTL </loc>
		<lastmod> 2021-10-15 19:24:54.639284 </lastmod></url><url>
	<loc> https://geoconnex.us/cuahsi/his/SNOTEL/963_AK_SNTL </loc>
		<lastmod> 2021-10-15 19:24:54.639294 </lastmod></url><url>
	<loc> https://geoconnex.us/cuahsi/his/SNOTEL/498_NV_SNTL </loc>
		<lastmod> 2021-10-15 19:24:54.639304 </lastmod></url><url>
	<loc> https://geoconnex.us/cuahsi/his/SNOTEL/499_WY_SNTL </loc>
		<lastmod> 2021-10-15 19:24:54.639313 </lastmod></url><url>
	<loc> https://geoconnex.us/cuahsi/his/SNOTEL/500_MT_SNTL </loc>
		<lastmod> 2021-10-15 19:24:54.639323 </lastmod></url><url>
	<loc> https://geoconnex.us/cuahsi/his/SNOTEL/501_WY_SNTL </loc>
		<lastmod> 2021-10-15 19:24:54.639333 </lastmod></url><url>
	<loc> https://geoconnex.us/cuahsi/his/SNOTEL/1058_CO_SNTL </loc>
		<lastmod> 2021-10-15 19:24:54.639342 </lastmod></url><url>
	<loc> https://geoconnex.us/cuahsi/his/SNOTEL/502_WA_SNTL </loc>
		<lastmod> 2021-10-15 19:24:54.639352 </lastmod></url><url>
	<loc> https://geoconnex.us/cuahsi/his/SNOTEL/503_NV_SNTL </loc>
		<lastmod> 2021-10-15 19:24:54.639362 </lastmod></url><url>
	<loc> https://geoconnex.us/cuahsi/his/SNOTEL/504_OR_SNTL </loc>
		<lastmod> 2021-10-15 19:24:54.639371 </lastmod></url><url>
	<loc> https://geoconnex.us/cuahsi/his/SNOTEL/505_CO_SNTL </loc>
		<lastmod> 2021-10-15 19:24:54.639381 </lastmod></url><url>
	<loc> https://geoconnex.us/cuahsi/his/SNOTEL/506_WY_SNTL </loc>
		<lastmod> 2021-10-15 19:24:54.639391 </lastmod></url><url>
	<loc> https://geoconnex.us/cuahsi/his/SNOTEL/507_WA_SNTL </loc>
		<lastmod> 2021-10-15 19:24:54.639400 </lastmod></url><url>
	<loc> https://geoconnex.us/cuahsi/his/SNOTEL/964_AK_SNTL </loc>
		<lastmod> 2021-10-15 19:24:54.639410 </lastmod></url><url>
	<loc> https://geoconnex.us/cuahsi/his/SNOTEL/944_WY_SNTL </loc>
		<lastmod> 2021-10-15 19:24:54.639420 </lastmod></url><url>
	<loc> https://geoconnex.us/cuahsi/his/SNOTEL/1065_UT_SNTL </loc>
		<lastmod> 2021-10-15 19:24:54.639429 </lastmod></url><url>
	<loc> https://geoconnex.us/cuahsi/his/SNOTEL/508_CA_SNTL </loc>
		<lastmod> 2021-10-15 19:24:54.639439 </lastmod></url><url>
	<loc> https://geoconnex.us/cuahsi/his/SNOTEL/248_CO_SNTL </loc>
		<lastmod> 2021-10-15 19:24:54.639454 </lastmod></url><url>
	<loc> https://geoconnex.us/cuahsi/his/SNOTEL/509_WY_SNTL </loc>
		<lastmod> 2021-10-15 19:24:54.639466 </lastmod></url><url>
	<loc> https://geoconnex.us/cuahsi/his/SNOTEL/510_MT_SNTL </loc>
		<lastmod> 2021-10-15 19:24:54.639476 </lastmod></url><url>
	<loc> https://geoconnex.us/cuahsi/his/SNOTEL/511_AZ_SNTL </loc>
		<lastmod> 2021-10-15 19:24:54.639486 </lastmod></url><url>
	<loc> https://geoconnex.us/cuahsi/his/SNOTEL/512_WY_SNTL </loc>
		<lastmod> 2021-10-15 19:24:54.639496 </lastmod></url><url>
	<loc> https://geoconnex.us/cuahsi/his/SNOTEL/969_AZ_SNTL </loc>
		<lastmod> 2021-10-15 19:24:54.639506 </lastmod></url><url>
	<loc> https://geoconnex.us/cuahsi/his/SNOTEL/896_UT_SNTL </loc>
		<lastmod> 2021-10-15 19:24:54.639516 </lastmod></url><url>
	<loc> https://geoconnex.us/cuahsi/his/SNOTEL/514_UT_SNTL </loc>
		<lastmod> 2021-10-15 19:24:54.639525 </lastmod></url><url>
	<loc> https://geoconnex.us/cuahsi/his/SNOTEL/515_WA_SNTL </loc>
		<lastmod> 2021-10-15 19:24:54.639536 </lastmod></url><url>
	<loc> https://geoconnex.us/cuahsi/his/SNOTEL/516_MT_SNTL </loc>
		<lastmod> 2021-10-15 19:24:54.639546 </lastmod></url><url>
	<loc> https://geoconnex.us/cuahsi/his/SNOTEL/1271_AZ_SNTL </loc>
		<lastmod> 2021-10-15 19:24:54.639556 </lastmod></url><url>
	<loc> https://geoconnex.us/cuahsi/his/SNOTEL/517_UT_SNTL </loc>
		<lastmod> 2021-10-15 19:24:54.639566 </lastmod></url><url>
	<loc> https://geoconnex.us/cuahsi/his/SNOTEL/1102_CO_SNTL </loc>
		<lastmod> 2021-10-15 19:24:54.639576 </lastmod></url><url>
	<loc> https://geoconnex.us/cuahsi/his/SNOTEL/518_CA_SNTL </loc>
		<lastmod> 2021-10-15 19:24:54.639586 </lastmod></url><url>
	<loc> https://geoconnex.us/cuahsi/his/SNOTEL/519_AZ_SNTL </loc>
		<lastmod> 2021-10-15 19:24:54.639596 </lastmod></url><url>
	<loc> https://geoconnex.us/cuahsi/his/SNOTEL/1270_AK_SNTL </loc>
		<lastmod> 2021-10-15 19:24:54.639606 </lastmod></url><url>
	<loc> https://geoconnex.us/cuahsi/his/SNOTEL/520_ID_SNTL </loc>
		<lastmod> 2021-10-15 19:24:54.639616 </lastmod></url><url>
	<loc> https://geoconnex.us/cuahsi/his/SNOTEL/521_UT_SNTL </loc>
		<lastmod> 2021-10-15 19:24:54.639627 </lastmod></url><url>
	<loc> https://geoconnex.us/cuahsi/his/SNOTEL/522_UT_SNTL </loc>
		<lastmod> 2021-10-15 19:24:54.639637 </lastmod></url><url>
	<loc> https://geoconnex.us/cuahsi/his/SNOTEL/988_ID_SNTL </loc>
		<lastmod> 2021-10-15 19:24:54.639647 </lastmod></url><url>
	<loc> https://geoconnex.us/cuahsi/his/SNOTEL/1187_CO_SNTL </loc>
		<lastmod> 2021-10-15 19:24:54.639657 </lastmod></url><url>
	<loc> https://geoconnex.us/cuahsi/his/SNOTEL/523_OR_SNTL </loc>
		<lastmod> 2021-10-15 19:24:54.639667 </lastmod></url><url>
	<loc> https://geoconnex.us/cuahsi/his/SNOTEL/524_ID_SNTL </loc>
		<lastmod> 2021-10-15 19:24:54.639677 </lastmod></url><url>
	<loc> https://geoconnex.us/cuahsi/his/SNOTEL/1223_UT_SNTL </loc>
		<lastmod> 2021-10-15 19:24:54.639706 </lastmod></url><url>
	<loc> https://geoconnex.us/cuahsi/his/SNOTEL/525_WY_SNTL </loc>
		<lastmod> 2021-10-15 19:24:54.639716 </lastmod></url><url>
	<loc> https://geoconnex.us/cuahsi/his/SNOTEL/526_OR_SNTL </loc>
		<lastmod> 2021-10-15 19:24:54.639727 </lastmod></url><url>
	<loc> https://geoconnex.us/cuahsi/his/SNOTEL/527_NV_SNTL </loc>
		<lastmod> 2021-10-15 19:24:54.639737 </lastmod></url><url>
	<loc> https://geoconnex.us/cuahsi/his/SNOTEL/528_UT_SNTL </loc>
		<lastmod> 2021-10-15 19:24:54.639748 </lastmod></url><url>
	<loc> https://geoconnex.us/cuahsi/his/SNOTEL/529_OR_SNTL </loc>
		<lastmod> 2021-10-15 19:24:54.639758 </lastmod></url><url>
	<loc> https://geoconnex.us/cuahsi/his/SNOTEL/530_MT_SNTL </loc>
		<lastmod> 2021-10-15 19:24:54.639769 </lastmod></url><url>
	<loc> https://geoconnex.us/cuahsi/his/SNOTEL/531_CO_SNTL </loc>
		<lastmod> 2021-10-15 19:24:54.639780 </lastmod></url><url>
	<loc> https://geoconnex.us/cuahsi/his/SNOTEL/532_NM_SNTL </loc>
		<lastmod> 2021-10-15 19:24:54.639790 </lastmod></url><url>
	<loc> https://geoconnex.us/cuahsi/his/SNOTEL/1050_CA_SNTL </loc>
		<lastmod> 2021-10-15 19:24:54.639801 </lastmod></url><url>
	<loc> https://geoconnex.us/cuahsi/his/SNOTEL/533_UT_SNTL </loc>
		<lastmod> 2021-10-15 19:24:54.639811 </lastmod></url><url>
	<loc> https://geoconnex.us/cuahsi/his/SNOTEL/1122_CO_SNTL </loc>
		<lastmod> 2021-10-15 19:24:54.639839 </lastmod></url><url>
	<loc> https://geoconnex.us/cuahsi/his/SNOTEL/1158_OR_SNTL </loc>
		<lastmod> 2021-10-15 19:24:54.639849 </lastmod></url><url>
	<loc> https://geoconnex.us/cuahsi/his/SNOTEL/534_ID_SNTL </loc>
		<lastmod> 2021-10-15 19:24:54.639859 </lastmod></url><url>
	<loc> https://geoconnex.us/cuahsi/his/SNOTEL/991_WA_SNTL </loc>
		<lastmod> 2021-10-15 19:24:54.639870 </lastmod></url><url>
	<loc> https://geoconnex.us/cuahsi/his/SNOTEL/928_WA_SNTL </loc>
		<lastmod> 2021-10-15 19:24:54.639880 </lastmod></url><url>
	<loc> https://geoconnex.us/cuahsi/his/SNOTEL/535_ID_SNTL </loc>
		<lastmod> 2021-10-15 19:24:54.639890 </lastmod></url><url>
	<loc> https://geoconnex.us/cuahsi/his/SNOTEL/1216_UT_SNTL </loc>
		<lastmod> 2021-10-15 19:24:54.639901 </lastmod></url><url>
	<loc> https://geoconnex.us/cuahsi/his/SNOTEL/259_OR_SNTL </loc>
		<lastmod> 2021-10-15 19:24:54.639911 </lastmod></url><url>
	<loc> https://geoconnex.us/cuahsi/his/SNOTEL/537_ID_SNTL </loc>
		<lastmod> 2021-10-15 19:24:54.639922 </lastmod></url><url>
	<loc> https://geoconnex.us/cuahsi/his/SNOTEL/538_CO_SNTL </loc>
		<lastmod> 2021-10-15 19:24:54.639932 </lastmod></url><url>
	<loc> https://geoconnex.us/cuahsi/his/SNOTEL/968_AK_SNTL </loc>
		<lastmod> 2021-10-15 19:24:54.639943 </lastmod></url><url>
	<loc> https://geoconnex.us/cuahsi/his/SNOTEL/539_CA_SNTL </loc>
		<lastmod> 2021-10-15 19:24:54.639953 </lastmod></url><url>
	<loc> https://geoconnex.us/cuahsi/his/SNOTEL/540_CA_SNTL </loc>
		<lastmod> 2021-10-15 19:24:54.639989 </lastmod></url><url>
	<loc> https://geoconnex.us/cuahsi/his/SNOTEL/541_CA_SNTL </loc>
		<lastmod> 2021-10-15 19:24:54.640003 </lastmod></url><url>
	<loc> https://geoconnex.us/cuahsi/his/SNOTEL/1091_AK_SNTL </loc>
		<lastmod> 2021-10-15 19:24:54.640013 </lastmod></url><url>
	<loc> https://geoconnex.us/cuahsi/his/SNOTEL/542_CO_SNTL </loc>
		<lastmod> 2021-10-15 19:24:54.640040 </lastmod></url><url>
	<loc> https://geoconnex.us/cuahsi/his/SNOTEL/543_UT_SNTL </loc>
		<lastmod> 2021-10-15 19:24:54.640050 </lastmod></url><url>
	<loc> https://geoconnex.us/cuahsi/his/SNOTEL/544_WY_SNTL </loc>
		<lastmod> 2021-10-15 19:24:54.640060 </lastmod></url><url>
	<loc> https://geoconnex.us/cuahsi/his/SNOTEL/946_AK_SNTL </loc>
		<lastmod> 2021-10-15 19:24:54.640070 </lastmod></url><url>
	<loc> https://geoconnex.us/cuahsi/his/SNOTEL/1129_WA_SNTL </loc>
		<lastmod> 2021-10-15 19:24:54.640080 </lastmod></url><url>
	<loc> https://geoconnex.us/cuahsi/his/SNOTEL/266_WY_SNTL </loc>
		<lastmod> 2021-10-15 19:24:54.640091 </lastmod></url><url>
	<loc> https://geoconnex.us/cuahsi/his/SNOTEL/545_OR_SNTL </loc>
		<lastmod> 2021-10-15 19:24:54.640101 </lastmod></url><url>
	<loc> https://geoconnex.us/cuahsi/his/SNOTEL/1276_ID_SNTL </loc>
		<lastmod> 2021-10-15 19:24:54.640111 </lastmod></url><url>
	<loc> https://geoconnex.us/cuahsi/his/SNOTEL/546_ID_SNTL </loc>
		<lastmod> 2021-10-15 19:24:54.640121 </lastmod></url><url>
	<loc> https://geoconnex.us/cuahsi/his/SNOTEL/547_CO_SNTL </loc>
		<lastmod> 2021-10-15 19:24:54.640131 </lastmod></url><url>
	<loc> https://geoconnex.us/cuahsi/his/SNOTEL/548_NV_SNTL </loc>
		<lastmod> 2021-10-15 19:24:54.640141 </lastmod></url><url>
	<loc> https://geoconnex.us/cuahsi/his/SNOTEL/1275_AK_SNTL </loc>
		<lastmod> 2021-10-15 19:24:54.640151 </lastmod></url><url>
	<loc> https://geoconnex.us/cuahsi/his/SNOTEL/549_NV_SNTL </loc>
		<lastmod> 2021-10-15 19:24:54.640161 </lastmod></url><url>
	<loc> https://geoconnex.us/cuahsi/his/SNOTEL/550_ID_SNTL </loc>
		<lastmod> 2021-10-15 19:24:54.640171 </lastmod></url><url>
	<loc> https://geoconnex.us/cuahsi/his/SNOTEL/935_CO_SNTL </loc>
		<lastmod> 2021-10-15 19:24:54.640182 </lastmod></url><url>
	<loc> https://geoconnex.us/cuahsi/his/SNOTEL/1211_NV_SNTL </loc>
		<lastmod> 2021-10-15 19:24:54.640192 </lastmod></url><url>
	<loc> https://geoconnex.us/cuahsi/his/SNOTEL/551_CO_SNTL </loc>
		<lastmod> 2021-10-15 19:24:54.640202 </lastmod></url><url>
	<loc> https://geoconnex.us/cuahsi/his/SNOTEL/1036_AK_SNTL </loc>
		<lastmod> 2021-10-15 19:24:54.640213 </lastmod></url><url>
	<loc> https://geoconnex.us/cuahsi/his/SNOTEL/1099_UT_SNTL </loc>
		<lastmod> 2021-10-15 19:24:54.640222 </lastmod></url><url>
	<loc> https://geoconnex.us/cuahsi/his/SNOTEL/970_CO_SNTL </loc>
		<lastmod> 2021-10-15 19:24:54.640232 </lastmod></url><url>
	<loc> https://geoconnex.us/cuahsi/his/SNOTEL/552_OR_SNTL </loc>
		<lastmod> 2021-10-15 19:24:54.640242 </lastmod></url><url>
	<loc> https://geoconnex.us/cuahsi/his/SNOTEL/553_WA_SNTL </loc>
		<lastmod> 2021-10-15 19:24:54.640252 </lastmod></url><url>
	<loc> https://geoconnex.us/cuahsi/his/SNOTEL/1063_AK_SNTL </loc>
		<lastmod> 2021-10-15 19:24:54.640262 </lastmod></url><url>
	<loc> https://geoconnex.us/cuahsi/his/SNOTEL/1150_NV_SNTL </loc>
		<lastmod> 2021-10-15 19:24:54.640272 </lastmod></url><url>
	<loc> https://geoconnex.us/cuahsi/his/SNOTEL/1072_AK_SNTL </loc>
		<lastmod> 2021-10-15 19:24:54.640282 </lastmod></url><url>
	<loc> https://geoconnex.us/cuahsi/his/SNOTEL/554_WY_SNTL </loc>
		<lastmod> 2021-10-15 19:24:54.640292 </lastmod></url><url>
	<loc> https://geoconnex.us/cuahsi/his/SNOTEL/1175_AK_SNTL </loc>
		<lastmod> 2021-10-15 19:24:54.640302 </lastmod></url><url>
	<loc> https://geoconnex.us/cuahsi/his/SNOTEL/966_AK_SNTL </loc>
		<lastmod> 2021-10-15 19:24:54.640312 </lastmod></url><url>
	<loc> https://geoconnex.us/cuahsi/his/SNOTEL/555_WY_SNTL </loc>
		<lastmod> 2021-10-15 19:24:54.640322 </lastmod></url><url>
	<loc> https://geoconnex.us/cuahsi/his/SNOTEL/1145_UT_SNTL </loc>
		<lastmod> 2021-10-15 19:24:54.640333 </lastmod></url><url>
	<loc> https://geoconnex.us/cuahsi/his/SNOTEL/556_CO_SNTL </loc>
		<lastmod> 2021-10-15 19:24:54.640343 </lastmod></url><url>
	<loc> https://geoconnex.us/cuahsi/his/SNOTEL/557_UT_SNTL </loc>
		<lastmod> 2021-10-15 19:24:54.640353 </lastmod></url><url>
	<loc> https://geoconnex.us/cuahsi/his/SNOTEL/558_OR_SNTL </loc>
		<lastmod> 2021-10-15 19:24:54.640363 </lastmod></url><url>
	<loc> https://geoconnex.us/cuahsi/his/SNOTEL/559_UT_SNTL </loc>
		<lastmod> 2021-10-15 19:24:54.640373 </lastmod></url><url>
	<loc> https://geoconnex.us/cuahsi/his/SNOTEL/560_WY_SNTL </loc>
		<lastmod> 2021-10-15 19:24:54.640384 </lastmod></url><url>
	<loc> https://geoconnex.us/cuahsi/his/SNOTEL/1115_UT_SNTL </loc>
		<lastmod> 2021-10-15 19:24:54.640394 </lastmod></url><url>
	<loc> https://geoconnex.us/cuahsi/his/SNOTEL/201_AK_SNTL </loc>
		<lastmod> 2021-10-15 19:24:54.640404 </lastmod></url><url>
	<loc> https://geoconnex.us/cuahsi/his/SNOTEL/561_UT_SNTL </loc>
		<lastmod> 2021-10-15 19:24:54.640414 </lastmod></url><url>
	<loc> https://geoconnex.us/cuahsi/his/SNOTEL/562_MT_SNTL </loc>
		<lastmod> 2021-10-15 19:24:54.640424 </lastmod></url><url>
	<loc> https://geoconnex.us/cuahsi/his/SNOTEL/563_OR_SNTL </loc>
		<lastmod> 2021-10-15 19:24:54.640458 </lastmod></url><url>
	<loc> https://geoconnex.us/cuahsi/his/SNOTEL/564_CO_SNTL </loc>
		<lastmod> 2021-10-15 19:24:54.640470 </lastmod></url><url>
	<loc> https://geoconnex.us/cuahsi/his/SNOTEL/565_CO_SNTL </loc>
		<lastmod> 2021-10-15 19:24:54.640479 </lastmod></url><url>
	<loc> https://geoconnex.us/cuahsi/his/SNOTEL/566_UT_SNTL </loc>
		<lastmod> 2021-10-15 19:24:54.640489 </lastmod></url><url>
	<loc> https://geoconnex.us/cuahsi/his/SNOTEL/1116_UT_SNTL </loc>
		<lastmod> 2021-10-15 19:24:54.640499 </lastmod></url><url>
	<loc> https://geoconnex.us/cuahsi/his/SNOTEL/513_UT_SNTL </loc>
		<lastmod> 2021-10-15 19:24:54.640509 </lastmod></url><url>
	<loc> https://geoconnex.us/cuahsi/his/SNOTEL/568_MT_SNTL </loc>
		<lastmod> 2021-10-15 19:24:54.640520 </lastmod></url><url>
	<loc> https://geoconnex.us/cuahsi/his/SNOTEL/569_NV_SNTL </loc>
		<lastmod> 2021-10-15 19:24:54.640530 </lastmod></url><url>
	<loc> https://geoconnex.us/cuahsi/his/SNOTEL/570_NV_SNTL </loc>
		<lastmod> 2021-10-15 19:24:54.640540 </lastmod></url><url>
	<loc> https://geoconnex.us/cuahsi/his/SNOTEL/571_WY_SNTL </loc>
		<lastmod> 2021-10-15 19:24:54.640550 </lastmod></url><url>
	<loc> https://geoconnex.us/cuahsi/his/SNOTEL/1134_WY_SNTL </loc>
		<lastmod> 2021-10-15 19:24:54.640560 </lastmod></url><url>
	<loc> https://geoconnex.us/cuahsi/his/SNOTEL/572_UT_SNTL </loc>
		<lastmod> 2021-10-15 19:24:54.640570 </lastmod></url><url>
	<loc> https://geoconnex.us/cuahsi/his/SNOTEL/1215_UT_SNTL </loc>
		<lastmod> 2021-10-15 19:24:54.640580 </lastmod></url><url>
	<loc> https://geoconnex.us/cuahsi/his/SNOTEL/573_NV_SNTL </loc>
		<lastmod> 2021-10-15 19:24:54.640590 </lastmod></url><url>
	<loc> https://geoconnex.us/cuahsi/his/SNOTEL/574_CA_SNTL </loc>
		<lastmod> 2021-10-15 19:24:54.640601 </lastmod></url><url>
	<loc> https://geoconnex.us/cuahsi/his/SNOTEL/575_CA_SNTL </loc>
		<lastmod> 2021-10-15 19:24:54.640610 </lastmod></url><url>
	<loc> https://geoconnex.us/cuahsi/his/SNOTEL/1112_NV_SNTL </loc>
		<lastmod> 2021-10-15 19:24:54.640620 </lastmod></url><url>
	<loc> https://geoconnex.us/cuahsi/his/SNOTEL/576_MT_SNTL </loc>
		<lastmod> 2021-10-15 19:24:54.640630 </lastmod></url><url>
	<loc> https://geoconnex.us/cuahsi/his/SNOTEL/577_WY_SNTL </loc>
		<lastmod> 2021-10-15 19:24:54.640640 </lastmod></url><url>
	<loc> https://geoconnex.us/cuahsi/his/SNOTEL/1006_NV_SNTL </loc>
		<lastmod> 2021-10-15 19:24:54.640650 </lastmod></url><url>
	<loc> https://geoconnex.us/cuahsi/his/SNOTEL/578_MT_SNTL </loc>
		<lastmod> 2021-10-15 19:24:54.640660 </lastmod></url><url>
	<loc> https://geoconnex.us/cuahsi/his/SNOTEL/261_UT_SNTL </loc>
		<lastmod> 2021-10-15 19:24:54.640669 </lastmod></url><url>
	<loc> https://geoconnex.us/cuahsi/his/SNOTEL/1056_UT_SNTL </loc>
		<lastmod> 2021-10-15 19:24:54.640679 </lastmod></url><url>
	<loc> https://geoconnex.us/cuahsi/his/SNOTEL/579_UT_SNTL </loc>
		<lastmod> 2021-10-15 19:24:54.640690 </lastmod></url><url>
	<loc> https://geoconnex.us/cuahsi/his/SNOTEL/580_CO_SNTL </loc>
		<lastmod> 2021-10-15 19:24:54.640700 </lastmod></url><url>
	<loc> https://geoconnex.us/cuahsi/his/SNOTEL/582_UT_SNTL </loc>
		<lastmod> 2021-10-15 19:24:54.640710 </lastmod></url><url>
	<loc> https://geoconnex.us/cuahsi/his/SNOTEL/947_AK_SNTL </loc>
		<lastmod> 2021-10-15 19:24:54.640721 </lastmod></url><url>
	<loc> https://geoconnex.us/cuahsi/his/SNOTEL/1131_WY_SNTL </loc>
		<lastmod> 2021-10-15 19:24:54.640731 </lastmod></url><url>
	<loc> https://geoconnex.us/cuahsi/his/SNOTEL/583_UT_SNTL </loc>
		<lastmod> 2021-10-15 19:24:54.640741 </lastmod></url><url>
	<loc> https://geoconnex.us/cuahsi/his/SNOTEL/584_OR_SNTL </loc>
		<lastmod> 2021-10-15 19:24:54.640752 </lastmod></url><url>
	<loc> https://geoconnex.us/cuahsi/his/SNOTEL/1047_WY_SNTL </loc>
		<lastmod> 2021-10-15 19:24:54.640762 </lastmod></url><url>
	<loc> https://geoconnex.us/cuahsi/his/SNOTEL/1242_NV_SNTL </loc>
		<lastmod> 2021-10-15 19:24:54.640772 </lastmod></url><url>
	<loc> https://geoconnex.us/cuahsi/his/SNOTEL/585_WY_SNTL </loc>
		<lastmod> 2021-10-15 19:24:54.640783 </lastmod></url><url>
	<loc> https://geoconnex.us/cuahsi/his/SNOTEL/586_CO_SNTL </loc>
		<lastmod> 2021-10-15 19:24:54.640793 </lastmod></url><url>
	<loc> https://geoconnex.us/cuahsi/his/SNOTEL/587_CA_SNTL </loc>
		<lastmod> 2021-10-15 19:24:54.640803 </lastmod></url><url>
	<loc> https://geoconnex.us/cuahsi/his/SNOTEL/588_ID_SNTL </loc>
		<lastmod> 2021-10-15 19:24:54.640812 </lastmod></url><url>
	<loc> https://geoconnex.us/cuahsi/his/SNOTEL/589_CO_SNTL </loc>
		<lastmod> 2021-10-15 19:24:54.640822 </lastmod></url><url>
	<loc> https://geoconnex.us/cuahsi/his/SNOTEL/590_MT_SNTL </loc>
		<lastmod> 2021-10-15 19:24:54.640832 </lastmod></url><url>
	<loc> https://geoconnex.us/cuahsi/his/SNOTEL/591_WA_SNTL </loc>
		<lastmod> 2021-10-15 19:24:54.640842 </lastmod></url><url>
	<loc> https://geoconnex.us/cuahsi/his/SNOTEL/1261_UT_SNTL </loc>
		<lastmod> 2021-10-15 19:24:54.640852 </lastmod></url><url>
	<loc> https://geoconnex.us/cuahsi/his/SNOTEL/1123_CO_SNTL </loc>
		<lastmod> 2021-10-15 19:24:54.640862 </lastmod></url><url>
	<loc> https://geoconnex.us/cuahsi/his/SNOTEL/592_UT_SNTL </loc>
		<lastmod> 2021-10-15 19:24:54.640873 </lastmod></url><url>
	<loc> https://geoconnex.us/cuahsi/his/SNOTEL/1001_AK_SNTL </loc>
		<lastmod> 2021-10-15 19:24:54.640883 </lastmod></url><url>
	<loc> https://geoconnex.us/cuahsi/his/SNOTEL/1016_ID_SNTL </loc>
		<lastmod> 2021-10-15 19:24:54.640894 </lastmod></url><url>
	<loc> https://geoconnex.us/cuahsi/his/SNOTEL/593_UT_SNTL </loc>
		<lastmod> 2021-10-15 19:24:54.640904 </lastmod></url><url>
	<loc> https://geoconnex.us/cuahsi/his/SNOTEL/594_ID_SNTL </loc>
		<lastmod> 2021-10-15 19:24:54.640914 </lastmod></url><url>
	<loc> https://geoconnex.us/cuahsi/his/SNOTEL/595_NM_SNTL </loc>
		<lastmod> 2021-10-15 19:24:54.640924 </lastmod></url><url>
	<loc> https://geoconnex.us/cuahsi/his/SNOTEL/596_UT_SNTL </loc>
		<lastmod> 2021-10-15 19:24:54.640934 </lastmod></url><url>
	<loc> https://geoconnex.us/cuahsi/his/SNOTEL/597_WY_SNTL </loc>
		<lastmod> 2021-10-15 19:24:54.640944 </lastmod></url><url>
	<loc> https://geoconnex.us/cuahsi/his/SNOTEL/598_WY_SNTL </loc>
		<lastmod> 2021-10-15 19:24:54.640954 </lastmod></url><url>
	<loc> https://geoconnex.us/cuahsi/his/SNOTEL/1118_UT_SNTL </loc>
		<lastmod> 2021-10-15 19:24:54.640965 </lastmod></url><url>
	<loc> https://geoconnex.us/cuahsi/his/SNOTEL/940_CO_SNTL </loc>
		<lastmod> 2021-10-15 19:24:54.640975 </lastmod></url><url>
	<loc> https://geoconnex.us/cuahsi/his/SNOTEL/599_WA_SNTL </loc>
		<lastmod> 2021-10-15 19:24:54.640985 </lastmod></url><url>
	<loc> https://geoconnex.us/cuahsi/his/SNOTEL/600_ID_SNTL </loc>
		<lastmod> 2021-10-15 19:24:54.640995 </lastmod></url><url>
	<loc> https://geoconnex.us/cuahsi/his/SNOTEL/601_ID_SNTL </loc>
		<lastmod> 2021-10-15 19:24:54.641005 </lastmod></url><url>
	<loc> https://geoconnex.us/cuahsi/his/SNOTEL/972_UT_SNTL </loc>
		<lastmod> 2021-10-15 19:24:54.641015 </lastmod></url><url>
	<loc> https://geoconnex.us/cuahsi/his/SNOTEL/602_CO_SNTL </loc>
		<lastmod> 2021-10-15 19:24:54.641025 </lastmod></url><url>
	<loc> https://geoconnex.us/cuahsi/his/SNOTEL/1265_AK_SNTL </loc>
		<lastmod> 2021-10-15 19:24:54.641035 </lastmod></url><url>
	<loc> https://geoconnex.us/cuahsi/his/SNOTEL/603_MT_SNTL </loc>
		<lastmod> 2021-10-15 19:24:54.641045 </lastmod></url><url>
	<loc> https://geoconnex.us/cuahsi/his/SNOTEL/604_MT_SNTL </loc>
		<lastmod> 2021-10-15 19:24:54.641055 </lastmod></url><url>
	<loc> https://geoconnex.us/cuahsi/his/SNOTEL/605_OR_SNTL </loc>
		<lastmod> 2021-10-15 19:24:54.641066 </lastmod></url><url>
	<loc> https://geoconnex.us/cuahsi/his/SNOTEL/606_WA_SNTL </loc>
		<lastmod> 2021-10-15 19:24:54.641076 </lastmod></url><url>
	<loc> https://geoconnex.us/cuahsi/his/SNOTEL/1069_WA_SNTL </loc>
		<lastmod> 2021-10-15 19:24:54.641086 </lastmod></url><url>
	<loc> https://geoconnex.us/cuahsi/his/SNOTEL/607_CO_SNTL </loc>
		<lastmod> 2021-10-15 19:24:54.641096 </lastmod></url><url>
	<loc> https://geoconnex.us/cuahsi/his/SNOTEL/608_OR_SNTL </loc>
		<lastmod> 2021-10-15 19:24:54.641106 </lastmod></url><url>
	<loc> https://geoconnex.us/cuahsi/his/SNOTEL/609_MT_SNTL </loc>
		<lastmod> 2021-10-15 19:24:54.641116 </lastmod></url><url>
	<loc> https://geoconnex.us/cuahsi/his/SNOTEL/610_ID_SNTL </loc>
		<lastmod> 2021-10-15 19:24:54.641126 </lastmod></url><url>
	<loc> https://geoconnex.us/cuahsi/his/SNOTEL/611_SD_SNTL </loc>
		<lastmod> 2021-10-15 19:24:54.641135 </lastmod></url><url>
	<loc> https://geoconnex.us/cuahsi/his/SNOTEL/612_UT_SNTL </loc>
		<lastmod> 2021-10-15 19:24:54.641146 </lastmod></url><url>
	<loc> https://geoconnex.us/cuahsi/his/SNOTEL/905_CO_SNTL </loc>
		<lastmod> 2021-10-15 19:24:54.641156 </lastmod></url><url>
	<loc> https://geoconnex.us/cuahsi/his/SNOTEL/613_MT_SNTL </loc>
		<lastmod> 2021-10-15 19:24:54.641166 </lastmod></url><url>
	<loc> https://geoconnex.us/cuahsi/his/SNOTEL/614_OR_SNTL </loc>
		<lastmod> 2021-10-15 19:24:54.641177 </lastmod></url><url>
	<loc> https://geoconnex.us/cuahsi/his/SNOTEL/615_NV_SNTL </loc>
		<lastmod> 2021-10-15 19:24:54.641187 </lastmod></url><url>
	<loc> https://geoconnex.us/cuahsi/his/SNOTEL/616_WY_SNTL </loc>
		<lastmod> 2021-10-15 19:24:54.641197 </lastmod></url><url>
	<loc> https://geoconnex.us/cuahsi/his/SNOTEL/999_WA_SNTL </loc>
		<lastmod> 2021-10-15 19:24:54.641207 </lastmod></url><url>
	<loc> https://geoconnex.us/cuahsi/his/SNOTEL/617_AZ_SNTL </loc>
		<lastmod> 2021-10-15 19:24:54.641217 </lastmod></url><url>
	<loc> https://geoconnex.us/cuahsi/his/SNOTEL/1096_AK_SNTL </loc>
		<lastmod> 2021-10-15 19:24:54.641228 </lastmod></url><url>
	<loc> https://geoconnex.us/cuahsi/his/SNOTEL/254_MT_SNTL </loc>
		<lastmod> 2021-10-15 19:24:54.641238 </lastmod></url><url>
	<loc> https://geoconnex.us/cuahsi/his/SNOTEL/618_CO_SNTL </loc>
		<lastmod> 2021-10-15 19:24:54.641248 </lastmod></url><url>
	<loc> https://geoconnex.us/cuahsi/his/SNOTEL/1040_CO_SNTL </loc>
		<lastmod> 2021-10-15 19:24:54.641258 </lastmod></url><url>
	<loc> https://geoconnex.us/cuahsi/his/SNOTEL/619_OR_SNTL </loc>
		<lastmod> 2021-10-15 19:24:54.641269 </lastmod></url><url>
	<loc> https://geoconnex.us/cuahsi/his/SNOTEL/1048_NM_SNTL </loc>
		<lastmod> 2021-10-15 19:24:54.641279 </lastmod></url><url>
	<loc> https://geoconnex.us/cuahsi/his/SNOTEL/1003_AK_SNTL </loc>
		<lastmod> 2021-10-15 19:24:54.641289 </lastmod></url><url>
	<loc> https://geoconnex.us/cuahsi/his/SNOTEL/1191_AK_SNTL </loc>
		<lastmod> 2021-10-15 19:24:54.641299 </lastmod></url><url>
	<loc> https://geoconnex.us/cuahsi/his/SNOTEL/620_ID_SNTL </loc>
		<lastmod> 2021-10-15 19:24:54.641309 </lastmod></url><url>
	<loc> https://geoconnex.us/cuahsi/his/SNOTEL/897_WA_SNTL </loc>
		<lastmod> 2021-10-15 19:24:54.641319 </lastmod></url><url>
	<loc> https://geoconnex.us/cuahsi/his/SNOTEL/1196_WY_SNTL </loc>
		<lastmod> 2021-10-15 19:24:54.641330 </lastmod></url><url>
	<loc> https://geoconnex.us/cuahsi/his/SNOTEL/914_CO_SNTL </loc>
		<lastmod> 2021-10-15 19:24:54.641341 </lastmod></url><url>
	<loc> https://geoconnex.us/cuahsi/his/SNOTEL/621_UT_SNTL </loc>
		<lastmod> 2021-10-15 19:24:54.641350 </lastmod></url><url>
	<loc> https://geoconnex.us/cuahsi/his/SNOTEL/1207_NV_SNTL </loc>
		<lastmod> 2021-10-15 19:24:54.641361 </lastmod></url><url>
	<loc> https://geoconnex.us/cuahsi/his/SNOTEL/622_CO_SNTL </loc>
		<lastmod> 2021-10-15 19:24:54.641371 </lastmod></url><url>
	<loc> https://geoconnex.us/cuahsi/his/SNOTEL/1011_WA_SNTL </loc>
		<lastmod> 2021-10-15 19:24:54.641381 </lastmod></url><url>
	<loc> https://geoconnex.us/cuahsi/his/SNOTEL/623_ID_SNTL </loc>
		<lastmod> 2021-10-15 19:24:54.641392 </lastmod></url><url>
	<loc> https://geoconnex.us/cuahsi/his/SNOTEL/937_CO_SNTL </loc>
		<lastmod> 2021-10-15 19:24:54.641402 </lastmod></url><url>
	<loc> https://geoconnex.us/cuahsi/his/SNOTEL/1206_NV_SNTL </loc>
		<lastmod> 2021-10-15 19:24:54.641412 </lastmod></url><url>
	<loc> https://geoconnex.us/cuahsi/his/SNOTEL/624_CO_SNTL </loc>
		<lastmod> 2021-10-15 19:24:54.641422 </lastmod></url><url>
	<loc> https://geoconnex.us/cuahsi/his/SNOTEL/1064_AK_SNTL </loc>
		<lastmod> 2021-10-15 19:24:54.641432 </lastmod></url><url>
	<loc> https://geoconnex.us/cuahsi/his/SNOTEL/1014_CO_SNTL </loc>
		<lastmod> 2021-10-15 19:24:54.641443 </lastmod></url><url>
	<loc> https://geoconnex.us/cuahsi/his/SNOTEL/625_WY_SNTL </loc>
		<lastmod> 2021-10-15 19:24:54.641453 </lastmod></url><url>
	<loc> https://geoconnex.us/cuahsi/his/SNOTEL/626_UT_SNTL </loc>
		<lastmod> 2021-10-15 19:24:54.641464 </lastmod></url><url>
	<loc> https://geoconnex.us/cuahsi/his/SNOTEL/1079_OR_SNTL </loc>
		<lastmod> 2021-10-15 19:24:54.641474 </lastmod></url><url>
	<loc> https://geoconnex.us/cuahsi/his/SNOTEL/627_ID_SNTL </loc>
		<lastmod> 2021-10-15 19:24:54.641485 </lastmod></url><url>
	<loc> https://geoconnex.us/cuahsi/his/SNOTEL/628_UT_SNTL </loc>
		<lastmod> 2021-10-15 19:24:54.641495 </lastmod></url><url>
	<loc> https://geoconnex.us/cuahsi/his/SNOTEL/1084_OR_SNTL </loc>
		<lastmod> 2021-10-15 19:24:54.641505 </lastmod></url><url>
	<loc> https://geoconnex.us/cuahsi/his/SNOTEL/629_CO_SNTL </loc>
		<lastmod> 2021-10-15 19:24:54.641515 </lastmod></url><url>
	<loc> https://geoconnex.us/cuahsi/his/SNOTEL/630_WA_SNTL </loc>
		<lastmod> 2021-10-15 19:24:54.641526 </lastmod></url><url>
	<loc> https://geoconnex.us/cuahsi/his/SNOTEL/631_UT_SNTL </loc>
		<lastmod> 2021-10-15 19:24:54.641536 </lastmod></url><url>
	<loc> https://geoconnex.us/cuahsi/his/SNOTEL/262_WA_SNTL </loc>
		<lastmod> 2021-10-15 19:24:54.641547 </lastmod></url><url>
	<loc> https://geoconnex.us/cuahsi/his/SNOTEL/632_CO_SNTL </loc>
		<lastmod> 2021-10-15 19:24:54.641557 </lastmod></url><url>
	<loc> https://geoconnex.us/cuahsi/his/SNOTEL/1287_MT_SNTL </loc>
		<lastmod> 2021-10-15 19:24:54.641567 </lastmod></url><url>
	<loc> https://geoconnex.us/cuahsi/his/SNOTEL/1094_AK_SNTL </loc>
		<lastmod> 2021-10-15 19:24:54.641577 </lastmod></url><url>
	<loc> https://geoconnex.us/cuahsi/his/SNOTEL/633_CA_SNTL </loc>
		<lastmod> 2021-10-15 19:24:54.641587 </lastmod></url><url>
	<loc> https://geoconnex.us/cuahsi/his/SNOTEL/634_UT_SNTL </loc>
		<lastmod> 2021-10-15 19:24:54.641597 </lastmod></url><url>
	<loc> https://geoconnex.us/cuahsi/his/SNOTEL/949_AK_SNTL </loc>
		<lastmod> 2021-10-15 19:24:54.641607 </lastmod></url><url>
	<loc> https://geoconnex.us/cuahsi/his/SNOTEL/635_MT_SNTL </loc>
		<lastmod> 2021-10-15 19:24:54.641617 </lastmod></url><url>
	<loc> https://geoconnex.us/cuahsi/his/SNOTEL/1124_CO_SNTL </loc>
		<lastmod> 2021-10-15 19:24:54.641627 </lastmod></url><url>
	<loc> https://geoconnex.us/cuahsi/his/SNOTEL/636_ID_SNTL </loc>
		<lastmod> 2021-10-15 19:24:54.641637 </lastmod></url><url>
	<loc> https://geoconnex.us/cuahsi/his/SNOTEL/1176_AK_SNTL </loc>
		<lastmod> 2021-10-15 19:24:54.641646 </lastmod></url><url>
	<loc> https://geoconnex.us/cuahsi/his/SNOTEL/638_ID_SNTL </loc>
		<lastmod> 2021-10-15 19:24:54.641656 </lastmod></url><url>
	<loc> https://geoconnex.us/cuahsi/his/SNOTEL/1035_AK_SNTL </loc>
		<lastmod> 2021-10-15 19:24:54.641666 </lastmod></url><url>
	<loc> https://geoconnex.us/cuahsi/his/SNOTEL/637_ID_SNTL </loc>
		<lastmod> 2021-10-15 19:24:54.641676 </lastmod></url><url>
	<loc> https://geoconnex.us/cuahsi/his/SNOTEL/639_ID_SNTL </loc>
		<lastmod> 2021-10-15 19:24:54.641686 </lastmod></url><url>
	<loc> https://geoconnex.us/cuahsi/his/SNOTEL/640_AZ_SNTL </loc>
		<lastmod> 2021-10-15 19:24:54.641696 </lastmod></url><url>
	<loc> https://geoconnex.us/cuahsi/his/SNOTEL/1125_AZ_SNTL </loc>
		<lastmod> 2021-10-15 19:24:54.641707 </lastmod></url><url>
	<loc> https://geoconnex.us/cuahsi/his/SNOTEL/642_WA_SNTL </loc>
		<lastmod> 2021-10-15 19:24:54.641717 </lastmod></url><url>
	<loc> https://geoconnex.us/cuahsi/his/SNOTEL/643_UT_SNTL </loc>
		<lastmod> 2021-10-15 19:24:54.641727 </lastmod></url><url>
	<loc> https://geoconnex.us/cuahsi/his/SNOTEL/989_ID_SNTL </loc>
		<lastmod> 2021-10-15 19:24:54.641737 </lastmod></url><url>
	<loc> https://geoconnex.us/cuahsi/his/SNOTEL/644_WA_SNTL </loc>
		<lastmod> 2021-10-15 19:24:54.641747 </lastmod></url><url>
	<loc> https://geoconnex.us/cuahsi/his/SNOTEL/645_ID_SNTL </loc>
		<lastmod> 2021-10-15 19:24:54.641758 </lastmod></url><url>
	<loc> https://geoconnex.us/cuahsi/his/SNOTEL/646_MT_SNTL </loc>
		<lastmod> 2021-10-15 19:24:54.641768 </lastmod></url><url>
	<loc> https://geoconnex.us/cuahsi/his/SNOTEL/647_OR_SNTL </loc>
		<lastmod> 2021-10-15 19:24:54.641778 </lastmod></url><url>
	<loc> https://geoconnex.us/cuahsi/his/SNOTEL/648_WA_SNTL </loc>
		<lastmod> 2021-10-15 19:24:54.641788 </lastmod></url><url>
	<loc> https://geoconnex.us/cuahsi/his/SNOTEL/898_WA_SNTL </loc>
		<lastmod> 2021-10-15 19:24:54.641798 </lastmod></url><url>
	<loc> https://geoconnex.us/cuahsi/his/SNOTEL/649_MT_SNTL </loc>
		<lastmod> 2021-10-15 19:24:54.641808 </lastmod></url><url>
	<loc> https://geoconnex.us/cuahsi/his/SNOTEL/650_ID_SNTL </loc>
		<lastmod> 2021-10-15 19:24:54.641818 </lastmod></url><url>
	<loc> https://geoconnex.us/cuahsi/his/SNOTEL/941_WA_SNTL </loc>
		<lastmod> 2021-10-15 19:24:54.641828 </lastmod></url><url>
	<loc> https://geoconnex.us/cuahsi/his/SNOTEL/1224_UT_SNTL </loc>
		<lastmod> 2021-10-15 19:24:54.641839 </lastmod></url><url>
	<loc> https://geoconnex.us/cuahsi/his/SNOTEL/651_OR_SNTL </loc>
		<lastmod> 2021-10-15 19:24:54.641849 </lastmod></url><url>
	<loc> https://geoconnex.us/cuahsi/his/SNOTEL/1269_UT_SNTL </loc>
		<lastmod> 2021-10-15 19:24:54.641859 </lastmod></url><url>
	<loc> https://geoconnex.us/cuahsi/his/SNOTEL/652_NV_SNTL </loc>
		<lastmod> 2021-10-15 19:24:54.641893 </lastmod></url><url>
	<loc> https://geoconnex.us/cuahsi/his/SNOTEL/1103_AK_SNTL </loc>
		<lastmod> 2021-10-15 19:24:54.641905 </lastmod></url><url>
	<loc> https://geoconnex.us/cuahsi/his/SNOTEL/1073_AK_SNTL </loc>
		<lastmod> 2021-10-15 19:24:54.641915 </lastmod></url><url>
	<loc> https://geoconnex.us/cuahsi/his/SNOTEL/653_OR_SNTL </loc>
		<lastmod> 2021-10-15 19:24:54.641925 </lastmod></url><url>
	<loc> https://geoconnex.us/cuahsi/his/SNOTEL/258_NV_SNTL </loc>
		<lastmod> 2021-10-15 19:24:54.641935 </lastmod></url><url>
	<loc> https://geoconnex.us/cuahsi/his/SNOTEL/948_AK_SNTL </loc>
		<lastmod> 2021-10-15 19:24:54.641946 </lastmod></url><url>
	<loc> https://geoconnex.us/cuahsi/his/SNOTEL/1259_WA_SNTL </loc>
		<lastmod> 2021-10-15 19:24:54.641968 </lastmod></url><url>
	<loc> https://geoconnex.us/cuahsi/his/SNOTEL/654_ID_SNTL </loc>
		<lastmod> 2021-10-15 19:24:54.641978 </lastmod></url><url>
	<loc> https://geoconnex.us/cuahsi/his/SNOTEL/655_OR_SNTL </loc>
		<lastmod> 2021-10-15 19:24:54.641988 </lastmod></url><url>
	<loc> https://geoconnex.us/cuahsi/his/SNOTEL/656_MT_SNTL </loc>
		<lastmod> 2021-10-15 19:24:54.641998 </lastmod></url><url>
	<loc> https://geoconnex.us/cuahsi/his/SNOTEL/950_AK_SNTL </loc>
		<lastmod> 2021-10-15 19:24:54.642008 </lastmod></url><url>
	<loc> https://geoconnex.us/cuahsi/his/SNOTEL/1053_ID_SNTL </loc>
		<lastmod> 2021-10-15 19:24:54.642017 </lastmod></url><url>
	<loc> https://geoconnex.us/cuahsi/his/SNOTEL/657_MT_SNTL </loc>
		<lastmod> 2021-10-15 19:24:54.642027 </lastmod></url><url>
	<loc> https://geoconnex.us/cuahsi/his/SNOTEL/658_CO_SNTL </loc>
		<lastmod> 2021-10-15 19:24:54.642036 </lastmod></url><url>
	<loc> https://geoconnex.us/cuahsi/his/SNOTEL/1138_NM_SNTL </loc>
		<lastmod> 2021-10-15 19:24:54.642046 </lastmod></url><url>
	<loc> https://geoconnex.us/cuahsi/his/SNOTEL/249_CO_SNTL </loc>
		<lastmod> 2021-10-15 19:24:54.642055 </lastmod></url><url>
	<loc> https://geoconnex.us/cuahsi/his/SNOTEL/659_MT_SNTL </loc>
		<lastmod> 2021-10-15 19:24:54.642064 </lastmod></url><url>
	<loc> https://geoconnex.us/cuahsi/his/SNOTEL/903_MT_SNTL </loc>
		<lastmod> 2021-10-15 19:24:54.642074 </lastmod></url><url>
	<loc> https://geoconnex.us/cuahsi/his/SNOTEL/1031_CO_SNTL </loc>
		<lastmod> 2021-10-15 19:24:54.642084 </lastmod></url><url>
	<loc> https://geoconnex.us/cuahsi/his/SNOTEL/660_OR_SNTL </loc>
		<lastmod> 2021-10-15 19:24:54.642093 </lastmod></url><url>
	<loc> https://geoconnex.us/cuahsi/his/SNOTEL/661_WY_SNTL </loc>
		<lastmod> 2021-10-15 19:24:54.642103 </lastmod></url><url>
	<loc> https://geoconnex.us/cuahsi/his/SNOTEL/662_MT_SNTL </loc>
		<lastmod> 2021-10-15 19:24:54.642113 </lastmod></url><url>
	<loc> https://geoconnex.us/cuahsi/his/SNOTEL/663_CO_SNTL </loc>
		<lastmod> 2021-10-15 19:24:54.642123 </lastmod></url><url>
	<loc> https://geoconnex.us/cuahsi/his/SNOTEL/664_MT_SNTL </loc>
		<lastmod> 2021-10-15 19:24:54.642132 </lastmod></url><url>
	<loc> https://geoconnex.us/cuahsi/his/SNOTEL/665_NM_SNTL </loc>
		<lastmod> 2021-10-15 19:24:54.642142 </lastmod></url><url>
	<loc> https://geoconnex.us/cuahsi/his/SNOTEL/666_OR_SNTL </loc>
		<lastmod> 2021-10-15 19:24:54.642152 </lastmod></url><url>
	<loc> https://geoconnex.us/cuahsi/his/SNOTEL/667_MT_SNTL </loc>
		<lastmod> 2021-10-15 19:24:54.642162 </lastmod></url><url>
	<loc> https://geoconnex.us/cuahsi/his/SNOTEL/668_WY_SNTL </loc>
		<lastmod> 2021-10-15 19:24:54.642171 </lastmod></url><url>
	<loc> https://geoconnex.us/cuahsi/his/SNOTEL/669_CO_SNTL </loc>
		<lastmod> 2021-10-15 19:24:54.642181 </lastmod></url><url>
	<loc> https://geoconnex.us/cuahsi/his/SNOTEL/920_SD_SNTL </loc>
		<lastmod> 2021-10-15 19:24:54.642192 </lastmod></url><url>
	<loc> https://geoconnex.us/cuahsi/his/SNOTEL/670_MT_SNTL </loc>
		<lastmod> 2021-10-15 19:24:54.642201 </lastmod></url><url>
	<loc> https://geoconnex.us/cuahsi/his/SNOTEL/267_WY_SNTL </loc>
		<lastmod> 2021-10-15 19:24:54.642211 </lastmod></url><url>
	<loc> https://geoconnex.us/cuahsi/his/SNOTEL/1037_AK_SNTL </loc>
		<lastmod> 2021-10-15 19:24:54.642221 </lastmod></url><url>
	<loc> https://geoconnex.us/cuahsi/his/SNOTEL/1127_AZ_SNTL </loc>
		<lastmod> 2021-10-15 19:24:54.642231 </lastmod></url><url>
	<loc> https://geoconnex.us/cuahsi/his/SNOTEL/996_WA_SNTL </loc>
		<lastmod> 2021-10-15 19:24:54.642241 </lastmod></url><url>
	<loc> https://geoconnex.us/cuahsi/his/SNOTEL/1146_UT_SNTL </loc>
		<lastmod> 2021-10-15 19:24:54.642250 </lastmod></url><url>
	<loc> https://geoconnex.us/cuahsi/his/SNOTEL/671_OR_SNTL </loc>
		<lastmod> 2021-10-15 19:24:54.642260 </lastmod></url><url>
	<loc> https://geoconnex.us/cuahsi/his/SNOTEL/672_WA_SNTL </loc>
		<lastmod> 2021-10-15 19:24:54.642270 </lastmod></url><url>
	<loc> https://geoconnex.us/cuahsi/his/SNOTEL/673_WY_SNTL </loc>
		<lastmod> 2021-10-15 19:24:54.642279 </lastmod></url><url>
	<loc> https://geoconnex.us/cuahsi/his/SNOTEL/1272_NV_SNTL </loc>
		<lastmod> 2021-10-15 19:24:54.642289 </lastmod></url><url>
	<loc> https://geoconnex.us/cuahsi/his/SNOTEL/1008_MT_SNTL </loc>
		<lastmod> 2021-10-15 19:24:54.642299 </lastmod></url><url>
	<loc> https://geoconnex.us/cuahsi/his/SNOTEL/675_CO_SNTL </loc>
		<lastmod> 2021-10-15 19:24:54.642309 </lastmod></url><url>
	<loc> https://geoconnex.us/cuahsi/his/SNOTEL/676_WY_SNTL </loc>
		<lastmod> 2021-10-15 19:24:54.642319 </lastmod></url><url>
	<loc> https://geoconnex.us/cuahsi/his/SNOTEL/677_ID_SNTL </loc>
		<lastmod> 2021-10-15 19:24:54.642328 </lastmod></url><url>
	<loc> https://geoconnex.us/cuahsi/his/SNOTEL/1170_NM_SNTL </loc>
		<lastmod> 2021-10-15 19:24:54.642338 </lastmod></url><url>
	<loc> https://geoconnex.us/cuahsi/his/SNOTEL/678_NM_SNTL </loc>
		<lastmod> 2021-10-15 19:24:54.642348 </lastmod></url><url>
	<loc> https://geoconnex.us/cuahsi/his/SNOTEL/1148_UT_SNTL </loc>
		<lastmod> 2021-10-15 19:24:54.642358 </lastmod></url><url>
	<loc> https://geoconnex.us/cuahsi/his/SNOTEL/679_WA_SNTL </loc>
		<lastmod> 2021-10-15 19:24:54.642368 </lastmod></url><url>
	<loc> https://geoconnex.us/cuahsi/his/SNOTEL/986_AK_SNTL </loc>
		<lastmod> 2021-10-15 19:24:54.642378 </lastmod></url><url>
	<loc> https://geoconnex.us/cuahsi/his/SNOTEL/680_CO_SNTL </loc>
		<lastmod> 2021-10-15 19:24:54.642388 </lastmod></url><url>
	<loc> https://geoconnex.us/cuahsi/his/SNOTEL/681_WA_SNTL </loc>
		<lastmod> 2021-10-15 19:24:54.642397 </lastmod></url><url>
	<loc> https://geoconnex.us/cuahsi/his/SNOTEL/682_CO_SNTL </loc>
		<lastmod> 2021-10-15 19:24:54.642407 </lastmod></url><url>
	<loc> https://geoconnex.us/cuahsi/his/SNOTEL/683_WY_SNTL </loc>
		<lastmod> 2021-10-15 19:24:54.642417 </lastmod></url><url>
	<loc> https://geoconnex.us/cuahsi/his/SNOTEL/684_UT_SNTL </loc>
		<lastmod> 2021-10-15 19:24:54.642427 </lastmod></url><url>
	<loc> https://geoconnex.us/cuahsi/his/SNOTEL/971_UT_SNTL </loc>
		<lastmod> 2021-10-15 19:24:54.642437 </lastmod></url><url>
	<loc> https://geoconnex.us/cuahsi/his/SNOTEL/685_CO_SNTL </loc>
		<lastmod> 2021-10-15 19:24:54.642447 </lastmod></url><url>
	<loc> https://geoconnex.us/cuahsi/his/SNOTEL/686_UT_SNTL </loc>
		<lastmod> 2021-10-15 19:24:54.642457 </lastmod></url><url>
	<loc> https://geoconnex.us/cuahsi/his/SNOTEL/687_OR_SNTL </loc>
		<lastmod> 2021-10-15 19:24:54.642467 </lastmod></url><url>
	<loc> https://geoconnex.us/cuahsi/his/SNOTEL/1104_WA_SNTL </loc>
		<lastmod> 2021-10-15 19:24:54.642476 </lastmod></url><url>
	<loc> https://geoconnex.us/cuahsi/his/SNOTEL/930_MT_SNTL </loc>
		<lastmod> 2021-10-15 19:24:54.642486 </lastmod></url><url>
	<loc> https://geoconnex.us/cuahsi/his/SNOTEL/688_CO_SNTL </loc>
		<lastmod> 2021-10-15 19:24:54.642496 </lastmod></url><url>
	<loc> https://geoconnex.us/cuahsi/his/SNOTEL/689_WY_SNTL </loc>
		<lastmod> 2021-10-15 19:24:54.642505 </lastmod></url><url>
	<loc> https://geoconnex.us/cuahsi/his/SNOTEL/690_MT_SNTL </loc>
		<lastmod> 2021-10-15 19:24:54.642515 </lastmod></url><url>
	<loc> https://geoconnex.us/cuahsi/his/SNOTEL/691_UT_SNTL </loc>
		<lastmod> 2021-10-15 19:24:54.642525 </lastmod></url><url>
	<loc> https://geoconnex.us/cuahsi/his/SNOTEL/1142_ID_SNTL </loc>
		<lastmod> 2021-10-15 19:24:54.642534 </lastmod></url><url>
	<loc> https://geoconnex.us/cuahsi/his/SNOTEL/692_WA_SNTL </loc>
		<lastmod> 2021-10-15 19:24:54.642544 </lastmod></url><url>
	<loc> https://geoconnex.us/cuahsi/his/SNOTEL/693_MT_SNTL </loc>
		<lastmod> 2021-10-15 19:24:54.642554 </lastmod></url><url>
	<loc> https://geoconnex.us/cuahsi/his/SNOTEL/694_UT_SNTL </loc>
		<lastmod> 2021-10-15 19:24:54.642563 </lastmod></url><url>
	<loc> https://geoconnex.us/cuahsi/his/SNOTEL/695_ID_SNTL </loc>
		<lastmod> 2021-10-15 19:24:54.642573 </lastmod></url><url>
	<loc> https://geoconnex.us/cuahsi/his/SNOTEL/1263_WA_SNTL </loc>
		<lastmod> 2021-10-15 19:24:54.642583 </lastmod></url><url>
	<loc> https://geoconnex.us/cuahsi/his/SNOTEL/696_MT_SNTL </loc>
		<lastmod> 2021-10-15 19:24:54.642593 </lastmod></url><url>
	<loc> https://geoconnex.us/cuahsi/his/SNOTEL/263_WA_SNTL </loc>
		<lastmod> 2021-10-15 19:24:54.642603 </lastmod></url><url>
	<loc> https://geoconnex.us/cuahsi/his/SNOTEL/1133_WY_SNTL </loc>
		<lastmod> 2021-10-15 19:24:54.642612 </lastmod></url><url>
	<loc> https://geoconnex.us/cuahsi/his/SNOTEL/1002_AK_SNTL </loc>
		<lastmod> 2021-10-15 19:24:54.642622 </lastmod></url><url>
	<loc> https://geoconnex.us/cuahsi/his/SNOTEL/697_CA_SNTL </loc>
		<lastmod> 2021-10-15 19:24:54.642632 </lastmod></url><url>
	<loc> https://geoconnex.us/cuahsi/his/SNOTEL/1244_NV_SNTL </loc>
		<lastmod> 2021-10-15 19:24:54.642643 </lastmod></url><url>
	<loc> https://geoconnex.us/cuahsi/his/SNOTEL/698_NV_SNTL </loc>
		<lastmod> 2021-10-15 19:24:54.642653 </lastmod></url><url>
	<loc> https://geoconnex.us/cuahsi/his/SNOTEL/932_MT_SNTL </loc>
		<lastmod> 2021-10-15 19:24:54.642663 </lastmod></url><url>
	<loc> https://geoconnex.us/cuahsi/his/SNOTEL/699_WA_SNTL </loc>
		<lastmod> 2021-10-15 19:24:54.642673 </lastmod></url><url>
	<loc> https://geoconnex.us/cuahsi/his/SNOTEL/700_MT_SNTL </loc>
		<lastmod> 2021-10-15 19:24:54.642683 </lastmod></url><url>
	<loc> https://geoconnex.us/cuahsi/his/SNOTEL/701_CO_SNTL </loc>
		<lastmod> 2021-10-15 19:24:54.642693 </lastmod></url><url>
	<loc> https://geoconnex.us/cuahsi/his/SNOTEL/987_AK_SNTL </loc>
		<lastmod> 2021-10-15 19:24:54.642702 </lastmod></url><url>
	<loc> https://geoconnex.us/cuahsi/his/SNOTEL/702_WA_SNTL </loc>
		<lastmod> 2021-10-15 19:24:54.642713 </lastmod></url><url>
	<loc> https://geoconnex.us/cuahsi/his/SNOTEL/703_WY_SNTL </loc>
		<lastmod> 2021-10-15 19:24:54.642723 </lastmod></url><url>
	<loc> https://geoconnex.us/cuahsi/his/SNOTEL/704_ID_SNTL </loc>
		<lastmod> 2021-10-15 19:24:54.642733 </lastmod></url><url>
	<loc> https://geoconnex.us/cuahsi/his/SNOTEL/705_AZ_SNTL </loc>
		<lastmod> 2021-10-15 19:24:54.642743 </lastmod></url><url>
	<loc> https://geoconnex.us/cuahsi/his/SNOTEL/1177_AK_SNTL </loc>
		<lastmod> 2021-10-15 19:24:54.642753 </lastmod></url><url>
	<loc> https://geoconnex.us/cuahsi/his/SNOTEL/706_OR_SNTL </loc>
		<lastmod> 2021-10-15 19:24:54.642763 </lastmod></url><url>
	<loc> https://geoconnex.us/cuahsi/his/SNOTEL/707_WA_SNTL </loc>
		<lastmod> 2021-10-15 19:24:54.642773 </lastmod></url><url>
	<loc> https://geoconnex.us/cuahsi/his/SNOTEL/708_NM_SNTL </loc>
		<lastmod> 2021-10-15 19:24:54.642783 </lastmod></url><url>
	<loc> https://geoconnex.us/cuahsi/his/SNOTEL/709_CO_SNTL </loc>
		<lastmod> 2021-10-15 19:24:54.642793 </lastmod></url><url>
	<loc> https://geoconnex.us/cuahsi/his/SNOTEL/1081_ID_SNTL </loc>
		<lastmod> 2021-10-15 19:24:54.642803 </lastmod></url><url>
	<loc> https://geoconnex.us/cuahsi/his/SNOTEL/710_OR_SNTL </loc>
		<lastmod> 2021-10-15 19:24:54.642813 </lastmod></url><url>
	<loc> https://geoconnex.us/cuahsi/his/SNOTEL/1110_NV_SNTL </loc>
		<lastmod> 2021-10-15 19:24:54.642823 </lastmod></url><url>
	<loc> https://geoconnex.us/cuahsi/his/SNOTEL/711_WA_SNTL </loc>
		<lastmod> 2021-10-15 19:24:54.642834 </lastmod></url><url>
	<loc> https://geoconnex.us/cuahsi/his/SNOTEL/1032_CO_SNTL </loc>
		<lastmod> 2021-10-15 19:24:54.642844 </lastmod></url><url>
	<loc> https://geoconnex.us/cuahsi/his/SNOTEL/712_OR_SNTL </loc>
		<lastmod> 2021-10-15 19:24:54.642853 </lastmod></url><url>
	<loc> https://geoconnex.us/cuahsi/his/SNOTEL/713_CO_SNTL </loc>
		<lastmod> 2021-10-15 19:24:54.642863 </lastmod></url><url>
	<loc> https://geoconnex.us/cuahsi/his/SNOTEL/714_UT_SNTL </loc>
		<lastmod> 2021-10-15 19:24:54.642873 </lastmod></url><url>
	<loc> https://geoconnex.us/cuahsi/his/SNOTEL/715_NM_SNTL </loc>
		<lastmod> 2021-10-15 19:24:54.642883 </lastmod></url><url>
	<loc> https://geoconnex.us/cuahsi/his/SNOTEL/1225_UT_SNTL </loc>
		<lastmod> 2021-10-15 19:24:54.642893 </lastmod></url><url>
	<loc> https://geoconnex.us/cuahsi/his/SNOTEL/1217_UT_SNTL </loc>
		<lastmod> 2021-10-15 19:24:54.642903 </lastmod></url><url>
	<loc> https://geoconnex.us/cuahsi/his/SNOTEL/716_WY_SNTL </loc>
		<lastmod> 2021-10-15 19:24:54.642912 </lastmod></url><url>
	<loc> https://geoconnex.us/cuahsi/his/SNOTEL/911_WA_SNTL </loc>
		<lastmod> 2021-10-15 19:24:54.642922 </lastmod></url><url>
	<loc> https://geoconnex.us/cuahsi/his/SNOTEL/2029_ID_SNTL </loc>
		<lastmod> 2021-10-15 19:24:54.642932 </lastmod></url><url>
	<loc> https://geoconnex.us/cuahsi/his/SNOTEL/1178_AK_SNTL </loc>
		<lastmod> 2021-10-15 19:24:54.642942 </lastmod></url><url>
	<loc> https://geoconnex.us/cuahsi/his/SNOTEL/933_NM_SNTL </loc>
		<lastmod> 2021-10-15 19:24:54.642952 </lastmod></url><url>
	<loc> https://geoconnex.us/cuahsi/his/SNOTEL/1254_NM_SNTL </loc>
		<lastmod> 2021-10-15 19:24:54.642963 </lastmod></url><url>
	<loc> https://geoconnex.us/cuahsi/his/SNOTEL/717_CO_SNTL </loc>
		<lastmod> 2021-10-15 19:24:54.642972 </lastmod></url><url>
	<loc> https://geoconnex.us/cuahsi/his/SNOTEL/718_CO_SNTL </loc>
		<lastmod> 2021-10-15 19:24:54.642982 </lastmod></url><url>
	<loc> https://geoconnex.us/cuahsi/his/SNOTEL/719_OR_SNTL </loc>
		<lastmod> 2021-10-15 19:24:54.642992 </lastmod></url><url>
	<loc> https://geoconnex.us/cuahsi/his/SNOTEL/720_UT_SNTL </loc>
		<lastmod> 2021-10-15 19:24:54.643002 </lastmod></url><url>
	<loc> https://geoconnex.us/cuahsi/his/SNOTEL/721_OR_SNTL </loc>
		<lastmod> 2021-10-15 19:24:54.643013 </lastmod></url><url>
	<loc> https://geoconnex.us/cuahsi/his/SNOTEL/722_MT_SNTL </loc>
		<lastmod> 2021-10-15 19:24:54.643023 </lastmod></url><url>
	<loc> https://geoconnex.us/cuahsi/his/SNOTEL/723_UT_SNTL </loc>
		<lastmod> 2021-10-15 19:24:54.643033 </lastmod></url><url>
	<loc> https://geoconnex.us/cuahsi/his/SNOTEL/917_MT_SNTL </loc>
		<lastmod> 2021-10-15 19:24:54.643043 </lastmod></url><url>
	<loc> https://geoconnex.us/cuahsi/his/SNOTEL/973_AK_SNTL </loc>
		<lastmod> 2021-10-15 19:24:54.643052 </lastmod></url><url>
	<loc> https://geoconnex.us/cuahsi/his/SNOTEL/939_CO_SNTL </loc>
		<lastmod> 2021-10-15 19:24:54.643063 </lastmod></url><url>
	<loc> https://geoconnex.us/cuahsi/his/SNOTEL/724_CA_SNTL </loc>
		<lastmod> 2021-10-15 19:24:54.643073 </lastmod></url><url>
	<loc> https://geoconnex.us/cuahsi/his/SNOTEL/725_MT_SNTL </loc>
		<lastmod> 2021-10-15 19:24:54.643083 </lastmod></url><url>
	<loc> https://geoconnex.us/cuahsi/his/SNOTEL/929_MT_SNTL </loc>
		<lastmod> 2021-10-15 19:24:54.643092 </lastmod></url><url>
	<loc> https://geoconnex.us/cuahsi/his/SNOTEL/726_OR_SNTL </loc>
		<lastmod> 2021-10-15 19:24:54.643102 </lastmod></url><url>
	<loc> https://geoconnex.us/cuahsi/his/SNOTEL/727_MT_SNTL </loc>
		<lastmod> 2021-10-15 19:24:54.643112 </lastmod></url><url>
	<loc> https://geoconnex.us/cuahsi/his/SNOTEL/1015_WY_SNTL </loc>
		<lastmod> 2021-10-15 19:24:54.643122 </lastmod></url><url>
	<loc> https://geoconnex.us/cuahsi/his/SNOTEL/1183_AK_SNTL </loc>
		<lastmod> 2021-10-15 19:24:54.643131 </lastmod></url><url>
	<loc> https://geoconnex.us/cuahsi/his/SNOTEL/1100_CO_SNTL </loc>
		<lastmod> 2021-10-15 19:24:54.643141 </lastmod></url><url>
	<loc> https://geoconnex.us/cuahsi/his/SNOTEL/728_WA_SNTL </loc>
		<lastmod> 2021-10-15 19:24:54.643151 </lastmod></url><url>
	<loc> https://geoconnex.us/cuahsi/his/SNOTEL/729_OR_SNTL </loc>
		<lastmod> 2021-10-15 19:24:54.643160 </lastmod></url><url>
	<loc> https://geoconnex.us/cuahsi/his/SNOTEL/730_WY_SNTL </loc>
		<lastmod> 2021-10-15 19:24:54.643169 </lastmod></url><url>
	<loc> https://geoconnex.us/cuahsi/his/SNOTEL/1172_NM_SNTL </loc>
		<lastmod> 2021-10-15 19:24:54.643179 </lastmod></url><url>
	<loc> https://geoconnex.us/cuahsi/his/SNOTEL/731_WY_SNTL </loc>
		<lastmod> 2021-10-15 19:24:54.643190 </lastmod></url><url>
	<loc> https://geoconnex.us/cuahsi/his/SNOTEL/732_WY_SNTL </loc>
		<lastmod> 2021-10-15 19:24:54.643199 </lastmod></url><url>
	<loc> https://geoconnex.us/cuahsi/his/SNOTEL/922_NM_SNTL </loc>
		<lastmod> 2021-10-15 19:24:54.643209 </lastmod></url><url>
	<loc> https://geoconnex.us/cuahsi/his/SNOTEL/1280_UT_SNTL </loc>
		<lastmod> 2021-10-15 19:24:54.643219 </lastmod></url><url>
	<loc> https://geoconnex.us/cuahsi/his/SNOTEL/733_OR_SNTL </loc>
		<lastmod> 2021-10-15 19:24:54.643229 </lastmod></url><url>
	<loc> https://geoconnex.us/cuahsi/his/SNOTEL/1128_CO_SNTL </loc>
		<lastmod> 2021-10-15 19:24:54.643238 </lastmod></url><url>
	<loc> https://geoconnex.us/cuahsi/his/SNOTEL/734_WA_SNTL </loc>
		<lastmod> 2021-10-15 19:24:54.643248 </lastmod></url><url>
	<loc> https://geoconnex.us/cuahsi/his/SNOTEL/1231_WA_SNTL </loc>
		<lastmod> 2021-10-15 19:24:54.643258 </lastmod></url><url>
	<loc> https://geoconnex.us/cuahsi/his/SNOTEL/735_ID_SNTL </loc>
		<lastmod> 2021-10-15 19:24:54.643268 </lastmod></url><url>
	<loc> https://geoconnex.us/cuahsi/his/SNOTEL/1068_WA_SNTL </loc>
		<lastmod> 2021-10-15 19:24:54.643300 </lastmod></url><url>
	<loc> https://geoconnex.us/cuahsi/his/SNOTEL/1251_CO_SNTL </loc>
		<lastmod> 2021-10-15 19:24:54.643312 </lastmod></url><url>
	<loc> https://geoconnex.us/cuahsi/his/SNOTEL/736_OR_SNTL </loc>
		<lastmod> 2021-10-15 19:24:54.643321 </lastmod></url><url>
	<loc> https://geoconnex.us/cuahsi/his/SNOTEL/737_CO_SNTL </loc>
		<lastmod> 2021-10-15 19:24:54.643331 </lastmod></url><url>
	<loc> https://geoconnex.us/cuahsi/his/SNOTEL/915_ID_SNTL </loc>
		<lastmod> 2021-10-15 19:24:54.643341 </lastmod></url><url>
	<loc> https://geoconnex.us/cuahsi/his/SNOTEL/738_ID_SNTL </loc>
		<lastmod> 2021-10-15 19:24:54.643351 </lastmod></url><url>
	<loc> https://geoconnex.us/cuahsi/his/SNOTEL/1038_ID_SNTL </loc>
		<lastmod> 2021-10-15 19:24:54.643360 </lastmod></url><url>
	<loc> https://geoconnex.us/cuahsi/his/SNOTEL/739_CO_SNTL </loc>
		<lastmod> 2021-10-15 19:24:54.643370 </lastmod></url><url>
	<loc> https://geoconnex.us/cuahsi/his/SNOTEL/740_ID_SNTL </loc>
		<lastmod> 2021-10-15 19:24:54.643380 </lastmod></url><url>
	<loc> https://geoconnex.us/cuahsi/his/SNOTEL/741_ID_SNTL </loc>
		<lastmod> 2021-10-15 19:24:54.643390 </lastmod></url><url>
	<loc> https://geoconnex.us/cuahsi/his/SNOTEL/742_UT_SNTL </loc>
		<lastmod> 2021-10-15 19:24:54.643400 </lastmod></url><url>
	<loc> https://geoconnex.us/cuahsi/his/SNOTEL/743_OR_SNTL </loc>
		<lastmod> 2021-10-15 19:24:54.643409 </lastmod></url><url>
	<loc> https://geoconnex.us/cuahsi/his/SNOTEL/744_NM_SNTL </loc>
		<lastmod> 2021-10-15 19:24:54.643419 </lastmod></url><url>
	<loc> https://geoconnex.us/cuahsi/his/SNOTEL/1043_WA_SNTL </loc>
		<lastmod> 2021-10-15 19:24:54.643429 </lastmod></url><url>
	<loc> https://geoconnex.us/cuahsi/his/SNOTEL/745_OR_SNTL </loc>
		<lastmod> 2021-10-15 19:24:54.643439 </lastmod></url><url>
	<loc> https://geoconnex.us/cuahsi/his/SNOTEL/746_NV_SNTL </loc>
		<lastmod> 2021-10-15 19:24:54.643449 </lastmod></url><url>
	<loc> https://geoconnex.us/cuahsi/his/SNOTEL/747_ID_SNTL </loc>
		<lastmod> 2021-10-15 19:24:54.643458 </lastmod></url><url>
	<loc> https://geoconnex.us/cuahsi/his/SNOTEL/1060_CO_SNTL </loc>
		<lastmod> 2021-10-15 19:24:54.643468 </lastmod></url><url>
	<loc> https://geoconnex.us/cuahsi/his/SNOTEL/748_WA_SNTL </loc>
		<lastmod> 2021-10-15 19:24:54.643477 </lastmod></url><url>
	<loc> https://geoconnex.us/cuahsi/his/SNOTEL/749_ID_SNTL </loc>
		<lastmod> 2021-10-15 19:24:54.643487 </lastmod></url></ns0:url>
</ns0:urlset>