<ns0:urlset xmlns:ns0="http://www.sitemaps.org/schemas/sitemap/0.9">
    <ns0:url>
    <url>
	<loc> https://geoconnex.us/cuahsi/his/UBWPAD/DEPOT </loc>
		<lastmod> 2021-10-15 19:24:58.038815 </lastmod></url><url>
	<loc> https://geoconnex.us/cuahsi/his/UBWPAD/R116 </loc>
		<lastmod> 2021-10-15 19:24:58.038841 </lastmod></url><url>
	<loc> https://geoconnex.us/cuahsi/his/UBWPAD/RMSD </loc>
		<lastmod> 2021-10-15 19:24:58.038854 </lastmod></url><url>
	<loc> https://geoconnex.us/cuahsi/his/UBWPAD/RMSL </loc>
		<lastmod> 2021-10-15 19:24:58.038864 </lastmod></url><url>
	<loc> https://geoconnex.us/cuahsi/his/UBWPAD/UBWPAD </loc>
		<lastmod> 2021-10-15 19:24:58.038874 </lastmod></url><url>
	<loc> https://geoconnex.us/cuahsi/his/UBWPAD/UBWPAD2 </loc>
		<lastmod> 2021-10-15 19:24:58.038884 </lastmod></url><url>
	<loc> https://geoconnex.us/cuahsi/his/UBWPAD/UPSTRM1 </loc>
		<lastmod> 2021-10-15 19:24:58.038894 </lastmod></url><url>
	<loc> https://geoconnex.us/cuahsi/his/UBWPAD/W0505 </loc>
		<lastmod> 2021-10-15 19:24:58.038903 </lastmod></url><url>
	<loc> https://geoconnex.us/cuahsi/his/UBWPAD/W0680 </loc>
		<lastmod> 2021-10-15 19:24:58.038913 </lastmod></url><url>
	<loc> https://geoconnex.us/cuahsi/his/UBWPAD/W0767 </loc>
		<lastmod> 2021-10-15 19:24:58.038922 </lastmod></url><url>
	<loc> https://geoconnex.us/cuahsi/his/UBWPAD/W1017 </loc>
		<lastmod> 2021-10-15 19:24:58.038932 </lastmod></url><url>
	<loc> https://geoconnex.us/cuahsi/his/UBWPAD/W1023 </loc>
		<lastmod> 2021-10-15 19:24:58.038941 </lastmod></url><url>
	<loc> https://geoconnex.us/cuahsi/his/UBWPAD/W1242 </loc>
		<lastmod> 2021-10-15 19:24:58.038950 </lastmod></url><url>
	<loc> https://geoconnex.us/cuahsi/his/UBWPAD/W1243 </loc>
		<lastmod> 2021-10-15 19:24:58.038960 </lastmod></url><url>
	<loc> https://geoconnex.us/cuahsi/his/UBWPAD/W1258 </loc>
		<lastmod> 2021-10-15 19:24:58.038969 </lastmod></url><url>
	<loc> https://geoconnex.us/cuahsi/his/UBWPAD/W1763 </loc>
		<lastmod> 2021-10-15 19:24:58.038978 </lastmod></url><url>
	<loc> https://geoconnex.us/cuahsi/his/UBWPAD/W1764 </loc>
		<lastmod> 2021-10-15 19:24:58.038988 </lastmod></url><url>
	<loc> https://geoconnex.us/cuahsi/his/UBWPAD/W1764A </loc>
		<lastmod> 2021-10-15 19:24:58.038997 </lastmod></url><url>
	<loc> https://geoconnex.us/cuahsi/his/UBWPAD/W1764B </loc>
		<lastmod> 2021-10-15 19:24:58.039006 </lastmod></url><url>
	<loc> https://geoconnex.us/cuahsi/his/UBWPAD/W1765 </loc>
		<lastmod> 2021-10-15 19:24:58.039016 </lastmod></url><url>
	<loc> https://geoconnex.us/cuahsi/his/UBWPAD/W1779 </loc>
		<lastmod> 2021-10-15 19:24:58.039025 </lastmod></url></ns0:url>
</ns0:urlset>