<ns0:urlset xmlns:ns0="http://www.sitemaps.org/schemas/sitemap/0.9">
    <ns0:url>
    <url>
	<loc> https://geoconnex.us/cuahsi/his/RMBL/rmbl1 </loc>
		<lastmod> 2021-10-15 19:24:58.014533 </lastmod></url><url>
	<loc> https://geoconnex.us/cuahsi/his/RMBL/rmbl2 </loc>
		<lastmod> 2021-10-15 19:24:58.014557 </lastmod></url><url>
	<loc> https://geoconnex.us/cuahsi/his/RMBL/rmbl3 </loc>
		<lastmod> 2021-10-15 19:24:58.014569 </lastmod></url><url>
	<loc> https://geoconnex.us/cuahsi/his/RMBL/rmbl4 </loc>
		<lastmod> 2021-10-15 19:24:58.014579 </lastmod></url><url>
	<loc> https://geoconnex.us/cuahsi/his/RMBL/rmbl5 </loc>
		<lastmod> 2021-10-15 19:24:58.014588 </lastmod></url><url>
	<loc> https://geoconnex.us/cuahsi/his/RMBL/rmbl6 </loc>
		<lastmod> 2021-10-15 19:24:58.014597 </lastmod></url></ns0:url>
</ns0:urlset>