<ns0:urlset xmlns:ns0="http://www.sitemaps.org/schemas/sitemap/0.9">
    <ns0:url>
    <url>
	<loc> https://geoconnex.us/cuahsi/his/czo_boulder/GREEN_LAKE_4 </loc>
		<lastmod> 2021-10-15 19:24:57.996256 </lastmod></url><url>
	<loc> https://geoconnex.us/cuahsi/his/czo_boulder/LGG_P4 </loc>
		<lastmod> 2021-10-15 19:24:57.996283 </lastmod></url><url>
	<loc> https://geoconnex.us/cuahsi/his/czo_boulder/LGG_P5 </loc>
		<lastmod> 2021-10-15 19:24:57.996298 </lastmod></url><url>
	<loc> https://geoconnex.us/cuahsi/his/czo_boulder/LGG_P6 </loc>
		<lastmod> 2021-10-15 19:24:57.996310 </lastmod></url><url>
	<loc> https://geoconnex.us/cuahsi/his/czo_boulder/UGG_P4 </loc>
		<lastmod> 2021-10-15 19:24:57.996338 </lastmod></url><url>
	<loc> https://geoconnex.us/cuahsi/his/czo_boulder/CATENA-PIT1 </loc>
		<lastmod> 2021-10-15 19:24:57.996349 </lastmod></url><url>
	<loc> https://geoconnex.us/cuahsi/his/czo_boulder/CATENA-PIT2 </loc>
		<lastmod> 2021-10-15 19:24:57.996360 </lastmod></url><url>
	<loc> https://geoconnex.us/cuahsi/his/czo_boulder/CATENA-PIT3 </loc>
		<lastmod> 2021-10-15 19:24:57.996371 </lastmod></url><url>
	<loc> https://geoconnex.us/cuahsi/his/czo_boulder/CATENA-PIT4 </loc>
		<lastmod> 2021-10-15 19:24:57.996382 </lastmod></url><url>
	<loc> https://geoconnex.us/cuahsi/his/czo_boulder/CATENA-PIT5 </loc>
		<lastmod> 2021-10-15 19:24:57.996393 </lastmod></url><url>
	<loc> https://geoconnex.us/cuahsi/his/czo_boulder/LGG_P9 </loc>
		<lastmod> 2021-10-15 19:24:57.996403 </lastmod></url><url>
	<loc> https://geoconnex.us/cuahsi/his/czo_boulder/LGG_P10 </loc>
		<lastmod> 2021-10-15 19:24:57.996414 </lastmod></url><url>
	<loc> https://geoconnex.us/cuahsi/his/czo_boulder/BET_GULLY </loc>
		<lastmod> 2021-10-15 19:24:57.996424 </lastmod></url></ns0:url>
</ns0:urlset>