<ns0:urlset xmlns:ns0="http://www.sitemaps.org/schemas/sitemap/0.9">
    <ns0:url>
    <url>
	<loc> https://geoconnex.us/cuahsi/his/CRWA/35CS </loc>
		<lastmod> 2021-10-15 19:25:03.192680 </lastmod></url><url>
	<loc> https://geoconnex.us/cuahsi/his/CRWA/59CS </loc>
		<lastmod> 2021-10-15 19:25:03.192706 </lastmod></url><url>
	<loc> https://geoconnex.us/cuahsi/his/CRWA/90CS </loc>
		<lastmod> 2021-10-15 19:25:03.192720 </lastmod></url><url>
	<loc> https://geoconnex.us/cuahsi/his/CRWA/130S </loc>
		<lastmod> 2021-10-15 19:25:03.192732 </lastmod></url><url>
	<loc> https://geoconnex.us/cuahsi/his/CRWA/165S </loc>
		<lastmod> 2021-10-15 19:25:03.192743 </lastmod></url><url>
	<loc> https://geoconnex.us/cuahsi/his/CRWA/199S </loc>
		<lastmod> 2021-10-15 19:25:03.192753 </lastmod></url><url>
	<loc> https://geoconnex.us/cuahsi/his/CRWA/229S </loc>
		<lastmod> 2021-10-15 19:25:03.192763 </lastmod></url><url>
	<loc> https://geoconnex.us/cuahsi/his/CRWA/267S </loc>
		<lastmod> 2021-10-15 19:25:03.192772 </lastmod></url><url>
	<loc> https://geoconnex.us/cuahsi/his/CRWA/269T </loc>
		<lastmod> 2021-10-15 19:25:03.192782 </lastmod></url><url>
	<loc> https://geoconnex.us/cuahsi/his/CRWA/290S </loc>
		<lastmod> 2021-10-15 19:25:03.192791 </lastmod></url><url>
	<loc> https://geoconnex.us/cuahsi/his/CRWA/318S </loc>
		<lastmod> 2021-10-15 19:25:03.192801 </lastmod></url><url>
	<loc> https://geoconnex.us/cuahsi/his/CRWA/343S </loc>
		<lastmod> 2021-10-15 19:25:03.192810 </lastmod></url><url>
	<loc> https://geoconnex.us/cuahsi/his/CRWA/387S </loc>
		<lastmod> 2021-10-15 19:25:03.192819 </lastmod></url><url>
	<loc> https://geoconnex.us/cuahsi/his/CRWA/400S </loc>
		<lastmod> 2021-10-15 19:25:03.192828 </lastmod></url><url>
	<loc> https://geoconnex.us/cuahsi/his/CRWA/447S </loc>
		<lastmod> 2021-10-15 19:25:03.192838 </lastmod></url><url>
	<loc> https://geoconnex.us/cuahsi/his/CRWA/484S </loc>
		<lastmod> 2021-10-15 19:25:03.192847 </lastmod></url><url>
	<loc> https://geoconnex.us/cuahsi/his/CRWA/521S </loc>
		<lastmod> 2021-10-15 19:25:03.192856 </lastmod></url><url>
	<loc> https://geoconnex.us/cuahsi/his/CRWA/534S </loc>
		<lastmod> 2021-10-15 19:25:03.192865 </lastmod></url><url>
	<loc> https://geoconnex.us/cuahsi/his/CRWA/567S </loc>
		<lastmod> 2021-10-15 19:25:03.192874 </lastmod></url><url>
	<loc> https://geoconnex.us/cuahsi/his/CRWA/591S </loc>
		<lastmod> 2021-10-15 19:25:03.192884 </lastmod></url><url>
	<loc> https://geoconnex.us/cuahsi/his/CRWA/609S </loc>
		<lastmod> 2021-10-15 19:25:03.192893 </lastmod></url><url>
	<loc> https://geoconnex.us/cuahsi/his/CRWA/621S </loc>
		<lastmod> 2021-10-15 19:25:03.192902 </lastmod></url><url>
	<loc> https://geoconnex.us/cuahsi/his/CRWA/635S </loc>
		<lastmod> 2021-10-15 19:25:03.192911 </lastmod></url><url>
	<loc> https://geoconnex.us/cuahsi/his/CRWA/648S </loc>
		<lastmod> 2021-10-15 19:25:03.192937 </lastmod></url><url>
	<loc> https://geoconnex.us/cuahsi/his/CRWA/662S </loc>
		<lastmod> 2021-10-15 19:25:03.192946 </lastmod></url><url>
	<loc> https://geoconnex.us/cuahsi/his/CRWA/675S </loc>
		<lastmod> 2021-10-15 19:25:03.192955 </lastmod></url><url>
	<loc> https://geoconnex.us/cuahsi/his/CRWA/012S </loc>
		<lastmod> 2021-10-15 19:25:03.192964 </lastmod></url><url>
	<loc> https://geoconnex.us/cuahsi/his/CRWA/700S </loc>
		<lastmod> 2021-10-15 19:25:03.192973 </lastmod></url><url>
	<loc> https://geoconnex.us/cuahsi/his/CRWA/715S </loc>
		<lastmod> 2021-10-15 19:25:03.192982 </lastmod></url><url>
	<loc> https://geoconnex.us/cuahsi/his/CRWA/729S </loc>
		<lastmod> 2021-10-15 19:25:03.192991 </lastmod></url><url>
	<loc> https://geoconnex.us/cuahsi/his/CRWA/743S </loc>
		<lastmod> 2021-10-15 19:25:03.193000 </lastmod></url><url>
	<loc> https://geoconnex.us/cuahsi/his/CRWA/760T </loc>
		<lastmod> 2021-10-15 19:25:03.193009 </lastmod></url><url>
	<loc> https://geoconnex.us/cuahsi/his/CRWA/763S </loc>
		<lastmod> 2021-10-15 19:25:03.193018 </lastmod></url><url>
	<loc> https://geoconnex.us/cuahsi/his/CRWA/773S </loc>
		<lastmod> 2021-10-15 19:25:03.193045 </lastmod></url><url>
	<loc> https://geoconnex.us/cuahsi/his/CRWA/784S </loc>
		<lastmod> 2021-10-15 19:25:03.193054 </lastmod></url></ns0:url>
</ns0:urlset>