<ns0:urlset xmlns:ns0="http://www.sitemaps.org/schemas/sitemap/0.9">
    <ns0:url>
    <url>
	<loc> https://geoconnex.us/cuahsi/his/FarmRWA/BB-B1 </loc>
		<lastmod> 2021-10-15 19:24:58.033427 </lastmod></url><url>
	<loc> https://geoconnex.us/cuahsi/his/FarmRWA/CB-C1 </loc>
		<lastmod> 2021-10-15 19:24:58.033471 </lastmod></url><url>
	<loc> https://geoconnex.us/cuahsi/his/FarmRWA/FR-EG1 </loc>
		<lastmod> 2021-10-15 19:24:58.033500 </lastmod></url><url>
	<loc> https://geoconnex.us/cuahsi/his/FarmRWA/FR-F1 </loc>
		<lastmod> 2021-10-15 19:24:58.033530 </lastmod></url><url>
	<loc> https://geoconnex.us/cuahsi/his/FarmRWA/FR-F2 </loc>
		<lastmod> 2021-10-15 19:24:58.033540 </lastmod></url><url>
	<loc> https://geoconnex.us/cuahsi/his/FarmRWA/FR-F3 </loc>
		<lastmod> 2021-10-15 19:24:58.033551 </lastmod></url><url>
	<loc> https://geoconnex.us/cuahsi/his/FarmRWA/FR-S1 </loc>
		<lastmod> 2021-10-15 19:24:58.033579 </lastmod></url><url>
	<loc> https://geoconnex.us/cuahsi/his/FarmRWA/FR-S2 </loc>
		<lastmod> 2021-10-15 19:24:58.033590 </lastmod></url><url>
	<loc> https://geoconnex.us/cuahsi/his/FarmRWA/FR-S3 </loc>
		<lastmod> 2021-10-15 19:24:58.033600 </lastmod></url><url>
	<loc> https://geoconnex.us/cuahsi/his/FarmRWA/FR-W1 </loc>
		<lastmod> 2021-10-15 19:24:58.033611 </lastmod></url><url>
	<loc> https://geoconnex.us/cuahsi/his/FarmRWA/FR-W2 </loc>
		<lastmod> 2021-10-15 19:24:58.033621 </lastmod></url><url>
	<loc> https://geoconnex.us/cuahsi/his/FarmRWA/HB-S1 </loc>
		<lastmod> 2021-10-15 19:24:58.033632 </lastmod></url><url>
	<loc> https://geoconnex.us/cuahsi/his/FarmRWA/MB-S1 </loc>
		<lastmod> 2021-10-15 19:24:58.033642 </lastmod></url><url>
	<loc> https://geoconnex.us/cuahsi/his/FarmRWA/ML-W1 </loc>
		<lastmod> 2021-10-15 19:24:58.033653 </lastmod></url><url>
	<loc> https://geoconnex.us/cuahsi/his/FarmRWA/MS-S1 </loc>
		<lastmod> 2021-10-15 19:24:58.033663 </lastmod></url><url>
	<loc> https://geoconnex.us/cuahsi/his/FarmRWA/NB-A1 </loc>
		<lastmod> 2021-10-15 19:24:58.033673 </lastmod></url><url>
	<loc> https://geoconnex.us/cuahsi/his/FarmRWA/PB-W1 </loc>
		<lastmod> 2021-10-15 19:24:58.033700 </lastmod></url><url>
	<loc> https://geoconnex.us/cuahsi/his/FarmRWA/PR-F1 </loc>
		<lastmod> 2021-10-15 19:24:58.033710 </lastmod></url><url>
	<loc> https://geoconnex.us/cuahsi/his/FarmRWA/RB-S1 </loc>
		<lastmod> 2021-10-15 19:24:58.033720 </lastmod></url><url>
	<loc> https://geoconnex.us/cuahsi/his/FarmRWA/RO-F1 </loc>
		<lastmod> 2021-10-15 19:24:58.033746 </lastmod></url><url>
	<loc> https://geoconnex.us/cuahsi/his/FarmRWA/SB-2 </loc>
		<lastmod> 2021-10-15 19:24:58.033774 </lastmod></url><url>
	<loc> https://geoconnex.us/cuahsi/his/FarmRWA/SB-EB1 </loc>
		<lastmod> 2021-10-15 19:24:58.033784 </lastmod></url><url>
	<loc> https://geoconnex.us/cuahsi/his/FarmRWA/SB-WB3 </loc>
		<lastmod> 2021-10-15 19:24:58.033810 </lastmod></url><url>
	<loc> https://geoconnex.us/cuahsi/his/FarmRWA/TB-A1 </loc>
		<lastmod> 2021-10-15 19:24:58.033820 </lastmod></url><url>
	<loc> https://geoconnex.us/cuahsi/his/FarmRWA/FRWA_FR-1 </loc>
		<lastmod> 2021-10-15 19:24:58.033830 </lastmod></url><url>
	<loc> https://geoconnex.us/cuahsi/his/FarmRWA/FRWA_FR-2 </loc>
		<lastmod> 2021-10-15 19:24:58.033840 </lastmod></url><url>
	<loc> https://geoconnex.us/cuahsi/his/FarmRWA/FRWA_FR-3 </loc>
		<lastmod> 2021-10-15 19:24:58.033850 </lastmod></url><url>
	<loc> https://geoconnex.us/cuahsi/his/FarmRWA/FRWA_FR-4 </loc>
		<lastmod> 2021-10-15 19:24:58.033859 </lastmod></url><url>
	<loc> https://geoconnex.us/cuahsi/his/FarmRWA/FRWA_MB-1 </loc>
		<lastmod> 2021-10-15 19:24:58.033869 </lastmod></url><url>
	<loc> https://geoconnex.us/cuahsi/his/FarmRWA/FRWA_MB-2 </loc>
		<lastmod> 2021-10-15 19:24:58.033896 </lastmod></url><url>
	<loc> https://geoconnex.us/cuahsi/his/FarmRWA/FRWA_MB-3 </loc>
		<lastmod> 2021-10-15 19:24:58.033905 </lastmod></url><url>
	<loc> https://geoconnex.us/cuahsi/his/FarmRWA/FRWA_MR-1 </loc>
		<lastmod> 2021-10-15 19:24:58.033914 </lastmod></url><url>
	<loc> https://geoconnex.us/cuahsi/his/FarmRWA/FRWA_MR-2 </loc>
		<lastmod> 2021-10-15 19:24:58.033924 </lastmod></url><url>
	<loc> https://geoconnex.us/cuahsi/his/FarmRWA/FRWA_MR-3 </loc>
		<lastmod> 2021-10-15 19:24:58.033933 </lastmod></url><url>
	<loc> https://geoconnex.us/cuahsi/his/FarmRWA/FRWA_MR-4 </loc>
		<lastmod> 2021-10-15 19:24:58.033942 </lastmod></url><url>
	<loc> https://geoconnex.us/cuahsi/his/FarmRWA/FRWA_SR-1 </loc>
		<lastmod> 2021-10-15 19:24:58.033951 </lastmod></url><url>
	<loc> https://geoconnex.us/cuahsi/his/FarmRWA/FRWA_SR-2 </loc>
		<lastmod> 2021-10-15 19:24:58.033961 </lastmod></url><url>
	<loc> https://geoconnex.us/cuahsi/his/FarmRWA/FRWA_SR-3 </loc>
		<lastmod> 2021-10-15 19:24:58.033971 </lastmod></url><url>
	<loc> https://geoconnex.us/cuahsi/his/FarmRWA/FRWA_SR-4 </loc>
		<lastmod> 2021-10-15 19:24:58.033981 </lastmod></url></ns0:url>
</ns0:urlset>