<ns0:urlset xmlns:ns0="http://www.sitemaps.org/schemas/sitemap/0.9">
    <ns0:url>
    <url>
	<loc> https://geoconnex.us/cuahsi/his/NCEIWW2/WBAN33013 </loc>
		<lastmod> 2021-10-15 19:24:57.986240 </lastmod></url><url>
	<loc> https://geoconnex.us/cuahsi/his/NCEIWW2/WBAN33031 </loc>
		<lastmod> 2021-10-15 19:24:57.986273 </lastmod></url><url>
	<loc> https://geoconnex.us/cuahsi/his/NCEIWW2/WBAN33023 </loc>
		<lastmod> 2021-10-15 19:24:57.986288 </lastmod></url><url>
	<loc> https://geoconnex.us/cuahsi/his/NCEIWW2/WBAN33044 </loc>
		<lastmod> 2021-10-15 19:24:57.986300 </lastmod></url><url>
	<loc> https://geoconnex.us/cuahsi/his/NCEIWW2/WBAN12001 </loc>
		<lastmod> 2021-10-15 19:24:57.986311 </lastmod></url><url>
	<loc> https://geoconnex.us/cuahsi/his/NCEIWW2/WBAN11604 </loc>
		<lastmod> 2021-10-15 19:24:57.986338 </lastmod></url><url>
	<loc> https://geoconnex.us/cuahsi/his/NCEIWW2/WBAN82502 </loc>
		<lastmod> 2021-10-15 19:24:57.986349 </lastmod></url><url>
	<loc> https://geoconnex.us/cuahsi/his/NCEIWW2/WBAN82501 </loc>
		<lastmod> 2021-10-15 19:24:57.986376 </lastmod></url><url>
	<loc> https://geoconnex.us/cuahsi/his/NCEIWW2/WBAN82506 </loc>
		<lastmod> 2021-10-15 19:24:57.986387 </lastmod></url><url>
	<loc> https://geoconnex.us/cuahsi/his/NCEIWW2/WBAN82402 </loc>
		<lastmod> 2021-10-15 19:24:57.986398 </lastmod></url><url>
	<loc> https://geoconnex.us/cuahsi/his/NCEIWW2/WBAN82403 </loc>
		<lastmod> 2021-10-15 19:24:57.986429 </lastmod></url><url>
	<loc> https://geoconnex.us/cuahsi/his/NCEIWW2/WBAN81404 </loc>
		<lastmod> 2021-10-15 19:24:57.986459 </lastmod></url><url>
	<loc> https://geoconnex.us/cuahsi/his/NCEIWW2/WBAN82404 </loc>
		<lastmod> 2021-10-15 19:24:57.986469 </lastmod></url><url>
	<loc> https://geoconnex.us/cuahsi/his/NCEIWW2/WBAN82405 </loc>
		<lastmod> 2021-10-15 19:24:57.986480 </lastmod></url><url>
	<loc> https://geoconnex.us/cuahsi/his/NCEIWW2/WBAN82503 </loc>
		<lastmod> 2021-10-15 19:24:57.986491 </lastmod></url><url>
	<loc> https://geoconnex.us/cuahsi/his/NCEIWW2/WBAN13201 </loc>
		<lastmod> 2021-10-15 19:24:57.986501 </lastmod></url><url>
	<loc> https://geoconnex.us/cuahsi/his/NCEIWW2/WBAN12706 </loc>
		<lastmod> 2021-10-15 19:24:57.986511 </lastmod></url><url>
	<loc> https://geoconnex.us/cuahsi/his/NCEIWW2/WBAN13601 </loc>
		<lastmod> 2021-10-15 19:24:57.986522 </lastmod></url><url>
	<loc> https://geoconnex.us/cuahsi/his/NCEIWW2/WBAN32503 </loc>
		<lastmod> 2021-10-15 19:24:57.986533 </lastmod></url><url>
	<loc> https://geoconnex.us/cuahsi/his/NCEIWW2/WBAN11501 </loc>
		<lastmod> 2021-10-15 19:24:57.986561 </lastmod></url><url>
	<loc> https://geoconnex.us/cuahsi/his/NCEIWW2/WBAN10505 </loc>
		<lastmod> 2021-10-15 19:24:57.986572 </lastmod></url><url>
	<loc> https://geoconnex.us/cuahsi/his/NCEIWW2/WBAN50301 </loc>
		<lastmod> 2021-10-15 19:24:57.986583 </lastmod></url><url>
	<loc> https://geoconnex.us/cuahsi/his/NCEIWW2/WBAN50302 </loc>
		<lastmod> 2021-10-15 19:24:57.986593 </lastmod></url><url>
	<loc> https://geoconnex.us/cuahsi/his/NCEIWW2/WBAN50304 </loc>
		<lastmod> 2021-10-15 19:24:57.986604 </lastmod></url><url>
	<loc> https://geoconnex.us/cuahsi/his/NCEIWW2/WBAN50303 </loc>
		<lastmod> 2021-10-15 19:24:57.986615 </lastmod></url><url>
	<loc> https://geoconnex.us/cuahsi/his/NCEIWW2/WBAN50403 </loc>
		<lastmod> 2021-10-15 19:24:57.986626 </lastmod></url><url>
	<loc> https://geoconnex.us/cuahsi/his/NCEIWW2/WBAN50401 </loc>
		<lastmod> 2021-10-15 19:24:57.986637 </lastmod></url><url>
	<loc> https://geoconnex.us/cuahsi/his/NCEIWW2/WBAN10807 </loc>
		<lastmod> 2021-10-15 19:24:57.986647 </lastmod></url><url>
	<loc> https://geoconnex.us/cuahsi/his/NCEIWW2/WBAN10806 </loc>
		<lastmod> 2021-10-15 19:24:57.986658 </lastmod></url><url>
	<loc> https://geoconnex.us/cuahsi/his/NCEIWW2/WBAN60701 </loc>
		<lastmod> 2021-10-15 19:24:57.986669 </lastmod></url><url>
	<loc> https://geoconnex.us/cuahsi/his/NCEIWW2/WBAN12701 </loc>
		<lastmod> 2021-10-15 19:24:57.986680 </lastmod></url><url>
	<loc> https://geoconnex.us/cuahsi/his/NCEIWW2/WBAN12801 </loc>
		<lastmod> 2021-10-15 19:24:57.986690 </lastmod></url><url>
	<loc> https://geoconnex.us/cuahsi/his/NCEIWW2/WBAN11615 </loc>
		<lastmod> 2021-10-15 19:24:57.986701 </lastmod></url><url>
	<loc> https://geoconnex.us/cuahsi/his/NCEIWW2/WBAN31401 </loc>
		<lastmod> 2021-10-15 19:24:57.986712 </lastmod></url><url>
	<loc> https://geoconnex.us/cuahsi/his/NCEIWW2/WBAN32301 </loc>
		<lastmod> 2021-10-15 19:24:57.986723 </lastmod></url><url>
	<loc> https://geoconnex.us/cuahsi/his/NCEIWW2/WBAN33205 </loc>
		<lastmod> 2021-10-15 19:24:57.986753 </lastmod></url><url>
	<loc> https://geoconnex.us/cuahsi/his/NCEIWW2/WBAN33303 </loc>
		<lastmod> 2021-10-15 19:24:57.986765 </lastmod></url><url>
	<loc> https://geoconnex.us/cuahsi/his/NCEIWW2/WBAN50801 </loc>
		<lastmod> 2021-10-15 19:24:57.986777 </lastmod></url><url>
	<loc> https://geoconnex.us/cuahsi/his/NCEIWW2/WBAN32504 </loc>
		<lastmod> 2021-10-15 19:24:57.986806 </lastmod></url><url>
	<loc> https://geoconnex.us/cuahsi/his/NCEIWW2/WBAN31302 </loc>
		<lastmod> 2021-10-15 19:24:57.986838 </lastmod></url><url>
	<loc> https://geoconnex.us/cuahsi/his/NCEIWW2/WBAN81702 </loc>
		<lastmod> 2021-10-15 19:24:57.986850 </lastmod></url><url>
	<loc> https://geoconnex.us/cuahsi/his/NCEIWW2/WBAN34017 </loc>
		<lastmod> 2021-10-15 19:24:57.986861 </lastmod></url><url>
	<loc> https://geoconnex.us/cuahsi/his/NCEIWW2/WBAN34002 </loc>
		<lastmod> 2021-10-15 19:24:57.986875 </lastmod></url><url>
	<loc> https://geoconnex.us/cuahsi/his/NCEIWW2/WBAN34003 </loc>
		<lastmod> 2021-10-15 19:24:57.986887 </lastmod></url><url>
	<loc> https://geoconnex.us/cuahsi/his/NCEIWW2/WBAN34012 </loc>
		<lastmod> 2021-10-15 19:24:57.986898 </lastmod></url><url>
	<loc> https://geoconnex.us/cuahsi/his/NCEIWW2/WBAN34013 </loc>
		<lastmod> 2021-10-15 19:24:57.986910 </lastmod></url><url>
	<loc> https://geoconnex.us/cuahsi/his/NCEIWW2/WBAN34022 </loc>
		<lastmod> 2021-10-15 19:24:57.986921 </lastmod></url><url>
	<loc> https://geoconnex.us/cuahsi/his/NCEIWW2/WBAN34005 </loc>
		<lastmod> 2021-10-15 19:24:57.986932 </lastmod></url><url>
	<loc> https://geoconnex.us/cuahsi/his/NCEIWW2/WBAN10001 </loc>
		<lastmod> 2021-10-15 19:24:57.986944 </lastmod></url><url>
	<loc> https://geoconnex.us/cuahsi/his/NCEIWW2/WBAN16405 </loc>
		<lastmod> 2021-10-15 19:24:57.986955 </lastmod></url><url>
	<loc> https://geoconnex.us/cuahsi/his/NCEIWW2/WBAN16407 </loc>
		<lastmod> 2021-10-15 19:24:57.986966 </lastmod></url><url>
	<loc> https://geoconnex.us/cuahsi/his/NCEIWW2/WBAN16504 </loc>
		<lastmod> 2021-10-15 19:24:57.986977 </lastmod></url><url>
	<loc> https://geoconnex.us/cuahsi/his/NCEIWW2/WBAN33206 </loc>
		<lastmod> 2021-10-15 19:24:57.986988 </lastmod></url><url>
	<loc> https://geoconnex.us/cuahsi/his/NCEIWW2/WBAN11901 </loc>
		<lastmod> 2021-10-15 19:24:57.986999 </lastmod></url><url>
	<loc> https://geoconnex.us/cuahsi/his/NCEIWW2/WBAN11902 </loc>
		<lastmod> 2021-10-15 19:24:57.987010 </lastmod></url><url>
	<loc> https://geoconnex.us/cuahsi/his/NCEIWW2/WBAN10502 </loc>
		<lastmod> 2021-10-15 19:24:57.987037 </lastmod></url><url>
	<loc> https://geoconnex.us/cuahsi/his/NCEIWW2/WBAN11701 </loc>
		<lastmod> 2021-10-15 19:24:57.987065 </lastmod></url><url>
	<loc> https://geoconnex.us/cuahsi/his/NCEIWW2/WBAN22509 </loc>
		<lastmod> 2021-10-15 19:24:57.987075 </lastmod></url><url>
	<loc> https://geoconnex.us/cuahsi/his/NCEIWW2/WBAN22504 </loc>
		<lastmod> 2021-10-15 19:24:57.987086 </lastmod></url><url>
	<loc> https://geoconnex.us/cuahsi/his/NCEIWW2/WBAN21501 </loc>
		<lastmod> 2021-10-15 19:24:57.987098 </lastmod></url><url>
	<loc> https://geoconnex.us/cuahsi/his/NCEIWW2/WBAN22507 </loc>
		<lastmod> 2021-10-15 19:24:57.987124 </lastmod></url><url>
	<loc> https://geoconnex.us/cuahsi/his/NCEIWW2/WBAN22502 </loc>
		<lastmod> 2021-10-15 19:24:57.987135 </lastmod></url><url>
	<loc> https://geoconnex.us/cuahsi/his/NCEIWW2/WBAN22508 </loc>
		<lastmod> 2021-10-15 19:24:57.987161 </lastmod></url><url>
	<loc> https://geoconnex.us/cuahsi/his/NCEIWW2/WBAN16101 </loc>
		<lastmod> 2021-10-15 19:24:57.987189 </lastmod></url><url>
	<loc> https://geoconnex.us/cuahsi/his/NCEIWW2/WBAN16201 </loc>
		<lastmod> 2021-10-15 19:24:57.987216 </lastmod></url><url>
	<loc> https://geoconnex.us/cuahsi/his/NCEIWW2/WBAN16202 </loc>
		<lastmod> 2021-10-15 19:24:57.987226 </lastmod></url><url>
	<loc> https://geoconnex.us/cuahsi/his/NCEIWW2/WBAN32701 </loc>
		<lastmod> 2021-10-15 19:24:57.987255 </lastmod></url><url>
	<loc> https://geoconnex.us/cuahsi/his/NCEIWW2/WBAN32801 </loc>
		<lastmod> 2021-10-15 19:24:57.987265 </lastmod></url><url>
	<loc> https://geoconnex.us/cuahsi/his/NCEIWW2/WBAN31701 </loc>
		<lastmod> 2021-10-15 19:24:57.987276 </lastmod></url><url>
	<loc> https://geoconnex.us/cuahsi/his/NCEIWW2/WBAN32815 </loc>
		<lastmod> 2021-10-15 19:24:57.987286 </lastmod></url><url>
	<loc> https://geoconnex.us/cuahsi/his/NCEIWW2/WBAN32907 </loc>
		<lastmod> 2021-10-15 19:24:57.987314 </lastmod></url><url>
	<loc> https://geoconnex.us/cuahsi/his/NCEIWW2/WBAN32803 </loc>
		<lastmod> 2021-10-15 19:24:57.987324 </lastmod></url><url>
	<loc> https://geoconnex.us/cuahsi/his/NCEIWW2/WBAN32805 </loc>
		<lastmod> 2021-10-15 19:24:57.987335 </lastmod></url><url>
	<loc> https://geoconnex.us/cuahsi/his/NCEIWW2/WBAN32702 </loc>
		<lastmod> 2021-10-15 19:24:57.987346 </lastmod></url><url>
	<loc> https://geoconnex.us/cuahsi/his/NCEIWW2/WBAN32904 </loc>
		<lastmod> 2021-10-15 19:24:57.987357 </lastmod></url><url>
	<loc> https://geoconnex.us/cuahsi/his/NCEIWW2/WBAN32812 </loc>
		<lastmod> 2021-10-15 19:24:57.987384 </lastmod></url><url>
	<loc> https://geoconnex.us/cuahsi/his/NCEIWW2/WBAN32906 </loc>
		<lastmod> 2021-10-15 19:24:57.987415 </lastmod></url><url>
	<loc> https://geoconnex.us/cuahsi/his/NCEIWW2/WBAN33405 </loc>
		<lastmod> 2021-10-15 19:24:57.987426 </lastmod></url><url>
	<loc> https://geoconnex.us/cuahsi/his/NCEIWW2/WBAN33305 </loc>
		<lastmod> 2021-10-15 19:24:57.987437 </lastmod></url><url>
	<loc> https://geoconnex.us/cuahsi/his/NCEIWW2/WBAN33401 </loc>
		<lastmod> 2021-10-15 19:24:57.987448 </lastmod></url><url>
	<loc> https://geoconnex.us/cuahsi/his/NCEIWW2/WBAN33501 </loc>
		<lastmod> 2021-10-15 19:24:57.987460 </lastmod></url><url>
	<loc> https://geoconnex.us/cuahsi/his/NCEIWW2/WBAN33406 </loc>
		<lastmod> 2021-10-15 19:24:57.987470 </lastmod></url><url>
	<loc> https://geoconnex.us/cuahsi/his/NCEIWW2/WBAN34123 </loc>
		<lastmod> 2021-10-15 19:24:57.987481 </lastmod></url><url>
	<loc> https://geoconnex.us/cuahsi/his/NCEIWW2/WBAN34101 </loc>
		<lastmod> 2021-10-15 19:24:57.987492 </lastmod></url><url>
	<loc> https://geoconnex.us/cuahsi/his/NCEIWW2/WBAN34109 </loc>
		<lastmod> 2021-10-15 19:24:57.987503 </lastmod></url><url>
	<loc> https://geoconnex.us/cuahsi/his/NCEIWW2/WBAN33019 </loc>
		<lastmod> 2021-10-15 19:24:57.987514 </lastmod></url><url>
	<loc> https://geoconnex.us/cuahsi/his/NCEIWW2/WBAN34150 </loc>
		<lastmod> 2021-10-15 19:24:57.987525 </lastmod></url><url>
	<loc> https://geoconnex.us/cuahsi/his/NCEIWW2/WBAN33014 </loc>
		<lastmod> 2021-10-15 19:24:57.987552 </lastmod></url><url>
	<loc> https://geoconnex.us/cuahsi/his/NCEIWW2/WBAN34139 </loc>
		<lastmod> 2021-10-15 19:24:57.987562 </lastmod></url><url>
	<loc> https://geoconnex.us/cuahsi/his/NCEIWW2/WBAN34104 </loc>
		<lastmod> 2021-10-15 19:24:57.987573 </lastmod></url><url>
	<loc> https://geoconnex.us/cuahsi/his/NCEIWW2/WBAN34105 </loc>
		<lastmod> 2021-10-15 19:24:57.987584 </lastmod></url><url>
	<loc> https://geoconnex.us/cuahsi/his/NCEIWW2/WBAN33111 </loc>
		<lastmod> 2021-10-15 19:24:57.987595 </lastmod></url><url>
	<loc> https://geoconnex.us/cuahsi/his/NCEIWW2/WBAN34111 </loc>
		<lastmod> 2021-10-15 19:24:57.987605 </lastmod></url><url>
	<loc> https://geoconnex.us/cuahsi/his/NCEIWW2/WBAN34113 </loc>
		<lastmod> 2021-10-15 19:24:57.987616 </lastmod></url><url>
	<loc> https://geoconnex.us/cuahsi/his/NCEIWW2/WBAN33117 </loc>
		<lastmod> 2021-10-15 19:24:57.987626 </lastmod></url><url>
	<loc> https://geoconnex.us/cuahsi/his/NCEIWW2/WBAN34147 </loc>
		<lastmod> 2021-10-15 19:24:57.987636 </lastmod></url><url>
	<loc> https://geoconnex.us/cuahsi/his/NCEIWW2/WBAN11704 </loc>
		<lastmod> 2021-10-15 19:24:57.987646 </lastmod></url><url>
	<loc> https://geoconnex.us/cuahsi/his/NCEIWW2/WBAN44401 </loc>
		<lastmod> 2021-10-15 19:24:57.987657 </lastmod></url><url>
	<loc> https://geoconnex.us/cuahsi/his/NCEIWW2/WBAN42204 </loc>
		<lastmod> 2021-10-15 19:24:57.987668 </lastmod></url><url>
	<loc> https://geoconnex.us/cuahsi/his/NCEIWW2/WBAN43305 </loc>
		<lastmod> 2021-10-15 19:24:57.987694 </lastmod></url><url>
	<loc> https://geoconnex.us/cuahsi/his/NCEIWW2/WBAN42206 </loc>
		<lastmod> 2021-10-15 19:24:57.987705 </lastmod></url><url>
	<loc> https://geoconnex.us/cuahsi/his/NCEIWW2/WBAN43302 </loc>
		<lastmod> 2021-10-15 19:24:57.987731 </lastmod></url><url>
	<loc> https://geoconnex.us/cuahsi/his/NCEIWW2/WBAN43307 </loc>
		<lastmod> 2021-10-15 19:24:57.987741 </lastmod></url><url>
	<loc> https://geoconnex.us/cuahsi/his/NCEIWW2/WBAN43201 </loc>
		<lastmod> 2021-10-15 19:24:57.987751 </lastmod></url><url>
	<loc> https://geoconnex.us/cuahsi/his/NCEIWW2/WBAN61501 </loc>
		<lastmod> 2021-10-15 19:24:57.987761 </lastmod></url><url>
	<loc> https://geoconnex.us/cuahsi/his/NCEIWW2/WBAN11601 </loc>
		<lastmod> 2021-10-15 19:24:57.987772 </lastmod></url><url>
	<loc> https://geoconnex.us/cuahsi/his/NCEIWW2/WBAN10002 </loc>
		<lastmod> 2021-10-15 19:24:57.987782 </lastmod></url><url>
	<loc> https://geoconnex.us/cuahsi/his/NCEIWW2/WBAN10101 </loc>
		<lastmod> 2021-10-15 19:24:57.987792 </lastmod></url><url>
	<loc> https://geoconnex.us/cuahsi/his/NCEIWW2/WBAN10102 </loc>
		<lastmod> 2021-10-15 19:24:57.987826 </lastmod></url><url>
	<loc> https://geoconnex.us/cuahsi/his/NCEIWW2/WBAN33123 </loc>
		<lastmod> 2021-10-15 19:24:57.987837 </lastmod></url><url>
	<loc> https://geoconnex.us/cuahsi/his/NCEIWW2/WBAN13002 </loc>
		<lastmod> 2021-10-15 19:24:57.987863 </lastmod></url><url>
	<loc> https://geoconnex.us/cuahsi/his/NCEIWW2/WBAN13005 </loc>
		<lastmod> 2021-10-15 19:24:57.987891 </lastmod></url><url>
	<loc> https://geoconnex.us/cuahsi/his/NCEIWW2/WBAN13007 </loc>
		<lastmod> 2021-10-15 19:24:57.987902 </lastmod></url><url>
	<loc> https://geoconnex.us/cuahsi/his/NCEIWW2/WBAN13013 </loc>
		<lastmod> 2021-10-15 19:24:57.987952 </lastmod></url><url>
	<loc> https://geoconnex.us/cuahsi/his/NCEIWW2/WBAN12101 </loc>
		<lastmod> 2021-10-15 19:24:57.988061 </lastmod></url><url>
	<loc> https://geoconnex.us/cuahsi/his/NCEIWW2/WBAN80509 </loc>
		<lastmod> 2021-10-15 19:24:57.988077 </lastmod></url><url>
	<loc> https://geoconnex.us/cuahsi/his/NCEIWW2/WBAN80412 </loc>
		<lastmod> 2021-10-15 19:24:57.988089 </lastmod></url><url>
	<loc> https://geoconnex.us/cuahsi/his/NCEIWW2/WBAN80425 </loc>
		<lastmod> 2021-10-15 19:24:57.988101 </lastmod></url><url>
	<loc> https://geoconnex.us/cuahsi/his/NCEIWW2/WBAN80411 </loc>
		<lastmod> 2021-10-15 19:24:57.988113 </lastmod></url><url>
	<loc> https://geoconnex.us/cuahsi/his/NCEIWW2/WBAN81601 </loc>
		<lastmod> 2021-10-15 19:24:57.988142 </lastmod></url><url>
	<loc> https://geoconnex.us/cuahsi/his/NCEIWW2/WBAN30001 </loc>
		<lastmod> 2021-10-15 19:24:57.988154 </lastmod></url><url>
	<loc> https://geoconnex.us/cuahsi/his/NCEIWW2/WBAN31001 </loc>
		<lastmod> 2021-10-15 19:24:57.988166 </lastmod></url><url>
	<loc> https://geoconnex.us/cuahsi/his/NCEIWW2/WBAN31101 </loc>
		<lastmod> 2021-10-15 19:24:57.988178 </lastmod></url><url>
	<loc> https://geoconnex.us/cuahsi/his/NCEIWW2/WBAN11801 </loc>
		<lastmod> 2021-10-15 19:24:57.988190 </lastmod></url><url>
	<loc> https://geoconnex.us/cuahsi/his/NCEIWW2/WBAN11606 </loc>
		<lastmod> 2021-10-15 19:24:57.988202 </lastmod></url><url>
	<loc> https://geoconnex.us/cuahsi/his/NCEIWW2/WBAN20501 </loc>
		<lastmod> 2021-10-15 19:24:57.988214 </lastmod></url><url>
	<loc> https://geoconnex.us/cuahsi/his/NCEIWW2/WBAN32501 </loc>
		<lastmod> 2021-10-15 19:24:57.988226 </lastmod></url><url>
	<loc> https://geoconnex.us/cuahsi/his/NCEIWW2/WBAN31501 </loc>
		<lastmod> 2021-10-15 19:24:57.988238 </lastmod></url><url>
	<loc> https://geoconnex.us/cuahsi/his/NCEIWW2/WBAN61502 </loc>
		<lastmod> 2021-10-15 19:24:57.988250 </lastmod></url><url>
	<loc> https://geoconnex.us/cuahsi/his/NCEIWW2/WBAN41207 </loc>
		<lastmod> 2021-10-15 19:24:57.988262 </lastmod></url><url>
	<loc> https://geoconnex.us/cuahsi/his/NCEIWW2/WBAN41204 </loc>
		<lastmod> 2021-10-15 19:24:57.988274 </lastmod></url><url>
	<loc> https://geoconnex.us/cuahsi/his/NCEIWW2/WBAN42401 </loc>
		<lastmod> 2021-10-15 19:24:57.988285 </lastmod></url><url>
	<loc> https://geoconnex.us/cuahsi/his/NCEIWW2/WBAN40601 </loc>
		<lastmod> 2021-10-15 19:24:57.988297 </lastmod></url><url>
	<loc> https://geoconnex.us/cuahsi/his/NCEIWW2/WBAN20602 </loc>
		<lastmod> 2021-10-15 19:24:57.988309 </lastmod></url><url>
	<loc> https://geoconnex.us/cuahsi/his/NCEIWW2/WBAN32603 </loc>
		<lastmod> 2021-10-15 19:24:57.988321 </lastmod></url><url>
	<loc> https://geoconnex.us/cuahsi/his/NCEIWW2/WBAN32602 </loc>
		<lastmod> 2021-10-15 19:24:57.988334 </lastmod></url><url>
	<loc> https://geoconnex.us/cuahsi/his/NCEIWW2/WBAN32601 </loc>
		<lastmod> 2021-10-15 19:24:57.988346 </lastmod></url><url>
	<loc> https://geoconnex.us/cuahsi/his/NCEIWW2/WBAN10701 </loc>
		<lastmod> 2021-10-15 19:24:57.988359 </lastmod></url><url>
	<loc> https://geoconnex.us/cuahsi/his/NCEIWW2/WBAN10804 </loc>
		<lastmod> 2021-10-15 19:24:57.988371 </lastmod></url><url>
	<loc> https://geoconnex.us/cuahsi/his/NCEIWW2/WBAN10718 </loc>
		<lastmod> 2021-10-15 19:24:57.988383 </lastmod></url><url>
	<loc> https://geoconnex.us/cuahsi/his/NCEIWW2/WBAN10705 </loc>
		<lastmod> 2021-10-15 19:24:57.988395 </lastmod></url><url>
	<loc> https://geoconnex.us/cuahsi/his/NCEIWW2/WBAN10704 </loc>
		<lastmod> 2021-10-15 19:24:57.988407 </lastmod></url><url>
	<loc> https://geoconnex.us/cuahsi/his/NCEIWW2/WBAN10802 </loc>
		<lastmod> 2021-10-15 19:24:57.988518 </lastmod></url><url>
	<loc> https://geoconnex.us/cuahsi/his/NCEIWW2/WBAN10703 </loc>
		<lastmod> 2021-10-15 19:24:57.988530 </lastmod></url><url>
	<loc> https://geoconnex.us/cuahsi/his/NCEIWW2/WBAN10803 </loc>
		<lastmod> 2021-10-15 19:24:57.988541 </lastmod></url><url>
	<loc> https://geoconnex.us/cuahsi/his/NCEIWW2/WBAN15605 </loc>
		<lastmod> 2021-10-15 19:24:57.988568 </lastmod></url><url>
	<loc> https://geoconnex.us/cuahsi/his/NCEIWW2/WBAN15604 </loc>
		<lastmod> 2021-10-15 19:24:57.988578 </lastmod></url><url>
	<loc> https://geoconnex.us/cuahsi/his/NCEIWW2/WBAN50802 </loc>
		<lastmod> 2021-10-15 19:24:57.988606 </lastmod></url><url>
	<loc> https://geoconnex.us/cuahsi/his/NCEIWW2/WBAN11101 </loc>
		<lastmod> 2021-10-15 19:24:57.988639 </lastmod></url><url>
	<loc> https://geoconnex.us/cuahsi/his/NCEIWW2/WBAN11103 </loc>
		<lastmod> 2021-10-15 19:24:57.988650 </lastmod></url><url>
	<loc> https://geoconnex.us/cuahsi/his/NCEIWW2/WBAN80510 </loc>
		<lastmod> 2021-10-15 19:24:57.988661 </lastmod></url><url>
	<loc> https://geoconnex.us/cuahsi/his/NCEIWW2/WBAN80504 </loc>
		<lastmod> 2021-10-15 19:24:57.988671 </lastmod></url><url>
	<loc> https://geoconnex.us/cuahsi/his/NCEIWW2/WBAN34018 </loc>
		<lastmod> 2021-10-15 19:24:57.988682 </lastmod></url><url>
	<loc> https://geoconnex.us/cuahsi/his/NCEIWW2/WBAN11610 </loc>
		<lastmod> 2021-10-15 19:24:57.988692 </lastmod></url><url>
	<loc> https://geoconnex.us/cuahsi/his/NCEIWW2/WBAN12702 </loc>
		<lastmod> 2021-10-15 19:24:57.988703 </lastmod></url><url>
	<loc> https://geoconnex.us/cuahsi/his/NCEIWW2/WBAN62701 </loc>
		<lastmod> 2021-10-15 19:24:57.988713 </lastmod></url><url>
	<loc> https://geoconnex.us/cuahsi/his/NCEIWW2/WBAN33109 </loc>
		<lastmod> 2021-10-15 19:24:57.988741 </lastmod></url><url>
	<loc> https://geoconnex.us/cuahsi/his/NCEIWW2/WBAN33121 </loc>
		<lastmod> 2021-10-15 19:24:57.988751 </lastmod></url><url>
	<loc> https://geoconnex.us/cuahsi/his/NCEIWW2/WBAN33003 </loc>
		<lastmod> 2021-10-15 19:24:57.988762 </lastmod></url><url>
	<loc> https://geoconnex.us/cuahsi/his/NCEIWW2/WBAN33307 </loc>
		<lastmod> 2021-10-15 19:24:57.988772 </lastmod></url><url>
	<loc> https://geoconnex.us/cuahsi/his/NCEIWW2/WBAN15027 </loc>
		<lastmod> 2021-10-15 19:24:57.988782 </lastmod></url></ns0:url>
</ns0:urlset>