<ns0:urlset xmlns:ns0="http://www.sitemaps.org/schemas/sitemap/0.9">
    <ns0:url>
    <url>
	<loc> https://geoconnex.us/cuahsi/his/Is&#225;bena/Barasona </loc>
		<lastmod> 2021-10-15 19:24:54.547024 </lastmod></url><url>
	<loc> https://geoconnex.us/cuahsi/his/Is&#225;bena/Cab1 </loc>
		<lastmod> 2021-10-15 19:24:54.547052 </lastmod></url><url>
	<loc> https://geoconnex.us/cuahsi/his/Is&#225;bena/Cab2 </loc>
		<lastmod> 2021-10-15 19:24:54.547066 </lastmod></url><url>
	<loc> https://geoconnex.us/cuahsi/his/Is&#225;bena/Calvera </loc>
		<lastmod> 2021-10-15 19:24:54.547077 </lastmod></url><url>
	<loc> https://geoconnex.us/cuahsi/his/Is&#225;bena/Campo </loc>
		<lastmod> 2021-10-15 19:24:54.547087 </lastmod></url><url>
	<loc> https://geoconnex.us/cuahsi/his/Is&#225;bena/Capella </loc>
		<lastmod> 2021-10-15 19:24:54.547098 </lastmod></url><url>
	<loc> https://geoconnex.us/cuahsi/his/Is&#225;bena/Car </loc>
		<lastmod> 2021-10-15 19:24:54.547111 </lastmod></url><url>
	<loc> https://geoconnex.us/cuahsi/his/Is&#225;bena/Carrasquero </loc>
		<lastmod> 2021-10-15 19:24:54.547123 </lastmod></url><url>
	<loc> https://geoconnex.us/cuahsi/his/Is&#225;bena/Casa_Llera </loc>
		<lastmod> 2021-10-15 19:24:54.547135 </lastmod></url><url>
	<loc> https://geoconnex.us/cuahsi/his/Is&#225;bena/Castigaleu </loc>
		<lastmod> 2021-10-15 19:24:54.547147 </lastmod></url><url>
	<loc> https://geoconnex.us/cuahsi/his/Is&#225;bena/Ceg1 </loc>
		<lastmod> 2021-10-15 19:24:54.547158 </lastmod></url><url>
	<loc> https://geoconnex.us/cuahsi/his/Is&#225;bena/Ceg2 </loc>
		<lastmod> 2021-10-15 19:24:54.547169 </lastmod></url><url>
	<loc> https://geoconnex.us/cuahsi/his/Is&#225;bena/Ceguera </loc>
		<lastmod> 2021-10-15 19:24:54.547180 </lastmod></url><url>
	<loc> https://geoconnex.us/cuahsi/his/Is&#225;bena/Cerler </loc>
		<lastmod> 2021-10-15 19:24:54.547190 </lastmod></url><url>
	<loc> https://geoconnex.us/cuahsi/his/Is&#225;bena/Chordal </loc>
		<lastmod> 2021-10-15 19:24:54.547201 </lastmod></url><url>
	<loc> https://geoconnex.us/cuahsi/his/Is&#225;bena/El_Grado </loc>
		<lastmod> 2021-10-15 19:24:54.547212 </lastmod></url><url>
	<loc> https://geoconnex.us/cuahsi/his/Is&#225;bena/Eriste </loc>
		<lastmod> 2021-10-15 19:24:54.547222 </lastmod></url><url>
	<loc> https://geoconnex.us/cuahsi/his/Is&#225;bena/Las_Paules </loc>
		<lastmod> 2021-10-15 19:24:54.547233 </lastmod></url><url>
	<loc> https://geoconnex.us/cuahsi/his/Is&#225;bena/Las1 </loc>
		<lastmod> 2021-10-15 19:24:54.547243 </lastmod></url><url>
	<loc> https://geoconnex.us/cuahsi/his/Is&#225;bena/Las2 </loc>
		<lastmod> 2021-10-15 19:24:54.547254 </lastmod></url><url>
	<loc> https://geoconnex.us/cuahsi/his/Is&#225;bena/Lascuarre_tube </loc>
		<lastmod> 2021-10-15 19:24:54.547265 </lastmod></url><url>
	<loc> https://geoconnex.us/cuahsi/his/Is&#225;bena/Roda </loc>
		<lastmod> 2021-10-15 19:24:54.547275 </lastmod></url><url>
	<loc> https://geoconnex.us/cuahsi/his/Is&#225;bena/Samper </loc>
		<lastmod> 2021-10-15 19:24:54.547286 </lastmod></url><url>
	<loc> https://geoconnex.us/cuahsi/his/Is&#225;bena/Via1 </loc>
		<lastmod> 2021-10-15 19:24:54.547297 </lastmod></url><url>
	<loc> https://geoconnex.us/cuahsi/his/Is&#225;bena/Via2 </loc>
		<lastmod> 2021-10-15 19:24:54.547307 </lastmod></url><url>
	<loc> https://geoconnex.us/cuahsi/his/Is&#225;bena/Villacarli_Bridge </loc>
		<lastmod> 2021-10-15 19:24:54.547318 </lastmod></url><url>
	<loc> https://geoconnex.us/cuahsi/his/Is&#225;bena/Villacarli_Bridge_1 </loc>
		<lastmod> 2021-10-15 19:24:54.547329 </lastmod></url><url>
	<loc> https://geoconnex.us/cuahsi/his/Is&#225;bena/Villacarli_Bridge_2 </loc>
		<lastmod> 2021-10-15 19:24:54.547339 </lastmod></url><url>
	<loc> https://geoconnex.us/cuahsi/his/Is&#225;bena/Villacarli </loc>
		<lastmod> 2021-10-15 19:24:54.547350 </lastmod></url><url>
	<loc> https://geoconnex.us/cuahsi/his/Is&#225;bena/A01 </loc>
		<lastmod> 2021-10-15 19:24:54.547360 </lastmod></url><url>
	<loc> https://geoconnex.us/cuahsi/his/Is&#225;bena/A02 </loc>
		<lastmod> 2021-10-15 19:24:54.547371 </lastmod></url><url>
	<loc> https://geoconnex.us/cuahsi/his/Is&#225;bena/A03 </loc>
		<lastmod> 2021-10-15 19:24:54.547381 </lastmod></url><url>
	<loc> https://geoconnex.us/cuahsi/his/Is&#225;bena/A04 </loc>
		<lastmod> 2021-10-15 19:24:54.547392 </lastmod></url><url>
	<loc> https://geoconnex.us/cuahsi/his/Is&#225;bena/A05 </loc>
		<lastmod> 2021-10-15 19:24:54.547403 </lastmod></url><url>
	<loc> https://geoconnex.us/cuahsi/his/Is&#225;bena/A06 </loc>
		<lastmod> 2021-10-15 19:24:54.547413 </lastmod></url><url>
	<loc> https://geoconnex.us/cuahsi/his/Is&#225;bena/A07 </loc>
		<lastmod> 2021-10-15 19:24:54.547424 </lastmod></url><url>
	<loc> https://geoconnex.us/cuahsi/his/Is&#225;bena/A08 </loc>
		<lastmod> 2021-10-15 19:24:54.547435 </lastmod></url><url>
	<loc> https://geoconnex.us/cuahsi/his/Is&#225;bena/A10 </loc>
		<lastmod> 2021-10-15 19:24:54.547445 </lastmod></url><url>
	<loc> https://geoconnex.us/cuahsi/his/Is&#225;bena/A11 </loc>
		<lastmod> 2021-10-15 19:24:54.547456 </lastmod></url><url>
	<loc> https://geoconnex.us/cuahsi/his/Is&#225;bena/A12 </loc>
		<lastmod> 2021-10-15 19:24:54.547466 </lastmod></url><url>
	<loc> https://geoconnex.us/cuahsi/his/Is&#225;bena/A14 </loc>
		<lastmod> 2021-10-15 19:24:54.547477 </lastmod></url><url>
	<loc> https://geoconnex.us/cuahsi/his/Is&#225;bena/A15 </loc>
		<lastmod> 2021-10-15 19:24:54.547488 </lastmod></url><url>
	<loc> https://geoconnex.us/cuahsi/his/Is&#225;bena/A16 </loc>
		<lastmod> 2021-10-15 19:24:54.547498 </lastmod></url><url>
	<loc> https://geoconnex.us/cuahsi/his/Is&#225;bena/A17 </loc>
		<lastmod> 2021-10-15 19:24:54.547509 </lastmod></url><url>
	<loc> https://geoconnex.us/cuahsi/his/Is&#225;bena/A18 </loc>
		<lastmod> 2021-10-15 19:24:54.547520 </lastmod></url><url>
	<loc> https://geoconnex.us/cuahsi/his/Is&#225;bena/A19 </loc>
		<lastmod> 2021-10-15 19:24:54.547530 </lastmod></url><url>
	<loc> https://geoconnex.us/cuahsi/his/Is&#225;bena/A20 </loc>
		<lastmod> 2021-10-15 19:24:54.547541 </lastmod></url><url>
	<loc> https://geoconnex.us/cuahsi/his/Is&#225;bena/A21 </loc>
		<lastmod> 2021-10-15 19:24:54.547552 </lastmod></url><url>
	<loc> https://geoconnex.us/cuahsi/his/Is&#225;bena/A22 </loc>
		<lastmod> 2021-10-15 19:24:54.547562 </lastmod></url><url>
	<loc> https://geoconnex.us/cuahsi/his/Is&#225;bena/A23 </loc>
		<lastmod> 2021-10-15 19:24:54.547573 </lastmod></url><url>
	<loc> https://geoconnex.us/cuahsi/his/Is&#225;bena/A24 </loc>
		<lastmod> 2021-10-15 19:24:54.547583 </lastmod></url><url>
	<loc> https://geoconnex.us/cuahsi/his/Is&#225;bena/A25 </loc>
		<lastmod> 2021-10-15 19:24:54.547594 </lastmod></url><url>
	<loc> https://geoconnex.us/cuahsi/his/Is&#225;bena/A26 </loc>
		<lastmod> 2021-10-15 19:24:54.547604 </lastmod></url><url>
	<loc> https://geoconnex.us/cuahsi/his/Is&#225;bena/A27 </loc>
		<lastmod> 2021-10-15 19:24:54.547615 </lastmod></url><url>
	<loc> https://geoconnex.us/cuahsi/his/Is&#225;bena/A28 </loc>
		<lastmod> 2021-10-15 19:24:54.547625 </lastmod></url><url>
	<loc> https://geoconnex.us/cuahsi/his/Is&#225;bena/A30 </loc>
		<lastmod> 2021-10-15 19:24:54.547635 </lastmod></url><url>
	<loc> https://geoconnex.us/cuahsi/his/Is&#225;bena/A31 </loc>
		<lastmod> 2021-10-15 19:24:54.547646 </lastmod></url><url>
	<loc> https://geoconnex.us/cuahsi/his/Is&#225;bena/A32 </loc>
		<lastmod> 2021-10-15 19:24:54.547656 </lastmod></url><url>
	<loc> https://geoconnex.us/cuahsi/his/Is&#225;bena/A33 </loc>
		<lastmod> 2021-10-15 19:24:54.547667 </lastmod></url><url>
	<loc> https://geoconnex.us/cuahsi/his/Is&#225;bena/A35 </loc>
		<lastmod> 2021-10-15 19:24:54.547678 </lastmod></url><url>
	<loc> https://geoconnex.us/cuahsi/his/Is&#225;bena/A37 </loc>
		<lastmod> 2021-10-15 19:24:54.547688 </lastmod></url><url>
	<loc> https://geoconnex.us/cuahsi/his/Is&#225;bena/A38 </loc>
		<lastmod> 2021-10-15 19:24:54.547699 </lastmod></url><url>
	<loc> https://geoconnex.us/cuahsi/his/Is&#225;bena/A39 </loc>
		<lastmod> 2021-10-15 19:24:54.547709 </lastmod></url><url>
	<loc> https://geoconnex.us/cuahsi/his/Is&#225;bena/A40 </loc>
		<lastmod> 2021-10-15 19:24:54.547720 </lastmod></url><url>
	<loc> https://geoconnex.us/cuahsi/his/Is&#225;bena/A41 </loc>
		<lastmod> 2021-10-15 19:24:54.547730 </lastmod></url><url>
	<loc> https://geoconnex.us/cuahsi/his/Is&#225;bena/A42 </loc>
		<lastmod> 2021-10-15 19:24:54.547741 </lastmod></url><url>
	<loc> https://geoconnex.us/cuahsi/his/Is&#225;bena/A43 </loc>
		<lastmod> 2021-10-15 19:24:54.547751 </lastmod></url><url>
	<loc> https://geoconnex.us/cuahsi/his/Is&#225;bena/A44 </loc>
		<lastmod> 2021-10-15 19:24:54.547762 </lastmod></url><url>
	<loc> https://geoconnex.us/cuahsi/his/Is&#225;bena/A45 </loc>
		<lastmod> 2021-10-15 19:24:54.547772 </lastmod></url><url>
	<loc> https://geoconnex.us/cuahsi/his/Is&#225;bena/A46 </loc>
		<lastmod> 2021-10-15 19:24:54.547783 </lastmod></url><url>
	<loc> https://geoconnex.us/cuahsi/his/Is&#225;bena/A47 </loc>
		<lastmod> 2021-10-15 19:24:54.547794 </lastmod></url><url>
	<loc> https://geoconnex.us/cuahsi/his/Is&#225;bena/A48 </loc>
		<lastmod> 2021-10-15 19:24:54.547804 </lastmod></url><url>
	<loc> https://geoconnex.us/cuahsi/his/Is&#225;bena/A49 </loc>
		<lastmod> 2021-10-15 19:24:54.547815 </lastmod></url><url>
	<loc> https://geoconnex.us/cuahsi/his/Is&#225;bena/A50 </loc>
		<lastmod> 2021-10-15 19:24:54.547826 </lastmod></url><url>
	<loc> https://geoconnex.us/cuahsi/his/Is&#225;bena/A51 </loc>
		<lastmod> 2021-10-15 19:24:54.547837 </lastmod></url><url>
	<loc> https://geoconnex.us/cuahsi/his/Is&#225;bena/A52 </loc>
		<lastmod> 2021-10-15 19:24:54.547847 </lastmod></url><url>
	<loc> https://geoconnex.us/cuahsi/his/Is&#225;bena/A53 </loc>
		<lastmod> 2021-10-15 19:24:54.547858 </lastmod></url><url>
	<loc> https://geoconnex.us/cuahsi/his/Is&#225;bena/A54 </loc>
		<lastmod> 2021-10-15 19:24:54.547869 </lastmod></url><url>
	<loc> https://geoconnex.us/cuahsi/his/Is&#225;bena/A55 </loc>
		<lastmod> 2021-10-15 19:24:54.547880 </lastmod></url><url>
	<loc> https://geoconnex.us/cuahsi/his/Is&#225;bena/A56 </loc>
		<lastmod> 2021-10-15 19:24:54.547890 </lastmod></url><url>
	<loc> https://geoconnex.us/cuahsi/his/Is&#225;bena/A57 </loc>
		<lastmod> 2021-10-15 19:24:54.547900 </lastmod></url><url>
	<loc> https://geoconnex.us/cuahsi/his/Is&#225;bena/A58 </loc>
		<lastmod> 2021-10-15 19:24:54.547911 </lastmod></url><url>
	<loc> https://geoconnex.us/cuahsi/his/Is&#225;bena/A59 </loc>
		<lastmod> 2021-10-15 19:24:54.547921 </lastmod></url><url>
	<loc> https://geoconnex.us/cuahsi/his/Is&#225;bena/A60 </loc>
		<lastmod> 2021-10-15 19:24:54.547932 </lastmod></url><url>
	<loc> https://geoconnex.us/cuahsi/his/Is&#225;bena/A61 </loc>
		<lastmod> 2021-10-15 19:24:54.547942 </lastmod></url><url>
	<loc> https://geoconnex.us/cuahsi/his/Is&#225;bena/A62 </loc>
		<lastmod> 2021-10-15 19:24:54.547952 </lastmod></url><url>
	<loc> https://geoconnex.us/cuahsi/his/Is&#225;bena/A63 </loc>
		<lastmod> 2021-10-15 19:24:54.547980 </lastmod></url><url>
	<loc> https://geoconnex.us/cuahsi/his/Is&#225;bena/A64 </loc>
		<lastmod> 2021-10-15 19:24:54.547995 </lastmod></url><url>
	<loc> https://geoconnex.us/cuahsi/his/Is&#225;bena/A65 </loc>
		<lastmod> 2021-10-15 19:24:54.548006 </lastmod></url><url>
	<loc> https://geoconnex.us/cuahsi/his/Is&#225;bena/A66 </loc>
		<lastmod> 2021-10-15 19:24:54.548016 </lastmod></url><url>
	<loc> https://geoconnex.us/cuahsi/his/Is&#225;bena/A67 </loc>
		<lastmod> 2021-10-15 19:24:54.548027 </lastmod></url><url>
	<loc> https://geoconnex.us/cuahsi/his/Is&#225;bena/A69 </loc>
		<lastmod> 2021-10-15 19:24:54.548038 </lastmod></url><url>
	<loc> https://geoconnex.us/cuahsi/his/Is&#225;bena/A70 </loc>
		<lastmod> 2021-10-15 19:24:54.548048 </lastmod></url><url>
	<loc> https://geoconnex.us/cuahsi/his/Is&#225;bena/A71 </loc>
		<lastmod> 2021-10-15 19:24:54.548059 </lastmod></url><url>
	<loc> https://geoconnex.us/cuahsi/his/Is&#225;bena/A72 </loc>
		<lastmod> 2021-10-15 19:24:54.548070 </lastmod></url><url>
	<loc> https://geoconnex.us/cuahsi/his/Is&#225;bena/A73 </loc>
		<lastmod> 2021-10-15 19:24:54.548081 </lastmod></url><url>
	<loc> https://geoconnex.us/cuahsi/his/Is&#225;bena/A74 </loc>
		<lastmod> 2021-10-15 19:24:54.548091 </lastmod></url><url>
	<loc> https://geoconnex.us/cuahsi/his/Is&#225;bena/A75 </loc>
		<lastmod> 2021-10-15 19:24:54.548102 </lastmod></url><url>
	<loc> https://geoconnex.us/cuahsi/his/Is&#225;bena/A79 </loc>
		<lastmod> 2021-10-15 19:24:54.548113 </lastmod></url><url>
	<loc> https://geoconnex.us/cuahsi/his/Is&#225;bena/A80 </loc>
		<lastmod> 2021-10-15 19:24:54.548123 </lastmod></url><url>
	<loc> https://geoconnex.us/cuahsi/his/Is&#225;bena/A81 </loc>
		<lastmod> 2021-10-15 19:24:54.548134 </lastmod></url><url>
	<loc> https://geoconnex.us/cuahsi/his/Is&#225;bena/A82 </loc>
		<lastmod> 2021-10-15 19:24:54.548144 </lastmod></url><url>
	<loc> https://geoconnex.us/cuahsi/his/Is&#225;bena/A83 </loc>
		<lastmod> 2021-10-15 19:24:54.548155 </lastmod></url><url>
	<loc> https://geoconnex.us/cuahsi/his/Is&#225;bena/A84 </loc>
		<lastmod> 2021-10-15 19:24:54.548166 </lastmod></url><url>
	<loc> https://geoconnex.us/cuahsi/his/Is&#225;bena/A85 </loc>
		<lastmod> 2021-10-15 19:24:54.548176 </lastmod></url><url>
	<loc> https://geoconnex.us/cuahsi/his/Is&#225;bena/B01 </loc>
		<lastmod> 2021-10-15 19:24:54.548187 </lastmod></url><url>
	<loc> https://geoconnex.us/cuahsi/his/Is&#225;bena/B02 </loc>
		<lastmod> 2021-10-15 19:24:54.548197 </lastmod></url><url>
	<loc> https://geoconnex.us/cuahsi/his/Is&#225;bena/B04 </loc>
		<lastmod> 2021-10-15 19:24:54.548207 </lastmod></url><url>
	<loc> https://geoconnex.us/cuahsi/his/Is&#225;bena/B05 </loc>
		<lastmod> 2021-10-15 19:24:54.548218 </lastmod></url><url>
	<loc> https://geoconnex.us/cuahsi/his/Is&#225;bena/B06 </loc>
		<lastmod> 2021-10-15 19:24:54.548229 </lastmod></url><url>
	<loc> https://geoconnex.us/cuahsi/his/Is&#225;bena/B07 </loc>
		<lastmod> 2021-10-15 19:24:54.548240 </lastmod></url><url>
	<loc> https://geoconnex.us/cuahsi/his/Is&#225;bena/B08 </loc>
		<lastmod> 2021-10-15 19:24:54.548250 </lastmod></url><url>
	<loc> https://geoconnex.us/cuahsi/his/Is&#225;bena/B09 </loc>
		<lastmod> 2021-10-15 19:24:54.548261 </lastmod></url><url>
	<loc> https://geoconnex.us/cuahsi/his/Is&#225;bena/B10 </loc>
		<lastmod> 2021-10-15 19:24:54.548271 </lastmod></url><url>
	<loc> https://geoconnex.us/cuahsi/his/Is&#225;bena/B11 </loc>
		<lastmod> 2021-10-15 19:24:54.548282 </lastmod></url><url>
	<loc> https://geoconnex.us/cuahsi/his/Is&#225;bena/B12 </loc>
		<lastmod> 2021-10-15 19:24:54.548292 </lastmod></url><url>
	<loc> https://geoconnex.us/cuahsi/his/Is&#225;bena/B13 </loc>
		<lastmod> 2021-10-15 19:24:54.548303 </lastmod></url><url>
	<loc> https://geoconnex.us/cuahsi/his/Is&#225;bena/B14 </loc>
		<lastmod> 2021-10-15 19:24:54.548313 </lastmod></url><url>
	<loc> https://geoconnex.us/cuahsi/his/Is&#225;bena/B15 </loc>
		<lastmod> 2021-10-15 19:24:54.548324 </lastmod></url><url>
	<loc> https://geoconnex.us/cuahsi/his/Is&#225;bena/B16 </loc>
		<lastmod> 2021-10-15 19:24:54.548334 </lastmod></url><url>
	<loc> https://geoconnex.us/cuahsi/his/Is&#225;bena/B17 </loc>
		<lastmod> 2021-10-15 19:24:54.548345 </lastmod></url><url>
	<loc> https://geoconnex.us/cuahsi/his/Is&#225;bena/B18 </loc>
		<lastmod> 2021-10-15 19:24:54.548355 </lastmod></url><url>
	<loc> https://geoconnex.us/cuahsi/his/Is&#225;bena/B19 </loc>
		<lastmod> 2021-10-15 19:24:54.548366 </lastmod></url><url>
	<loc> https://geoconnex.us/cuahsi/his/Is&#225;bena/B20 </loc>
		<lastmod> 2021-10-15 19:24:54.548376 </lastmod></url><url>
	<loc> https://geoconnex.us/cuahsi/his/Is&#225;bena/B21 </loc>
		<lastmod> 2021-10-15 19:24:54.548387 </lastmod></url><url>
	<loc> https://geoconnex.us/cuahsi/his/Is&#225;bena/B22 </loc>
		<lastmod> 2021-10-15 19:24:54.548397 </lastmod></url><url>
	<loc> https://geoconnex.us/cuahsi/his/Is&#225;bena/B24 </loc>
		<lastmod> 2021-10-15 19:24:54.548407 </lastmod></url><url>
	<loc> https://geoconnex.us/cuahsi/his/Is&#225;bena/B25 </loc>
		<lastmod> 2021-10-15 19:24:54.548418 </lastmod></url><url>
	<loc> https://geoconnex.us/cuahsi/his/Is&#225;bena/B26 </loc>
		<lastmod> 2021-10-15 19:24:54.548428 </lastmod></url><url>
	<loc> https://geoconnex.us/cuahsi/his/Is&#225;bena/B27 </loc>
		<lastmod> 2021-10-15 19:24:54.548438 </lastmod></url><url>
	<loc> https://geoconnex.us/cuahsi/his/Is&#225;bena/B28 </loc>
		<lastmod> 2021-10-15 19:24:54.548447 </lastmod></url><url>
	<loc> https://geoconnex.us/cuahsi/his/Is&#225;bena/B29 </loc>
		<lastmod> 2021-10-15 19:24:54.548458 </lastmod></url><url>
	<loc> https://geoconnex.us/cuahsi/his/Is&#225;bena/B30 </loc>
		<lastmod> 2021-10-15 19:24:54.548468 </lastmod></url><url>
	<loc> https://geoconnex.us/cuahsi/his/Is&#225;bena/B31 </loc>
		<lastmod> 2021-10-15 19:24:54.548478 </lastmod></url><url>
	<loc> https://geoconnex.us/cuahsi/his/Is&#225;bena/B32 </loc>
		<lastmod> 2021-10-15 19:24:54.548489 </lastmod></url><url>
	<loc> https://geoconnex.us/cuahsi/his/Is&#225;bena/B35 </loc>
		<lastmod> 2021-10-15 19:24:54.548499 </lastmod></url><url>
	<loc> https://geoconnex.us/cuahsi/his/Is&#225;bena/B36 </loc>
		<lastmod> 2021-10-15 19:24:54.548510 </lastmod></url><url>
	<loc> https://geoconnex.us/cuahsi/his/Is&#225;bena/B37 </loc>
		<lastmod> 2021-10-15 19:24:54.548520 </lastmod></url><url>
	<loc> https://geoconnex.us/cuahsi/his/Is&#225;bena/B38 </loc>
		<lastmod> 2021-10-15 19:24:54.548531 </lastmod></url><url>
	<loc> https://geoconnex.us/cuahsi/his/Is&#225;bena/B39 </loc>
		<lastmod> 2021-10-15 19:24:54.548541 </lastmod></url><url>
	<loc> https://geoconnex.us/cuahsi/his/Is&#225;bena/B40 </loc>
		<lastmod> 2021-10-15 19:24:54.548552 </lastmod></url><url>
	<loc> https://geoconnex.us/cuahsi/his/Is&#225;bena/B41 </loc>
		<lastmod> 2021-10-15 19:24:54.548562 </lastmod></url><url>
	<loc> https://geoconnex.us/cuahsi/his/Is&#225;bena/B43 </loc>
		<lastmod> 2021-10-15 19:24:54.548572 </lastmod></url><url>
	<loc> https://geoconnex.us/cuahsi/his/Is&#225;bena/B44 </loc>
		<lastmod> 2021-10-15 19:24:54.548583 </lastmod></url><url>
	<loc> https://geoconnex.us/cuahsi/his/Is&#225;bena/B45 </loc>
		<lastmod> 2021-10-15 19:24:54.548593 </lastmod></url><url>
	<loc> https://geoconnex.us/cuahsi/his/Is&#225;bena/B46 </loc>
		<lastmod> 2021-10-15 19:24:54.548621 </lastmod></url><url>
	<loc> https://geoconnex.us/cuahsi/his/Is&#225;bena/B47 </loc>
		<lastmod> 2021-10-15 19:24:54.548636 </lastmod></url><url>
	<loc> https://geoconnex.us/cuahsi/his/Is&#225;bena/B48 </loc>
		<lastmod> 2021-10-15 19:24:54.548646 </lastmod></url><url>
	<loc> https://geoconnex.us/cuahsi/his/Is&#225;bena/B49 </loc>
		<lastmod> 2021-10-15 19:24:54.548656 </lastmod></url><url>
	<loc> https://geoconnex.us/cuahsi/his/Is&#225;bena/B50 </loc>
		<lastmod> 2021-10-15 19:24:54.548667 </lastmod></url><url>
	<loc> https://geoconnex.us/cuahsi/his/Is&#225;bena/B51 </loc>
		<lastmod> 2021-10-15 19:24:54.548677 </lastmod></url><url>
	<loc> https://geoconnex.us/cuahsi/his/Is&#225;bena/B52 </loc>
		<lastmod> 2021-10-15 19:24:54.548688 </lastmod></url><url>
	<loc> https://geoconnex.us/cuahsi/his/Is&#225;bena/B53 </loc>
		<lastmod> 2021-10-15 19:24:54.548698 </lastmod></url><url>
	<loc> https://geoconnex.us/cuahsi/his/Is&#225;bena/B54 </loc>
		<lastmod> 2021-10-15 19:24:54.548747 </lastmod></url><url>
	<loc> https://geoconnex.us/cuahsi/his/Is&#225;bena/B55 </loc>
		<lastmod> 2021-10-15 19:24:54.548760 </lastmod></url><url>
	<loc> https://geoconnex.us/cuahsi/his/Is&#225;bena/B56 </loc>
		<lastmod> 2021-10-15 19:24:54.548771 </lastmod></url><url>
	<loc> https://geoconnex.us/cuahsi/his/Is&#225;bena/B57 </loc>
		<lastmod> 2021-10-15 19:24:54.548782 </lastmod></url><url>
	<loc> https://geoconnex.us/cuahsi/his/Is&#225;bena/B58 </loc>
		<lastmod> 2021-10-15 19:24:54.548793 </lastmod></url><url>
	<loc> https://geoconnex.us/cuahsi/his/Is&#225;bena/B59 </loc>
		<lastmod> 2021-10-15 19:24:54.548803 </lastmod></url><url>
	<loc> https://geoconnex.us/cuahsi/his/Is&#225;bena/B60 </loc>
		<lastmod> 2021-10-15 19:24:54.548814 </lastmod></url><url>
	<loc> https://geoconnex.us/cuahsi/his/Is&#225;bena/B61 </loc>
		<lastmod> 2021-10-15 19:24:54.548824 </lastmod></url><url>
	<loc> https://geoconnex.us/cuahsi/his/Is&#225;bena/B63 </loc>
		<lastmod> 2021-10-15 19:24:54.548835 </lastmod></url><url>
	<loc> https://geoconnex.us/cuahsi/his/Is&#225;bena/B64 </loc>
		<lastmod> 2021-10-15 19:24:54.548845 </lastmod></url><url>
	<loc> https://geoconnex.us/cuahsi/his/Is&#225;bena/B65 </loc>
		<lastmod> 2021-10-15 19:24:54.548856 </lastmod></url><url>
	<loc> https://geoconnex.us/cuahsi/his/Is&#225;bena/B66 </loc>
		<lastmod> 2021-10-15 19:24:54.548867 </lastmod></url><url>
	<loc> https://geoconnex.us/cuahsi/his/Is&#225;bena/B67 </loc>
		<lastmod> 2021-10-15 19:24:54.548877 </lastmod></url><url>
	<loc> https://geoconnex.us/cuahsi/his/Is&#225;bena/B68 </loc>
		<lastmod> 2021-10-15 19:24:54.548888 </lastmod></url><url>
	<loc> https://geoconnex.us/cuahsi/his/Is&#225;bena/B69 </loc>
		<lastmod> 2021-10-15 19:24:54.548898 </lastmod></url><url>
	<loc> https://geoconnex.us/cuahsi/his/Is&#225;bena/B70 </loc>
		<lastmod> 2021-10-15 19:24:54.548909 </lastmod></url><url>
	<loc> https://geoconnex.us/cuahsi/his/Is&#225;bena/B71 </loc>
		<lastmod> 2021-10-15 19:24:54.548919 </lastmod></url><url>
	<loc> https://geoconnex.us/cuahsi/his/Is&#225;bena/B72 </loc>
		<lastmod> 2021-10-15 19:24:54.548930 </lastmod></url><url>
	<loc> https://geoconnex.us/cuahsi/his/Is&#225;bena/B73 </loc>
		<lastmod> 2021-10-15 19:24:54.548940 </lastmod></url><url>
	<loc> https://geoconnex.us/cuahsi/his/Is&#225;bena/B74 </loc>
		<lastmod> 2021-10-15 19:24:54.548951 </lastmod></url><url>
	<loc> https://geoconnex.us/cuahsi/his/Is&#225;bena/B75 </loc>
		<lastmod> 2021-10-15 19:24:54.548962 </lastmod></url><url>
	<loc> https://geoconnex.us/cuahsi/his/Is&#225;bena/B76 </loc>
		<lastmod> 2021-10-15 19:24:54.548973 </lastmod></url><url>
	<loc> https://geoconnex.us/cuahsi/his/Is&#225;bena/B77 </loc>
		<lastmod> 2021-10-15 19:24:54.548984 </lastmod></url><url>
	<loc> https://geoconnex.us/cuahsi/his/Is&#225;bena/B78 </loc>
		<lastmod> 2021-10-15 19:24:54.548994 </lastmod></url><url>
	<loc> https://geoconnex.us/cuahsi/his/Is&#225;bena/B79 </loc>
		<lastmod> 2021-10-15 19:24:54.549005 </lastmod></url><url>
	<loc> https://geoconnex.us/cuahsi/his/Is&#225;bena/B80 </loc>
		<lastmod> 2021-10-15 19:24:54.549016 </lastmod></url><url>
	<loc> https://geoconnex.us/cuahsi/his/Is&#225;bena/B81 </loc>
		<lastmod> 2021-10-15 19:24:54.549026 </lastmod></url><url>
	<loc> https://geoconnex.us/cuahsi/his/Is&#225;bena/B82 </loc>
		<lastmod> 2021-10-15 19:24:54.549037 </lastmod></url><url>
	<loc> https://geoconnex.us/cuahsi/his/Is&#225;bena/Cabecera </loc>
		<lastmod> 2021-10-15 19:24:54.549047 </lastmod></url></ns0:url>
</ns0:urlset>