<ns0:urlset xmlns:ns0="http://www.sitemaps.org/schemas/sitemap/0.9">
    <ns0:url>
    <url>
	<loc> https://geoconnex.us/cuahsi/his/TRWA/AMES </loc>
		<lastmod> 2021-10-15 19:25:02.004923 </lastmod></url><url>
	<loc> https://geoconnex.us/cuahsi/his/TRWA/ASO-02 </loc>
		<lastmod> 2021-10-15 19:25:02.004955 </lastmod></url><url>
	<loc> https://geoconnex.us/cuahsi/his/TRWA/ASO-03 </loc>
		<lastmod> 2021-10-15 19:25:02.004972 </lastmod></url><url>
	<loc> https://geoconnex.us/cuahsi/his/TRWA/BED-01-TNT-03 </loc>
		<lastmod> 2021-10-15 19:25:02.004986 </lastmod></url><url>
	<loc> https://geoconnex.us/cuahsi/his/TRWA/BER-T </loc>
		<lastmod> 2021-10-15 19:25:02.004999 </lastmod></url><url>
	<loc> https://geoconnex.us/cuahsi/his/TRWA/CASTLE </loc>
		<lastmod> 2021-10-15 19:25:02.005012 </lastmod></url><url>
	<loc> https://geoconnex.us/cuahsi/his/TRWA/CHE-01-TNT-04 </loc>
		<lastmod> 2021-10-15 19:25:02.005024 </lastmod></url><url>
	<loc> https://geoconnex.us/cuahsi/his/TRWA/COB-000 </loc>
		<lastmod> 2021-10-15 19:25:02.005036 </lastmod></url><url>
	<loc> https://geoconnex.us/cuahsi/his/TRWA/COB-013 </loc>
		<lastmod> 2021-10-15 19:25:02.005048 </lastmod></url><url>
	<loc> https://geoconnex.us/cuahsi/his/TRWA/COT-01 </loc>
		<lastmod> 2021-10-15 19:25:02.005060 </lastmod></url><url>
	<loc> https://geoconnex.us/cuahsi/his/TRWA/COT-004 </loc>
		<lastmod> 2021-10-15 19:25:02.005072 </lastmod></url><url>
	<loc> https://geoconnex.us/cuahsi/his/TRWA/FBR-01 </loc>
		<lastmod> 2021-10-15 19:25:02.005084 </lastmod></url><url>
	<loc> https://geoconnex.us/cuahsi/his/TRWA/FORGE </loc>
		<lastmod> 2021-10-15 19:25:02.005096 </lastmod></url><url>
	<loc> https://geoconnex.us/cuahsi/his/TRWA/LZ </loc>
		<lastmod> 2021-10-15 19:25:02.005108 </lastmod></url><url>
	<loc> https://geoconnex.us/cuahsi/his/TRWA/MAT-01 </loc>
		<lastmod> 2021-10-15 19:25:02.005120 </lastmod></url><url>
	<loc> https://geoconnex.us/cuahsi/his/TRWA/MIL-000 </loc>
		<lastmod> 2021-10-15 19:25:02.005131 </lastmod></url><url>
	<loc> https://geoconnex.us/cuahsi/his/TRWA/MIL-014 </loc>
		<lastmod> 2021-10-15 19:25:02.005143 </lastmod></url><url>
	<loc> https://geoconnex.us/cuahsi/his/TRWA/MIL-03 </loc>
		<lastmod> 2021-10-15 19:25:02.005173 </lastmod></url><url>
	<loc> https://geoconnex.us/cuahsi/his/TRWA/NMK-023 </loc>
		<lastmod> 2021-10-15 19:25:02.005184 </lastmod></url><url>
	<loc> https://geoconnex.us/cuahsi/his/TRWA/NMK-041 </loc>
		<lastmod> 2021-10-15 19:25:02.005211 </lastmod></url><url>
	<loc> https://geoconnex.us/cuahsi/his/TRWA/PCO </loc>
		<lastmod> 2021-10-15 19:25:02.005221 </lastmod></url><url>
	<loc> https://geoconnex.us/cuahsi/his/TRWA/QBR </loc>
		<lastmod> 2021-10-15 19:25:02.005230 </lastmod></url><url>
	<loc> https://geoconnex.us/cuahsi/his/TRWA/SEG </loc>
		<lastmod> 2021-10-15 19:25:02.005239 </lastmod></url><url>
	<loc> https://geoconnex.us/cuahsi/his/TRWA/SNK-005 </loc>
		<lastmod> 2021-10-15 19:25:02.005249 </lastmod></url><url>
	<loc> https://geoconnex.us/cuahsi/his/TRWA/TBR-01 </loc>
		<lastmod> 2021-10-15 19:25:02.005258 </lastmod></url><url>
	<loc> https://geoconnex.us/cuahsi/his/TRWA/TMR-004 </loc>
		<lastmod> 2021-10-15 19:25:02.005267 </lastmod></url><url>
	<loc> https://geoconnex.us/cuahsi/his/TRWA/TMR-03 </loc>
		<lastmod> 2021-10-15 19:25:02.005277 </lastmod></url><url>
	<loc> https://geoconnex.us/cuahsi/his/TRWA/TMR-034 </loc>
		<lastmod> 2021-10-15 19:25:02.005287 </lastmod></url><url>
	<loc> https://geoconnex.us/cuahsi/his/TRWA/TNT-000 </loc>
		<lastmod> 2021-10-15 19:25:02.005314 </lastmod></url><url>
	<loc> https://geoconnex.us/cuahsi/his/TRWA/TNT-043 </loc>
		<lastmod> 2021-10-15 19:25:02.005343 </lastmod></url><url>
	<loc> https://geoconnex.us/cuahsi/his/TRWA/TNT-050 </loc>
		<lastmod> 2021-10-15 19:25:02.005352 </lastmod></url><url>
	<loc> https://geoconnex.us/cuahsi/his/TRWA/TNT-113 </loc>
		<lastmod> 2021-10-15 19:25:02.005362 </lastmod></url><url>
	<loc> https://geoconnex.us/cuahsi/his/TRWA/TNT-158 </loc>
		<lastmod> 2021-10-15 19:25:02.005371 </lastmod></url><url>
	<loc> https://geoconnex.us/cuahsi/his/TRWA/TWH-01 </loc>
		<lastmod> 2021-10-15 19:25:02.005380 </lastmod></url><url>
	<loc> https://geoconnex.us/cuahsi/his/TRWA/TWN-01 </loc>
		<lastmod> 2021-10-15 19:25:02.005389 </lastmod></url><url>
	<loc> https://geoconnex.us/cuahsi/his/TRWA/WAD-01 </loc>
		<lastmod> 2021-10-15 19:25:02.005399 </lastmod></url><url>
	<loc> https://geoconnex.us/cuahsi/his/TRWA/WAD-02 </loc>
		<lastmod> 2021-10-15 19:25:02.005408 </lastmod></url></ns0:url>
</ns0:urlset>