<ns0:urlset xmlns:ns0="http://www.sitemaps.org/schemas/sitemap/0.9">
    <ns0:url>
    <url>
	<loc> https://geoconnex.us/cuahsi/his/Swedish_Monitoring_Data/wq1 </loc>
		<lastmod> 2021-10-15 19:25:01.987883 </lastmod></url><url>
	<loc> https://geoconnex.us/cuahsi/his/Swedish_Monitoring_Data/wq1155 </loc>
		<lastmod> 2021-10-15 19:25:01.987912 </lastmod></url><url>
	<loc> https://geoconnex.us/cuahsi/his/Swedish_Monitoring_Data/wq1159 </loc>
		<lastmod> 2021-10-15 19:25:01.987926 </lastmod></url><url>
	<loc> https://geoconnex.us/cuahsi/his/Swedish_Monitoring_Data/wq1167 </loc>
		<lastmod> 2021-10-15 19:25:01.987939 </lastmod></url><url>
	<loc> https://geoconnex.us/cuahsi/his/Swedish_Monitoring_Data/wq1169 </loc>
		<lastmod> 2021-10-15 19:25:01.987951 </lastmod></url><url>
	<loc> https://geoconnex.us/cuahsi/his/Swedish_Monitoring_Data/wq117 </loc>
		<lastmod> 2021-10-15 19:25:01.988004 </lastmod></url><url>
	<loc> https://geoconnex.us/cuahsi/his/Swedish_Monitoring_Data/wq1170 </loc>
		<lastmod> 2021-10-15 19:25:01.988022 </lastmod></url><url>
	<loc> https://geoconnex.us/cuahsi/his/Swedish_Monitoring_Data/wq1171 </loc>
		<lastmod> 2021-10-15 19:25:01.988034 </lastmod></url><url>
	<loc> https://geoconnex.us/cuahsi/his/Swedish_Monitoring_Data/wq1174 </loc>
		<lastmod> 2021-10-15 19:25:01.988046 </lastmod></url><url>
	<loc> https://geoconnex.us/cuahsi/his/Swedish_Monitoring_Data/wq118 </loc>
		<lastmod> 2021-10-15 19:25:01.988057 </lastmod></url><url>
	<loc> https://geoconnex.us/cuahsi/his/Swedish_Monitoring_Data/wq119 </loc>
		<lastmod> 2021-10-15 19:25:01.988068 </lastmod></url><url>
	<loc> https://geoconnex.us/cuahsi/his/Swedish_Monitoring_Data/wq120 </loc>
		<lastmod> 2021-10-15 19:25:01.988079 </lastmod></url><url>
	<loc> https://geoconnex.us/cuahsi/his/Swedish_Monitoring_Data/wq1201 </loc>
		<lastmod> 2021-10-15 19:25:01.988090 </lastmod></url><url>
	<loc> https://geoconnex.us/cuahsi/his/Swedish_Monitoring_Data/wq1202 </loc>
		<lastmod> 2021-10-15 19:25:01.988101 </lastmod></url><url>
	<loc> https://geoconnex.us/cuahsi/his/Swedish_Monitoring_Data/wq1203 </loc>
		<lastmod> 2021-10-15 19:25:01.988111 </lastmod></url><url>
	<loc> https://geoconnex.us/cuahsi/his/Swedish_Monitoring_Data/wq1204 </loc>
		<lastmod> 2021-10-15 19:25:01.988138 </lastmod></url><url>
	<loc> https://geoconnex.us/cuahsi/his/Swedish_Monitoring_Data/wq1205 </loc>
		<lastmod> 2021-10-15 19:25:01.988148 </lastmod></url><url>
	<loc> https://geoconnex.us/cuahsi/his/Swedish_Monitoring_Data/wq1206 </loc>
		<lastmod> 2021-10-15 19:25:01.988158 </lastmod></url><url>
	<loc> https://geoconnex.us/cuahsi/his/Swedish_Monitoring_Data/wq1207 </loc>
		<lastmod> 2021-10-15 19:25:01.988186 </lastmod></url><url>
	<loc> https://geoconnex.us/cuahsi/his/Swedish_Monitoring_Data/wq1208 </loc>
		<lastmod> 2021-10-15 19:25:01.988196 </lastmod></url><url>
	<loc> https://geoconnex.us/cuahsi/his/Swedish_Monitoring_Data/wq1211 </loc>
		<lastmod> 2021-10-15 19:25:01.988206 </lastmod></url><url>
	<loc> https://geoconnex.us/cuahsi/his/Swedish_Monitoring_Data/wq1220 </loc>
		<lastmod> 2021-10-15 19:25:01.988216 </lastmod></url><url>
	<loc> https://geoconnex.us/cuahsi/his/Swedish_Monitoring_Data/wq1245 </loc>
		<lastmod> 2021-10-15 19:25:01.988226 </lastmod></url><url>
	<loc> https://geoconnex.us/cuahsi/his/Swedish_Monitoring_Data/wq1256 </loc>
		<lastmod> 2021-10-15 19:25:01.988259 </lastmod></url><url>
	<loc> https://geoconnex.us/cuahsi/his/Swedish_Monitoring_Data/wq1259 </loc>
		<lastmod> 2021-10-15 19:25:01.988289 </lastmod></url><url>
	<loc> https://geoconnex.us/cuahsi/his/Swedish_Monitoring_Data/wq1260 </loc>
		<lastmod> 2021-10-15 19:25:01.988299 </lastmod></url><url>
	<loc> https://geoconnex.us/cuahsi/his/Swedish_Monitoring_Data/wq1262 </loc>
		<lastmod> 2021-10-15 19:25:01.988310 </lastmod></url><url>
	<loc> https://geoconnex.us/cuahsi/his/Swedish_Monitoring_Data/wq1263 </loc>
		<lastmod> 2021-10-15 19:25:01.988337 </lastmod></url><url>
	<loc> https://geoconnex.us/cuahsi/his/Swedish_Monitoring_Data/wq127 </loc>
		<lastmod> 2021-10-15 19:25:01.988348 </lastmod></url><url>
	<loc> https://geoconnex.us/cuahsi/his/Swedish_Monitoring_Data/wq1282 </loc>
		<lastmod> 2021-10-15 19:25:01.988359 </lastmod></url><url>
	<loc> https://geoconnex.us/cuahsi/his/Swedish_Monitoring_Data/wq129 </loc>
		<lastmod> 2021-10-15 19:25:01.988369 </lastmod></url><url>
	<loc> https://geoconnex.us/cuahsi/his/Swedish_Monitoring_Data/wq1296 </loc>
		<lastmod> 2021-10-15 19:25:01.988379 </lastmod></url><url>
	<loc> https://geoconnex.us/cuahsi/his/Swedish_Monitoring_Data/wq131 </loc>
		<lastmod> 2021-10-15 19:25:01.988390 </lastmod></url><url>
	<loc> https://geoconnex.us/cuahsi/his/Swedish_Monitoring_Data/wq1312 </loc>
		<lastmod> 2021-10-15 19:25:01.988400 </lastmod></url><url>
	<loc> https://geoconnex.us/cuahsi/his/Swedish_Monitoring_Data/wq1328 </loc>
		<lastmod> 2021-10-15 19:25:01.988411 </lastmod></url><url>
	<loc> https://geoconnex.us/cuahsi/his/Swedish_Monitoring_Data/wq1329 </loc>
		<lastmod> 2021-10-15 19:25:01.988421 </lastmod></url><url>
	<loc> https://geoconnex.us/cuahsi/his/Swedish_Monitoring_Data/wq133 </loc>
		<lastmod> 2021-10-15 19:25:01.988431 </lastmod></url><url>
	<loc> https://geoconnex.us/cuahsi/his/Swedish_Monitoring_Data/wq1331 </loc>
		<lastmod> 2021-10-15 19:25:01.988442 </lastmod></url><url>
	<loc> https://geoconnex.us/cuahsi/his/Swedish_Monitoring_Data/wq1332 </loc>
		<lastmod> 2021-10-15 19:25:01.988453 </lastmod></url><url>
	<loc> https://geoconnex.us/cuahsi/his/Swedish_Monitoring_Data/wq1333 </loc>
		<lastmod> 2021-10-15 19:25:01.988487 </lastmod></url><url>
	<loc> https://geoconnex.us/cuahsi/his/Swedish_Monitoring_Data/wq1334 </loc>
		<lastmod> 2021-10-15 19:25:01.988497 </lastmod></url><url>
	<loc> https://geoconnex.us/cuahsi/his/Swedish_Monitoring_Data/wq1335 </loc>
		<lastmod> 2021-10-15 19:25:01.988528 </lastmod></url><url>
	<loc> https://geoconnex.us/cuahsi/his/Swedish_Monitoring_Data/wq134 </loc>
		<lastmod> 2021-10-15 19:25:01.988539 </lastmod></url><url>
	<loc> https://geoconnex.us/cuahsi/his/Swedish_Monitoring_Data/wq135 </loc>
		<lastmod> 2021-10-15 19:25:01.988569 </lastmod></url><url>
	<loc> https://geoconnex.us/cuahsi/his/Swedish_Monitoring_Data/wq1353 </loc>
		<lastmod> 2021-10-15 19:25:01.988579 </lastmod></url><url>
	<loc> https://geoconnex.us/cuahsi/his/Swedish_Monitoring_Data/wq1354 </loc>
		<lastmod> 2021-10-15 19:25:01.988589 </lastmod></url><url>
	<loc> https://geoconnex.us/cuahsi/his/Swedish_Monitoring_Data/wq1355 </loc>
		<lastmod> 2021-10-15 19:25:01.988599 </lastmod></url><url>
	<loc> https://geoconnex.us/cuahsi/his/Swedish_Monitoring_Data/wq1356 </loc>
		<lastmod> 2021-10-15 19:25:01.988625 </lastmod></url><url>
	<loc> https://geoconnex.us/cuahsi/his/Swedish_Monitoring_Data/wq1357 </loc>
		<lastmod> 2021-10-15 19:25:01.988635 </lastmod></url><url>
	<loc> https://geoconnex.us/cuahsi/his/Swedish_Monitoring_Data/wq1358 </loc>
		<lastmod> 2021-10-15 19:25:01.988645 </lastmod></url><url>
	<loc> https://geoconnex.us/cuahsi/his/Swedish_Monitoring_Data/wq1359 </loc>
		<lastmod> 2021-10-15 19:25:01.988654 </lastmod></url><url>
	<loc> https://geoconnex.us/cuahsi/his/Swedish_Monitoring_Data/wq136 </loc>
		<lastmod> 2021-10-15 19:25:01.988664 </lastmod></url><url>
	<loc> https://geoconnex.us/cuahsi/his/Swedish_Monitoring_Data/wq1361 </loc>
		<lastmod> 2021-10-15 19:25:01.988673 </lastmod></url><url>
	<loc> https://geoconnex.us/cuahsi/his/Swedish_Monitoring_Data/wq1362 </loc>
		<lastmod> 2021-10-15 19:25:01.988683 </lastmod></url><url>
	<loc> https://geoconnex.us/cuahsi/his/Swedish_Monitoring_Data/wq1363 </loc>
		<lastmod> 2021-10-15 19:25:01.988693 </lastmod></url><url>
	<loc> https://geoconnex.us/cuahsi/his/Swedish_Monitoring_Data/wq1367 </loc>
		<lastmod> 2021-10-15 19:25:01.988702 </lastmod></url><url>
	<loc> https://geoconnex.us/cuahsi/his/Swedish_Monitoring_Data/wq1375 </loc>
		<lastmod> 2021-10-15 19:25:01.988712 </lastmod></url><url>
	<loc> https://geoconnex.us/cuahsi/his/Swedish_Monitoring_Data/wq138 </loc>
		<lastmod> 2021-10-15 19:25:01.988721 </lastmod></url><url>
	<loc> https://geoconnex.us/cuahsi/his/Swedish_Monitoring_Data/wq139 </loc>
		<lastmod> 2021-10-15 19:25:01.988731 </lastmod></url><url>
	<loc> https://geoconnex.us/cuahsi/his/Swedish_Monitoring_Data/wq1398 </loc>
		<lastmod> 2021-10-15 19:25:01.988741 </lastmod></url><url>
	<loc> https://geoconnex.us/cuahsi/his/Swedish_Monitoring_Data/wq140 </loc>
		<lastmod> 2021-10-15 19:25:01.988750 </lastmod></url><url>
	<loc> https://geoconnex.us/cuahsi/his/Swedish_Monitoring_Data/wq1400 </loc>
		<lastmod> 2021-10-15 19:25:01.988760 </lastmod></url><url>
	<loc> https://geoconnex.us/cuahsi/his/Swedish_Monitoring_Data/wq143 </loc>
		<lastmod> 2021-10-15 19:25:01.988770 </lastmod></url><url>
	<loc> https://geoconnex.us/cuahsi/his/Swedish_Monitoring_Data/wq1445 </loc>
		<lastmod> 2021-10-15 19:25:01.988780 </lastmod></url><url>
	<loc> https://geoconnex.us/cuahsi/his/Swedish_Monitoring_Data/wq1447 </loc>
		<lastmod> 2021-10-15 19:25:01.988807 </lastmod></url><url>
	<loc> https://geoconnex.us/cuahsi/his/Swedish_Monitoring_Data/wq1456 </loc>
		<lastmod> 2021-10-15 19:25:01.988816 </lastmod></url><url>
	<loc> https://geoconnex.us/cuahsi/his/Swedish_Monitoring_Data/wq1460 </loc>
		<lastmod> 2021-10-15 19:25:01.988826 </lastmod></url><url>
	<loc> https://geoconnex.us/cuahsi/his/Swedish_Monitoring_Data/wq1462 </loc>
		<lastmod> 2021-10-15 19:25:01.988835 </lastmod></url><url>
	<loc> https://geoconnex.us/cuahsi/his/Swedish_Monitoring_Data/wq1472 </loc>
		<lastmod> 2021-10-15 19:25:01.988870 </lastmod></url><url>
	<loc> https://geoconnex.us/cuahsi/his/Swedish_Monitoring_Data/wq1473 </loc>
		<lastmod> 2021-10-15 19:25:01.988880 </lastmod></url><url>
	<loc> https://geoconnex.us/cuahsi/his/Swedish_Monitoring_Data/wq1490 </loc>
		<lastmod> 2021-10-15 19:25:01.988889 </lastmod></url><url>
	<loc> https://geoconnex.us/cuahsi/his/Swedish_Monitoring_Data/wq1492 </loc>
		<lastmod> 2021-10-15 19:25:01.988899 </lastmod></url><url>
	<loc> https://geoconnex.us/cuahsi/his/Swedish_Monitoring_Data/wq1494 </loc>
		<lastmod> 2021-10-15 19:25:01.988908 </lastmod></url><url>
	<loc> https://geoconnex.us/cuahsi/his/Swedish_Monitoring_Data/wq1495 </loc>
		<lastmod> 2021-10-15 19:25:01.988918 </lastmod></url><url>
	<loc> https://geoconnex.us/cuahsi/his/Swedish_Monitoring_Data/wq1531 </loc>
		<lastmod> 2021-10-15 19:25:01.988928 </lastmod></url><url>
	<loc> https://geoconnex.us/cuahsi/his/Swedish_Monitoring_Data/wq1532 </loc>
		<lastmod> 2021-10-15 19:25:01.988938 </lastmod></url><url>
	<loc> https://geoconnex.us/cuahsi/his/Swedish_Monitoring_Data/wq1533 </loc>
		<lastmod> 2021-10-15 19:25:01.988948 </lastmod></url><url>
	<loc> https://geoconnex.us/cuahsi/his/Swedish_Monitoring_Data/wq1534 </loc>
		<lastmod> 2021-10-15 19:25:01.988957 </lastmod></url><url>
	<loc> https://geoconnex.us/cuahsi/his/Swedish_Monitoring_Data/wq1535 </loc>
		<lastmod> 2021-10-15 19:25:01.988967 </lastmod></url><url>
	<loc> https://geoconnex.us/cuahsi/his/Swedish_Monitoring_Data/wq1536 </loc>
		<lastmod> 2021-10-15 19:25:01.988976 </lastmod></url><url>
	<loc> https://geoconnex.us/cuahsi/his/Swedish_Monitoring_Data/wq1537 </loc>
		<lastmod> 2021-10-15 19:25:01.988986 </lastmod></url><url>
	<loc> https://geoconnex.us/cuahsi/his/Swedish_Monitoring_Data/wq1538 </loc>
		<lastmod> 2021-10-15 19:25:01.988995 </lastmod></url><url>
	<loc> https://geoconnex.us/cuahsi/his/Swedish_Monitoring_Data/wq1539 </loc>
		<lastmod> 2021-10-15 19:25:01.989005 </lastmod></url><url>
	<loc> https://geoconnex.us/cuahsi/his/Swedish_Monitoring_Data/wq1540 </loc>
		<lastmod> 2021-10-15 19:25:01.989014 </lastmod></url><url>
	<loc> https://geoconnex.us/cuahsi/his/Swedish_Monitoring_Data/wq1541 </loc>
		<lastmod> 2021-10-15 19:25:01.989024 </lastmod></url><url>
	<loc> https://geoconnex.us/cuahsi/his/Swedish_Monitoring_Data/wq1542 </loc>
		<lastmod> 2021-10-15 19:25:01.989033 </lastmod></url><url>
	<loc> https://geoconnex.us/cuahsi/his/Swedish_Monitoring_Data/wq1543 </loc>
		<lastmod> 2021-10-15 19:25:01.989043 </lastmod></url><url>
	<loc> https://geoconnex.us/cuahsi/his/Swedish_Monitoring_Data/wq1544 </loc>
		<lastmod> 2021-10-15 19:25:01.989052 </lastmod></url><url>
	<loc> https://geoconnex.us/cuahsi/his/Swedish_Monitoring_Data/wq1588 </loc>
		<lastmod> 2021-10-15 19:25:01.989062 </lastmod></url><url>
	<loc> https://geoconnex.us/cuahsi/his/Swedish_Monitoring_Data/wq1591 </loc>
		<lastmod> 2021-10-15 19:25:01.989072 </lastmod></url><url>
	<loc> https://geoconnex.us/cuahsi/his/Swedish_Monitoring_Data/wq1595 </loc>
		<lastmod> 2021-10-15 19:25:01.989081 </lastmod></url><url>
	<loc> https://geoconnex.us/cuahsi/his/Swedish_Monitoring_Data/wq1596 </loc>
		<lastmod> 2021-10-15 19:25:01.989091 </lastmod></url><url>
	<loc> https://geoconnex.us/cuahsi/his/Swedish_Monitoring_Data/wq1629 </loc>
		<lastmod> 2021-10-15 19:25:01.989101 </lastmod></url><url>
	<loc> https://geoconnex.us/cuahsi/his/Swedish_Monitoring_Data/wq1657 </loc>
		<lastmod> 2021-10-15 19:25:01.989110 </lastmod></url><url>
	<loc> https://geoconnex.us/cuahsi/his/Swedish_Monitoring_Data/wq1671 </loc>
		<lastmod> 2021-10-15 19:25:01.989120 </lastmod></url><url>
	<loc> https://geoconnex.us/cuahsi/his/Swedish_Monitoring_Data/wq1681 </loc>
		<lastmod> 2021-10-15 19:25:01.989129 </lastmod></url><url>
	<loc> https://geoconnex.us/cuahsi/his/Swedish_Monitoring_Data/wq1749 </loc>
		<lastmod> 2021-10-15 19:25:01.989139 </lastmod></url><url>
	<loc> https://geoconnex.us/cuahsi/his/Swedish_Monitoring_Data/wq1750 </loc>
		<lastmod> 2021-10-15 19:25:01.989149 </lastmod></url><url>
	<loc> https://geoconnex.us/cuahsi/his/Swedish_Monitoring_Data/wq1751 </loc>
		<lastmod> 2021-10-15 19:25:01.989158 </lastmod></url><url>
	<loc> https://geoconnex.us/cuahsi/his/Swedish_Monitoring_Data/wq1752 </loc>
		<lastmod> 2021-10-15 19:25:01.989167 </lastmod></url><url>
	<loc> https://geoconnex.us/cuahsi/his/Swedish_Monitoring_Data/wq1753 </loc>
		<lastmod> 2021-10-15 19:25:01.989177 </lastmod></url><url>
	<loc> https://geoconnex.us/cuahsi/his/Swedish_Monitoring_Data/wq1759 </loc>
		<lastmod> 2021-10-15 19:25:01.989187 </lastmod></url><url>
	<loc> https://geoconnex.us/cuahsi/his/Swedish_Monitoring_Data/wq1761 </loc>
		<lastmod> 2021-10-15 19:25:01.989196 </lastmod></url><url>
	<loc> https://geoconnex.us/cuahsi/his/Swedish_Monitoring_Data/wq1763 </loc>
		<lastmod> 2021-10-15 19:25:01.989206 </lastmod></url><url>
	<loc> https://geoconnex.us/cuahsi/his/Swedish_Monitoring_Data/wq1850 </loc>
		<lastmod> 2021-10-15 19:25:01.989215 </lastmod></url><url>
	<loc> https://geoconnex.us/cuahsi/his/Swedish_Monitoring_Data/wq1852 </loc>
		<lastmod> 2021-10-15 19:25:01.989225 </lastmod></url><url>
	<loc> https://geoconnex.us/cuahsi/his/Swedish_Monitoring_Data/wq1853 </loc>
		<lastmod> 2021-10-15 19:25:01.989234 </lastmod></url><url>
	<loc> https://geoconnex.us/cuahsi/his/Swedish_Monitoring_Data/wq1858 </loc>
		<lastmod> 2021-10-15 19:25:01.989244 </lastmod></url><url>
	<loc> https://geoconnex.us/cuahsi/his/Swedish_Monitoring_Data/wq1864 </loc>
		<lastmod> 2021-10-15 19:25:01.989254 </lastmod></url><url>
	<loc> https://geoconnex.us/cuahsi/his/Swedish_Monitoring_Data/wq1873 </loc>
		<lastmod> 2021-10-15 19:25:01.989264 </lastmod></url><url>
	<loc> https://geoconnex.us/cuahsi/his/Swedish_Monitoring_Data/wq1875 </loc>
		<lastmod> 2021-10-15 19:25:01.989273 </lastmod></url><url>
	<loc> https://geoconnex.us/cuahsi/his/Swedish_Monitoring_Data/wq1877 </loc>
		<lastmod> 2021-10-15 19:25:01.989283 </lastmod></url><url>
	<loc> https://geoconnex.us/cuahsi/his/Swedish_Monitoring_Data/wq1878 </loc>
		<lastmod> 2021-10-15 19:25:01.989292 </lastmod></url><url>
	<loc> https://geoconnex.us/cuahsi/his/Swedish_Monitoring_Data/wq1879 </loc>
		<lastmod> 2021-10-15 19:25:01.989302 </lastmod></url><url>
	<loc> https://geoconnex.us/cuahsi/his/Swedish_Monitoring_Data/wq193 </loc>
		<lastmod> 2021-10-15 19:25:01.989311 </lastmod></url><url>
	<loc> https://geoconnex.us/cuahsi/his/Swedish_Monitoring_Data/wq2 </loc>
		<lastmod> 2021-10-15 19:25:01.989321 </lastmod></url><url>
	<loc> https://geoconnex.us/cuahsi/his/Swedish_Monitoring_Data/wq2029 </loc>
		<lastmod> 2021-10-15 19:25:01.989331 </lastmod></url><url>
	<loc> https://geoconnex.us/cuahsi/his/Swedish_Monitoring_Data/wq2032 </loc>
		<lastmod> 2021-10-15 19:25:01.989340 </lastmod></url><url>
	<loc> https://geoconnex.us/cuahsi/his/Swedish_Monitoring_Data/wq2033 </loc>
		<lastmod> 2021-10-15 19:25:01.989350 </lastmod></url><url>
	<loc> https://geoconnex.us/cuahsi/his/Swedish_Monitoring_Data/wq2101 </loc>
		<lastmod> 2021-10-15 19:25:01.989359 </lastmod></url><url>
	<loc> https://geoconnex.us/cuahsi/his/Swedish_Monitoring_Data/wq2121 </loc>
		<lastmod> 2021-10-15 19:25:01.989369 </lastmod></url><url>
	<loc> https://geoconnex.us/cuahsi/his/Swedish_Monitoring_Data/wq2123 </loc>
		<lastmod> 2021-10-15 19:25:01.989378 </lastmod></url><url>
	<loc> https://geoconnex.us/cuahsi/his/Swedish_Monitoring_Data/wq2124 </loc>
		<lastmod> 2021-10-15 19:25:01.989406 </lastmod></url><url>
	<loc> https://geoconnex.us/cuahsi/his/Swedish_Monitoring_Data/wq2125 </loc>
		<lastmod> 2021-10-15 19:25:01.989416 </lastmod></url><url>
	<loc> https://geoconnex.us/cuahsi/his/Swedish_Monitoring_Data/wq2126 </loc>
		<lastmod> 2021-10-15 19:25:01.989425 </lastmod></url><url>
	<loc> https://geoconnex.us/cuahsi/his/Swedish_Monitoring_Data/wq2129 </loc>
		<lastmod> 2021-10-15 19:25:01.989435 </lastmod></url><url>
	<loc> https://geoconnex.us/cuahsi/his/Swedish_Monitoring_Data/wq2132 </loc>
		<lastmod> 2021-10-15 19:25:01.989445 </lastmod></url><url>
	<loc> https://geoconnex.us/cuahsi/his/Swedish_Monitoring_Data/wq2133 </loc>
		<lastmod> 2021-10-15 19:25:01.989455 </lastmod></url><url>
	<loc> https://geoconnex.us/cuahsi/his/Swedish_Monitoring_Data/wq2135 </loc>
		<lastmod> 2021-10-15 19:25:01.989465 </lastmod></url><url>
	<loc> https://geoconnex.us/cuahsi/his/Swedish_Monitoring_Data/wq2136 </loc>
		<lastmod> 2021-10-15 19:25:01.989475 </lastmod></url><url>
	<loc> https://geoconnex.us/cuahsi/his/Swedish_Monitoring_Data/wq221 </loc>
		<lastmod> 2021-10-15 19:25:01.989485 </lastmod></url><url>
	<loc> https://geoconnex.us/cuahsi/his/Swedish_Monitoring_Data/wq222 </loc>
		<lastmod> 2021-10-15 19:25:01.989496 </lastmod></url><url>
	<loc> https://geoconnex.us/cuahsi/his/Swedish_Monitoring_Data/wq224 </loc>
		<lastmod> 2021-10-15 19:25:01.989506 </lastmod></url><url>
	<loc> https://geoconnex.us/cuahsi/his/Swedish_Monitoring_Data/wq225 </loc>
		<lastmod> 2021-10-15 19:25:01.989516 </lastmod></url><url>
	<loc> https://geoconnex.us/cuahsi/his/Swedish_Monitoring_Data/wq2256 </loc>
		<lastmod> 2021-10-15 19:25:01.989526 </lastmod></url><url>
	<loc> https://geoconnex.us/cuahsi/his/Swedish_Monitoring_Data/wq2257 </loc>
		<lastmod> 2021-10-15 19:25:01.989536 </lastmod></url><url>
	<loc> https://geoconnex.us/cuahsi/his/Swedish_Monitoring_Data/wq226 </loc>
		<lastmod> 2021-10-15 19:25:01.989546 </lastmod></url><url>
	<loc> https://geoconnex.us/cuahsi/his/Swedish_Monitoring_Data/wq227 </loc>
		<lastmod> 2021-10-15 19:25:01.989556 </lastmod></url><url>
	<loc> https://geoconnex.us/cuahsi/his/Swedish_Monitoring_Data/wq228 </loc>
		<lastmod> 2021-10-15 19:25:01.989566 </lastmod></url><url>
	<loc> https://geoconnex.us/cuahsi/his/Swedish_Monitoring_Data/wq233 </loc>
		<lastmod> 2021-10-15 19:25:01.989594 </lastmod></url><url>
	<loc> https://geoconnex.us/cuahsi/his/Swedish_Monitoring_Data/wq234 </loc>
		<lastmod> 2021-10-15 19:25:01.989604 </lastmod></url><url>
	<loc> https://geoconnex.us/cuahsi/his/Swedish_Monitoring_Data/wq235 </loc>
		<lastmod> 2021-10-15 19:25:01.989615 </lastmod></url><url>
	<loc> https://geoconnex.us/cuahsi/his/Swedish_Monitoring_Data/wq236 </loc>
		<lastmod> 2021-10-15 19:25:01.989668 </lastmod></url><url>
	<loc> https://geoconnex.us/cuahsi/his/Swedish_Monitoring_Data/wq2371 </loc>
		<lastmod> 2021-10-15 19:25:01.989681 </lastmod></url><url>
	<loc> https://geoconnex.us/cuahsi/his/Swedish_Monitoring_Data/wq238 </loc>
		<lastmod> 2021-10-15 19:25:01.989692 </lastmod></url><url>
	<loc> https://geoconnex.us/cuahsi/his/Swedish_Monitoring_Data/wq239 </loc>
		<lastmod> 2021-10-15 19:25:01.989718 </lastmod></url><url>
	<loc> https://geoconnex.us/cuahsi/his/Swedish_Monitoring_Data/wq240 </loc>
		<lastmod> 2021-10-15 19:25:01.989728 </lastmod></url><url>
	<loc> https://geoconnex.us/cuahsi/his/Swedish_Monitoring_Data/wq241 </loc>
		<lastmod> 2021-10-15 19:25:01.989738 </lastmod></url><url>
	<loc> https://geoconnex.us/cuahsi/his/Swedish_Monitoring_Data/wq253 </loc>
		<lastmod> 2021-10-15 19:25:01.989765 </lastmod></url><url>
	<loc> https://geoconnex.us/cuahsi/his/Swedish_Monitoring_Data/wq255 </loc>
		<lastmod> 2021-10-15 19:25:01.989775 </lastmod></url><url>
	<loc> https://geoconnex.us/cuahsi/his/Swedish_Monitoring_Data/wq259 </loc>
		<lastmod> 2021-10-15 19:25:01.989785 </lastmod></url><url>
	<loc> https://geoconnex.us/cuahsi/his/Swedish_Monitoring_Data/wq260 </loc>
		<lastmod> 2021-10-15 19:25:01.989795 </lastmod></url><url>
	<loc> https://geoconnex.us/cuahsi/his/Swedish_Monitoring_Data/wq261 </loc>
		<lastmod> 2021-10-15 19:25:01.989804 </lastmod></url><url>
	<loc> https://geoconnex.us/cuahsi/his/Swedish_Monitoring_Data/wq262 </loc>
		<lastmod> 2021-10-15 19:25:01.989814 </lastmod></url><url>
	<loc> https://geoconnex.us/cuahsi/his/Swedish_Monitoring_Data/wq264 </loc>
		<lastmod> 2021-10-15 19:25:01.989823 </lastmod></url><url>
	<loc> https://geoconnex.us/cuahsi/his/Swedish_Monitoring_Data/wq265 </loc>
		<lastmod> 2021-10-15 19:25:01.989833 </lastmod></url><url>
	<loc> https://geoconnex.us/cuahsi/his/Swedish_Monitoring_Data/wq266 </loc>
		<lastmod> 2021-10-15 19:25:01.989843 </lastmod></url><url>
	<loc> https://geoconnex.us/cuahsi/his/Swedish_Monitoring_Data/wq267 </loc>
		<lastmod> 2021-10-15 19:25:01.989852 </lastmod></url><url>
	<loc> https://geoconnex.us/cuahsi/his/Swedish_Monitoring_Data/wq268 </loc>
		<lastmod> 2021-10-15 19:25:01.989862 </lastmod></url><url>
	<loc> https://geoconnex.us/cuahsi/his/Swedish_Monitoring_Data/wq269 </loc>
		<lastmod> 2021-10-15 19:25:01.989871 </lastmod></url><url>
	<loc> https://geoconnex.us/cuahsi/his/Swedish_Monitoring_Data/wq270 </loc>
		<lastmod> 2021-10-15 19:25:01.989881 </lastmod></url><url>
	<loc> https://geoconnex.us/cuahsi/his/Swedish_Monitoring_Data/wq271 </loc>
		<lastmod> 2021-10-15 19:25:01.989891 </lastmod></url><url>
	<loc> https://geoconnex.us/cuahsi/his/Swedish_Monitoring_Data/wq272 </loc>
		<lastmod> 2021-10-15 19:25:01.989900 </lastmod></url><url>
	<loc> https://geoconnex.us/cuahsi/his/Swedish_Monitoring_Data/wq275 </loc>
		<lastmod> 2021-10-15 19:25:01.989928 </lastmod></url><url>
	<loc> https://geoconnex.us/cuahsi/his/Swedish_Monitoring_Data/wq2775 </loc>
		<lastmod> 2021-10-15 19:25:01.989956 </lastmod></url><url>
	<loc> https://geoconnex.us/cuahsi/his/Swedish_Monitoring_Data/wq2780 </loc>
		<lastmod> 2021-10-15 19:25:01.989966 </lastmod></url><url>
	<loc> https://geoconnex.us/cuahsi/his/Swedish_Monitoring_Data/wq2781 </loc>
		<lastmod> 2021-10-15 19:25:01.989976 </lastmod></url><url>
	<loc> https://geoconnex.us/cuahsi/his/Swedish_Monitoring_Data/wq2782 </loc>
		<lastmod> 2021-10-15 19:25:01.989986 </lastmod></url><url>
	<loc> https://geoconnex.us/cuahsi/his/Swedish_Monitoring_Data/wq290 </loc>
		<lastmod> 2021-10-15 19:25:01.989996 </lastmod></url><url>
	<loc> https://geoconnex.us/cuahsi/his/Swedish_Monitoring_Data/wq296 </loc>
		<lastmod> 2021-10-15 19:25:01.990005 </lastmod></url><url>
	<loc> https://geoconnex.us/cuahsi/his/Swedish_Monitoring_Data/wq297 </loc>
		<lastmod> 2021-10-15 19:25:01.990015 </lastmod></url><url>
	<loc> https://geoconnex.us/cuahsi/his/Swedish_Monitoring_Data/wq299 </loc>
		<lastmod> 2021-10-15 19:25:01.990025 </lastmod></url><url>
	<loc> https://geoconnex.us/cuahsi/his/Swedish_Monitoring_Data/wq3 </loc>
		<lastmod> 2021-10-15 19:25:01.990035 </lastmod></url><url>
	<loc> https://geoconnex.us/cuahsi/his/Swedish_Monitoring_Data/wq300 </loc>
		<lastmod> 2021-10-15 19:25:01.990045 </lastmod></url><url>
	<loc> https://geoconnex.us/cuahsi/his/Swedish_Monitoring_Data/wq301 </loc>
		<lastmod> 2021-10-15 19:25:01.990055 </lastmod></url><url>
	<loc> https://geoconnex.us/cuahsi/his/Swedish_Monitoring_Data/wq302 </loc>
		<lastmod> 2021-10-15 19:25:01.990064 </lastmod></url><url>
	<loc> https://geoconnex.us/cuahsi/his/Swedish_Monitoring_Data/wq303 </loc>
		<lastmod> 2021-10-15 19:25:01.990074 </lastmod></url><url>
	<loc> https://geoconnex.us/cuahsi/his/Swedish_Monitoring_Data/wq304 </loc>
		<lastmod> 2021-10-15 19:25:01.990084 </lastmod></url><url>
	<loc> https://geoconnex.us/cuahsi/his/Swedish_Monitoring_Data/wq305 </loc>
		<lastmod> 2021-10-15 19:25:01.990093 </lastmod></url><url>
	<loc> https://geoconnex.us/cuahsi/his/Swedish_Monitoring_Data/wq306 </loc>
		<lastmod> 2021-10-15 19:25:01.990103 </lastmod></url><url>
	<loc> https://geoconnex.us/cuahsi/his/Swedish_Monitoring_Data/wq308 </loc>
		<lastmod> 2021-10-15 19:25:01.990113 </lastmod></url><url>
	<loc> https://geoconnex.us/cuahsi/his/Swedish_Monitoring_Data/wq309 </loc>
		<lastmod> 2021-10-15 19:25:01.990123 </lastmod></url><url>
	<loc> https://geoconnex.us/cuahsi/his/Swedish_Monitoring_Data/wq310 </loc>
		<lastmod> 2021-10-15 19:25:01.990132 </lastmod></url><url>
	<loc> https://geoconnex.us/cuahsi/his/Swedish_Monitoring_Data/wq311 </loc>
		<lastmod> 2021-10-15 19:25:01.990142 </lastmod></url><url>
	<loc> https://geoconnex.us/cuahsi/his/Swedish_Monitoring_Data/wq312 </loc>
		<lastmod> 2021-10-15 19:25:01.990152 </lastmod></url><url>
	<loc> https://geoconnex.us/cuahsi/his/Swedish_Monitoring_Data/wq325 </loc>
		<lastmod> 2021-10-15 19:25:01.990162 </lastmod></url><url>
	<loc> https://geoconnex.us/cuahsi/his/Swedish_Monitoring_Data/wq326 </loc>
		<lastmod> 2021-10-15 19:25:01.990171 </lastmod></url><url>
	<loc> https://geoconnex.us/cuahsi/his/Swedish_Monitoring_Data/wq456 </loc>
		<lastmod> 2021-10-15 19:25:01.990181 </lastmod></url><url>
	<loc> https://geoconnex.us/cuahsi/his/Swedish_Monitoring_Data/wq457 </loc>
		<lastmod> 2021-10-15 19:25:01.990191 </lastmod></url><url>
	<loc> https://geoconnex.us/cuahsi/his/Swedish_Monitoring_Data/wq475 </loc>
		<lastmod> 2021-10-15 19:25:01.990201 </lastmod></url><url>
	<loc> https://geoconnex.us/cuahsi/his/Swedish_Monitoring_Data/wq477 </loc>
		<lastmod> 2021-10-15 19:25:01.990210 </lastmod></url><url>
	<loc> https://geoconnex.us/cuahsi/his/Swedish_Monitoring_Data/wq478 </loc>
		<lastmod> 2021-10-15 19:25:01.990220 </lastmod></url><url>
	<loc> https://geoconnex.us/cuahsi/his/Swedish_Monitoring_Data/wq480 </loc>
		<lastmod> 2021-10-15 19:25:01.990230 </lastmod></url><url>
	<loc> https://geoconnex.us/cuahsi/his/Swedish_Monitoring_Data/wq482 </loc>
		<lastmod> 2021-10-15 19:25:01.990239 </lastmod></url><url>
	<loc> https://geoconnex.us/cuahsi/his/Swedish_Monitoring_Data/wq484 </loc>
		<lastmod> 2021-10-15 19:25:01.990249 </lastmod></url><url>
	<loc> https://geoconnex.us/cuahsi/his/Swedish_Monitoring_Data/wq553 </loc>
		<lastmod> 2021-10-15 19:25:01.990259 </lastmod></url><url>
	<loc> https://geoconnex.us/cuahsi/his/Swedish_Monitoring_Data/wq554 </loc>
		<lastmod> 2021-10-15 19:25:01.990286 </lastmod></url><url>
	<loc> https://geoconnex.us/cuahsi/his/Swedish_Monitoring_Data/wq555 </loc>
		<lastmod> 2021-10-15 19:25:01.990296 </lastmod></url><url>
	<loc> https://geoconnex.us/cuahsi/his/Swedish_Monitoring_Data/wq563 </loc>
		<lastmod> 2021-10-15 19:25:01.990306 </lastmod></url><url>
	<loc> https://geoconnex.us/cuahsi/his/Swedish_Monitoring_Data/wq566 </loc>
		<lastmod> 2021-10-15 19:25:01.990316 </lastmod></url><url>
	<loc> https://geoconnex.us/cuahsi/his/Swedish_Monitoring_Data/wq567 </loc>
		<lastmod> 2021-10-15 19:25:01.990326 </lastmod></url><url>
	<loc> https://geoconnex.us/cuahsi/his/Swedish_Monitoring_Data/wq568 </loc>
		<lastmod> 2021-10-15 19:25:01.990336 </lastmod></url><url>
	<loc> https://geoconnex.us/cuahsi/his/Swedish_Monitoring_Data/wq569 </loc>
		<lastmod> 2021-10-15 19:25:01.990346 </lastmod></url><url>
	<loc> https://geoconnex.us/cuahsi/his/Swedish_Monitoring_Data/wq572 </loc>
		<lastmod> 2021-10-15 19:25:01.990356 </lastmod></url><url>
	<loc> https://geoconnex.us/cuahsi/his/Swedish_Monitoring_Data/wq586 </loc>
		<lastmod> 2021-10-15 19:25:01.990365 </lastmod></url><url>
	<loc> https://geoconnex.us/cuahsi/his/Swedish_Monitoring_Data/wq7 </loc>
		<lastmod> 2021-10-15 19:25:01.990375 </lastmod></url><url>
	<loc> https://geoconnex.us/cuahsi/his/Swedish_Monitoring_Data/wq8 </loc>
		<lastmod> 2021-10-15 19:25:01.990385 </lastmod></url><url>
	<loc> https://geoconnex.us/cuahsi/his/Swedish_Monitoring_Data/wq872 </loc>
		<lastmod> 2021-10-15 19:25:01.990395 </lastmod></url><url>
	<loc> https://geoconnex.us/cuahsi/his/Swedish_Monitoring_Data/wq874 </loc>
		<lastmod> 2021-10-15 19:25:01.990405 </lastmod></url><url>
	<loc> https://geoconnex.us/cuahsi/his/Swedish_Monitoring_Data/wq880 </loc>
		<lastmod> 2021-10-15 19:25:01.990414 </lastmod></url><url>
	<loc> https://geoconnex.us/cuahsi/his/Swedish_Monitoring_Data/wq925 </loc>
		<lastmod> 2021-10-15 19:25:01.990429 </lastmod></url><url>
	<loc> https://geoconnex.us/cuahsi/his/Swedish_Monitoring_Data/wq926 </loc>
		<lastmod> 2021-10-15 19:25:01.990439 </lastmod></url><url>
	<loc> https://geoconnex.us/cuahsi/his/Swedish_Monitoring_Data/wq927 </loc>
		<lastmod> 2021-10-15 19:25:01.990449 </lastmod></url><url>
	<loc> https://geoconnex.us/cuahsi/his/Swedish_Monitoring_Data/wq928 </loc>
		<lastmod> 2021-10-15 19:25:01.990459 </lastmod></url><url>
	<loc> https://geoconnex.us/cuahsi/his/Swedish_Monitoring_Data/wq929 </loc>
		<lastmod> 2021-10-15 19:25:01.990469 </lastmod></url></ns0:url>
</ns0:urlset>