<ns0:urlset xmlns:ns0="http://www.sitemaps.org/schemas/sitemap/0.9">
    <ns0:url>
    <url>
	<loc> https://geoconnex.us/cuahsi/his/LoganRiver/USU-LR-Chokecherry </loc>
		<lastmod> 2021-10-15 19:24:55.232383 </lastmod></url><url>
	<loc> https://geoconnex.us/cuahsi/his/LoganRiver/USU-LR-Forestry </loc>
		<lastmod> 2021-10-15 19:24:55.232407 </lastmod></url><url>
	<loc> https://geoconnex.us/cuahsi/his/LoganRiver/USU-LR-Franklin </loc>
		<lastmod> 2021-10-15 19:24:55.232421 </lastmod></url><url>
	<loc> https://geoconnex.us/cuahsi/his/LoganRiver/USU-LR-Wally </loc>
		<lastmod> 2021-10-15 19:24:55.232432 </lastmod></url></ns0:url>
</ns0:urlset>