<ns0:urlset xmlns:ns0="http://www.sitemaps.org/schemas/sitemap/0.9">
    <ns0:url>
    <url>
	<loc> https://geoconnex.us/cuahsi/his/Clarksburg_SP/391424077150601 </loc>
		<lastmod> 2021-10-15 19:25:03.372088 </lastmod></url><url>
	<loc> https://geoconnex.us/cuahsi/his/Clarksburg_SP/391427077151701 </loc>
		<lastmod> 2021-10-15 19:25:03.372114 </lastmod></url><url>
	<loc> https://geoconnex.us/cuahsi/his/Clarksburg_SP/391422077153901 </loc>
		<lastmod> 2021-10-15 19:25:03.372128 </lastmod></url><url>
	<loc> https://geoconnex.us/cuahsi/his/Clarksburg_SP/391433077154201 </loc>
		<lastmod> 2021-10-15 19:25:03.372139 </lastmod></url><url>
	<loc> https://geoconnex.us/cuahsi/his/Clarksburg_SP/391426077160401 </loc>
		<lastmod> 2021-10-15 19:25:03.372149 </lastmod></url><url>
	<loc> https://geoconnex.us/cuahsi/his/Clarksburg_SP/391420077153401 </loc>
		<lastmod> 2021-10-15 19:25:03.372159 </lastmod></url><url>
	<loc> https://geoconnex.us/cuahsi/his/Clarksburg_SP/391359077152601 </loc>
		<lastmod> 2021-10-15 19:25:03.372169 </lastmod></url></ns0:url>
</ns0:urlset>