<ns0:urlset xmlns:ns0="http://www.sitemaps.org/schemas/sitemap/0.9">
    <ns0:url>
    <url>
	<loc> https://geoconnex.us/cuahsi/his/Nooksack_Microclimate_Network/NFN1 </loc>
		<lastmod> 2021-10-15 19:25:03.172562 </lastmod></url><url>
	<loc> https://geoconnex.us/cuahsi/his/Nooksack_Microclimate_Network/NFN3 </loc>
		<lastmod> 2021-10-15 19:25:03.172587 </lastmod></url><url>
	<loc> https://geoconnex.us/cuahsi/his/Nooksack_Microclimate_Network/NFN4 </loc>
		<lastmod> 2021-10-15 19:25:03.172600 </lastmod></url><url>
	<loc> https://geoconnex.us/cuahsi/his/Nooksack_Microclimate_Network/NFN5 </loc>
		<lastmod> 2021-10-15 19:25:03.172611 </lastmod></url><url>
	<loc> https://geoconnex.us/cuahsi/his/Nooksack_Microclimate_Network/NFN6 </loc>
		<lastmod> 2021-10-15 19:25:03.172620 </lastmod></url><url>
	<loc> https://geoconnex.us/cuahsi/his/Nooksack_Microclimate_Network/NFN7 </loc>
		<lastmod> 2021-10-15 19:25:03.172630 </lastmod></url></ns0:url>
</ns0:urlset>