<ns0:urlset xmlns:ns0="http://www.sitemaps.org/schemas/sitemap/0.9">
    <ns0:url>
    <url>
	<loc> https://geoconnex.us/cuahsi/his/MuddyRiver/MuddyRiver_1 </loc>
		<lastmod> 2021-10-15 19:25:01.996415 </lastmod></url><url>
	<loc> https://geoconnex.us/cuahsi/his/MuddyRiver/MuddyRiver_2 </loc>
		<lastmod> 2021-10-15 19:25:01.996443 </lastmod></url><url>
	<loc> https://geoconnex.us/cuahsi/his/MuddyRiver/MuddyRiver_3 </loc>
		<lastmod> 2021-10-15 19:25:01.996458 </lastmod></url><url>
	<loc> https://geoconnex.us/cuahsi/his/MuddyRiver/MuddyRiver_4 </loc>
		<lastmod> 2021-10-15 19:25:01.996471 </lastmod></url><url>
	<loc> https://geoconnex.us/cuahsi/his/MuddyRiver/MuddyRiver_5 </loc>
		<lastmod> 2021-10-15 19:25:01.996482 </lastmod></url><url>
	<loc> https://geoconnex.us/cuahsi/his/MuddyRiver/MuddyRiver_6 </loc>
		<lastmod> 2021-10-15 19:25:01.996492 </lastmod></url><url>
	<loc> https://geoconnex.us/cuahsi/his/MuddyRiver/MuddyRiver_7 </loc>
		<lastmod> 2021-10-15 19:25:01.996504 </lastmod></url><url>
	<loc> https://geoconnex.us/cuahsi/his/MuddyRiver/MuddyRiver_8 </loc>
		<lastmod> 2021-10-15 19:25:01.996532 </lastmod></url><url>
	<loc> https://geoconnex.us/cuahsi/his/MuddyRiver/MuddyRiver_9 </loc>
		<lastmod> 2021-10-15 19:25:01.996543 </lastmod></url><url>
	<loc> https://geoconnex.us/cuahsi/his/MuddyRiver/MuddyRiver_10 </loc>
		<lastmod> 2021-10-15 19:25:01.996553 </lastmod></url><url>
	<loc> https://geoconnex.us/cuahsi/his/MuddyRiver/MuddyRiver_11 </loc>
		<lastmod> 2021-10-15 19:25:01.996564 </lastmod></url><url>
	<loc> https://geoconnex.us/cuahsi/his/MuddyRiver/MuddyRiver_13 </loc>
		<lastmod> 2021-10-15 19:25:01.996590 </lastmod></url><url>
	<loc> https://geoconnex.us/cuahsi/his/MuddyRiver/MuddyRiver_14 </loc>
		<lastmod> 2021-10-15 19:25:01.996618 </lastmod></url><url>
	<loc> https://geoconnex.us/cuahsi/his/MuddyRiver/MuddyRiver_12 </loc>
		<lastmod> 2021-10-15 19:25:01.996627 </lastmod></url></ns0:url>
</ns0:urlset>