<ns0:urlset xmlns:ns0="http://www.sitemaps.org/schemas/sitemap/0.9">
    <ns0:url>
    <url>
	<loc> https://geoconnex.us/cuahsi/his/CUISO/1 </loc>
		<lastmod> 2021-10-15 19:24:54.864363 </lastmod></url><url>
	<loc> https://geoconnex.us/cuahsi/his/CUISO/2 </loc>
		<lastmod> 2021-10-15 19:24:54.864388 </lastmod></url><url>
	<loc> https://geoconnex.us/cuahsi/his/CUISO/3 </loc>
		<lastmod> 2021-10-15 19:24:54.864402 </lastmod></url><url>
	<loc> https://geoconnex.us/cuahsi/his/CUISO/4 </loc>
		<lastmod> 2021-10-15 19:24:54.864412 </lastmod></url><url>
	<loc> https://geoconnex.us/cuahsi/his/CUISO/5 </loc>
		<lastmod> 2021-10-15 19:24:54.864423 </lastmod></url><url>
	<loc> https://geoconnex.us/cuahsi/his/CUISO/6 </loc>
		<lastmod> 2021-10-15 19:24:54.864433 </lastmod></url><url>
	<loc> https://geoconnex.us/cuahsi/his/CUISO/7 </loc>
		<lastmod> 2021-10-15 19:24:54.864443 </lastmod></url><url>
	<loc> https://geoconnex.us/cuahsi/his/CUISO/8 </loc>
		<lastmod> 2021-10-15 19:24:54.864453 </lastmod></url><url>
	<loc> https://geoconnex.us/cuahsi/his/CUISO/9 </loc>
		<lastmod> 2021-10-15 19:24:54.864462 </lastmod></url></ns0:url>
</ns0:urlset>