<ns0:urlset xmlns:ns0="http://www.sitemaps.org/schemas/sitemap/0.9">
    <ns0:url>
    <url>
	<loc> https://geoconnex.us/cuahsi/his/MobileCrowdHydrology/MI1061 </loc>
		<lastmod> 2021-10-15 19:25:03.181651 </lastmod></url><url>
	<loc> https://geoconnex.us/cuahsi/his/MobileCrowdHydrology/CA9000 </loc>
		<lastmod> 2021-10-15 19:25:03.181677 </lastmod></url><url>
	<loc> https://geoconnex.us/cuahsi/his/MobileCrowdHydrology/WI1020 </loc>
		<lastmod> 2021-10-15 19:25:03.181691 </lastmod></url><url>
	<loc> https://geoconnex.us/cuahsi/his/MobileCrowdHydrology/ME9000 </loc>
		<lastmod> 2021-10-15 19:25:03.181702 </lastmod></url><url>
	<loc> https://geoconnex.us/cuahsi/his/MobileCrowdHydrology/CA1001 </loc>
		<lastmod> 2021-10-15 19:25:03.181712 </lastmod></url><url>
	<loc> https://geoconnex.us/cuahsi/his/MobileCrowdHydrology/CA1000 </loc>
		<lastmod> 2021-10-15 19:25:03.181722 </lastmod></url><url>
	<loc> https://geoconnex.us/cuahsi/his/MobileCrowdHydrology/MN1008 </loc>
		<lastmod> 2021-10-15 19:25:03.181732 </lastmod></url><url>
	<loc> https://geoconnex.us/cuahsi/his/MobileCrowdHydrology/MN1010 </loc>
		<lastmod> 2021-10-15 19:25:03.181741 </lastmod></url><url>
	<loc> https://geoconnex.us/cuahsi/his/MobileCrowdHydrology/MN1007 </loc>
		<lastmod> 2021-10-15 19:25:03.181751 </lastmod></url><url>
	<loc> https://geoconnex.us/cuahsi/his/MobileCrowdHydrology/MN1006 </loc>
		<lastmod> 2021-10-15 19:25:03.181761 </lastmod></url><url>
	<loc> https://geoconnex.us/cuahsi/his/MobileCrowdHydrology/MN1005 </loc>
		<lastmod> 2021-10-15 19:25:03.181770 </lastmod></url><url>
	<loc> https://geoconnex.us/cuahsi/his/MobileCrowdHydrology/MN1004 </loc>
		<lastmod> 2021-10-15 19:25:03.181780 </lastmod></url><url>
	<loc> https://geoconnex.us/cuahsi/his/MobileCrowdHydrology/MN1003 </loc>
		<lastmod> 2021-10-15 19:25:03.181789 </lastmod></url><url>
	<loc> https://geoconnex.us/cuahsi/his/MobileCrowdHydrology/MN1002 </loc>
		<lastmod> 2021-10-15 19:25:03.181799 </lastmod></url><url>
	<loc> https://geoconnex.us/cuahsi/his/MobileCrowdHydrology/MN1001 </loc>
		<lastmod> 2021-10-15 19:25:03.181808 </lastmod></url><url>
	<loc> https://geoconnex.us/cuahsi/his/MobileCrowdHydrology/MN1000 </loc>
		<lastmod> 2021-10-15 19:25:03.181818 </lastmod></url><url>
	<loc> https://geoconnex.us/cuahsi/his/MobileCrowdHydrology/MI1060 </loc>
		<lastmod> 2021-10-15 19:25:03.181827 </lastmod></url><url>
	<loc> https://geoconnex.us/cuahsi/his/MobileCrowdHydrology/MI1059 </loc>
		<lastmod> 2021-10-15 19:25:03.181837 </lastmod></url><url>
	<loc> https://geoconnex.us/cuahsi/his/MobileCrowdHydrology/MI1058 </loc>
		<lastmod> 2021-10-15 19:25:03.181846 </lastmod></url><url>
	<loc> https://geoconnex.us/cuahsi/his/MobileCrowdHydrology/MI1057 </loc>
		<lastmod> 2021-10-15 19:25:03.181856 </lastmod></url><url>
	<loc> https://geoconnex.us/cuahsi/his/MobileCrowdHydrology/MI1056 </loc>
		<lastmod> 2021-10-15 19:25:03.181865 </lastmod></url><url>
	<loc> https://geoconnex.us/cuahsi/his/MobileCrowdHydrology/MI1055 </loc>
		<lastmod> 2021-10-15 19:25:03.181875 </lastmod></url><url>
	<loc> https://geoconnex.us/cuahsi/his/MobileCrowdHydrology/WI2017 </loc>
		<lastmod> 2021-10-15 19:25:03.181884 </lastmod></url><url>
	<loc> https://geoconnex.us/cuahsi/his/MobileCrowdHydrology/WI2016 </loc>
		<lastmod> 2021-10-15 19:25:03.181894 </lastmod></url><url>
	<loc> https://geoconnex.us/cuahsi/his/MobileCrowdHydrology/WI2015 </loc>
		<lastmod> 2021-10-15 19:25:03.181903 </lastmod></url><url>
	<loc> https://geoconnex.us/cuahsi/his/MobileCrowdHydrology/WI2014 </loc>
		<lastmod> 2021-10-15 19:25:03.181913 </lastmod></url><url>
	<loc> https://geoconnex.us/cuahsi/his/MobileCrowdHydrology/WI2013 </loc>
		<lastmod> 2021-10-15 19:25:03.181922 </lastmod></url><url>
	<loc> https://geoconnex.us/cuahsi/his/MobileCrowdHydrology/WI2012 </loc>
		<lastmod> 2021-10-15 19:25:03.181932 </lastmod></url><url>
	<loc> https://geoconnex.us/cuahsi/his/MobileCrowdHydrology/WI2011 </loc>
		<lastmod> 2021-10-15 19:25:03.181959 </lastmod></url><url>
	<loc> https://geoconnex.us/cuahsi/his/MobileCrowdHydrology/WI2010 </loc>
		<lastmod> 2021-10-15 19:25:03.181968 </lastmod></url><url>
	<loc> https://geoconnex.us/cuahsi/his/MobileCrowdHydrology/WI2009 </loc>
		<lastmod> 2021-10-15 19:25:03.181977 </lastmod></url><url>
	<loc> https://geoconnex.us/cuahsi/his/MobileCrowdHydrology/WI2008 </loc>
		<lastmod> 2021-10-15 19:25:03.181986 </lastmod></url><url>
	<loc> https://geoconnex.us/cuahsi/his/MobileCrowdHydrology/WI2007 </loc>
		<lastmod> 2021-10-15 19:25:03.181995 </lastmod></url><url>
	<loc> https://geoconnex.us/cuahsi/his/MobileCrowdHydrology/WI2006 </loc>
		<lastmod> 2021-10-15 19:25:03.182004 </lastmod></url><url>
	<loc> https://geoconnex.us/cuahsi/his/MobileCrowdHydrology/WI2005 </loc>
		<lastmod> 2021-10-15 19:25:03.182013 </lastmod></url><url>
	<loc> https://geoconnex.us/cuahsi/his/MobileCrowdHydrology/WI2004 </loc>
		<lastmod> 2021-10-15 19:25:03.182023 </lastmod></url><url>
	<loc> https://geoconnex.us/cuahsi/his/MobileCrowdHydrology/WI2003 </loc>
		<lastmod> 2021-10-15 19:25:03.182032 </lastmod></url><url>
	<loc> https://geoconnex.us/cuahsi/his/MobileCrowdHydrology/WI2002 </loc>
		<lastmod> 2021-10-15 19:25:03.182041 </lastmod></url><url>
	<loc> https://geoconnex.us/cuahsi/his/MobileCrowdHydrology/WI2001 </loc>
		<lastmod> 2021-10-15 19:25:03.182051 </lastmod></url><url>
	<loc> https://geoconnex.us/cuahsi/his/MobileCrowdHydrology/MI1031 </loc>
		<lastmod> 2021-10-15 19:25:03.182061 </lastmod></url><url>
	<loc> https://geoconnex.us/cuahsi/his/MobileCrowdHydrology/MI1030 </loc>
		<lastmod> 2021-10-15 19:25:03.182070 </lastmod></url><url>
	<loc> https://geoconnex.us/cuahsi/his/MobileCrowdHydrology/MI1029 </loc>
		<lastmod> 2021-10-15 19:25:03.182079 </lastmod></url><url>
	<loc> https://geoconnex.us/cuahsi/his/MobileCrowdHydrology/MI1028 </loc>
		<lastmod> 2021-10-15 19:25:03.182088 </lastmod></url><url>
	<loc> https://geoconnex.us/cuahsi/his/MobileCrowdHydrology/MI1027 </loc>
		<lastmod> 2021-10-15 19:25:03.182098 </lastmod></url><url>
	<loc> https://geoconnex.us/cuahsi/his/MobileCrowdHydrology/NY1025 </loc>
		<lastmod> 2021-10-15 19:25:03.182107 </lastmod></url><url>
	<loc> https://geoconnex.us/cuahsi/his/MobileCrowdHydrology/MD1001 </loc>
		<lastmod> 2021-10-15 19:25:03.182117 </lastmod></url><url>
	<loc> https://geoconnex.us/cuahsi/his/MobileCrowdHydrology/MD1000 </loc>
		<lastmod> 2021-10-15 19:25:03.182126 </lastmod></url><url>
	<loc> https://geoconnex.us/cuahsi/his/MobileCrowdHydrology/NE1001 </loc>
		<lastmod> 2021-10-15 19:25:03.182136 </lastmod></url><url>
	<loc> https://geoconnex.us/cuahsi/his/MobileCrowdHydrology/PA1002 </loc>
		<lastmod> 2021-10-15 19:25:03.182145 </lastmod></url><url>
	<loc> https://geoconnex.us/cuahsi/his/MobileCrowdHydrology/PA1001 </loc>
		<lastmod> 2021-10-15 19:25:03.182155 </lastmod></url><url>
	<loc> https://geoconnex.us/cuahsi/his/MobileCrowdHydrology/PA1000 </loc>
		<lastmod> 2021-10-15 19:25:03.182164 </lastmod></url><url>
	<loc> https://geoconnex.us/cuahsi/his/MobileCrowdHydrology/OR1001 </loc>
		<lastmod> 2021-10-15 19:25:03.182173 </lastmod></url><url>
	<loc> https://geoconnex.us/cuahsi/his/MobileCrowdHydrology/NE1000 </loc>
		<lastmod> 2021-10-15 19:25:03.182183 </lastmod></url><url>
	<loc> https://geoconnex.us/cuahsi/his/MobileCrowdHydrology/WI9007 </loc>
		<lastmod> 2021-10-15 19:25:03.182192 </lastmod></url><url>
	<loc> https://geoconnex.us/cuahsi/his/MobileCrowdHydrology/WI9006 </loc>
		<lastmod> 2021-10-15 19:25:03.182201 </lastmod></url><url>
	<loc> https://geoconnex.us/cuahsi/his/MobileCrowdHydrology/WI9005 </loc>
		<lastmod> 2021-10-15 19:25:03.182211 </lastmod></url><url>
	<loc> https://geoconnex.us/cuahsi/his/MobileCrowdHydrology/WI9004 </loc>
		<lastmod> 2021-10-15 19:25:03.182220 </lastmod></url><url>
	<loc> https://geoconnex.us/cuahsi/his/MobileCrowdHydrology/WI9003 </loc>
		<lastmod> 2021-10-15 19:25:03.182229 </lastmod></url><url>
	<loc> https://geoconnex.us/cuahsi/his/MobileCrowdHydrology/WI9002 </loc>
		<lastmod> 2021-10-15 19:25:03.182238 </lastmod></url><url>
	<loc> https://geoconnex.us/cuahsi/his/MobileCrowdHydrology/WI9001 </loc>
		<lastmod> 2021-10-15 19:25:03.182248 </lastmod></url><url>
	<loc> https://geoconnex.us/cuahsi/his/MobileCrowdHydrology/WI9000 </loc>
		<lastmod> 2021-10-15 19:25:03.182258 </lastmod></url><url>
	<loc> https://geoconnex.us/cuahsi/his/MobileCrowdHydrology/WI1010 </loc>
		<lastmod> 2021-10-15 19:25:03.182267 </lastmod></url><url>
	<loc> https://geoconnex.us/cuahsi/his/MobileCrowdHydrology/MI1033 </loc>
		<lastmod> 2021-10-15 19:25:03.182277 </lastmod></url><url>
	<loc> https://geoconnex.us/cuahsi/his/MobileCrowdHydrology/NY1022 </loc>
		<lastmod> 2021-10-15 19:25:03.182286 </lastmod></url><url>
	<loc> https://geoconnex.us/cuahsi/his/MobileCrowdHydrology/NY1021 </loc>
		<lastmod> 2021-10-15 19:25:03.182295 </lastmod></url><url>
	<loc> https://geoconnex.us/cuahsi/his/MobileCrowdHydrology/NY1020 </loc>
		<lastmod> 2021-10-15 19:25:03.182305 </lastmod></url><url>
	<loc> https://geoconnex.us/cuahsi/his/MobileCrowdHydrology/MI1026 </loc>
		<lastmod> 2021-10-15 19:25:03.182314 </lastmod></url><url>
	<loc> https://geoconnex.us/cuahsi/his/MobileCrowdHydrology/MI1025 </loc>
		<lastmod> 2021-10-15 19:25:03.182323 </lastmod></url><url>
	<loc> https://geoconnex.us/cuahsi/his/MobileCrowdHydrology/MI1024 </loc>
		<lastmod> 2021-10-15 19:25:03.182332 </lastmod></url><url>
	<loc> https://geoconnex.us/cuahsi/his/MobileCrowdHydrology/MI1023 </loc>
		<lastmod> 2021-10-15 19:25:03.182341 </lastmod></url><url>
	<loc> https://geoconnex.us/cuahsi/his/MobileCrowdHydrology/MI1022 </loc>
		<lastmod> 2021-10-15 19:25:03.182351 </lastmod></url><url>
	<loc> https://geoconnex.us/cuahsi/his/MobileCrowdHydrology/NL1001 </loc>
		<lastmod> 2021-10-15 19:25:03.182360 </lastmod></url><url>
	<loc> https://geoconnex.us/cuahsi/his/MobileCrowdHydrology/NY1011 </loc>
		<lastmod> 2021-10-15 19:25:03.182369 </lastmod></url><url>
	<loc> https://geoconnex.us/cuahsi/his/MobileCrowdHydrology/NY1010 </loc>
		<lastmod> 2021-10-15 19:25:03.182379 </lastmod></url><url>
	<loc> https://geoconnex.us/cuahsi/his/MobileCrowdHydrology/UT1000 </loc>
		<lastmod> 2021-10-15 19:25:03.182389 </lastmod></url><url>
	<loc> https://geoconnex.us/cuahsi/his/MobileCrowdHydrology/OR1000 </loc>
		<lastmod> 2021-10-15 19:25:03.182398 </lastmod></url><url>
	<loc> https://geoconnex.us/cuahsi/his/MobileCrowdHydrology/NL1005 </loc>
		<lastmod> 2021-10-15 19:25:03.182408 </lastmod></url><url>
	<loc> https://geoconnex.us/cuahsi/his/MobileCrowdHydrology/NY1019 </loc>
		<lastmod> 2021-10-15 19:25:03.182417 </lastmod></url><url>
	<loc> https://geoconnex.us/cuahsi/his/MobileCrowdHydrology/NL1009 </loc>
		<lastmod> 2021-10-15 19:25:03.182426 </lastmod></url><url>
	<loc> https://geoconnex.us/cuahsi/his/MobileCrowdHydrology/MI1021 </loc>
		<lastmod> 2021-10-15 19:25:03.182436 </lastmod></url><url>
	<loc> https://geoconnex.us/cuahsi/his/MobileCrowdHydrology/MI1020 </loc>
		<lastmod> 2021-10-15 19:25:03.182445 </lastmod></url><url>
	<loc> https://geoconnex.us/cuahsi/his/MobileCrowdHydrology/MI1018 </loc>
		<lastmod> 2021-10-15 19:25:03.182454 </lastmod></url><url>
	<loc> https://geoconnex.us/cuahsi/his/MobileCrowdHydrology/MI1019 </loc>
		<lastmod> 2021-10-15 19:25:03.182463 </lastmod></url><url>
	<loc> https://geoconnex.us/cuahsi/his/MobileCrowdHydrology/MI1017 </loc>
		<lastmod> 2021-10-15 19:25:03.182472 </lastmod></url><url>
	<loc> https://geoconnex.us/cuahsi/his/MobileCrowdHydrology/MI1016 </loc>
		<lastmod> 2021-10-15 19:25:03.182482 </lastmod></url><url>
	<loc> https://geoconnex.us/cuahsi/his/MobileCrowdHydrology/MI1015 </loc>
		<lastmod> 2021-10-15 19:25:03.182491 </lastmod></url><url>
	<loc> https://geoconnex.us/cuahsi/his/MobileCrowdHydrology/WI1002 </loc>
		<lastmod> 2021-10-15 19:25:03.182500 </lastmod></url><url>
	<loc> https://geoconnex.us/cuahsi/his/MobileCrowdHydrology/WI1007 </loc>
		<lastmod> 2021-10-15 19:25:03.182510 </lastmod></url><url>
	<loc> https://geoconnex.us/cuahsi/his/MobileCrowdHydrology/WI1004 </loc>
		<lastmod> 2021-10-15 19:25:03.182519 </lastmod></url><url>
	<loc> https://geoconnex.us/cuahsi/his/MobileCrowdHydrology/NL1008 </loc>
		<lastmod> 2021-10-15 19:25:03.182529 </lastmod></url><url>
	<loc> https://geoconnex.us/cuahsi/his/MobileCrowdHydrology/NL1004 </loc>
		<lastmod> 2021-10-15 19:25:03.182538 </lastmod></url><url>
	<loc> https://geoconnex.us/cuahsi/his/MobileCrowdHydrology/NL1007 </loc>
		<lastmod> 2021-10-15 19:25:03.182547 </lastmod></url><url>
	<loc> https://geoconnex.us/cuahsi/his/MobileCrowdHydrology/NL1006 </loc>
		<lastmod> 2021-10-15 19:25:03.182556 </lastmod></url><url>
	<loc> https://geoconnex.us/cuahsi/his/MobileCrowdHydrology/IA1003 </loc>
		<lastmod> 2021-10-15 19:25:03.182566 </lastmod></url><url>
	<loc> https://geoconnex.us/cuahsi/his/MobileCrowdHydrology/WI1005 </loc>
		<lastmod> 2021-10-15 19:25:03.182575 </lastmod></url><url>
	<loc> https://geoconnex.us/cuahsi/his/MobileCrowdHydrology/WI1003 </loc>
		<lastmod> 2021-10-15 19:25:03.182584 </lastmod></url><url>
	<loc> https://geoconnex.us/cuahsi/his/MobileCrowdHydrology/NY1009 </loc>
		<lastmod> 2021-10-15 19:25:03.182593 </lastmod></url><url>
	<loc> https://geoconnex.us/cuahsi/his/MobileCrowdHydrology/IA1002 </loc>
		<lastmod> 2021-10-15 19:25:03.182603 </lastmod></url><url>
	<loc> https://geoconnex.us/cuahsi/his/MobileCrowdHydrology/IA1001 </loc>
		<lastmod> 2021-10-15 19:25:03.182612 </lastmod></url><url>
	<loc> https://geoconnex.us/cuahsi/his/MobileCrowdHydrology/IA1000 </loc>
		<lastmod> 2021-10-15 19:25:03.182621 </lastmod></url><url>
	<loc> https://geoconnex.us/cuahsi/his/MobileCrowdHydrology/MI1007 </loc>
		<lastmod> 2021-10-15 19:25:03.182631 </lastmod></url><url>
	<loc> https://geoconnex.us/cuahsi/his/MobileCrowdHydrology/MI1006 </loc>
		<lastmod> 2021-10-15 19:25:03.182640 </lastmod></url><url>
	<loc> https://geoconnex.us/cuahsi/his/MobileCrowdHydrology/MI1004 </loc>
		<lastmod> 2021-10-15 19:25:03.182649 </lastmod></url><url>
	<loc> https://geoconnex.us/cuahsi/his/MobileCrowdHydrology/MI1003 </loc>
		<lastmod> 2021-10-15 19:25:03.182659 </lastmod></url><url>
	<loc> https://geoconnex.us/cuahsi/his/MobileCrowdHydrology/MI1002 </loc>
		<lastmod> 2021-10-15 19:25:03.182668 </lastmod></url><url>
	<loc> https://geoconnex.us/cuahsi/his/MobileCrowdHydrology/MI1001 </loc>
		<lastmod> 2021-10-15 19:25:03.182678 </lastmod></url><url>
	<loc> https://geoconnex.us/cuahsi/his/MobileCrowdHydrology/MI1000 </loc>
		<lastmod> 2021-10-15 19:25:03.182687 </lastmod></url><url>
	<loc> https://geoconnex.us/cuahsi/his/MobileCrowdHydrology/WI1001 </loc>
		<lastmod> 2021-10-15 19:25:03.182697 </lastmod></url><url>
	<loc> https://geoconnex.us/cuahsi/his/MobileCrowdHydrology/WI1000 </loc>
		<lastmod> 2021-10-15 19:25:03.182706 </lastmod></url><url>
	<loc> https://geoconnex.us/cuahsi/his/MobileCrowdHydrology/NY1002 </loc>
		<lastmod> 2021-10-15 19:25:03.182716 </lastmod></url><url>
	<loc> https://geoconnex.us/cuahsi/his/MobileCrowdHydrology/NY1004 </loc>
		<lastmod> 2021-10-15 19:25:03.182725 </lastmod></url><url>
	<loc> https://geoconnex.us/cuahsi/his/MobileCrowdHydrology/NY1006 </loc>
		<lastmod> 2021-10-15 19:25:03.182734 </lastmod></url><url>
	<loc> https://geoconnex.us/cuahsi/his/MobileCrowdHydrology/NY1005 </loc>
		<lastmod> 2021-10-15 19:25:03.182744 </lastmod></url><url>
	<loc> https://geoconnex.us/cuahsi/his/MobileCrowdHydrology/NY1008 </loc>
		<lastmod> 2021-10-15 19:25:03.182753 </lastmod></url><url>
	<loc> https://geoconnex.us/cuahsi/his/MobileCrowdHydrology/NY1007 </loc>
		<lastmod> 2021-10-15 19:25:03.182762 </lastmod></url><url>
	<loc> https://geoconnex.us/cuahsi/his/MobileCrowdHydrology/NY1003 </loc>
		<lastmod> 2021-10-15 19:25:03.182771 </lastmod></url><url>
	<loc> https://geoconnex.us/cuahsi/his/MobileCrowdHydrology/NY1000 </loc>
		<lastmod> 2021-10-15 19:25:03.182780 </lastmod></url><url>
	<loc> https://geoconnex.us/cuahsi/his/MobileCrowdHydrology/1 </loc>
		<lastmod> 2021-10-15 19:25:03.182790 </lastmod></url><url>
	<loc> https://geoconnex.us/cuahsi/his/MobileCrowdHydrology/2 </loc>
		<lastmod> 2021-10-15 19:25:03.182799 </lastmod></url><url>
	<loc> https://geoconnex.us/cuahsi/his/MobileCrowdHydrology/3 </loc>
		<lastmod> 2021-10-15 19:25:03.182809 </lastmod></url><url>
	<loc> https://geoconnex.us/cuahsi/his/MobileCrowdHydrology/4 </loc>
		<lastmod> 2021-10-15 19:25:03.182818 </lastmod></url><url>
	<loc> https://geoconnex.us/cuahsi/his/MobileCrowdHydrology/5 </loc>
		<lastmod> 2021-10-15 19:25:03.182827 </lastmod></url><url>
	<loc> https://geoconnex.us/cuahsi/his/MobileCrowdHydrology/6 </loc>
		<lastmod> 2021-10-15 19:25:03.182837 </lastmod></url><url>
	<loc> https://geoconnex.us/cuahsi/his/MobileCrowdHydrology/8 </loc>
		<lastmod> 2021-10-15 19:25:03.182846 </lastmod></url><url>
	<loc> https://geoconnex.us/cuahsi/his/MobileCrowdHydrology/9 </loc>
		<lastmod> 2021-10-15 19:25:03.182855 </lastmod></url><url>
	<loc> https://geoconnex.us/cuahsi/his/MobileCrowdHydrology/10 </loc>
		<lastmod> 2021-10-15 19:25:03.182865 </lastmod></url><url>
	<loc> https://geoconnex.us/cuahsi/his/MobileCrowdHydrology/11 </loc>
		<lastmod> 2021-10-15 19:25:03.182874 </lastmod></url><url>
	<loc> https://geoconnex.us/cuahsi/his/MobileCrowdHydrology/12 </loc>
		<lastmod> 2021-10-15 19:25:03.182884 </lastmod></url><url>
	<loc> https://geoconnex.us/cuahsi/his/MobileCrowdHydrology/13 </loc>
		<lastmod> 2021-10-15 19:25:03.182893 </lastmod></url></ns0:url>
</ns0:urlset>