<ns0:urlset xmlns:ns0="http://www.sitemaps.org/schemas/sitemap/0.9">
    <ns0:url>
    <url>
	<loc> https://geoconnex.us/cuahsi/his/GlobalRiversObservatory/AncientF </loc>
		<lastmod> 2021-10-15 19:25:02.010546 </lastmod></url><url>
	<loc> https://geoconnex.us/cuahsi/his/GlobalRiversObservatory/BlkWatR </loc>
		<lastmod> 2021-10-15 19:25:02.010571 </lastmod></url><url>
	<loc> https://geoconnex.us/cuahsi/his/GlobalRiversObservatory/BowronR </loc>
		<lastmod> 2021-10-15 19:25:02.010585 </lastmod></url><url>
	<loc> https://geoconnex.us/cuahsi/his/GlobalRiversObservatory/BridgeR </loc>
		<lastmod> 2021-10-15 19:25:02.010596 </lastmod></url><url>
	<loc> https://geoconnex.us/cuahsi/his/GlobalRiversObservatory/ChilcotinR </loc>
		<lastmod> 2021-10-15 19:25:02.010606 </lastmod></url><url>
	<loc> https://geoconnex.us/cuahsi/his/GlobalRiversObservatory/DoreR </loc>
		<lastmod> 2021-10-15 19:25:02.010616 </lastmod></url><url>
	<loc> https://geoconnex.us/cuahsi/his/GlobalRiversObservatory/FFitzwil </loc>
		<lastmod> 2021-10-15 19:25:02.010627 </lastmod></url><url>
	<loc> https://geoconnex.us/cuahsi/his/GlobalRiversObservatory/FFtLang </loc>
		<lastmod> 2021-10-15 19:25:02.010636 </lastmod></url><url>
	<loc> https://geoconnex.us/cuahsi/his/GlobalRiversObservatory/FHansard </loc>
		<lastmod> 2021-10-15 19:25:02.010646 </lastmod></url><url>
	<loc> https://geoconnex.us/cuahsi/his/GlobalRiversObservatory/FHope </loc>
		<lastmod> 2021-10-15 19:25:02.010655 </lastmod></url><url>
	<loc> https://geoconnex.us/cuahsi/his/GlobalRiversObservatory/FLillooet </loc>
		<lastmod> 2021-10-15 19:25:02.010665 </lastmod></url><url>
	<loc> https://geoconnex.us/cuahsi/his/GlobalRiversObservatory/FLytton </loc>
		<lastmod> 2021-10-15 19:25:02.010674 </lastmod></url><url>
	<loc> https://geoconnex.us/cuahsi/his/GlobalRiversObservatory/FMcBride </loc>
		<lastmod> 2021-10-15 19:25:02.010684 </lastmod></url><url>
	<loc> https://geoconnex.us/cuahsi/his/GlobalRiversObservatory/FNewWest </loc>
		<lastmod> 2021-10-15 19:25:02.010693 </lastmod></url><url>
	<loc> https://geoconnex.us/cuahsi/his/GlobalRiversObservatory/FStoner </loc>
		<lastmod> 2021-10-15 19:25:02.010702 </lastmod></url><url>
	<loc> https://geoconnex.us/cuahsi/his/GlobalRiversObservatory/Fdelta </loc>
		<lastmod> 2021-10-15 19:25:02.010711 </lastmod></url><url>
	<loc> https://geoconnex.us/cuahsi/his/GlobalRiversObservatory/Festuary </loc>
		<lastmod> 2021-10-15 19:25:02.010720 </lastmod></url><url>
	<loc> https://geoconnex.us/cuahsi/his/GlobalRiversObservatory/GoatR </loc>
		<lastmod> 2021-10-15 19:25:02.010730 </lastmod></url><url>
	<loc> https://geoconnex.us/cuahsi/his/GlobalRiversObservatory/HarrisonR </loc>
		<lastmod> 2021-10-15 19:25:02.010739 </lastmod></url><url>
	<loc> https://geoconnex.us/cuahsi/his/GlobalRiversObservatory/HolmesR </loc>
		<lastmod> 2021-10-15 19:25:02.010748 </lastmod></url><url>
	<loc> https://geoconnex.us/cuahsi/his/GlobalRiversObservatory/McGregR </loc>
		<lastmod> 2021-10-15 19:25:02.010758 </lastmod></url><url>
	<loc> https://geoconnex.us/cuahsi/his/GlobalRiversObservatory/NahatR </loc>
		<lastmod> 2021-10-15 19:25:02.010767 </lastmod></url><url>
	<loc> https://geoconnex.us/cuahsi/his/GlobalRiversObservatory/NechakoR </loc>
		<lastmod> 2021-10-15 19:25:02.010776 </lastmod></url><url>
	<loc> https://geoconnex.us/cuahsi/his/GlobalRiversObservatory/PittR </loc>
		<lastmod> 2021-10-15 19:25:02.010785 </lastmod></url><url>
	<loc> https://geoconnex.us/cuahsi/his/GlobalRiversObservatory/QuesnelR </loc>
		<lastmod> 2021-10-15 19:25:02.010795 </lastmod></url><url>
	<loc> https://geoconnex.us/cuahsi/his/GlobalRiversObservatory/RobsonR </loc>
		<lastmod> 2021-10-15 19:25:02.010804 </lastmod></url><url>
	<loc> https://geoconnex.us/cuahsi/his/GlobalRiversObservatory/RobsArtWell </loc>
		<lastmod> 2021-10-15 19:25:02.010813 </lastmod></url><url>
	<loc> https://geoconnex.us/cuahsi/his/GlobalRiversObservatory/RobsBergLake </loc>
		<lastmod> 2021-10-15 19:25:02.010823 </lastmod></url><url>
	<loc> https://geoconnex.us/cuahsi/his/GlobalRiversObservatory/RobsBergLTrailH </loc>
		<lastmod> 2021-10-15 19:25:02.010832 </lastmod></url><url>
	<loc> https://geoconnex.us/cuahsi/his/GlobalRiversObservatory/RobsGlacierOutL </loc>
		<lastmod> 2021-10-15 19:25:02.010841 </lastmod></url><url>
	<loc> https://geoconnex.us/cuahsi/his/GlobalRiversObservatory/RobsWhiteHCamp </loc>
		<lastmod> 2021-10-15 19:25:02.010851 </lastmod></url><url>
	<loc> https://geoconnex.us/cuahsi/his/GlobalRiversObservatory/SandHeads </loc>
		<lastmod> 2021-10-15 19:25:02.010860 </lastmod></url><url>
	<loc> https://geoconnex.us/cuahsi/his/GlobalRiversObservatory/SmallR </loc>
		<lastmod> 2021-10-15 19:25:02.010869 </lastmod></url><url>
	<loc> https://geoconnex.us/cuahsi/his/GlobalRiversObservatory/StuartL </loc>
		<lastmod> 2021-10-15 19:25:02.010878 </lastmod></url><url>
	<loc> https://geoconnex.us/cuahsi/his/GlobalRiversObservatory/ThompsonR </loc>
		<lastmod> 2021-10-15 19:25:02.010887 </lastmod></url><url>
	<loc> https://geoconnex.us/cuahsi/his/GlobalRiversObservatory/WillowR </loc>
		<lastmod> 2021-10-15 19:25:02.010896 </lastmod></url><url>
	<loc> https://geoconnex.us/cuahsi/his/GlobalRiversObservatory/YellowhdL </loc>
		<lastmod> 2021-10-15 19:25:02.010905 </lastmod></url></ns0:url>
</ns0:urlset>