<ns0:urlset xmlns:ns0="http://www.sitemaps.org/schemas/sitemap/0.9">
    <ns0:url>
    <url>
	<loc> https://geoconnex.us/cuahsi/his/IRWA/ER-1A </loc>
		<lastmod> 2021-10-15 19:24:58.011103 </lastmod></url><url>
	<loc> https://geoconnex.us/cuahsi/his/IRWA/FB-BV </loc>
		<lastmod> 2021-10-15 19:24:58.011135 </lastmod></url><url>
	<loc> https://geoconnex.us/cuahsi/his/IRWA/FB-MI </loc>
		<lastmod> 2021-10-15 19:24:58.011152 </lastmod></url><url>
	<loc> https://geoconnex.us/cuahsi/his/IRWA/FB-WA </loc>
		<lastmod> 2021-10-15 19:24:58.011165 </lastmod></url><url>
	<loc> https://geoconnex.us/cuahsi/his/IRWA/GB </loc>
		<lastmod> 2021-10-15 19:24:58.011178 </lastmod></url><url>
	<loc> https://geoconnex.us/cuahsi/his/IRWA/GC </loc>
		<lastmod> 2021-10-15 19:24:58.011190 </lastmod></url><url>
	<loc> https://geoconnex.us/cuahsi/his/IRWA/HB </loc>
		<lastmod> 2021-10-15 19:24:58.011203 </lastmod></url><url>
	<loc> https://geoconnex.us/cuahsi/his/IRWA/IP00 </loc>
		<lastmod> 2021-10-15 19:24:58.011216 </lastmod></url><url>
	<loc> https://geoconnex.us/cuahsi/his/IRWA/IP00.5 </loc>
		<lastmod> 2021-10-15 19:24:58.011228 </lastmod></url><url>
	<loc> https://geoconnex.us/cuahsi/his/IRWA/IP01 </loc>
		<lastmod> 2021-10-15 19:24:58.011240 </lastmod></url><url>
	<loc> https://geoconnex.us/cuahsi/his/IRWA/IP02 </loc>
		<lastmod> 2021-10-15 19:24:58.011251 </lastmod></url><url>
	<loc> https://geoconnex.us/cuahsi/his/IRWA/IP03 </loc>
		<lastmod> 2021-10-15 19:24:58.011263 </lastmod></url><url>
	<loc> https://geoconnex.us/cuahsi/his/IRWA/IP04 </loc>
		<lastmod> 2021-10-15 19:24:58.011275 </lastmod></url><url>
	<loc> https://geoconnex.us/cuahsi/his/IRWA/IP06 </loc>
		<lastmod> 2021-10-15 19:24:58.011287 </lastmod></url><url>
	<loc> https://geoconnex.us/cuahsi/his/IRWA/IP08 </loc>
		<lastmod> 2021-10-15 19:24:58.011298 </lastmod></url><url>
	<loc> https://geoconnex.us/cuahsi/his/IRWA/IP10 </loc>
		<lastmod> 2021-10-15 19:24:58.011328 </lastmod></url><url>
	<loc> https://geoconnex.us/cuahsi/his/IRWA/IP11 </loc>
		<lastmod> 2021-10-15 19:24:58.011338 </lastmod></url><url>
	<loc> https://geoconnex.us/cuahsi/his/IRWA/IP12 </loc>
		<lastmod> 2021-10-15 19:24:58.011365 </lastmod></url><url>
	<loc> https://geoconnex.us/cuahsi/his/IRWA/IP13 </loc>
		<lastmod> 2021-10-15 19:24:58.011373 </lastmod></url><url>
	<loc> https://geoconnex.us/cuahsi/his/IRWA/IP14 </loc>
		<lastmod> 2021-10-15 19:24:58.011382 </lastmod></url><url>
	<loc> https://geoconnex.us/cuahsi/his/IRWA/IP16 </loc>
		<lastmod> 2021-10-15 19:24:58.011391 </lastmod></url><url>
	<loc> https://geoconnex.us/cuahsi/his/IRWA/IP18 </loc>
		<lastmod> 2021-10-15 19:24:58.011400 </lastmod></url><url>
	<loc> https://geoconnex.us/cuahsi/his/IRWA/IP19 </loc>
		<lastmod> 2021-10-15 19:24:58.011408 </lastmod></url><url>
	<loc> https://geoconnex.us/cuahsi/his/IRWA/IP19A </loc>
		<lastmod> 2021-10-15 19:24:58.011417 </lastmod></url><url>
	<loc> https://geoconnex.us/cuahsi/his/IRWA/IP20 </loc>
		<lastmod> 2021-10-15 19:24:58.011426 </lastmod></url><url>
	<loc> https://geoconnex.us/cuahsi/his/IRWA/IP22 </loc>
		<lastmod> 2021-10-15 19:24:58.011435 </lastmod></url><url>
	<loc> https://geoconnex.us/cuahsi/his/IRWA/IP24 </loc>
		<lastmod> 2021-10-15 19:24:58.011444 </lastmod></url><url>
	<loc> https://geoconnex.us/cuahsi/his/IRWA/IP25 </loc>
		<lastmod> 2021-10-15 19:24:58.011453 </lastmod></url><url>
	<loc> https://geoconnex.us/cuahsi/his/IRWA/IP26 </loc>
		<lastmod> 2021-10-15 19:24:58.011462 </lastmod></url><url>
	<loc> https://geoconnex.us/cuahsi/his/IRWA/LB </loc>
		<lastmod> 2021-10-15 19:24:58.011471 </lastmod></url><url>
	<loc> https://geoconnex.us/cuahsi/his/IRWA/MB-62 </loc>
		<lastmod> 2021-10-15 19:24:58.011479 </lastmod></url><url>
	<loc> https://geoconnex.us/cuahsi/his/IRWA/MB-PS </loc>
		<lastmod> 2021-10-15 19:24:58.011488 </lastmod></url><url>
	<loc> https://geoconnex.us/cuahsi/his/IRWA/MMB </loc>
		<lastmod> 2021-10-15 19:24:58.011497 </lastmod></url><url>
	<loc> https://geoconnex.us/cuahsi/his/IRWA/MR-1A </loc>
		<lastmod> 2021-10-15 19:24:58.011506 </lastmod></url></ns0:url>
</ns0:urlset>