<ns0:urlset xmlns:ns0="http://www.sitemaps.org/schemas/sitemap/0.9">
    <ns0:url>
    <url>
	<loc> https://geoconnex.us/cuahsi/his/GlacialRidge/1 </loc>
		<lastmod> 2021-10-15 19:24:58.150884 </lastmod></url><url>
	<loc> https://geoconnex.us/cuahsi/his/GlacialRidge/10 </loc>
		<lastmod> 2021-10-15 19:24:58.150909 </lastmod></url><url>
	<loc> https://geoconnex.us/cuahsi/his/GlacialRidge/11 </loc>
		<lastmod> 2021-10-15 19:24:58.150922 </lastmod></url><url>
	<loc> https://geoconnex.us/cuahsi/his/GlacialRidge/12 </loc>
		<lastmod> 2021-10-15 19:24:58.150933 </lastmod></url><url>
	<loc> https://geoconnex.us/cuahsi/his/GlacialRidge/13 </loc>
		<lastmod> 2021-10-15 19:24:58.150943 </lastmod></url><url>
	<loc> https://geoconnex.us/cuahsi/his/GlacialRidge/14 </loc>
		<lastmod> 2021-10-15 19:24:58.150971 </lastmod></url><url>
	<loc> https://geoconnex.us/cuahsi/his/GlacialRidge/15 </loc>
		<lastmod> 2021-10-15 19:24:58.150981 </lastmod></url><url>
	<loc> https://geoconnex.us/cuahsi/his/GlacialRidge/16 </loc>
		<lastmod> 2021-10-15 19:24:58.150991 </lastmod></url><url>
	<loc> https://geoconnex.us/cuahsi/his/GlacialRidge/17 </loc>
		<lastmod> 2021-10-15 19:24:58.151001 </lastmod></url><url>
	<loc> https://geoconnex.us/cuahsi/his/GlacialRidge/18 </loc>
		<lastmod> 2021-10-15 19:24:58.151027 </lastmod></url><url>
	<loc> https://geoconnex.us/cuahsi/his/GlacialRidge/19 </loc>
		<lastmod> 2021-10-15 19:24:58.151037 </lastmod></url><url>
	<loc> https://geoconnex.us/cuahsi/his/GlacialRidge/2 </loc>
		<lastmod> 2021-10-15 19:24:58.151046 </lastmod></url><url>
	<loc> https://geoconnex.us/cuahsi/his/GlacialRidge/20 </loc>
		<lastmod> 2021-10-15 19:24:58.151056 </lastmod></url><url>
	<loc> https://geoconnex.us/cuahsi/his/GlacialRidge/21 </loc>
		<lastmod> 2021-10-15 19:24:58.151066 </lastmod></url><url>
	<loc> https://geoconnex.us/cuahsi/his/GlacialRidge/22 </loc>
		<lastmod> 2021-10-15 19:24:58.151075 </lastmod></url><url>
	<loc> https://geoconnex.us/cuahsi/his/GlacialRidge/3 </loc>
		<lastmod> 2021-10-15 19:24:58.151085 </lastmod></url><url>
	<loc> https://geoconnex.us/cuahsi/his/GlacialRidge/4 </loc>
		<lastmod> 2021-10-15 19:24:58.151094 </lastmod></url><url>
	<loc> https://geoconnex.us/cuahsi/his/GlacialRidge/5 </loc>
		<lastmod> 2021-10-15 19:24:58.151104 </lastmod></url><url>
	<loc> https://geoconnex.us/cuahsi/his/GlacialRidge/6 </loc>
		<lastmod> 2021-10-15 19:24:58.151113 </lastmod></url><url>
	<loc> https://geoconnex.us/cuahsi/his/GlacialRidge/7 </loc>
		<lastmod> 2021-10-15 19:24:58.151123 </lastmod></url><url>
	<loc> https://geoconnex.us/cuahsi/his/GlacialRidge/8 </loc>
		<lastmod> 2021-10-15 19:24:58.151132 </lastmod></url><url>
	<loc> https://geoconnex.us/cuahsi/his/GlacialRidge/9 </loc>
		<lastmod> 2021-10-15 19:24:58.151142 </lastmod></url></ns0:url>
</ns0:urlset>