<ns0:urlset xmlns:ns0="http://www.sitemaps.org/schemas/sitemap/0.9">
    <ns0:url>
    <url>
	<loc> https://geoconnex.us/cuahsi/his/Red_Butte_Creek_GAMUT/RB_KF_C </loc>
		<lastmod> 2021-10-15 19:24:54.871731 </lastmod></url><url>
	<loc> https://geoconnex.us/cuahsi/his/Red_Butte_Creek_GAMUT/RB_KF_R </loc>
		<lastmod> 2021-10-15 19:24:54.871753 </lastmod></url><url>
	<loc> https://geoconnex.us/cuahsi/his/Red_Butte_Creek_GAMUT/RB_KF_BA </loc>
		<lastmod> 2021-10-15 19:24:54.871766 </lastmod></url><url>
	<loc> https://geoconnex.us/cuahsi/his/Red_Butte_Creek_GAMUT/RB_KF_S </loc>
		<lastmod> 2021-10-15 19:24:54.871777 </lastmod></url><url>
	<loc> https://geoconnex.us/cuahsi/his/Red_Butte_Creek_GAMUT/RB_ARBR_C </loc>
		<lastmod> 2021-10-15 19:24:54.871787 </lastmod></url><url>
	<loc> https://geoconnex.us/cuahsi/his/Red_Butte_Creek_GAMUT/RB_ARBR_AA </loc>
		<lastmod> 2021-10-15 19:24:54.871796 </lastmod></url><url>
	<loc> https://geoconnex.us/cuahsi/his/Red_Butte_Creek_GAMUT/RB_RBG_BA </loc>
		<lastmod> 2021-10-15 19:24:54.871806 </lastmod></url><url>
	<loc> https://geoconnex.us/cuahsi/his/Red_Butte_Creek_GAMUT/RB_CG_BA </loc>
		<lastmod> 2021-10-15 19:24:54.871815 </lastmod></url><url>
	<loc> https://geoconnex.us/cuahsi/his/Red_Butte_Creek_GAMUT/RB_GIRF_C </loc>
		<lastmod> 2021-10-15 19:24:54.871824 </lastmod></url><url>
	<loc> https://geoconnex.us/cuahsi/his/Red_Butte_Creek_GAMUT/RB_FD_AA </loc>
		<lastmod> 2021-10-15 19:24:54.871833 </lastmod></url><url>
	<loc> https://geoconnex.us/cuahsi/his/Red_Butte_Creek_GAMUT/RB_ARBR_USGS </loc>
		<lastmod> 2021-10-15 19:24:54.871842 </lastmod></url><url>
	<loc> https://geoconnex.us/cuahsi/his/Red_Butte_Creek_GAMUT/RB_TM_C </loc>
		<lastmod> 2021-10-15 19:24:54.871851 </lastmod></url><url>
	<loc> https://geoconnex.us/cuahsi/his/Red_Butte_Creek_GAMUT/RB_RBR_CUWCD </loc>
		<lastmod> 2021-10-15 19:24:54.871860 </lastmod></url><url>
	<loc> https://geoconnex.us/cuahsi/his/Red_Butte_Creek_GAMUT/RB_CR_SD </loc>
		<lastmod> 2021-10-15 19:24:54.871869 </lastmod></url><url>
	<loc> https://geoconnex.us/cuahsi/his/Red_Butte_Creek_GAMUT/RB_GIRF_SD </loc>
		<lastmod> 2021-10-15 19:24:54.871878 </lastmod></url><url>
	<loc> https://geoconnex.us/cuahsi/his/Red_Butte_Creek_GAMUT/RB_FortD_SD </loc>
		<lastmod> 2021-10-15 19:24:54.871887 </lastmod></url><url>
	<loc> https://geoconnex.us/cuahsi/his/Red_Butte_Creek_GAMUT/RB_Dent_SD </loc>
		<lastmod> 2021-10-15 19:24:54.871896 </lastmod></url><url>
	<loc> https://geoconnex.us/cuahsi/his/Red_Butte_Creek_GAMUT/RB_900W_BA </loc>
		<lastmod> 2021-10-15 19:24:54.871905 </lastmod></url><url>
	<loc> https://geoconnex.us/cuahsi/his/Red_Butte_Creek_GAMUT/RB_1300E_A </loc>
		<lastmod> 2021-10-15 19:24:54.871914 </lastmod></url><url>
	<loc> https://geoconnex.us/cuahsi/his/Red_Butte_Creek_GAMUT/RB_LKF_A </loc>
		<lastmod> 2021-10-15 19:24:54.871923 </lastmod></url></ns0:url>
</ns0:urlset>