<ns0:urlset xmlns:ns0="http://www.sitemaps.org/schemas/sitemap/0.9">
    <ns0:url>
    <url>
	<loc> https://geoconnex.us/cuahsi/his/Provo_River_GAMUT/PR_BD_C </loc>
		<lastmod> 2021-10-15 19:25:03.214760 </lastmod></url><url>
	<loc> https://geoconnex.us/cuahsi/his/Provo_River_GAMUT/PR_BJ_AA </loc>
		<lastmod> 2021-10-15 19:25:03.214786 </lastmod></url><url>
	<loc> https://geoconnex.us/cuahsi/his/Provo_River_GAMUT/PR_TL_C </loc>
		<lastmod> 2021-10-15 19:25:03.214817 </lastmod></url><url>
	<loc> https://geoconnex.us/cuahsi/his/Provo_River_GAMUT/PR_CH_CUWCD </loc>
		<lastmod> 2021-10-15 19:25:03.214828 </lastmod></url><url>
	<loc> https://geoconnex.us/cuahsi/his/Provo_River_GAMUT/PR_UM_CUWCD </loc>
		<lastmod> 2021-10-15 19:25:03.214838 </lastmod></url><url>
	<loc> https://geoconnex.us/cuahsi/his/Provo_River_GAMUT/PR_BJ_CUWCD </loc>
		<lastmod> 2021-10-15 19:25:03.214848 </lastmod></url><url>
	<loc> https://geoconnex.us/cuahsi/his/Provo_River_GAMUT/PR_CH_AA </loc>
		<lastmod> 2021-10-15 19:25:03.214876 </lastmod></url><url>
	<loc> https://geoconnex.us/cuahsi/his/Provo_River_GAMUT/PR_LM_BA </loc>
		<lastmod> 2021-10-15 19:25:03.214886 </lastmod></url><url>
	<loc> https://geoconnex.us/cuahsi/his/Provo_River_GAMUT/PR_TC_CUWCD </loc>
		<lastmod> 2021-10-15 19:25:03.214913 </lastmod></url><url>
	<loc> https://geoconnex.us/cuahsi/his/Provo_River_GAMUT/PR_CH_C </loc>
		<lastmod> 2021-10-15 19:25:03.214923 </lastmod></url><url>
	<loc> https://geoconnex.us/cuahsi/his/Provo_River_GAMUT/PR_ST_C </loc>
		<lastmod> 2021-10-15 19:25:03.214933 </lastmod></url><url>
	<loc> https://geoconnex.us/cuahsi/his/Provo_River_GAMUT/PR_ST_BA </loc>
		<lastmod> 2021-10-15 19:25:03.214943 </lastmod></url><url>
	<loc> https://geoconnex.us/cuahsi/his/Provo_River_GAMUT/PR_KM_B </loc>
		<lastmod> 2021-10-15 19:25:03.214952 </lastmod></url><url>
	<loc> https://geoconnex.us/cuahsi/his/Provo_River_GAMUT/PR_YL_R </loc>
		<lastmod> 2021-10-15 19:25:03.214962 </lastmod></url><url>
	<loc> https://geoconnex.us/cuahsi/his/Provo_River_GAMUT/PR_SageCreek_canal </loc>
		<lastmod> 2021-10-15 19:25:03.214972 </lastmod></url><url>
	<loc> https://geoconnex.us/cuahsi/his/Provo_River_GAMUT/PR_Flood_canal </loc>
		<lastmod> 2021-10-15 19:25:03.214982 </lastmod></url><url>
	<loc> https://geoconnex.us/cuahsi/his/Provo_River_GAMUT/PR_WD_BA </loc>
		<lastmod> 2021-10-15 19:25:03.214992 </lastmod></url><url>
	<loc> https://geoconnex.us/cuahsi/his/Provo_River_GAMUT/PR_WD_USGS </loc>
		<lastmod> 2021-10-15 19:25:03.215002 </lastmod></url><url>
	<loc> https://geoconnex.us/cuahsi/his/Provo_River_GAMUT/PR_RW_A </loc>
		<lastmod> 2021-10-15 19:25:03.215012 </lastmod></url><url>
	<loc> https://geoconnex.us/cuahsi/his/Provo_River_GAMUT/PR_HD_AA </loc>
		<lastmod> 2021-10-15 19:25:03.215022 </lastmod></url><url>
	<loc> https://geoconnex.us/cuahsi/his/Provo_River_GAMUT/PR_HD_USGS </loc>
		<lastmod> 2021-10-15 19:25:03.215032 </lastmod></url></ns0:url>
</ns0:urlset>