<ns0:urlset xmlns:ns0="http://www.sitemaps.org/schemas/sitemap/0.9">
    <ns0:url>
    <url>
	<loc> https://geoconnex.us/cuahsi/his/MudLake/USU-ML-Causeway </loc>
		<lastmod> 2021-10-15 19:24:55.227359 </lastmod></url><url>
	<loc> https://geoconnex.us/cuahsi/his/MudLake/USU-ML-Lifton </loc>
		<lastmod> 2021-10-15 19:24:55.227382 </lastmod></url><url>
	<loc> https://geoconnex.us/cuahsi/his/MudLake/USU-ML-Weather </loc>
		<lastmod> 2021-10-15 19:24:55.227395 </lastmod></url><url>
	<loc> https://geoconnex.us/cuahsi/his/MudLake/USU-ML-Inlet </loc>
		<lastmod> 2021-10-15 19:24:55.227405 </lastmod></url><url>
	<loc> https://geoconnex.us/cuahsi/his/MudLake/USU-ML-Outlet </loc>
		<lastmod> 2021-10-15 19:24:55.227415 </lastmod></url><url>
	<loc> https://geoconnex.us/cuahsi/his/MudLake/PAC-ML-Level </loc>
		<lastmod> 2021-10-15 19:24:55.227424 </lastmod></url><url>
	<loc> https://geoconnex.us/cuahsi/his/MudLake/PAC-ML-Rainbow </loc>
		<lastmod> 2021-10-15 19:24:55.227435 </lastmod></url><url>
	<loc> https://geoconnex.us/cuahsi/his/MudLake/PAC-ML-Outlet </loc>
		<lastmod> 2021-10-15 19:24:55.227444 </lastmod></url><url>
	<loc> https://geoconnex.us/cuahsi/his/MudLake/PAC-ML-Lifton </loc>
		<lastmod> 2021-10-15 19:24:55.227453 </lastmod></url><url>
	<loc> https://geoconnex.us/cuahsi/his/MudLake/PAC-ML-Causeway </loc>
		<lastmod> 2021-10-15 19:24:55.227461 </lastmod></url><url>
	<loc> https://geoconnex.us/cuahsi/his/MudLake/PAC-ML-BlackOtter </loc>
		<lastmod> 2021-10-15 19:24:55.227471 </lastmod></url><url>
	<loc> https://geoconnex.us/cuahsi/his/MudLake/PAC-ML-ReamCrockett </loc>
		<lastmod> 2021-10-15 19:24:55.227480 </lastmod></url></ns0:url>
</ns0:urlset>