<ns0:urlset xmlns:ns0="http://www.sitemaps.org/schemas/sitemap/0.9">
    <ns0:url>
    <url>
	<loc> https://geoconnex.us/cuahsi/his/LittleBearRiver/USU-LBR-Mendon </loc>
		<lastmod> 2021-10-15 19:25:03.255539 </lastmod></url><url>
	<loc> https://geoconnex.us/cuahsi/his/LittleBearRiver/USU-LBR-Paradise </loc>
		<lastmod> 2021-10-15 19:25:03.255566 </lastmod></url><url>
	<loc> https://geoconnex.us/cuahsi/his/LittleBearRiver/USU-LBR-ExpFarm </loc>
		<lastmod> 2021-10-15 19:25:03.255580 </lastmod></url><url>
	<loc> https://geoconnex.us/cuahsi/his/LittleBearRiver/USU-LBR-SFLower </loc>
		<lastmod> 2021-10-15 19:25:03.255592 </lastmod></url><url>
	<loc> https://geoconnex.us/cuahsi/his/LittleBearRiver/USU-LBR-EFLower </loc>
		<lastmod> 2021-10-15 19:25:03.255602 </lastmod></url><url>
	<loc> https://geoconnex.us/cuahsi/his/LittleBearRiver/USU-LBR-EFWeather </loc>
		<lastmod> 2021-10-15 19:25:03.255613 </lastmod></url><url>
	<loc> https://geoconnex.us/cuahsi/his/LittleBearRiver/USU-LBR-SFUpper </loc>
		<lastmod> 2021-10-15 19:25:03.255623 </lastmod></url><url>
	<loc> https://geoconnex.us/cuahsi/his/LittleBearRiver/USU-LBR-ParadiseRepeater </loc>
		<lastmod> 2021-10-15 19:25:03.255633 </lastmod></url><url>
	<loc> https://geoconnex.us/cuahsi/his/LittleBearRiver/USU-LBR-EFRepeater </loc>
		<lastmod> 2021-10-15 19:25:03.255643 </lastmod></url><url>
	<loc> https://geoconnex.us/cuahsi/his/LittleBearRiver/USU-LBR-Wellsville </loc>
		<lastmod> 2021-10-15 19:25:03.255653 </lastmod></url><url>
	<loc> https://geoconnex.us/cuahsi/his/LittleBearRiver/USU-LBR-Confluence </loc>
		<lastmod> 2021-10-15 19:25:03.255663 </lastmod></url><url>
	<loc> https://geoconnex.us/cuahsi/his/LittleBearRiver/10105900 </loc>
		<lastmod> 2021-10-15 19:25:03.255673 </lastmod></url><url>
	<loc> https://geoconnex.us/cuahsi/his/LittleBearRiver/USU-LBR-ParadiseWeather </loc>
		<lastmod> 2021-10-15 19:25:03.255699 </lastmod></url><url>
	<loc> https://geoconnex.us/cuahsi/his/LittleBearRiver/USU-LBR-SFWeather </loc>
		<lastmod> 2021-10-15 19:25:03.255709 </lastmod></url><url>
	<loc> https://geoconnex.us/cuahsi/his/LittleBearRiver/USU-LBR-WVBase </loc>
		<lastmod> 2021-10-15 19:25:03.255718 </lastmod></url><url>
	<loc> https://geoconnex.us/cuahsi/his/LittleBearRiver/USU-LBR-MCBase </loc>
		<lastmod> 2021-10-15 19:25:03.255728 </lastmod></url></ns0:url>
</ns0:urlset>