<ns0:urlset xmlns:ns0="http://www.sitemaps.org/schemas/sitemap/0.9">
    <ns0:url>
    <url>
	<loc> https://geoconnex.us/cuahsi/his/UMBCWQ/DR5 </loc>
		<lastmod> 2021-10-15 19:24:55.248112 </lastmod></url><url>
	<loc> https://geoconnex.us/cuahsi/his/UMBCWQ/DR5.015m </loc>
		<lastmod> 2021-10-15 19:24:55.248139 </lastmod></url><url>
	<loc> https://geoconnex.us/cuahsi/his/UMBCWQ/DR5.108m </loc>
		<lastmod> 2021-10-15 19:24:55.248153 </lastmod></url><url>
	<loc> https://geoconnex.us/cuahsi/his/UMBCWQ/DR5.190m </loc>
		<lastmod> 2021-10-15 19:24:55.248164 </lastmod></url><url>
	<loc> https://geoconnex.us/cuahsi/his/UMBCWQ/DR5.231m </loc>
		<lastmod> 2021-10-15 19:24:55.248175 </lastmod></url><url>
	<loc> https://geoconnex.us/cuahsi/his/UMBCWQ/DR5.382m </loc>
		<lastmod> 2021-10-15 19:24:55.248185 </lastmod></url><url>
	<loc> https://geoconnex.us/cuahsi/his/UMBCWQ/DR5.514m </loc>
		<lastmod> 2021-10-15 19:24:55.248215 </lastmod></url><url>
	<loc> https://geoconnex.us/cuahsi/his/UMBCWQ/DR5.582m </loc>
		<lastmod> 2021-10-15 19:24:55.248225 </lastmod></url><url>
	<loc> https://geoconnex.us/cuahsi/his/UMBCWQ/DR5.786m </loc>
		<lastmod> 2021-10-15 19:24:55.248234 </lastmod></url><url>
	<loc> https://geoconnex.us/cuahsi/his/UMBCWQ/DR5.893m </loc>
		<lastmod> 2021-10-15 19:24:55.248261 </lastmod></url><url>
	<loc> https://geoconnex.us/cuahsi/his/UMBCWQ/DR5.902m </loc>
		<lastmod> 2021-10-15 19:24:55.248270 </lastmod></url><url>
	<loc> https://geoconnex.us/cuahsi/his/UMBCWQ/DR2 </loc>
		<lastmod> 2021-10-15 19:24:55.248279 </lastmod></url><url>
	<loc> https://geoconnex.us/cuahsi/his/UMBCWQ/DR3 </loc>
		<lastmod> 2021-10-15 19:24:55.248288 </lastmod></url><url>
	<loc> https://geoconnex.us/cuahsi/his/UMBCWQ/DR4 </loc>
		<lastmod> 2021-10-15 19:24:55.248298 </lastmod></url><url>
	<loc> https://geoconnex.us/cuahsi/his/UMBCWQ/DRKR </loc>
		<lastmod> 2021-10-15 19:24:55.248307 </lastmod></url><url>
	<loc> https://geoconnex.us/cuahsi/his/UMBCWQ/DR1 </loc>
		<lastmod> 2021-10-15 19:24:55.248316 </lastmod></url></ns0:url>
</ns0:urlset>