<ns0:urlset xmlns:ns0="http://www.sitemaps.org/schemas/sitemap/0.9">
    <ns0:url>
    <url>
	<loc> https://geoconnex.us/cuahsi/his/ODM_KentState/Port_Airport </loc>
		<lastmod> 2021-10-15 19:24:54.651348 </lastmod></url><url>
	<loc> https://geoconnex.us/cuahsi/his/ODM_KentState/Jennings </loc>
		<lastmod> 2021-10-15 19:24:54.651374 </lastmod></url><url>
	<loc> https://geoconnex.us/cuahsi/his/ODM_KentState/KOH </loc>
		<lastmod> 2021-10-15 19:24:54.651388 </lastmod></url></ns0:url>
</ns0:urlset>