<ns0:urlset xmlns:ns0="http://www.sitemaps.org/schemas/sitemap/0.9">
    <ns0:url>
    <url>
	<loc> https://geoconnex.us/cuahsi/his/ORSANCO_HAB/RCByrd </loc>
		<lastmod> 2021-10-15 19:25:03.246573 </lastmod></url><url>
	<loc> https://geoconnex.us/cuahsi/his/ORSANCO_HAB/PikeIsland </loc>
		<lastmod> 2021-10-15 19:25:03.246598 </lastmod></url><url>
	<loc> https://geoconnex.us/cuahsi/his/ORSANCO_HAB/Meldahl </loc>
		<lastmod> 2021-10-15 19:25:03.246612 </lastmod></url><url>
	<loc> https://geoconnex.us/cuahsi/his/ORSANCO_HAB/Greenup </loc>
		<lastmod> 2021-10-15 19:25:03.246623 </lastmod></url><url>
	<loc> https://geoconnex.us/cuahsi/his/ORSANCO_HAB/Sistersville </loc>
		<lastmod> 2021-10-15 19:25:03.246633 </lastmod></url><url>
	<loc> https://geoconnex.us/cuahsi/his/ORSANCO_HAB/Parkersburg </loc>
		<lastmod> 2021-10-15 19:25:03.246643 </lastmod></url><url>
	<loc> https://geoconnex.us/cuahsi/his/ORSANCO_HAB/Maysville </loc>
		<lastmod> 2021-10-15 19:25:03.246653 </lastmod></url><url>
	<loc> https://geoconnex.us/cuahsi/his/ORSANCO_HAB/Cincinnati </loc>
		<lastmod> 2021-10-15 19:25:03.246662 </lastmod></url><url>
	<loc> https://geoconnex.us/cuahsi/his/ORSANCO_HAB/Louisville </loc>
		<lastmod> 2021-10-15 19:25:03.246688 </lastmod></url><url>
	<loc> https://geoconnex.us/cuahsi/his/ORSANCO_HAB/Henderson </loc>
		<lastmod> 2021-10-15 19:25:03.246697 </lastmod></url></ns0:url>
</ns0:urlset>