<ns0:urlset xmlns:ns0="http://www.sitemaps.org/schemas/sitemap/0.9">
    <ns0:url>
    <url>
	<loc> https://geoconnex.us/cuahsi/his/czo_luquillo/22 </loc>
		<lastmod> 2021-10-15 19:25:03.188219 </lastmod></url><url>
	<loc> https://geoconnex.us/cuahsi/his/czo_luquillo/21 </loc>
		<lastmod> 2021-10-15 19:25:03.188245 </lastmod></url><url>
	<loc> https://geoconnex.us/cuahsi/his/czo_luquillo/20 </loc>
		<lastmod> 2021-10-15 19:25:03.188259 </lastmod></url><url>
	<loc> https://geoconnex.us/cuahsi/his/czo_luquillo/48 </loc>
		<lastmod> 2021-10-15 19:25:03.188270 </lastmod></url><url>
	<loc> https://geoconnex.us/cuahsi/his/czo_luquillo/10 </loc>
		<lastmod> 2021-10-15 19:25:03.188280 </lastmod></url><url>
	<loc> https://geoconnex.us/cuahsi/his/czo_luquillo/15 </loc>
		<lastmod> 2021-10-15 19:25:03.188290 </lastmod></url><url>
	<loc> https://geoconnex.us/cuahsi/his/czo_luquillo/137 </loc>
		<lastmod> 2021-10-15 19:25:03.188301 </lastmod></url><url>
	<loc> https://geoconnex.us/cuahsi/his/czo_luquillo/23 </loc>
		<lastmod> 2021-10-15 19:25:03.188311 </lastmod></url><url>
	<loc> https://geoconnex.us/cuahsi/his/czo_luquillo/241 </loc>
		<lastmod> 2021-10-15 19:25:03.188320 </lastmod></url><url>
	<loc> https://geoconnex.us/cuahsi/his/czo_luquillo/367 </loc>
		<lastmod> 2021-10-15 19:25:03.188330 </lastmod></url></ns0:url>
</ns0:urlset>