<ns0:urlset xmlns:ns0="http://www.sitemaps.org/schemas/sitemap/0.9">
    <ns0:url>
    <url>
	<loc> https://geoconnex.us/cuahsi/his/GLEON_LakeAnnie/1 </loc>
		<lastmod> 2021-10-15 19:24:54.655939 </lastmod></url><url>
	<loc> https://geoconnex.us/cuahsi/his/GLEON_LakeAnnie/2 </loc>
		<lastmod> 2021-10-15 19:24:54.655990 </lastmod></url><url>
	<loc> https://geoconnex.us/cuahsi/his/GLEON_LakeAnnie/3 </loc>
		<lastmod> 2021-10-15 19:24:54.656008 </lastmod></url><url>
	<loc> https://geoconnex.us/cuahsi/his/GLEON_LakeAnnie/1100 </loc>
		<lastmod> 2021-10-15 19:24:54.656021 </lastmod></url><url>
	<loc> https://geoconnex.us/cuahsi/his/GLEON_LakeAnnie/1020 </loc>
		<lastmod> 2021-10-15 19:24:54.656032 </lastmod></url><url>
	<loc> https://geoconnex.us/cuahsi/his/GLEON_LakeAnnie/1010 </loc>
		<lastmod> 2021-10-15 19:24:54.656064 </lastmod></url><url>
	<loc> https://geoconnex.us/cuahsi/his/GLEON_LakeAnnie/1005 </loc>
		<lastmod> 2021-10-15 19:24:54.656076 </lastmod></url><url>
	<loc> https://geoconnex.us/cuahsi/his/GLEON_LakeAnnie/1002 </loc>
		<lastmod> 2021-10-15 19:24:54.656086 </lastmod></url><url>
	<loc> https://geoconnex.us/cuahsi/his/GLEON_LakeAnnie/1001 </loc>
		<lastmod> 2021-10-15 19:24:54.656096 </lastmod></url><url>
	<loc> https://geoconnex.us/cuahsi/his/GLEON_LakeAnnie/-1001 </loc>
		<lastmod> 2021-10-15 19:24:54.656107 </lastmod></url><url>
	<loc> https://geoconnex.us/cuahsi/his/GLEON_LakeAnnie/-1011 </loc>
		<lastmod> 2021-10-15 19:24:54.656117 </lastmod></url><url>
	<loc> https://geoconnex.us/cuahsi/his/GLEON_LakeAnnie/-1012 </loc>
		<lastmod> 2021-10-15 19:24:54.656127 </lastmod></url><url>
	<loc> https://geoconnex.us/cuahsi/his/GLEON_LakeAnnie/-1013 </loc>
		<lastmod> 2021-10-15 19:24:54.656137 </lastmod></url><url>
	<loc> https://geoconnex.us/cuahsi/his/GLEON_LakeAnnie/-1021 </loc>
		<lastmod> 2021-10-15 19:24:54.656147 </lastmod></url><url>
	<loc> https://geoconnex.us/cuahsi/his/GLEON_LakeAnnie/-1031 </loc>
		<lastmod> 2021-10-15 19:24:54.656157 </lastmod></url><url>
	<loc> https://geoconnex.us/cuahsi/his/GLEON_LakeAnnie/-1041 </loc>
		<lastmod> 2021-10-15 19:24:54.656167 </lastmod></url><url>
	<loc> https://geoconnex.us/cuahsi/his/GLEON_LakeAnnie/-1051 </loc>
		<lastmod> 2021-10-15 19:24:54.656177 </lastmod></url><url>
	<loc> https://geoconnex.us/cuahsi/his/GLEON_LakeAnnie/-1061 </loc>
		<lastmod> 2021-10-15 19:24:54.656187 </lastmod></url><url>
	<loc> https://geoconnex.us/cuahsi/his/GLEON_LakeAnnie/-1071 </loc>
		<lastmod> 2021-10-15 19:24:54.656197 </lastmod></url><url>
	<loc> https://geoconnex.us/cuahsi/his/GLEON_LakeAnnie/-1081 </loc>
		<lastmod> 2021-10-15 19:24:54.656207 </lastmod></url><url>
	<loc> https://geoconnex.us/cuahsi/his/GLEON_LakeAnnie/-1091 </loc>
		<lastmod> 2021-10-15 19:24:54.656217 </lastmod></url><url>
	<loc> https://geoconnex.us/cuahsi/his/GLEON_LakeAnnie/-1101 </loc>
		<lastmod> 2021-10-15 19:24:54.656227 </lastmod></url><url>
	<loc> https://geoconnex.us/cuahsi/his/GLEON_LakeAnnie/-1111 </loc>
		<lastmod> 2021-10-15 19:24:54.656237 </lastmod></url><url>
	<loc> https://geoconnex.us/cuahsi/his/GLEON_LakeAnnie/-1121 </loc>
		<lastmod> 2021-10-15 19:24:54.656247 </lastmod></url><url>
	<loc> https://geoconnex.us/cuahsi/his/GLEON_LakeAnnie/-1131 </loc>
		<lastmod> 2021-10-15 19:24:54.656257 </lastmod></url><url>
	<loc> https://geoconnex.us/cuahsi/his/GLEON_LakeAnnie/-1141 </loc>
		<lastmod> 2021-10-15 19:24:54.656267 </lastmod></url><url>
	<loc> https://geoconnex.us/cuahsi/his/GLEON_LakeAnnie/-1151 </loc>
		<lastmod> 2021-10-15 19:24:54.656277 </lastmod></url><url>
	<loc> https://geoconnex.us/cuahsi/his/GLEON_LakeAnnie/-1161 </loc>
		<lastmod> 2021-10-15 19:24:54.656303 </lastmod></url><url>
	<loc> https://geoconnex.us/cuahsi/his/GLEON_LakeAnnie/-1171 </loc>
		<lastmod> 2021-10-15 19:24:54.656330 </lastmod></url><url>
	<loc> https://geoconnex.us/cuahsi/his/GLEON_LakeAnnie/-1181 </loc>
		<lastmod> 2021-10-15 19:24:54.656357 </lastmod></url><url>
	<loc> https://geoconnex.us/cuahsi/his/GLEON_LakeAnnie/-1003 </loc>
		<lastmod> 2021-10-15 19:24:54.656366 </lastmod></url></ns0:url>
</ns0:urlset>