<ns0:urlset xmlns:ns0="http://www.sitemaps.org/schemas/sitemap/0.9">
    <ns0:url>
    <url>
	<loc> https://geoconnex.us/cuahsi/his/SKC_Milltown/1 </loc>
		<lastmod> 2021-10-15 19:24:58.142913 </lastmod></url><url>
	<loc> https://geoconnex.us/cuahsi/his/SKC_Milltown/2 </loc>
		<lastmod> 2021-10-15 19:24:58.142938 </lastmod></url><url>
	<loc> https://geoconnex.us/cuahsi/his/SKC_Milltown/3 </loc>
		<lastmod> 2021-10-15 19:24:58.142951 </lastmod></url><url>
	<loc> https://geoconnex.us/cuahsi/his/SKC_Milltown/4 </loc>
		<lastmod> 2021-10-15 19:24:58.142962 </lastmod></url><url>
	<loc> https://geoconnex.us/cuahsi/his/SKC_Milltown/5 </loc>
		<lastmod> 2021-10-15 19:24:58.142973 </lastmod></url><url>
	<loc> https://geoconnex.us/cuahsi/his/SKC_Milltown/6 </loc>
		<lastmod> 2021-10-15 19:24:58.142983 </lastmod></url><url>
	<loc> https://geoconnex.us/cuahsi/his/SKC_Milltown/7 </loc>
		<lastmod> 2021-10-15 19:24:58.142994 </lastmod></url><url>
	<loc> https://geoconnex.us/cuahsi/his/SKC_Milltown/8 </loc>
		<lastmod> 2021-10-15 19:24:58.143004 </lastmod></url><url>
	<loc> https://geoconnex.us/cuahsi/his/SKC_Milltown/9 </loc>
		<lastmod> 2021-10-15 19:24:58.143014 </lastmod></url><url>
	<loc> https://geoconnex.us/cuahsi/his/SKC_Milltown/10 </loc>
		<lastmod> 2021-10-15 19:24:58.143024 </lastmod></url><url>
	<loc> https://geoconnex.us/cuahsi/his/SKC_Milltown/11 </loc>
		<lastmod> 2021-10-15 19:24:58.143034 </lastmod></url><url>
	<loc> https://geoconnex.us/cuahsi/his/SKC_Milltown/12 </loc>
		<lastmod> 2021-10-15 19:24:58.143044 </lastmod></url><url>
	<loc> https://geoconnex.us/cuahsi/his/SKC_Milltown/13 </loc>
		<lastmod> 2021-10-15 19:24:58.143053 </lastmod></url><url>
	<loc> https://geoconnex.us/cuahsi/his/SKC_Milltown/14 </loc>
		<lastmod> 2021-10-15 19:24:58.143063 </lastmod></url><url>
	<loc> https://geoconnex.us/cuahsi/his/SKC_Milltown/15 </loc>
		<lastmod> 2021-10-15 19:24:58.143073 </lastmod></url><url>
	<loc> https://geoconnex.us/cuahsi/his/SKC_Milltown/16 </loc>
		<lastmod> 2021-10-15 19:24:58.143082 </lastmod></url><url>
	<loc> https://geoconnex.us/cuahsi/his/SKC_Milltown/17 </loc>
		<lastmod> 2021-10-15 19:24:58.143092 </lastmod></url><url>
	<loc> https://geoconnex.us/cuahsi/his/SKC_Milltown/18 </loc>
		<lastmod> 2021-10-15 19:24:58.143102 </lastmod></url><url>
	<loc> https://geoconnex.us/cuahsi/his/SKC_Milltown/19 </loc>
		<lastmod> 2021-10-15 19:24:58.143112 </lastmod></url><url>
	<loc> https://geoconnex.us/cuahsi/his/SKC_Milltown/20 </loc>
		<lastmod> 2021-10-15 19:24:58.143121 </lastmod></url><url>
	<loc> https://geoconnex.us/cuahsi/his/SKC_Milltown/21 </loc>
		<lastmod> 2021-10-15 19:24:58.143131 </lastmod></url><url>
	<loc> https://geoconnex.us/cuahsi/his/SKC_Milltown/22 </loc>
		<lastmod> 2021-10-15 19:24:58.143141 </lastmod></url><url>
	<loc> https://geoconnex.us/cuahsi/his/SKC_Milltown/23 </loc>
		<lastmod> 2021-10-15 19:24:58.143151 </lastmod></url><url>
	<loc> https://geoconnex.us/cuahsi/his/SKC_Milltown/24 </loc>
		<lastmod> 2021-10-15 19:24:58.143161 </lastmod></url><url>
	<loc> https://geoconnex.us/cuahsi/his/SKC_Milltown/25 </loc>
		<lastmod> 2021-10-15 19:24:58.143171 </lastmod></url><url>
	<loc> https://geoconnex.us/cuahsi/his/SKC_Milltown/26 </loc>
		<lastmod> 2021-10-15 19:24:58.143180 </lastmod></url><url>
	<loc> https://geoconnex.us/cuahsi/his/SKC_Milltown/27 </loc>
		<lastmod> 2021-10-15 19:24:58.143190 </lastmod></url><url>
	<loc> https://geoconnex.us/cuahsi/his/SKC_Milltown/28 </loc>
		<lastmod> 2021-10-15 19:24:58.143200 </lastmod></url><url>
	<loc> https://geoconnex.us/cuahsi/his/SKC_Milltown/29 </loc>
		<lastmod> 2021-10-15 19:24:58.143210 </lastmod></url><url>
	<loc> https://geoconnex.us/cuahsi/his/SKC_Milltown/30 </loc>
		<lastmod> 2021-10-15 19:24:58.143220 </lastmod></url><url>
	<loc> https://geoconnex.us/cuahsi/his/SKC_Milltown/31 </loc>
		<lastmod> 2021-10-15 19:24:58.143229 </lastmod></url><url>
	<loc> https://geoconnex.us/cuahsi/his/SKC_Milltown/32 </loc>
		<lastmod> 2021-10-15 19:24:58.143239 </lastmod></url><url>
	<loc> https://geoconnex.us/cuahsi/his/SKC_Milltown/33 </loc>
		<lastmod> 2021-10-15 19:24:58.143249 </lastmod></url><url>
	<loc> https://geoconnex.us/cuahsi/his/SKC_Milltown/34 </loc>
		<lastmod> 2021-10-15 19:24:58.143259 </lastmod></url><url>
	<loc> https://geoconnex.us/cuahsi/his/SKC_Milltown/35 </loc>
		<lastmod> 2021-10-15 19:24:58.143269 </lastmod></url><url>
	<loc> https://geoconnex.us/cuahsi/his/SKC_Milltown/36 </loc>
		<lastmod> 2021-10-15 19:24:58.143278 </lastmod></url><url>
	<loc> https://geoconnex.us/cuahsi/his/SKC_Milltown/37 </loc>
		<lastmod> 2021-10-15 19:24:58.143288 </lastmod></url><url>
	<loc> https://geoconnex.us/cuahsi/his/SKC_Milltown/38 </loc>
		<lastmod> 2021-10-15 19:24:58.143299 </lastmod></url><url>
	<loc> https://geoconnex.us/cuahsi/his/SKC_Milltown/39 </loc>
		<lastmod> 2021-10-15 19:24:58.143309 </lastmod></url><url>
	<loc> https://geoconnex.us/cuahsi/his/SKC_Milltown/40 </loc>
		<lastmod> 2021-10-15 19:24:58.143318 </lastmod></url><url>
	<loc> https://geoconnex.us/cuahsi/his/SKC_Milltown/41 </loc>
		<lastmod> 2021-10-15 19:24:58.143328 </lastmod></url><url>
	<loc> https://geoconnex.us/cuahsi/his/SKC_Milltown/42 </loc>
		<lastmod> 2021-10-15 19:24:58.143338 </lastmod></url><url>
	<loc> https://geoconnex.us/cuahsi/his/SKC_Milltown/43 </loc>
		<lastmod> 2021-10-15 19:24:58.143348 </lastmod></url><url>
	<loc> https://geoconnex.us/cuahsi/his/SKC_Milltown/44 </loc>
		<lastmod> 2021-10-15 19:24:58.143358 </lastmod></url><url>
	<loc> https://geoconnex.us/cuahsi/his/SKC_Milltown/45 </loc>
		<lastmod> 2021-10-15 19:24:58.143368 </lastmod></url><url>
	<loc> https://geoconnex.us/cuahsi/his/SKC_Milltown/46 </loc>
		<lastmod> 2021-10-15 19:24:58.143378 </lastmod></url><url>
	<loc> https://geoconnex.us/cuahsi/his/SKC_Milltown/47 </loc>
		<lastmod> 2021-10-15 19:24:58.143388 </lastmod></url><url>
	<loc> https://geoconnex.us/cuahsi/his/SKC_Milltown/48 </loc>
		<lastmod> 2021-10-15 19:24:58.143398 </lastmod></url><url>
	<loc> https://geoconnex.us/cuahsi/his/SKC_Milltown/49 </loc>
		<lastmod> 2021-10-15 19:24:58.143408 </lastmod></url><url>
	<loc> https://geoconnex.us/cuahsi/his/SKC_Milltown/50 </loc>
		<lastmod> 2021-10-15 19:24:58.143418 </lastmod></url><url>
	<loc> https://geoconnex.us/cuahsi/his/SKC_Milltown/51 </loc>
		<lastmod> 2021-10-15 19:24:58.143428 </lastmod></url><url>
	<loc> https://geoconnex.us/cuahsi/his/SKC_Milltown/52 </loc>
		<lastmod> 2021-10-15 19:24:58.143438 </lastmod></url><url>
	<loc> https://geoconnex.us/cuahsi/his/SKC_Milltown/53 </loc>
		<lastmod> 2021-10-15 19:24:58.143448 </lastmod></url><url>
	<loc> https://geoconnex.us/cuahsi/his/SKC_Milltown/54 </loc>
		<lastmod> 2021-10-15 19:24:58.143458 </lastmod></url><url>
	<loc> https://geoconnex.us/cuahsi/his/SKC_Milltown/55 </loc>
		<lastmod> 2021-10-15 19:24:58.143468 </lastmod></url><url>
	<loc> https://geoconnex.us/cuahsi/his/SKC_Milltown/56 </loc>
		<lastmod> 2021-10-15 19:24:58.143477 </lastmod></url><url>
	<loc> https://geoconnex.us/cuahsi/his/SKC_Milltown/57 </loc>
		<lastmod> 2021-10-15 19:24:58.143487 </lastmod></url><url>
	<loc> https://geoconnex.us/cuahsi/his/SKC_Milltown/58 </loc>
		<lastmod> 2021-10-15 19:24:58.143497 </lastmod></url><url>
	<loc> https://geoconnex.us/cuahsi/his/SKC_Milltown/59 </loc>
		<lastmod> 2021-10-15 19:24:58.143507 </lastmod></url><url>
	<loc> https://geoconnex.us/cuahsi/his/SKC_Milltown/60 </loc>
		<lastmod> 2021-10-15 19:24:58.143517 </lastmod></url><url>
	<loc> https://geoconnex.us/cuahsi/his/SKC_Milltown/61 </loc>
		<lastmod> 2021-10-15 19:24:58.143527 </lastmod></url><url>
	<loc> https://geoconnex.us/cuahsi/his/SKC_Milltown/62 </loc>
		<lastmod> 2021-10-15 19:24:58.143537 </lastmod></url><url>
	<loc> https://geoconnex.us/cuahsi/his/SKC_Milltown/63 </loc>
		<lastmod> 2021-10-15 19:24:58.143546 </lastmod></url><url>
	<loc> https://geoconnex.us/cuahsi/his/SKC_Milltown/64 </loc>
		<lastmod> 2021-10-15 19:24:58.143556 </lastmod></url><url>
	<loc> https://geoconnex.us/cuahsi/his/SKC_Milltown/65 </loc>
		<lastmod> 2021-10-15 19:24:58.143566 </lastmod></url><url>
	<loc> https://geoconnex.us/cuahsi/his/SKC_Milltown/66 </loc>
		<lastmod> 2021-10-15 19:24:58.143576 </lastmod></url><url>
	<loc> https://geoconnex.us/cuahsi/his/SKC_Milltown/67 </loc>
		<lastmod> 2021-10-15 19:24:58.143586 </lastmod></url><url>
	<loc> https://geoconnex.us/cuahsi/his/SKC_Milltown/68 </loc>
		<lastmod> 2021-10-15 19:24:58.143596 </lastmod></url><url>
	<loc> https://geoconnex.us/cuahsi/his/SKC_Milltown/69 </loc>
		<lastmod> 2021-10-15 19:24:58.143605 </lastmod></url><url>
	<loc> https://geoconnex.us/cuahsi/his/SKC_Milltown/70 </loc>
		<lastmod> 2021-10-15 19:24:58.143631 </lastmod></url><url>
	<loc> https://geoconnex.us/cuahsi/his/SKC_Milltown/71 </loc>
		<lastmod> 2021-10-15 19:24:58.143641 </lastmod></url><url>
	<loc> https://geoconnex.us/cuahsi/his/SKC_Milltown/72 </loc>
		<lastmod> 2021-10-15 19:24:58.143650 </lastmod></url><url>
	<loc> https://geoconnex.us/cuahsi/his/SKC_Milltown/73 </loc>
		<lastmod> 2021-10-15 19:24:58.143660 </lastmod></url><url>
	<loc> https://geoconnex.us/cuahsi/his/SKC_Milltown/74 </loc>
		<lastmod> 2021-10-15 19:24:58.143670 </lastmod></url><url>
	<loc> https://geoconnex.us/cuahsi/his/SKC_Milltown/75 </loc>
		<lastmod> 2021-10-15 19:24:58.143679 </lastmod></url><url>
	<loc> https://geoconnex.us/cuahsi/his/SKC_Milltown/76 </loc>
		<lastmod> 2021-10-15 19:24:58.143689 </lastmod></url><url>
	<loc> https://geoconnex.us/cuahsi/his/SKC_Milltown/77 </loc>
		<lastmod> 2021-10-15 19:24:58.143699 </lastmod></url><url>
	<loc> https://geoconnex.us/cuahsi/his/SKC_Milltown/78 </loc>
		<lastmod> 2021-10-15 19:24:58.143708 </lastmod></url><url>
	<loc> https://geoconnex.us/cuahsi/his/SKC_Milltown/79 </loc>
		<lastmod> 2021-10-15 19:24:58.143735 </lastmod></url><url>
	<loc> https://geoconnex.us/cuahsi/his/SKC_Milltown/80 </loc>
		<lastmod> 2021-10-15 19:24:58.143745 </lastmod></url><url>
	<loc> https://geoconnex.us/cuahsi/his/SKC_Milltown/81 </loc>
		<lastmod> 2021-10-15 19:24:58.143755 </lastmod></url><url>
	<loc> https://geoconnex.us/cuahsi/his/SKC_Milltown/82 </loc>
		<lastmod> 2021-10-15 19:24:58.143765 </lastmod></url><url>
	<loc> https://geoconnex.us/cuahsi/his/SKC_Milltown/83 </loc>
		<lastmod> 2021-10-15 19:24:58.143775 </lastmod></url><url>
	<loc> https://geoconnex.us/cuahsi/his/SKC_Milltown/84 </loc>
		<lastmod> 2021-10-15 19:24:58.143784 </lastmod></url><url>
	<loc> https://geoconnex.us/cuahsi/his/SKC_Milltown/85 </loc>
		<lastmod> 2021-10-15 19:24:58.143794 </lastmod></url><url>
	<loc> https://geoconnex.us/cuahsi/his/SKC_Milltown/86 </loc>
		<lastmod> 2021-10-15 19:24:58.143820 </lastmod></url><url>
	<loc> https://geoconnex.us/cuahsi/his/SKC_Milltown/87 </loc>
		<lastmod> 2021-10-15 19:24:58.143830 </lastmod></url><url>
	<loc> https://geoconnex.us/cuahsi/his/SKC_Milltown/88 </loc>
		<lastmod> 2021-10-15 19:24:58.143840 </lastmod></url><url>
	<loc> https://geoconnex.us/cuahsi/his/SKC_Milltown/89 </loc>
		<lastmod> 2021-10-15 19:24:58.143868 </lastmod></url><url>
	<loc> https://geoconnex.us/cuahsi/his/SKC_Milltown/90 </loc>
		<lastmod> 2021-10-15 19:24:58.143878 </lastmod></url><url>
	<loc> https://geoconnex.us/cuahsi/his/SKC_Milltown/91 </loc>
		<lastmod> 2021-10-15 19:24:58.143888 </lastmod></url><url>
	<loc> https://geoconnex.us/cuahsi/his/SKC_Milltown/92 </loc>
		<lastmod> 2021-10-15 19:24:58.143898 </lastmod></url><url>
	<loc> https://geoconnex.us/cuahsi/his/SKC_Milltown/93 </loc>
		<lastmod> 2021-10-15 19:24:58.143907 </lastmod></url><url>
	<loc> https://geoconnex.us/cuahsi/his/SKC_Milltown/94 </loc>
		<lastmod> 2021-10-15 19:24:58.143917 </lastmod></url><url>
	<loc> https://geoconnex.us/cuahsi/his/SKC_Milltown/95 </loc>
		<lastmod> 2021-10-15 19:24:58.143927 </lastmod></url><url>
	<loc> https://geoconnex.us/cuahsi/his/SKC_Milltown/96 </loc>
		<lastmod> 2021-10-15 19:24:58.143937 </lastmod></url><url>
	<loc> https://geoconnex.us/cuahsi/his/SKC_Milltown/97 </loc>
		<lastmod> 2021-10-15 19:24:58.143947 </lastmod></url><url>
	<loc> https://geoconnex.us/cuahsi/his/SKC_Milltown/98 </loc>
		<lastmod> 2021-10-15 19:24:58.143957 </lastmod></url><url>
	<loc> https://geoconnex.us/cuahsi/his/SKC_Milltown/99 </loc>
		<lastmod> 2021-10-15 19:24:58.144030 </lastmod></url><url>
	<loc> https://geoconnex.us/cuahsi/his/SKC_Milltown/100 </loc>
		<lastmod> 2021-10-15 19:24:58.144042 </lastmod></url><url>
	<loc> https://geoconnex.us/cuahsi/his/SKC_Milltown/101 </loc>
		<lastmod> 2021-10-15 19:24:58.144052 </lastmod></url><url>
	<loc> https://geoconnex.us/cuahsi/his/SKC_Milltown/102 </loc>
		<lastmod> 2021-10-15 19:24:58.144062 </lastmod></url><url>
	<loc> https://geoconnex.us/cuahsi/his/SKC_Milltown/103 </loc>
		<lastmod> 2021-10-15 19:24:58.144072 </lastmod></url><url>
	<loc> https://geoconnex.us/cuahsi/his/SKC_Milltown/104 </loc>
		<lastmod> 2021-10-15 19:24:58.144082 </lastmod></url><url>
	<loc> https://geoconnex.us/cuahsi/his/SKC_Milltown/105 </loc>
		<lastmod> 2021-10-15 19:24:58.144092 </lastmod></url><url>
	<loc> https://geoconnex.us/cuahsi/his/SKC_Milltown/106 </loc>
		<lastmod> 2021-10-15 19:24:58.144102 </lastmod></url><url>
	<loc> https://geoconnex.us/cuahsi/his/SKC_Milltown/107 </loc>
		<lastmod> 2021-10-15 19:24:58.144130 </lastmod></url><url>
	<loc> https://geoconnex.us/cuahsi/his/SKC_Milltown/108 </loc>
		<lastmod> 2021-10-15 19:24:58.144141 </lastmod></url><url>
	<loc> https://geoconnex.us/cuahsi/his/SKC_Milltown/109 </loc>
		<lastmod> 2021-10-15 19:24:58.144168 </lastmod></url><url>
	<loc> https://geoconnex.us/cuahsi/his/SKC_Milltown/110 </loc>
		<lastmod> 2021-10-15 19:24:58.144195 </lastmod></url><url>
	<loc> https://geoconnex.us/cuahsi/his/SKC_Milltown/111 </loc>
		<lastmod> 2021-10-15 19:24:58.144206 </lastmod></url><url>
	<loc> https://geoconnex.us/cuahsi/his/SKC_Milltown/112 </loc>
		<lastmod> 2021-10-15 19:24:58.144216 </lastmod></url><url>
	<loc> https://geoconnex.us/cuahsi/his/SKC_Milltown/113 </loc>
		<lastmod> 2021-10-15 19:24:58.144242 </lastmod></url><url>
	<loc> https://geoconnex.us/cuahsi/his/SKC_Milltown/114 </loc>
		<lastmod> 2021-10-15 19:24:58.144275 </lastmod></url><url>
	<loc> https://geoconnex.us/cuahsi/his/SKC_Milltown/115 </loc>
		<lastmod> 2021-10-15 19:24:58.144286 </lastmod></url><url>
	<loc> https://geoconnex.us/cuahsi/his/SKC_Milltown/116 </loc>
		<lastmod> 2021-10-15 19:24:58.144296 </lastmod></url><url>
	<loc> https://geoconnex.us/cuahsi/his/SKC_Milltown/117 </loc>
		<lastmod> 2021-10-15 19:24:58.144306 </lastmod></url><url>
	<loc> https://geoconnex.us/cuahsi/his/SKC_Milltown/118 </loc>
		<lastmod> 2021-10-15 19:24:58.144332 </lastmod></url><url>
	<loc> https://geoconnex.us/cuahsi/his/SKC_Milltown/119 </loc>
		<lastmod> 2021-10-15 19:24:58.144342 </lastmod></url><url>
	<loc> https://geoconnex.us/cuahsi/his/SKC_Milltown/120 </loc>
		<lastmod> 2021-10-15 19:24:58.144352 </lastmod></url><url>
	<loc> https://geoconnex.us/cuahsi/his/SKC_Milltown/121 </loc>
		<lastmod> 2021-10-15 19:24:58.144362 </lastmod></url><url>
	<loc> https://geoconnex.us/cuahsi/his/SKC_Milltown/122 </loc>
		<lastmod> 2021-10-15 19:24:58.144372 </lastmod></url><url>
	<loc> https://geoconnex.us/cuahsi/his/SKC_Milltown/123 </loc>
		<lastmod> 2021-10-15 19:24:58.144382 </lastmod></url><url>
	<loc> https://geoconnex.us/cuahsi/his/SKC_Milltown/124 </loc>
		<lastmod> 2021-10-15 19:24:58.144392 </lastmod></url><url>
	<loc> https://geoconnex.us/cuahsi/his/SKC_Milltown/125 </loc>
		<lastmod> 2021-10-15 19:24:58.144401 </lastmod></url><url>
	<loc> https://geoconnex.us/cuahsi/his/SKC_Milltown/126 </loc>
		<lastmod> 2021-10-15 19:24:58.144411 </lastmod></url><url>
	<loc> https://geoconnex.us/cuahsi/his/SKC_Milltown/127 </loc>
		<lastmod> 2021-10-15 19:24:58.144421 </lastmod></url><url>
	<loc> https://geoconnex.us/cuahsi/his/SKC_Milltown/128 </loc>
		<lastmod> 2021-10-15 19:24:58.144431 </lastmod></url><url>
	<loc> https://geoconnex.us/cuahsi/his/SKC_Milltown/129 </loc>
		<lastmod> 2021-10-15 19:24:58.144441 </lastmod></url><url>
	<loc> https://geoconnex.us/cuahsi/his/SKC_Milltown/130 </loc>
		<lastmod> 2021-10-15 19:24:58.144451 </lastmod></url><url>
	<loc> https://geoconnex.us/cuahsi/his/SKC_Milltown/131 </loc>
		<lastmod> 2021-10-15 19:24:58.144461 </lastmod></url><url>
	<loc> https://geoconnex.us/cuahsi/his/SKC_Milltown/132 </loc>
		<lastmod> 2021-10-15 19:24:58.144470 </lastmod></url><url>
	<loc> https://geoconnex.us/cuahsi/his/SKC_Milltown/133 </loc>
		<lastmod> 2021-10-15 19:24:58.144480 </lastmod></url><url>
	<loc> https://geoconnex.us/cuahsi/his/SKC_Milltown/134 </loc>
		<lastmod> 2021-10-15 19:24:58.144490 </lastmod></url><url>
	<loc> https://geoconnex.us/cuahsi/his/SKC_Milltown/135 </loc>
		<lastmod> 2021-10-15 19:24:58.144500 </lastmod></url><url>
	<loc> https://geoconnex.us/cuahsi/his/SKC_Milltown/136 </loc>
		<lastmod> 2021-10-15 19:24:58.144510 </lastmod></url><url>
	<loc> https://geoconnex.us/cuahsi/his/SKC_Milltown/137 </loc>
		<lastmod> 2021-10-15 19:24:58.144520 </lastmod></url><url>
	<loc> https://geoconnex.us/cuahsi/his/SKC_Milltown/138 </loc>
		<lastmod> 2021-10-15 19:24:58.144530 </lastmod></url><url>
	<loc> https://geoconnex.us/cuahsi/his/SKC_Milltown/139 </loc>
		<lastmod> 2021-10-15 19:24:58.144556 </lastmod></url><url>
	<loc> https://geoconnex.us/cuahsi/his/SKC_Milltown/140 </loc>
		<lastmod> 2021-10-15 19:24:58.144588 </lastmod></url><url>
	<loc> https://geoconnex.us/cuahsi/his/SKC_Milltown/141 </loc>
		<lastmod> 2021-10-15 19:24:58.144598 </lastmod></url><url>
	<loc> https://geoconnex.us/cuahsi/his/SKC_Milltown/142 </loc>
		<lastmod> 2021-10-15 19:24:58.144624 </lastmod></url><url>
	<loc> https://geoconnex.us/cuahsi/his/SKC_Milltown/143 </loc>
		<lastmod> 2021-10-15 19:24:58.144651 </lastmod></url><url>
	<loc> https://geoconnex.us/cuahsi/his/SKC_Milltown/144 </loc>
		<lastmod> 2021-10-15 19:24:58.144660 </lastmod></url><url>
	<loc> https://geoconnex.us/cuahsi/his/SKC_Milltown/145 </loc>
		<lastmod> 2021-10-15 19:24:58.144670 </lastmod></url><url>
	<loc> https://geoconnex.us/cuahsi/his/SKC_Milltown/146 </loc>
		<lastmod> 2021-10-15 19:24:58.144679 </lastmod></url><url>
	<loc> https://geoconnex.us/cuahsi/his/SKC_Milltown/147 </loc>
		<lastmod> 2021-10-15 19:24:58.144688 </lastmod></url><url>
	<loc> https://geoconnex.us/cuahsi/his/SKC_Milltown/148 </loc>
		<lastmod> 2021-10-15 19:24:58.144698 </lastmod></url><url>
	<loc> https://geoconnex.us/cuahsi/his/SKC_Milltown/149 </loc>
		<lastmod> 2021-10-15 19:24:58.144707 </lastmod></url><url>
	<loc> https://geoconnex.us/cuahsi/his/SKC_Milltown/150 </loc>
		<lastmod> 2021-10-15 19:24:58.144717 </lastmod></url><url>
	<loc> https://geoconnex.us/cuahsi/his/SKC_Milltown/151 </loc>
		<lastmod> 2021-10-15 19:24:58.144726 </lastmod></url><url>
	<loc> https://geoconnex.us/cuahsi/his/SKC_Milltown/152 </loc>
		<lastmod> 2021-10-15 19:24:58.144736 </lastmod></url><url>
	<loc> https://geoconnex.us/cuahsi/his/SKC_Milltown/153 </loc>
		<lastmod> 2021-10-15 19:24:58.144745 </lastmod></url><url>
	<loc> https://geoconnex.us/cuahsi/his/SKC_Milltown/154 </loc>
		<lastmod> 2021-10-15 19:24:58.144797 </lastmod></url><url>
	<loc> https://geoconnex.us/cuahsi/his/SKC_Milltown/155 </loc>
		<lastmod> 2021-10-15 19:24:58.144808 </lastmod></url><url>
	<loc> https://geoconnex.us/cuahsi/his/SKC_Milltown/156 </loc>
		<lastmod> 2021-10-15 19:24:58.144818 </lastmod></url><url>
	<loc> https://geoconnex.us/cuahsi/his/SKC_Milltown/157 </loc>
		<lastmod> 2021-10-15 19:24:58.144827 </lastmod></url><url>
	<loc> https://geoconnex.us/cuahsi/his/SKC_Milltown/158 </loc>
		<lastmod> 2021-10-15 19:24:58.144836 </lastmod></url><url>
	<loc> https://geoconnex.us/cuahsi/his/SKC_Milltown/159 </loc>
		<lastmod> 2021-10-15 19:24:58.144846 </lastmod></url><url>
	<loc> https://geoconnex.us/cuahsi/his/SKC_Milltown/160 </loc>
		<lastmod> 2021-10-15 19:24:58.144855 </lastmod></url><url>
	<loc> https://geoconnex.us/cuahsi/his/SKC_Milltown/161 </loc>
		<lastmod> 2021-10-15 19:24:58.144864 </lastmod></url><url>
	<loc> https://geoconnex.us/cuahsi/his/SKC_Milltown/162 </loc>
		<lastmod> 2021-10-15 19:24:58.144874 </lastmod></url><url>
	<loc> https://geoconnex.us/cuahsi/his/SKC_Milltown/163 </loc>
		<lastmod> 2021-10-15 19:24:58.144883 </lastmod></url><url>
	<loc> https://geoconnex.us/cuahsi/his/SKC_Milltown/164 </loc>
		<lastmod> 2021-10-15 19:24:58.144892 </lastmod></url><url>
	<loc> https://geoconnex.us/cuahsi/his/SKC_Milltown/165 </loc>
		<lastmod> 2021-10-15 19:24:58.144901 </lastmod></url><url>
	<loc> https://geoconnex.us/cuahsi/his/SKC_Milltown/166 </loc>
		<lastmod> 2021-10-15 19:24:58.144911 </lastmod></url><url>
	<loc> https://geoconnex.us/cuahsi/his/SKC_Milltown/167 </loc>
		<lastmod> 2021-10-15 19:24:58.144920 </lastmod></url><url>
	<loc> https://geoconnex.us/cuahsi/his/SKC_Milltown/168 </loc>
		<lastmod> 2021-10-15 19:24:58.144929 </lastmod></url><url>
	<loc> https://geoconnex.us/cuahsi/his/SKC_Milltown/169 </loc>
		<lastmod> 2021-10-15 19:24:58.144939 </lastmod></url><url>
	<loc> https://geoconnex.us/cuahsi/his/SKC_Milltown/170 </loc>
		<lastmod> 2021-10-15 19:24:58.144948 </lastmod></url><url>
	<loc> https://geoconnex.us/cuahsi/his/SKC_Milltown/171 </loc>
		<lastmod> 2021-10-15 19:24:58.144958 </lastmod></url><url>
	<loc> https://geoconnex.us/cuahsi/his/SKC_Milltown/172 </loc>
		<lastmod> 2021-10-15 19:24:58.144967 </lastmod></url><url>
	<loc> https://geoconnex.us/cuahsi/his/SKC_Milltown/173 </loc>
		<lastmod> 2021-10-15 19:24:58.144976 </lastmod></url><url>
	<loc> https://geoconnex.us/cuahsi/his/SKC_Milltown/174 </loc>
		<lastmod> 2021-10-15 19:24:58.144985 </lastmod></url><url>
	<loc> https://geoconnex.us/cuahsi/his/SKC_Milltown/175 </loc>
		<lastmod> 2021-10-15 19:24:58.144995 </lastmod></url><url>
	<loc> https://geoconnex.us/cuahsi/his/SKC_Milltown/176 </loc>
		<lastmod> 2021-10-15 19:24:58.145005 </lastmod></url><url>
	<loc> https://geoconnex.us/cuahsi/his/SKC_Milltown/177 </loc>
		<lastmod> 2021-10-15 19:24:58.145014 </lastmod></url><url>
	<loc> https://geoconnex.us/cuahsi/his/SKC_Milltown/178 </loc>
		<lastmod> 2021-10-15 19:24:58.145024 </lastmod></url><url>
	<loc> https://geoconnex.us/cuahsi/his/SKC_Milltown/179 </loc>
		<lastmod> 2021-10-15 19:24:58.145033 </lastmod></url><url>
	<loc> https://geoconnex.us/cuahsi/his/SKC_Milltown/180 </loc>
		<lastmod> 2021-10-15 19:24:58.145043 </lastmod></url><url>
	<loc> https://geoconnex.us/cuahsi/his/SKC_Milltown/181 </loc>
		<lastmod> 2021-10-15 19:24:58.145052 </lastmod></url><url>
	<loc> https://geoconnex.us/cuahsi/his/SKC_Milltown/182 </loc>
		<lastmod> 2021-10-15 19:24:58.145061 </lastmod></url><url>
	<loc> https://geoconnex.us/cuahsi/his/SKC_Milltown/183 </loc>
		<lastmod> 2021-10-15 19:24:58.145071 </lastmod></url><url>
	<loc> https://geoconnex.us/cuahsi/his/SKC_Milltown/184 </loc>
		<lastmod> 2021-10-15 19:24:58.145080 </lastmod></url><url>
	<loc> https://geoconnex.us/cuahsi/his/SKC_Milltown/185 </loc>
		<lastmod> 2021-10-15 19:24:58.145089 </lastmod></url><url>
	<loc> https://geoconnex.us/cuahsi/his/SKC_Milltown/186 </loc>
		<lastmod> 2021-10-15 19:24:58.145099 </lastmod></url><url>
	<loc> https://geoconnex.us/cuahsi/his/SKC_Milltown/187 </loc>
		<lastmod> 2021-10-15 19:24:58.145126 </lastmod></url><url>
	<loc> https://geoconnex.us/cuahsi/his/SKC_Milltown/188 </loc>
		<lastmod> 2021-10-15 19:24:58.145136 </lastmod></url><url>
	<loc> https://geoconnex.us/cuahsi/his/SKC_Milltown/189 </loc>
		<lastmod> 2021-10-15 19:24:58.145162 </lastmod></url><url>
	<loc> https://geoconnex.us/cuahsi/his/SKC_Milltown/190 </loc>
		<lastmod> 2021-10-15 19:24:58.145171 </lastmod></url><url>
	<loc> https://geoconnex.us/cuahsi/his/SKC_Milltown/191 </loc>
		<lastmod> 2021-10-15 19:24:58.145180 </lastmod></url><url>
	<loc> https://geoconnex.us/cuahsi/his/SKC_Milltown/192 </loc>
		<lastmod> 2021-10-15 19:24:58.145207 </lastmod></url><url>
	<loc> https://geoconnex.us/cuahsi/his/SKC_Milltown/193 </loc>
		<lastmod> 2021-10-15 19:24:58.145234 </lastmod></url><url>
	<loc> https://geoconnex.us/cuahsi/his/SKC_Milltown/194 </loc>
		<lastmod> 2021-10-15 19:24:58.145244 </lastmod></url><url>
	<loc> https://geoconnex.us/cuahsi/his/SKC_Milltown/195 </loc>
		<lastmod> 2021-10-15 19:24:58.145253 </lastmod></url><url>
	<loc> https://geoconnex.us/cuahsi/his/SKC_Milltown/199 </loc>
		<lastmod> 2021-10-15 19:24:58.145263 </lastmod></url><url>
	<loc> https://geoconnex.us/cuahsi/his/SKC_Milltown/202 </loc>
		<lastmod> 2021-10-15 19:24:58.145272 </lastmod></url><url>
	<loc> https://geoconnex.us/cuahsi/his/SKC_Milltown/207 </loc>
		<lastmod> 2021-10-15 19:24:58.145282 </lastmod></url><url>
	<loc> https://geoconnex.us/cuahsi/his/SKC_Milltown/208 </loc>
		<lastmod> 2021-10-15 19:24:58.145291 </lastmod></url><url>
	<loc> https://geoconnex.us/cuahsi/his/SKC_Milltown/209 </loc>
		<lastmod> 2021-10-15 19:24:58.145301 </lastmod></url><url>
	<loc> https://geoconnex.us/cuahsi/his/SKC_Milltown/210 </loc>
		<lastmod> 2021-10-15 19:24:58.145310 </lastmod></url><url>
	<loc> https://geoconnex.us/cuahsi/his/SKC_Milltown/211 </loc>
		<lastmod> 2021-10-15 19:24:58.145320 </lastmod></url><url>
	<loc> https://geoconnex.us/cuahsi/his/SKC_Milltown/212 </loc>
		<lastmod> 2021-10-15 19:24:58.145329 </lastmod></url><url>
	<loc> https://geoconnex.us/cuahsi/his/SKC_Milltown/213 </loc>
		<lastmod> 2021-10-15 19:24:58.145339 </lastmod></url><url>
	<loc> https://geoconnex.us/cuahsi/his/SKC_Milltown/214 </loc>
		<lastmod> 2021-10-15 19:24:58.145348 </lastmod></url><url>
	<loc> https://geoconnex.us/cuahsi/his/SKC_Milltown/215 </loc>
		<lastmod> 2021-10-15 19:24:58.145358 </lastmod></url><url>
	<loc> https://geoconnex.us/cuahsi/his/SKC_Milltown/216 </loc>
		<lastmod> 2021-10-15 19:24:58.145367 </lastmod></url><url>
	<loc> https://geoconnex.us/cuahsi/his/SKC_Milltown/217 </loc>
		<lastmod> 2021-10-15 19:24:58.145377 </lastmod></url><url>
	<loc> https://geoconnex.us/cuahsi/his/SKC_Milltown/218 </loc>
		<lastmod> 2021-10-15 19:24:58.145386 </lastmod></url><url>
	<loc> https://geoconnex.us/cuahsi/his/SKC_Milltown/219 </loc>
		<lastmod> 2021-10-15 19:24:58.145396 </lastmod></url><url>
	<loc> https://geoconnex.us/cuahsi/his/SKC_Milltown/220 </loc>
		<lastmod> 2021-10-15 19:24:58.145405 </lastmod></url><url>
	<loc> https://geoconnex.us/cuahsi/his/SKC_Milltown/221 </loc>
		<lastmod> 2021-10-15 19:24:58.145415 </lastmod></url><url>
	<loc> https://geoconnex.us/cuahsi/his/SKC_Milltown/222 </loc>
		<lastmod> 2021-10-15 19:24:58.145425 </lastmod></url><url>
	<loc> https://geoconnex.us/cuahsi/his/SKC_Milltown/223 </loc>
		<lastmod> 2021-10-15 19:24:58.145435 </lastmod></url><url>
	<loc> https://geoconnex.us/cuahsi/his/SKC_Milltown/224 </loc>
		<lastmod> 2021-10-15 19:24:58.145444 </lastmod></url><url>
	<loc> https://geoconnex.us/cuahsi/his/SKC_Milltown/225 </loc>
		<lastmod> 2021-10-15 19:24:58.145454 </lastmod></url><url>
	<loc> https://geoconnex.us/cuahsi/his/SKC_Milltown/226 </loc>
		<lastmod> 2021-10-15 19:24:58.145463 </lastmod></url><url>
	<loc> https://geoconnex.us/cuahsi/his/SKC_Milltown/MD1 </loc>
		<lastmod> 2021-10-15 19:24:58.145473 </lastmod></url><url>
	<loc> https://geoconnex.us/cuahsi/his/SKC_Milltown/MD2 </loc>
		<lastmod> 2021-10-15 19:24:58.145482 </lastmod></url></ns0:url>
</ns0:urlset>