<ns0:urlset xmlns:ns0="http://www.sitemaps.org/schemas/sitemap/0.9">
    <ns0:url>
    <url>
	<loc> https://geoconnex.us/cuahsi/his/NE_WN/1 </loc>
		<lastmod> 2021-10-15 19:24:54.660299 </lastmod></url><url>
	<loc> https://geoconnex.us/cuahsi/his/NE_WN/2 </loc>
		<lastmod> 2021-10-15 19:24:54.660323 </lastmod></url><url>
	<loc> https://geoconnex.us/cuahsi/his/NE_WN/3 </loc>
		<lastmod> 2021-10-15 19:24:54.660336 </lastmod></url><url>
	<loc> https://geoconnex.us/cuahsi/his/NE_WN/4 </loc>
		<lastmod> 2021-10-15 19:24:54.660346 </lastmod></url><url>
	<loc> https://geoconnex.us/cuahsi/his/NE_WN/5 </loc>
		<lastmod> 2021-10-15 19:24:54.660355 </lastmod></url><url>
	<loc> https://geoconnex.us/cuahsi/his/NE_WN/6 </loc>
		<lastmod> 2021-10-15 19:24:54.660364 </lastmod></url><url>
	<loc> https://geoconnex.us/cuahsi/his/NE_WN/7 </loc>
		<lastmod> 2021-10-15 19:24:54.660372 </lastmod></url><url>
	<loc> https://geoconnex.us/cuahsi/his/NE_WN/8 </loc>
		<lastmod> 2021-10-15 19:24:54.660381 </lastmod></url><url>
	<loc> https://geoconnex.us/cuahsi/his/NE_WN/9 </loc>
		<lastmod> 2021-10-15 19:24:54.660389 </lastmod></url><url>
	<loc> https://geoconnex.us/cuahsi/his/NE_WN/10 </loc>
		<lastmod> 2021-10-15 19:24:54.660398 </lastmod></url><url>
	<loc> https://geoconnex.us/cuahsi/his/NE_WN/11 </loc>
		<lastmod> 2021-10-15 19:24:54.660407 </lastmod></url><url>
	<loc> https://geoconnex.us/cuahsi/his/NE_WN/12 </loc>
		<lastmod> 2021-10-15 19:24:54.660415 </lastmod></url><url>
	<loc> https://geoconnex.us/cuahsi/his/NE_WN/13 </loc>
		<lastmod> 2021-10-15 19:24:54.660424 </lastmod></url><url>
	<loc> https://geoconnex.us/cuahsi/his/NE_WN/14 </loc>
		<lastmod> 2021-10-15 19:24:54.660432 </lastmod></url><url>
	<loc> https://geoconnex.us/cuahsi/his/NE_WN/15 </loc>
		<lastmod> 2021-10-15 19:24:54.660441 </lastmod></url><url>
	<loc> https://geoconnex.us/cuahsi/his/NE_WN/16 </loc>
		<lastmod> 2021-10-15 19:24:54.660449 </lastmod></url><url>
	<loc> https://geoconnex.us/cuahsi/his/NE_WN/17 </loc>
		<lastmod> 2021-10-15 19:24:54.660457 </lastmod></url><url>
	<loc> https://geoconnex.us/cuahsi/his/NE_WN/18 </loc>
		<lastmod> 2021-10-15 19:24:54.660466 </lastmod></url></ns0:url>
</ns0:urlset>