<ns0:urlset xmlns:ns0="http://www.sitemaps.org/schemas/sitemap/0.9">
    <ns0:url>
    <url>
	<loc> https://geoconnex.us/cuahsi/his/TuolumneMdw/H01 </loc>
		<lastmod> 2021-10-15 19:24:54.558128 </lastmod></url><url>
	<loc> https://geoconnex.us/cuahsi/his/TuolumneMdw/H01_2 </loc>
		<lastmod> 2021-10-15 19:24:54.558155 </lastmod></url><url>
	<loc> https://geoconnex.us/cuahsi/his/TuolumneMdw/H02 </loc>
		<lastmod> 2021-10-15 19:24:54.558170 </lastmod></url><url>
	<loc> https://geoconnex.us/cuahsi/his/TuolumneMdw/H02_2 </loc>
		<lastmod> 2021-10-15 19:24:54.558182 </lastmod></url><url>
	<loc> https://geoconnex.us/cuahsi/his/TuolumneMdw/H03 </loc>
		<lastmod> 2021-10-15 19:24:54.558193 </lastmod></url><url>
	<loc> https://geoconnex.us/cuahsi/his/TuolumneMdw/H03_2 </loc>
		<lastmod> 2021-10-15 19:24:54.558203 </lastmod></url><url>
	<loc> https://geoconnex.us/cuahsi/his/TuolumneMdw/H05 </loc>
		<lastmod> 2021-10-15 19:24:54.558214 </lastmod></url><url>
	<loc> https://geoconnex.us/cuahsi/his/TuolumneMdw/H07 </loc>
		<lastmod> 2021-10-15 19:24:54.558224 </lastmod></url><url>
	<loc> https://geoconnex.us/cuahsi/his/TuolumneMdw/H401 </loc>
		<lastmod> 2021-10-15 19:24:54.558234 </lastmod></url></ns0:url>
</ns0:urlset>