<ns0:urlset xmlns:ns0="http://www.sitemaps.org/schemas/sitemap/0.9">
    <ns0:url>
    <url>
	<loc> https://geoconnex.us/cuahsi/his/Para_La_Naturaleza/Rio_Toro_Negro </loc>
		<lastmod> 2021-10-15 19:24:54.851905 </lastmod></url><url>
	<loc> https://geoconnex.us/cuahsi/his/Para_La_Naturaleza/Quebrada_Batista </loc>
		<lastmod> 2021-10-15 19:24:54.851929 </lastmod></url><url>
	<loc> https://geoconnex.us/cuahsi/his/Para_La_Naturaleza/Rio_Grande_de_Manati </loc>
		<lastmod> 2021-10-15 19:24:54.851943 </lastmod></url></ns0:url>
</ns0:urlset>