<ns0:urlset xmlns:ns0="http://www.sitemaps.org/schemas/sitemap/0.9">
    <ns0:url>
    <url>
	<loc> https://geoconnex.us/cuahsi/his/MWDIS/MWDIS-SITE1 </loc>
		<lastmod> 2021-10-15 19:25:03.202734 </lastmod></url><url>
	<loc> https://geoconnex.us/cuahsi/his/MWDIS/MWDIS-SITE2 </loc>
		<lastmod> 2021-10-15 19:25:03.202761 </lastmod></url><url>
	<loc> https://geoconnex.us/cuahsi/his/MWDIS/NFWF-MGB-1 </loc>
		<lastmod> 2021-10-15 19:25:03.202775 </lastmod></url><url>
	<loc> https://geoconnex.us/cuahsi/his/MWDIS/FHRL-ES-1 </loc>
		<lastmod> 2021-10-15 19:25:03.202826 </lastmod></url><url>
	<loc> https://geoconnex.us/cuahsi/his/MWDIS/FHRL-ES-2 </loc>
		<lastmod> 2021-10-15 19:25:03.202836 </lastmod></url><url>
	<loc> https://geoconnex.us/cuahsi/his/MWDIS/FHRL-ES-3 </loc>
		<lastmod> 2021-10-15 19:25:03.202846 </lastmod></url><url>
	<loc> https://geoconnex.us/cuahsi/his/MWDIS/FHRL-ES-4 </loc>
		<lastmod> 2021-10-15 19:25:03.202856 </lastmod></url><url>
	<loc> https://geoconnex.us/cuahsi/his/MWDIS/FHRL-ES-5 </loc>
		<lastmod> 2021-10-15 19:25:03.202865 </lastmod></url><url>
	<loc> https://geoconnex.us/cuahsi/his/MWDIS/FHRL-MGB-1 </loc>
		<lastmod> 2021-10-15 19:25:03.202874 </lastmod></url><url>
	<loc> https://geoconnex.us/cuahsi/his/MWDIS/FHRL-MGB-2 </loc>
		<lastmod> 2021-10-15 19:25:03.202883 </lastmod></url><url>
	<loc> https://geoconnex.us/cuahsi/his/MWDIS/FHRL-MGB-3 </loc>
		<lastmod> 2021-10-15 19:25:03.202892 </lastmod></url><url>
	<loc> https://geoconnex.us/cuahsi/his/MWDIS/FHRL-MGB-4 </loc>
		<lastmod> 2021-10-15 19:25:03.202900 </lastmod></url><url>
	<loc> https://geoconnex.us/cuahsi/his/MWDIS/FHRL-MGB-5 </loc>
		<lastmod> 2021-10-15 19:25:03.202909 </lastmod></url><url>
	<loc> https://geoconnex.us/cuahsi/his/MWDIS/FHRL-MNB-1 </loc>
		<lastmod> 2021-10-15 19:25:03.202918 </lastmod></url><url>
	<loc> https://geoconnex.us/cuahsi/his/MWDIS/FHRL-MNB-2 </loc>
		<lastmod> 2021-10-15 19:25:03.202926 </lastmod></url><url>
	<loc> https://geoconnex.us/cuahsi/his/MWDIS/FHRL-MNB-3 </loc>
		<lastmod> 2021-10-15 19:25:03.202935 </lastmod></url><url>
	<loc> https://geoconnex.us/cuahsi/his/MWDIS/FHRL-MNB-4 </loc>
		<lastmod> 2021-10-15 19:25:03.202944 </lastmod></url><url>
	<loc> https://geoconnex.us/cuahsi/his/MWDIS/FHRL-MNB-5 </loc>
		<lastmod> 2021-10-15 19:25:03.202953 </lastmod></url><url>
	<loc> https://geoconnex.us/cuahsi/his/MWDIS/FHRL-MNB-6 </loc>
		<lastmod> 2021-10-15 19:25:03.202961 </lastmod></url><url>
	<loc> https://geoconnex.us/cuahsi/his/MWDIS/FHRL-DM-1 </loc>
		<lastmod> 2021-10-15 19:25:03.202970 </lastmod></url><url>
	<loc> https://geoconnex.us/cuahsi/his/MWDIS/FHRL-DM-2 </loc>
		<lastmod> 2021-10-15 19:25:03.202979 </lastmod></url><url>
	<loc> https://geoconnex.us/cuahsi/his/MWDIS/FHRL-DM-3 </loc>
		<lastmod> 2021-10-15 19:25:03.202987 </lastmod></url><url>
	<loc> https://geoconnex.us/cuahsi/his/MWDIS/FHRL-ES-atmP </loc>
		<lastmod> 2021-10-15 19:25:03.202996 </lastmod></url><url>
	<loc> https://geoconnex.us/cuahsi/his/MWDIS/FHRL-MGB-atmP </loc>
		<lastmod> 2021-10-15 19:25:03.203005 </lastmod></url><url>
	<loc> https://geoconnex.us/cuahsi/his/MWDIS/FHRL-MNB-atmP </loc>
		<lastmod> 2021-10-15 19:25:03.203014 </lastmod></url><url>
	<loc> https://geoconnex.us/cuahsi/his/MWDIS/FHRL-DM-atmP </loc>
		<lastmod> 2021-10-15 19:25:03.203023 </lastmod></url><url>
	<loc> https://geoconnex.us/cuahsi/his/MWDIS/FHRL-DI-1 </loc>
		<lastmod> 2021-10-15 19:25:03.203032 </lastmod></url><url>
	<loc> https://geoconnex.us/cuahsi/his/MWDIS/FHRL-DI-2 </loc>
		<lastmod> 2021-10-15 19:25:03.203041 </lastmod></url><url>
	<loc> https://geoconnex.us/cuahsi/his/MWDIS/FHRL-DI-3 </loc>
		<lastmod> 2021-10-15 19:25:03.203049 </lastmod></url><url>
	<loc> https://geoconnex.us/cuahsi/his/MWDIS/FHRL-DI-4 </loc>
		<lastmod> 2021-10-15 19:25:03.203058 </lastmod></url><url>
	<loc> https://geoconnex.us/cuahsi/his/MWDIS/FHRL-DI-5 </loc>
		<lastmod> 2021-10-15 19:25:03.203067 </lastmod></url><url>
	<loc> https://geoconnex.us/cuahsi/his/MWDIS/FHRL-DI-6 </loc>
		<lastmod> 2021-10-15 19:25:03.203076 </lastmod></url><url>
	<loc> https://geoconnex.us/cuahsi/his/MWDIS/FHRL-DI-7 </loc>
		<lastmod> 2021-10-15 19:25:03.203085 </lastmod></url><url>
	<loc> https://geoconnex.us/cuahsi/his/MWDIS/FHRL-DI-8 </loc>
		<lastmod> 2021-10-15 19:25:03.203093 </lastmod></url></ns0:url>
</ns0:urlset>