<ns0:urlset xmlns:ns0="http://www.sitemaps.org/schemas/sitemap/0.9">
    <ns0:url>
    <url>
	<loc> https://geoconnex.us/cuahsi/his/czo_catalina/HOBO_B2 </loc>
		<lastmod> 2021-10-15 19:24:54.860756 </lastmod></url><url>
	<loc> https://geoconnex.us/cuahsi/his/czo_catalina/HOBO_OR </loc>
		<lastmod> 2021-10-15 19:24:54.860780 </lastmod></url><url>
	<loc> https://geoconnex.us/cuahsi/his/czo_catalina/OR_Rain1 </loc>
		<lastmod> 2021-10-15 19:24:54.860793 </lastmod></url><url>
	<loc> https://geoconnex.us/cuahsi/his/czo_catalina/OR_Rain2 </loc>
		<lastmod> 2021-10-15 19:24:54.860804 </lastmod></url><url>
	<loc> https://geoconnex.us/cuahsi/his/czo_catalina/OR_Rain3 </loc>
		<lastmod> 2021-10-15 19:24:54.860814 </lastmod></url><url>
	<loc> https://geoconnex.us/cuahsi/his/czo_catalina/B2_Rain2 </loc>
		<lastmod> 2021-10-15 19:24:54.860841 </lastmod></url><url>
	<loc> https://geoconnex.us/cuahsi/his/czo_catalina/MG_ATM </loc>
		<lastmod> 2021-10-15 19:24:54.860851 </lastmod></url><url>
	<loc> https://geoconnex.us/cuahsi/his/czo_catalina/B2_Rain1 </loc>
		<lastmod> 2021-10-15 19:24:54.860860 </lastmod></url><url>
	<loc> https://geoconnex.us/cuahsi/his/czo_catalina/MG_FermValley_Rain </loc>
		<lastmod> 2021-10-15 19:24:54.860870 </lastmod></url><url>
	<loc> https://geoconnex.us/cuahsi/his/czo_catalina/MG_Schist_Rain </loc>
		<lastmod> 2021-10-15 19:24:54.860879 </lastmod></url><url>
	<loc> https://geoconnex.us/cuahsi/his/czo_catalina/MG_Outlet_Rain </loc>
		<lastmod> 2021-10-15 19:24:54.860889 </lastmod></url><url>
	<loc> https://geoconnex.us/cuahsi/his/czo_catalina/MG_DoubleRock_Rain </loc>
		<lastmod> 2021-10-15 19:24:54.860898 </lastmod></url><url>
	<loc> https://geoconnex.us/cuahsi/his/czo_catalina/MG_BurntMeadow_Rain </loc>
		<lastmod> 2021-10-15 19:24:54.860907 </lastmod></url><url>
	<loc> https://geoconnex.us/cuahsi/his/czo_catalina/MG_Granite_Rain </loc>
		<lastmod> 2021-10-15 19:24:54.860916 </lastmod></url><url>
	<loc> https://geoconnex.us/cuahsi/his/czo_catalina/OR_low_stream </loc>
		<lastmod> 2021-10-15 19:24:54.860926 </lastmod></url><url>
	<loc> https://geoconnex.us/cuahsi/his/czo_catalina/MG_WEIR </loc>
		<lastmod> 2021-10-15 19:24:54.860935 </lastmod></url><url>
	<loc> https://geoconnex.us/cuahsi/his/czo_catalina/MGG_Met </loc>
		<lastmod> 2021-10-15 19:24:54.860944 </lastmod></url><url>
	<loc> https://geoconnex.us/cuahsi/his/czo_catalina/MGG_Met_TRH </loc>
		<lastmod> 2021-10-15 19:24:54.860954 </lastmod></url><url>
	<loc> https://geoconnex.us/cuahsi/his/czo_catalina/MGG_Met_NR </loc>
		<lastmod> 2021-10-15 19:24:54.860963 </lastmod></url><url>
	<loc> https://geoconnex.us/cuahsi/his/czo_catalina/MGS_Met </loc>
		<lastmod> 2021-10-15 19:24:54.860972 </lastmod></url><url>
	<loc> https://geoconnex.us/cuahsi/his/czo_catalina/MGS_Met_TRH </loc>
		<lastmod> 2021-10-15 19:24:54.860981 </lastmod></url><url>
	<loc> https://geoconnex.us/cuahsi/his/czo_catalina/MGS_Met_NR </loc>
		<lastmod> 2021-10-15 19:24:54.860990 </lastmod></url><url>
	<loc> https://geoconnex.us/cuahsi/his/czo_catalina/MtLemmon_Rain </loc>
		<lastmod> 2021-10-15 19:24:54.860999 </lastmod></url><url>
	<loc> https://geoconnex.us/cuahsi/his/czo_catalina/MG_Weir_Rain </loc>
		<lastmod> 2021-10-15 19:24:54.861008 </lastmod></url><url>
	<loc> https://geoconnex.us/cuahsi/his/czo_catalina/MG_Schist_Winter_Rain </loc>
		<lastmod> 2021-10-15 19:24:54.861017 </lastmod></url><url>
	<loc> https://geoconnex.us/cuahsi/his/czo_catalina/MG_S_SEEP </loc>
		<lastmod> 2021-10-15 19:24:54.861026 </lastmod></url></ns0:url>
</ns0:urlset>