<ns0:urlset xmlns:ns0="http://www.sitemaps.org/schemas/sitemap/0.9">
    <ns0:url>
    <url>
	<loc> https://geoconnex.us/cuahsi/his/MOPEX/USGS_07177500 </loc>
		<lastmod> 2021-10-15 19:24:55.289538 </lastmod></url><url>
	<loc> https://geoconnex.us/cuahsi/his/MOPEX/basin_07177500 </loc>
		<lastmod> 2021-10-15 19:24:55.289561 </lastmod></url><url>
	<loc> https://geoconnex.us/cuahsi/his/MOPEX/USGS_01076500 </loc>
		<lastmod> 2021-10-15 19:24:55.289575 </lastmod></url><url>
	<loc> https://geoconnex.us/cuahsi/his/MOPEX/basin_01076500 </loc>
		<lastmod> 2021-10-15 19:24:55.289585 </lastmod></url><url>
	<loc> https://geoconnex.us/cuahsi/his/MOPEX/USGS_01064500 </loc>
		<lastmod> 2021-10-15 19:24:55.289595 </lastmod></url><url>
	<loc> https://geoconnex.us/cuahsi/his/MOPEX/basin_01064500 </loc>
		<lastmod> 2021-10-15 19:24:55.289604 </lastmod></url><url>
	<loc> https://geoconnex.us/cuahsi/his/MOPEX/USGS_01055500 </loc>
		<lastmod> 2021-10-15 19:24:55.289613 </lastmod></url><url>
	<loc> https://geoconnex.us/cuahsi/his/MOPEX/basin_01055500 </loc>
		<lastmod> 2021-10-15 19:24:55.289622 </lastmod></url><url>
	<loc> https://geoconnex.us/cuahsi/his/MOPEX/USGS_01060000 </loc>
		<lastmod> 2021-10-15 19:24:55.289631 </lastmod></url><url>
	<loc> https://geoconnex.us/cuahsi/his/MOPEX/basin_01060000 </loc>
		<lastmod> 2021-10-15 19:24:55.289640 </lastmod></url><url>
	<loc> https://geoconnex.us/cuahsi/his/MOPEX/02414500 </loc>
		<lastmod> 2021-10-15 19:24:55.289650 </lastmod></url><url>
	<loc> https://geoconnex.us/cuahsi/his/MOPEX/02456500 </loc>
		<lastmod> 2021-10-15 19:24:55.289659 </lastmod></url><url>
	<loc> https://geoconnex.us/cuahsi/his/MOPEX/03574500 </loc>
		<lastmod> 2021-10-15 19:24:55.289669 </lastmod></url><url>
	<loc> https://geoconnex.us/cuahsi/his/MOPEX/09444500 </loc>
		<lastmod> 2021-10-15 19:24:55.289678 </lastmod></url><url>
	<loc> https://geoconnex.us/cuahsi/his/MOPEX/09497500 </loc>
		<lastmod> 2021-10-15 19:24:55.289687 </lastmod></url><url>
	<loc> https://geoconnex.us/cuahsi/his/MOPEX/07049000 </loc>
		<lastmod> 2021-10-15 19:24:55.289697 </lastmod></url><url>
	<loc> https://geoconnex.us/cuahsi/his/MOPEX/07056000 </loc>
		<lastmod> 2021-10-15 19:24:55.289705 </lastmod></url><url>
	<loc> https://geoconnex.us/cuahsi/his/MOPEX/07069500 </loc>
		<lastmod> 2021-10-15 19:24:55.289715 </lastmod></url><url>
	<loc> https://geoconnex.us/cuahsi/his/MOPEX/07072000 </loc>
		<lastmod> 2021-10-15 19:24:55.289724 </lastmod></url><url>
	<loc> https://geoconnex.us/cuahsi/his/MOPEX/07074000 </loc>
		<lastmod> 2021-10-15 19:24:55.289733 </lastmod></url><url>
	<loc> https://geoconnex.us/cuahsi/his/MOPEX/07252000 </loc>
		<lastmod> 2021-10-15 19:24:55.289742 </lastmod></url><url>
	<loc> https://geoconnex.us/cuahsi/his/MOPEX/07261000 </loc>
		<lastmod> 2021-10-15 19:24:55.289750 </lastmod></url><url>
	<loc> https://geoconnex.us/cuahsi/his/MOPEX/07340000 </loc>
		<lastmod> 2021-10-15 19:24:55.289759 </lastmod></url><url>
	<loc> https://geoconnex.us/cuahsi/his/MOPEX/07363500 </loc>
		<lastmod> 2021-10-15 19:24:55.289768 </lastmod></url><url>
	<loc> https://geoconnex.us/cuahsi/his/MOPEX/10296000 </loc>
		<lastmod> 2021-10-15 19:24:55.289777 </lastmod></url><url>
	<loc> https://geoconnex.us/cuahsi/his/MOPEX/10296500 </loc>
		<lastmod> 2021-10-15 19:24:55.289786 </lastmod></url><url>
	<loc> https://geoconnex.us/cuahsi/his/MOPEX/11025500 </loc>
		<lastmod> 2021-10-15 19:24:55.289794 </lastmod></url><url>
	<loc> https://geoconnex.us/cuahsi/his/MOPEX/11080500 </loc>
		<lastmod> 2021-10-15 19:24:55.289803 </lastmod></url><url>
	<loc> https://geoconnex.us/cuahsi/his/MOPEX/11138500 </loc>
		<lastmod> 2021-10-15 19:24:55.289812 </lastmod></url><url>
	<loc> https://geoconnex.us/cuahsi/his/MOPEX/11160000 </loc>
		<lastmod> 2021-10-15 19:24:55.289821 </lastmod></url><url>
	<loc> https://geoconnex.us/cuahsi/his/MOPEX/11210500 </loc>
		<lastmod> 2021-10-15 19:24:55.289830 </lastmod></url><url>
	<loc> https://geoconnex.us/cuahsi/his/MOPEX/11213500 </loc>
		<lastmod> 2021-10-15 19:24:55.289838 </lastmod></url><url>
	<loc> https://geoconnex.us/cuahsi/his/MOPEX/11222000 </loc>
		<lastmod> 2021-10-15 19:24:55.289847 </lastmod></url><url>
	<loc> https://geoconnex.us/cuahsi/his/MOPEX/11224500 </loc>
		<lastmod> 2021-10-15 19:24:55.289857 </lastmod></url><url>
	<loc> https://geoconnex.us/cuahsi/his/MOPEX/11281000 </loc>
		<lastmod> 2021-10-15 19:24:55.289866 </lastmod></url><url>
	<loc> https://geoconnex.us/cuahsi/his/MOPEX/11342000 </loc>
		<lastmod> 2021-10-15 19:24:55.289875 </lastmod></url><url>
	<loc> https://geoconnex.us/cuahsi/his/MOPEX/11355500 </loc>
		<lastmod> 2021-10-15 19:24:55.289884 </lastmod></url><url>
	<loc> https://geoconnex.us/cuahsi/his/MOPEX/11401500 </loc>
		<lastmod> 2021-10-15 19:24:55.289893 </lastmod></url><url>
	<loc> https://geoconnex.us/cuahsi/his/MOPEX/11403000 </loc>
		<lastmod> 2021-10-15 19:24:55.289902 </lastmod></url><url>
	<loc> https://geoconnex.us/cuahsi/his/MOPEX/11413000 </loc>
		<lastmod> 2021-10-15 19:24:55.289911 </lastmod></url><url>
	<loc> https://geoconnex.us/cuahsi/his/MOPEX/11427000 </loc>
		<lastmod> 2021-10-15 19:24:55.289919 </lastmod></url><url>
	<loc> https://geoconnex.us/cuahsi/his/MOPEX/11530000 </loc>
		<lastmod> 2021-10-15 19:24:55.289928 </lastmod></url><url>
	<loc> https://geoconnex.us/cuahsi/his/MOPEX/11532500 </loc>
		<lastmod> 2021-10-15 19:24:55.289937 </lastmod></url><url>
	<loc> https://geoconnex.us/cuahsi/his/MOPEX/09132500 </loc>
		<lastmod> 2021-10-15 19:24:55.289946 </lastmod></url><url>
	<loc> https://geoconnex.us/cuahsi/his/MOPEX/09251000 </loc>
		<lastmod> 2021-10-15 19:24:55.289954 </lastmod></url><url>
	<loc> https://geoconnex.us/cuahsi/his/MOPEX/01127000 </loc>
		<lastmod> 2021-10-15 19:24:55.289963 </lastmod></url><url>
	<loc> https://geoconnex.us/cuahsi/his/MOPEX/02236000 </loc>
		<lastmod> 2021-10-15 19:24:55.289972 </lastmod></url><url>
	<loc> https://geoconnex.us/cuahsi/his/MOPEX/02273000 </loc>
		<lastmod> 2021-10-15 19:24:55.289981 </lastmod></url><url>
	<loc> https://geoconnex.us/cuahsi/his/MOPEX/02296750 </loc>
		<lastmod> 2021-10-15 19:24:55.289990 </lastmod></url><url>
	<loc> https://geoconnex.us/cuahsi/his/MOPEX/02329000 </loc>
		<lastmod> 2021-10-15 19:24:55.289998 </lastmod></url><url>
	<loc> https://geoconnex.us/cuahsi/his/MOPEX/02365500 </loc>
		<lastmod> 2021-10-15 19:24:55.290007 </lastmod></url><url>
	<loc> https://geoconnex.us/cuahsi/his/MOPEX/02375500 </loc>
		<lastmod> 2021-10-15 19:24:55.290016 </lastmod></url><url>
	<loc> https://geoconnex.us/cuahsi/his/MOPEX/02192000 </loc>
		<lastmod> 2021-10-15 19:24:55.290025 </lastmod></url><url>
	<loc> https://geoconnex.us/cuahsi/his/MOPEX/02202000 </loc>
		<lastmod> 2021-10-15 19:24:55.290034 </lastmod></url><url>
	<loc> https://geoconnex.us/cuahsi/his/MOPEX/02202500 </loc>
		<lastmod> 2021-10-15 19:24:55.290043 </lastmod></url><url>
	<loc> https://geoconnex.us/cuahsi/his/MOPEX/02217500 </loc>
		<lastmod> 2021-10-15 19:24:55.290051 </lastmod></url><url>
	<loc> https://geoconnex.us/cuahsi/his/MOPEX/02218500 </loc>
		<lastmod> 2021-10-15 19:24:55.290060 </lastmod></url><url>
	<loc> https://geoconnex.us/cuahsi/his/MOPEX/02219500 </loc>
		<lastmod> 2021-10-15 19:24:55.290070 </lastmod></url><url>
	<loc> https://geoconnex.us/cuahsi/his/MOPEX/02228000 </loc>
		<lastmod> 2021-10-15 19:24:55.290078 </lastmod></url><url>
	<loc> https://geoconnex.us/cuahsi/his/MOPEX/02339500 </loc>
		<lastmod> 2021-10-15 19:24:55.290087 </lastmod></url><url>
	<loc> https://geoconnex.us/cuahsi/his/MOPEX/02347500 </loc>
		<lastmod> 2021-10-15 19:24:55.290097 </lastmod></url><url>
	<loc> https://geoconnex.us/cuahsi/his/MOPEX/02349500 </loc>
		<lastmod> 2021-10-15 19:24:55.290106 </lastmod></url><url>
	<loc> https://geoconnex.us/cuahsi/his/MOPEX/02383500 </loc>
		<lastmod> 2021-10-15 19:24:55.290115 </lastmod></url><url>
	<loc> https://geoconnex.us/cuahsi/his/MOPEX/02387000 </loc>
		<lastmod> 2021-10-15 19:24:55.290124 </lastmod></url><url>
	<loc> https://geoconnex.us/cuahsi/his/MOPEX/02387500 </loc>
		<lastmod> 2021-10-15 19:24:55.290133 </lastmod></url><url>
	<loc> https://geoconnex.us/cuahsi/his/MOPEX/12413000 </loc>
		<lastmod> 2021-10-15 19:24:55.290142 </lastmod></url><url>
	<loc> https://geoconnex.us/cuahsi/his/MOPEX/12413500 </loc>
		<lastmod> 2021-10-15 19:24:55.290151 </lastmod></url><url>
	<loc> https://geoconnex.us/cuahsi/his/MOPEX/13186000 </loc>
		<lastmod> 2021-10-15 19:24:55.290160 </lastmod></url><url>
	<loc> https://geoconnex.us/cuahsi/his/MOPEX/13200000 </loc>
		<lastmod> 2021-10-15 19:24:55.290169 </lastmod></url><url>
	<loc> https://geoconnex.us/cuahsi/his/MOPEX/13298500 </loc>
		<lastmod> 2021-10-15 19:24:55.290196 </lastmod></url><url>
	<loc> https://geoconnex.us/cuahsi/his/MOPEX/13302500 </loc>
		<lastmod> 2021-10-15 19:24:55.290206 </lastmod></url><url>
	<loc> https://geoconnex.us/cuahsi/his/MOPEX/13336500 </loc>
		<lastmod> 2021-10-15 19:24:55.290215 </lastmod></url><url>
	<loc> https://geoconnex.us/cuahsi/his/MOPEX/13337000 </loc>
		<lastmod> 2021-10-15 19:24:55.290225 </lastmod></url><url>
	<loc> https://geoconnex.us/cuahsi/his/MOPEX/13340500 </loc>
		<lastmod> 2021-10-15 19:24:55.290235 </lastmod></url><url>
	<loc> https://geoconnex.us/cuahsi/his/MOPEX/13340600 </loc>
		<lastmod> 2021-10-15 19:24:55.290244 </lastmod></url><url>
	<loc> https://geoconnex.us/cuahsi/his/MOPEX/03345500 </loc>
		<lastmod> 2021-10-15 19:24:55.290253 </lastmod></url><url>
	<loc> https://geoconnex.us/cuahsi/his/MOPEX/03346000 </loc>
		<lastmod> 2021-10-15 19:24:55.290263 </lastmod></url><url>
	<loc> https://geoconnex.us/cuahsi/his/MOPEX/03381500 </loc>
		<lastmod> 2021-10-15 19:24:55.290272 </lastmod></url><url>
	<loc> https://geoconnex.us/cuahsi/his/MOPEX/05435500 </loc>
		<lastmod> 2021-10-15 19:24:55.290281 </lastmod></url><url>
	<loc> https://geoconnex.us/cuahsi/his/MOPEX/05440000 </loc>
		<lastmod> 2021-10-15 19:24:55.290291 </lastmod></url><url>
	<loc> https://geoconnex.us/cuahsi/his/MOPEX/05447500 </loc>
		<lastmod> 2021-10-15 19:24:55.290300 </lastmod></url><url>
	<loc> https://geoconnex.us/cuahsi/his/MOPEX/05502040 </loc>
		<lastmod> 2021-10-15 19:24:55.290309 </lastmod></url><url>
	<loc> https://geoconnex.us/cuahsi/his/MOPEX/05520500 </loc>
		<lastmod> 2021-10-15 19:24:55.290318 </lastmod></url><url>
	<loc> https://geoconnex.us/cuahsi/his/MOPEX/05526000 </loc>
		<lastmod> 2021-10-15 19:24:55.290327 </lastmod></url><url>
	<loc> https://geoconnex.us/cuahsi/his/MOPEX/05542000 </loc>
		<lastmod> 2021-10-15 19:24:55.290336 </lastmod></url><url>
	<loc> https://geoconnex.us/cuahsi/his/MOPEX/05552500 </loc>
		<lastmod> 2021-10-15 19:24:55.290345 </lastmod></url><url>
	<loc> https://geoconnex.us/cuahsi/his/MOPEX/05554500 </loc>
		<lastmod> 2021-10-15 19:24:55.290354 </lastmod></url><url>
	<loc> https://geoconnex.us/cuahsi/his/MOPEX/05555300 </loc>
		<lastmod> 2021-10-15 19:24:55.290364 </lastmod></url><url>
	<loc> https://geoconnex.us/cuahsi/his/MOPEX/05555500 </loc>
		<lastmod> 2021-10-15 19:24:55.290373 </lastmod></url><url>
	<loc> https://geoconnex.us/cuahsi/his/MOPEX/05569500 </loc>
		<lastmod> 2021-10-15 19:24:55.290382 </lastmod></url><url>
	<loc> https://geoconnex.us/cuahsi/his/MOPEX/05570000 </loc>
		<lastmod> 2021-10-15 19:24:55.290391 </lastmod></url><url>
	<loc> https://geoconnex.us/cuahsi/his/MOPEX/05582000 </loc>
		<lastmod> 2021-10-15 19:24:55.290400 </lastmod></url><url>
	<loc> https://geoconnex.us/cuahsi/his/MOPEX/05584500 </loc>
		<lastmod> 2021-10-15 19:24:55.290409 </lastmod></url><url>
	<loc> https://geoconnex.us/cuahsi/his/MOPEX/05585000 </loc>
		<lastmod> 2021-10-15 19:24:55.290418 </lastmod></url><url>
	<loc> https://geoconnex.us/cuahsi/his/MOPEX/05592500 </loc>
		<lastmod> 2021-10-15 19:24:55.290427 </lastmod></url><url>
	<loc> https://geoconnex.us/cuahsi/his/MOPEX/05593000 </loc>
		<lastmod> 2021-10-15 19:24:55.290436 </lastmod></url><url>
	<loc> https://geoconnex.us/cuahsi/his/MOPEX/05594000 </loc>
		<lastmod> 2021-10-15 19:24:55.290445 </lastmod></url><url>
	<loc> https://geoconnex.us/cuahsi/his/MOPEX/03303000 </loc>
		<lastmod> 2021-10-15 19:24:55.290454 </lastmod></url><url>
	<loc> https://geoconnex.us/cuahsi/his/MOPEX/03324300 </loc>
		<lastmod> 2021-10-15 19:24:55.290464 </lastmod></url><url>
	<loc> https://geoconnex.us/cuahsi/his/MOPEX/03326500 </loc>
		<lastmod> 2021-10-15 19:24:55.290473 </lastmod></url><url>
	<loc> https://geoconnex.us/cuahsi/his/MOPEX/03328500 </loc>
		<lastmod> 2021-10-15 19:24:55.290482 </lastmod></url><url>
	<loc> https://geoconnex.us/cuahsi/his/MOPEX/03331500 </loc>
		<lastmod> 2021-10-15 19:24:55.290491 </lastmod></url><url>
	<loc> https://geoconnex.us/cuahsi/his/MOPEX/03339500 </loc>
		<lastmod> 2021-10-15 19:24:55.290518 </lastmod></url><url>
	<loc> https://geoconnex.us/cuahsi/his/MOPEX/03348000 </loc>
		<lastmod> 2021-10-15 19:24:55.290527 </lastmod></url><url>
	<loc> https://geoconnex.us/cuahsi/his/MOPEX/03349000 </loc>
		<lastmod> 2021-10-15 19:24:55.290536 </lastmod></url><url>
	<loc> https://geoconnex.us/cuahsi/his/MOPEX/03361500 </loc>
		<lastmod> 2021-10-15 19:24:55.290545 </lastmod></url><url>
	<loc> https://geoconnex.us/cuahsi/his/MOPEX/03361650 </loc>
		<lastmod> 2021-10-15 19:24:55.290554 </lastmod></url><url>
	<loc> https://geoconnex.us/cuahsi/his/MOPEX/03362500 </loc>
		<lastmod> 2021-10-15 19:24:55.290563 </lastmod></url><url>
	<loc> https://geoconnex.us/cuahsi/his/MOPEX/03363000 </loc>
		<lastmod> 2021-10-15 19:24:55.290572 </lastmod></url><url>
	<loc> https://geoconnex.us/cuahsi/his/MOPEX/03364000 </loc>
		<lastmod> 2021-10-15 19:24:55.290581 </lastmod></url><url>
	<loc> https://geoconnex.us/cuahsi/his/MOPEX/03365500 </loc>
		<lastmod> 2021-10-15 19:24:55.290590 </lastmod></url><url>
	<loc> https://geoconnex.us/cuahsi/his/MOPEX/04100500 </loc>
		<lastmod> 2021-10-15 19:24:55.290599 </lastmod></url><url>
	<loc> https://geoconnex.us/cuahsi/his/MOPEX/05515500 </loc>
		<lastmod> 2021-10-15 19:24:55.290607 </lastmod></url><url>
	<loc> https://geoconnex.us/cuahsi/his/MOPEX/05517000 </loc>
		<lastmod> 2021-10-15 19:24:55.290617 </lastmod></url><url>
	<loc> https://geoconnex.us/cuahsi/his/MOPEX/05517500 </loc>
		<lastmod> 2021-10-15 19:24:55.290625 </lastmod></url><url>
	<loc> https://geoconnex.us/cuahsi/his/MOPEX/05518000 </loc>
		<lastmod> 2021-10-15 19:24:55.290634 </lastmod></url><url>
	<loc> https://geoconnex.us/cuahsi/his/MOPEX/05412500 </loc>
		<lastmod> 2021-10-15 19:24:55.290643 </lastmod></url><url>
	<loc> https://geoconnex.us/cuahsi/his/MOPEX/05418500 </loc>
		<lastmod> 2021-10-15 19:24:55.290651 </lastmod></url><url>
	<loc> https://geoconnex.us/cuahsi/his/MOPEX/05422000 </loc>
		<lastmod> 2021-10-15 19:24:55.290660 </lastmod></url><url>
	<loc> https://geoconnex.us/cuahsi/his/MOPEX/05451500 </loc>
		<lastmod> 2021-10-15 19:24:55.290669 </lastmod></url><url>
	<loc> https://geoconnex.us/cuahsi/his/MOPEX/05452000 </loc>
		<lastmod> 2021-10-15 19:24:55.290677 </lastmod></url><url>
	<loc> https://geoconnex.us/cuahsi/his/MOPEX/05454500 </loc>
		<lastmod> 2021-10-15 19:24:55.290686 </lastmod></url><url>
	<loc> https://geoconnex.us/cuahsi/his/MOPEX/05455500 </loc>
		<lastmod> 2021-10-15 19:24:55.290694 </lastmod></url><url>
	<loc> https://geoconnex.us/cuahsi/his/MOPEX/05457700 </loc>
		<lastmod> 2021-10-15 19:24:55.290703 </lastmod></url><url>
	<loc> https://geoconnex.us/cuahsi/his/MOPEX/05458500 </loc>
		<lastmod> 2021-10-15 19:24:55.290712 </lastmod></url><url>
	<loc> https://geoconnex.us/cuahsi/his/MOPEX/05462000 </loc>
		<lastmod> 2021-10-15 19:24:55.290721 </lastmod></url><url>
	<loc> https://geoconnex.us/cuahsi/his/MOPEX/05471500 </loc>
		<lastmod> 2021-10-15 19:24:55.290730 </lastmod></url><url>
	<loc> https://geoconnex.us/cuahsi/his/MOPEX/05472500 </loc>
		<lastmod> 2021-10-15 19:24:55.290739 </lastmod></url><url>
	<loc> https://geoconnex.us/cuahsi/his/MOPEX/05476500 </loc>
		<lastmod> 2021-10-15 19:24:55.290747 </lastmod></url><url>
	<loc> https://geoconnex.us/cuahsi/his/MOPEX/05479000 </loc>
		<lastmod> 2021-10-15 19:24:55.290756 </lastmod></url><url>
	<loc> https://geoconnex.us/cuahsi/his/MOPEX/05481000 </loc>
		<lastmod> 2021-10-15 19:24:55.290766 </lastmod></url><url>
	<loc> https://geoconnex.us/cuahsi/his/MOPEX/05482500 </loc>
		<lastmod> 2021-10-15 19:24:55.290857 </lastmod></url><url>
	<loc> https://geoconnex.us/cuahsi/his/MOPEX/05484500 </loc>
		<lastmod> 2021-10-15 19:24:55.290880 </lastmod></url><url>
	<loc> https://geoconnex.us/cuahsi/his/MOPEX/06600500 </loc>
		<lastmod> 2021-10-15 19:24:55.290894 </lastmod></url><url>
	<loc> https://geoconnex.us/cuahsi/his/MOPEX/06606600 </loc>
		<lastmod> 2021-10-15 19:24:55.290907 </lastmod></url><url>
	<loc> https://geoconnex.us/cuahsi/his/MOPEX/06607200 </loc>
		<lastmod> 2021-10-15 19:24:55.290919 </lastmod></url><url>
	<loc> https://geoconnex.us/cuahsi/his/MOPEX/06609500 </loc>
		<lastmod> 2021-10-15 19:24:55.290931 </lastmod></url><url>
	<loc> https://geoconnex.us/cuahsi/his/MOPEX/06808500 </loc>
		<lastmod> 2021-10-15 19:24:55.290944 </lastmod></url><url>
	<loc> https://geoconnex.us/cuahsi/his/MOPEX/06810000 </loc>
		<lastmod> 2021-10-15 19:24:55.290956 </lastmod></url><url>
	<loc> https://geoconnex.us/cuahsi/his/MOPEX/06817000 </loc>
		<lastmod> 2021-10-15 19:24:55.290968 </lastmod></url><url>
	<loc> https://geoconnex.us/cuahsi/his/MOPEX/06898000 </loc>
		<lastmod> 2021-10-15 19:24:55.290980 </lastmod></url><url>
	<loc> https://geoconnex.us/cuahsi/his/MOPEX/06860000 </loc>
		<lastmod> 2021-10-15 19:24:55.290993 </lastmod></url><url>
	<loc> https://geoconnex.us/cuahsi/his/MOPEX/06868000 </loc>
		<lastmod> 2021-10-15 19:24:55.291059 </lastmod></url><url>
	<loc> https://geoconnex.us/cuahsi/his/MOPEX/06869500 </loc>
		<lastmod> 2021-10-15 19:24:55.291074 </lastmod></url><url>
	<loc> https://geoconnex.us/cuahsi/his/MOPEX/06884400 </loc>
		<lastmod> 2021-10-15 19:24:55.291087 </lastmod></url><url>
	<loc> https://geoconnex.us/cuahsi/his/MOPEX/06884500 </loc>
		<lastmod> 2021-10-15 19:24:55.291099 </lastmod></url><url>
	<loc> https://geoconnex.us/cuahsi/his/MOPEX/06885500 </loc>
		<lastmod> 2021-10-15 19:24:55.291111 </lastmod></url><url>
	<loc> https://geoconnex.us/cuahsi/his/MOPEX/06888500 </loc>
		<lastmod> 2021-10-15 19:24:55.291140 </lastmod></url><url>
	<loc> https://geoconnex.us/cuahsi/his/MOPEX/06890500 </loc>
		<lastmod> 2021-10-15 19:24:55.291150 </lastmod></url><url>
	<loc> https://geoconnex.us/cuahsi/his/MOPEX/06892000 </loc>
		<lastmod> 2021-10-15 19:24:55.291178 </lastmod></url><url>
	<loc> https://geoconnex.us/cuahsi/his/MOPEX/06913500 </loc>
		<lastmod> 2021-10-15 19:24:55.291206 </lastmod></url><url>
	<loc> https://geoconnex.us/cuahsi/his/MOPEX/06914000 </loc>
		<lastmod> 2021-10-15 19:24:55.291215 </lastmod></url><url>
	<loc> https://geoconnex.us/cuahsi/his/MOPEX/07144200 </loc>
		<lastmod> 2021-10-15 19:24:55.291224 </lastmod></url><url>
	<loc> https://geoconnex.us/cuahsi/his/MOPEX/07144780 </loc>
		<lastmod> 2021-10-15 19:24:55.291234 </lastmod></url><url>
	<loc> https://geoconnex.us/cuahsi/his/MOPEX/07147070 </loc>
		<lastmod> 2021-10-15 19:24:55.291243 </lastmod></url><url>
	<loc> https://geoconnex.us/cuahsi/his/MOPEX/07147800 </loc>
		<lastmod> 2021-10-15 19:24:55.291252 </lastmod></url><url>
	<loc> https://geoconnex.us/cuahsi/his/MOPEX/07172000 </loc>
		<lastmod> 2021-10-15 19:24:55.291261 </lastmod></url><url>
	<loc> https://geoconnex.us/cuahsi/his/MOPEX/07183000 </loc>
		<lastmod> 2021-10-15 19:24:55.291270 </lastmod></url><url>
	<loc> https://geoconnex.us/cuahsi/his/MOPEX/03251500 </loc>
		<lastmod> 2021-10-15 19:24:55.291280 </lastmod></url><url>
	<loc> https://geoconnex.us/cuahsi/his/MOPEX/03252500 </loc>
		<lastmod> 2021-10-15 19:24:55.291289 </lastmod></url><url>
	<loc> https://geoconnex.us/cuahsi/his/MOPEX/03253500 </loc>
		<lastmod> 2021-10-15 19:24:55.291299 </lastmod></url><url>
	<loc> https://geoconnex.us/cuahsi/his/MOPEX/03281500 </loc>
		<lastmod> 2021-10-15 19:24:55.291308 </lastmod></url><url>
	<loc> https://geoconnex.us/cuahsi/his/MOPEX/03289500 </loc>
		<lastmod> 2021-10-15 19:24:55.291318 </lastmod></url><url>
	<loc> https://geoconnex.us/cuahsi/his/MOPEX/03301500 </loc>
		<lastmod> 2021-10-15 19:24:55.291327 </lastmod></url><url>
	<loc> https://geoconnex.us/cuahsi/his/MOPEX/03308500 </loc>
		<lastmod> 2021-10-15 19:24:55.291337 </lastmod></url><url>
	<loc> https://geoconnex.us/cuahsi/his/MOPEX/03410500 </loc>
		<lastmod> 2021-10-15 19:24:55.291347 </lastmod></url><url>
	<loc> https://geoconnex.us/cuahsi/his/MOPEX/03438000 </loc>
		<lastmod> 2021-10-15 19:24:55.291356 </lastmod></url><url>
	<loc> https://geoconnex.us/cuahsi/his/MOPEX/02492000 </loc>
		<lastmod> 2021-10-15 19:24:55.291366 </lastmod></url><url>
	<loc> https://geoconnex.us/cuahsi/his/MOPEX/07348000 </loc>
		<lastmod> 2021-10-15 19:24:55.291375 </lastmod></url><url>
	<loc> https://geoconnex.us/cuahsi/his/MOPEX/07375500 </loc>
		<lastmod> 2021-10-15 19:24:55.291385 </lastmod></url><url>
	<loc> https://geoconnex.us/cuahsi/his/MOPEX/07378000 </loc>
		<lastmod> 2021-10-15 19:24:55.291394 </lastmod></url><url>
	<loc> https://geoconnex.us/cuahsi/his/MOPEX/07378500 </loc>
		<lastmod> 2021-10-15 19:24:55.291404 </lastmod></url><url>
	<loc> https://geoconnex.us/cuahsi/his/MOPEX/08013500 </loc>
		<lastmod> 2021-10-15 19:24:55.291414 </lastmod></url><url>
	<loc> https://geoconnex.us/cuahsi/his/MOPEX/08015500 </loc>
		<lastmod> 2021-10-15 19:24:55.291423 </lastmod></url><url>
	<loc> https://geoconnex.us/cuahsi/his/MOPEX/01048000 </loc>
		<lastmod> 2021-10-15 19:24:55.291432 </lastmod></url><url>
	<loc> https://geoconnex.us/cuahsi/his/MOPEX/01055500 </loc>
		<lastmod> 2021-10-15 19:24:55.291442 </lastmod></url><url>
	<loc> https://geoconnex.us/cuahsi/his/MOPEX/01060000 </loc>
		<lastmod> 2021-10-15 19:24:55.291451 </lastmod></url><url>
	<loc> https://geoconnex.us/cuahsi/his/MOPEX/01595000 </loc>
		<lastmod> 2021-10-15 19:24:55.291479 </lastmod></url><url>
	<loc> https://geoconnex.us/cuahsi/his/MOPEX/01610000 </loc>
		<lastmod> 2021-10-15 19:24:55.291489 </lastmod></url><url>
	<loc> https://geoconnex.us/cuahsi/his/MOPEX/01643000 </loc>
		<lastmod> 2021-10-15 19:24:55.291499 </lastmod></url><url>
	<loc> https://geoconnex.us/cuahsi/his/MOPEX/01649500 </loc>
		<lastmod> 2021-10-15 19:24:55.291509 </lastmod></url><url>
	<loc> https://geoconnex.us/cuahsi/his/MOPEX/03075500 </loc>
		<lastmod> 2021-10-15 19:24:55.291518 </lastmod></url><url>
	<loc> https://geoconnex.us/cuahsi/his/MOPEX/01197500 </loc>
		<lastmod> 2021-10-15 19:24:55.291528 </lastmod></url><url>
	<loc> https://geoconnex.us/cuahsi/his/MOPEX/04113000 </loc>
		<lastmod> 2021-10-15 19:24:55.291537 </lastmod></url><url>
	<loc> https://geoconnex.us/cuahsi/his/MOPEX/04115000 </loc>
		<lastmod> 2021-10-15 19:24:55.291546 </lastmod></url><url>
	<loc> https://geoconnex.us/cuahsi/his/MOPEX/04144000 </loc>
		<lastmod> 2021-10-15 19:24:55.291556 </lastmod></url><url>
	<loc> https://geoconnex.us/cuahsi/his/MOPEX/04164000 </loc>
		<lastmod> 2021-10-15 19:24:55.291565 </lastmod></url><url>
	<loc> https://geoconnex.us/cuahsi/his/MOPEX/04165500 </loc>
		<lastmod> 2021-10-15 19:24:55.291574 </lastmod></url><url>
	<loc> https://geoconnex.us/cuahsi/his/MOPEX/04176500 </loc>
		<lastmod> 2021-10-15 19:24:55.291583 </lastmod></url><url>
	<loc> https://geoconnex.us/cuahsi/his/MOPEX/05244000 </loc>
		<lastmod> 2021-10-15 19:24:55.291593 </lastmod></url><url>
	<loc> https://geoconnex.us/cuahsi/his/MOPEX/05280000 </loc>
		<lastmod> 2021-10-15 19:24:55.291602 </lastmod></url><url>
	<loc> https://geoconnex.us/cuahsi/his/MOPEX/05320500 </loc>
		<lastmod> 2021-10-15 19:24:55.291611 </lastmod></url><url>
	<loc> https://geoconnex.us/cuahsi/his/MOPEX/02437000 </loc>
		<lastmod> 2021-10-15 19:24:55.291621 </lastmod></url><url>
	<loc> https://geoconnex.us/cuahsi/his/MOPEX/02448000 </loc>
		<lastmod> 2021-10-15 19:24:55.291630 </lastmod></url><url>
	<loc> https://geoconnex.us/cuahsi/his/MOPEX/02472000 </loc>
		<lastmod> 2021-10-15 19:24:55.291640 </lastmod></url><url>
	<loc> https://geoconnex.us/cuahsi/his/MOPEX/02475000 </loc>
		<lastmod> 2021-10-15 19:24:55.291649 </lastmod></url><url>
	<loc> https://geoconnex.us/cuahsi/his/MOPEX/02475500 </loc>
		<lastmod> 2021-10-15 19:24:55.291659 </lastmod></url><url>
	<loc> https://geoconnex.us/cuahsi/his/MOPEX/02478500 </loc>
		<lastmod> 2021-10-15 19:24:55.291668 </lastmod></url><url>
	<loc> https://geoconnex.us/cuahsi/his/MOPEX/02479300 </loc>
		<lastmod> 2021-10-15 19:24:55.291678 </lastmod></url><url>
	<loc> https://geoconnex.us/cuahsi/his/MOPEX/02482000 </loc>
		<lastmod> 2021-10-15 19:24:55.291688 </lastmod></url><url>
	<loc> https://geoconnex.us/cuahsi/his/MOPEX/02486000 </loc>
		<lastmod> 2021-10-15 19:24:55.291697 </lastmod></url><url>
	<loc> https://geoconnex.us/cuahsi/his/MOPEX/07288500 </loc>
		<lastmod> 2021-10-15 19:24:55.291707 </lastmod></url><url>
	<loc> https://geoconnex.us/cuahsi/his/MOPEX/07289500 </loc>
		<lastmod> 2021-10-15 19:24:55.291735 </lastmod></url><url>
	<loc> https://geoconnex.us/cuahsi/his/MOPEX/07290000 </loc>
		<lastmod> 2021-10-15 19:24:55.291745 </lastmod></url><url>
	<loc> https://geoconnex.us/cuahsi/his/MOPEX/05507500 </loc>
		<lastmod> 2021-10-15 19:24:55.291755 </lastmod></url><url>
	<loc> https://geoconnex.us/cuahsi/his/MOPEX/05508000 </loc>
		<lastmod> 2021-10-15 19:24:55.291765 </lastmod></url><url>
	<loc> https://geoconnex.us/cuahsi/his/MOPEX/05514500 </loc>
		<lastmod> 2021-10-15 19:24:55.291775 </lastmod></url><url>
	<loc> https://geoconnex.us/cuahsi/his/MOPEX/06813000 </loc>
		<lastmod> 2021-10-15 19:24:55.291802 </lastmod></url><url>
	<loc> https://geoconnex.us/cuahsi/his/MOPEX/06817500 </loc>
		<lastmod> 2021-10-15 19:24:55.291833 </lastmod></url><url>
	<loc> https://geoconnex.us/cuahsi/his/MOPEX/06820500 </loc>
		<lastmod> 2021-10-15 19:24:55.291843 </lastmod></url><url>
	<loc> https://geoconnex.us/cuahsi/his/MOPEX/06894000 </loc>
		<lastmod> 2021-10-15 19:24:55.291853 </lastmod></url><url>
	<loc> https://geoconnex.us/cuahsi/his/MOPEX/06897500 </loc>
		<lastmod> 2021-10-15 19:24:55.291863 </lastmod></url><url>
	<loc> https://geoconnex.us/cuahsi/his/MOPEX/06899500 </loc>
		<lastmod> 2021-10-15 19:24:55.291873 </lastmod></url><url>
	<loc> https://geoconnex.us/cuahsi/his/MOPEX/06908000 </loc>
		<lastmod> 2021-10-15 19:24:55.291901 </lastmod></url><url>
	<loc> https://geoconnex.us/cuahsi/his/MOPEX/06928000 </loc>
		<lastmod> 2021-10-15 19:24:55.291911 </lastmod></url><url>
	<loc> https://geoconnex.us/cuahsi/his/MOPEX/06933500 </loc>
		<lastmod> 2021-10-15 19:24:55.291922 </lastmod></url><url>
	<loc> https://geoconnex.us/cuahsi/his/MOPEX/07019000 </loc>
		<lastmod> 2021-10-15 19:24:55.291932 </lastmod></url><url>
	<loc> https://geoconnex.us/cuahsi/his/MOPEX/07052500 </loc>
		<lastmod> 2021-10-15 19:24:55.291942 </lastmod></url><url>
	<loc> https://geoconnex.us/cuahsi/his/MOPEX/07057500 </loc>
		<lastmod> 2021-10-15 19:24:55.291952 </lastmod></url><url>
	<loc> https://geoconnex.us/cuahsi/his/MOPEX/07058000 </loc>
		<lastmod> 2021-10-15 19:24:55.291990 </lastmod></url><url>
	<loc> https://geoconnex.us/cuahsi/his/MOPEX/07067000 </loc>
		<lastmod> 2021-10-15 19:24:55.292025 </lastmod></url><url>
	<loc> https://geoconnex.us/cuahsi/his/MOPEX/07068000 </loc>
		<lastmod> 2021-10-15 19:24:55.292036 </lastmod></url><url>
	<loc> https://geoconnex.us/cuahsi/his/MOPEX/07186000 </loc>
		<lastmod> 2021-10-15 19:24:55.292046 </lastmod></url><url>
	<loc> https://geoconnex.us/cuahsi/his/MOPEX/06191500 </loc>
		<lastmod> 2021-10-15 19:24:55.292056 </lastmod></url><url>
	<loc> https://geoconnex.us/cuahsi/his/MOPEX/06192500 </loc>
		<lastmod> 2021-10-15 19:24:55.292066 </lastmod></url><url>
	<loc> https://geoconnex.us/cuahsi/his/MOPEX/12340000 </loc>
		<lastmod> 2021-10-15 19:24:55.292077 </lastmod></url><url>
	<loc> https://geoconnex.us/cuahsi/his/MOPEX/12358500 </loc>
		<lastmod> 2021-10-15 19:24:55.292087 </lastmod></url><url>
	<loc> https://geoconnex.us/cuahsi/his/MOPEX/06454500 </loc>
		<lastmod> 2021-10-15 19:24:55.292097 </lastmod></url><url>
	<loc> https://geoconnex.us/cuahsi/his/MOPEX/06799500 </loc>
		<lastmod> 2021-10-15 19:24:55.292107 </lastmod></url><url>
	<loc> https://geoconnex.us/cuahsi/his/MOPEX/06811500 </loc>
		<lastmod> 2021-10-15 19:24:55.292117 </lastmod></url><url>
	<loc> https://geoconnex.us/cuahsi/his/MOPEX/06815000 </loc>
		<lastmod> 2021-10-15 19:24:55.292128 </lastmod></url><url>
	<loc> https://geoconnex.us/cuahsi/his/MOPEX/06847000 </loc>
		<lastmod> 2021-10-15 19:24:55.292138 </lastmod></url><url>
	<loc> https://geoconnex.us/cuahsi/his/MOPEX/06883000 </loc>
		<lastmod> 2021-10-15 19:24:55.292148 </lastmod></url><url>
	<loc> https://geoconnex.us/cuahsi/his/MOPEX/10301500 </loc>
		<lastmod> 2021-10-15 19:24:55.292158 </lastmod></url><url>
	<loc> https://geoconnex.us/cuahsi/his/MOPEX/10309000 </loc>
		<lastmod> 2021-10-15 19:24:55.292185 </lastmod></url><url>
	<loc> https://geoconnex.us/cuahsi/his/MOPEX/10312000 </loc>
		<lastmod> 2021-10-15 19:24:55.292195 </lastmod></url><url>
	<loc> https://geoconnex.us/cuahsi/his/MOPEX/01064500 </loc>
		<lastmod> 2021-10-15 19:24:55.292222 </lastmod></url><url>
	<loc> https://geoconnex.us/cuahsi/his/MOPEX/01076500 </loc>
		<lastmod> 2021-10-15 19:24:55.292250 </lastmod></url><url>
	<loc> https://geoconnex.us/cuahsi/his/MOPEX/01138000 </loc>
		<lastmod> 2021-10-15 19:24:55.292260 </lastmod></url><url>
	<loc> https://geoconnex.us/cuahsi/his/MOPEX/01445000 </loc>
		<lastmod> 2021-10-15 19:24:55.292269 </lastmod></url><url>
	<loc> https://geoconnex.us/cuahsi/his/MOPEX/01445500 </loc>
		<lastmod> 2021-10-15 19:24:55.292279 </lastmod></url><url>
	<loc> https://geoconnex.us/cuahsi/his/MOPEX/07211500 </loc>
		<lastmod> 2021-10-15 19:24:55.292288 </lastmod></url><url>
	<loc> https://geoconnex.us/cuahsi/his/MOPEX/07221000 </loc>
		<lastmod> 2021-10-15 19:24:55.292298 </lastmod></url><url>
	<loc> https://geoconnex.us/cuahsi/his/MOPEX/07222500 </loc>
		<lastmod> 2021-10-15 19:24:55.292325 </lastmod></url><url>
	<loc> https://geoconnex.us/cuahsi/his/MOPEX/08340500 </loc>
		<lastmod> 2021-10-15 19:24:55.292335 </lastmod></url><url>
	<loc> https://geoconnex.us/cuahsi/his/MOPEX/09430500 </loc>
		<lastmod> 2021-10-15 19:24:55.292344 </lastmod></url><url>
	<loc> https://geoconnex.us/cuahsi/his/MOPEX/09431500 </loc>
		<lastmod> 2021-10-15 19:24:55.292353 </lastmod></url><url>
	<loc> https://geoconnex.us/cuahsi/his/MOPEX/09442692 </loc>
		<lastmod> 2021-10-15 19:24:55.292362 </lastmod></url><url>
	<loc> https://geoconnex.us/cuahsi/his/MOPEX/01200000 </loc>
		<lastmod> 2021-10-15 19:24:55.292371 </lastmod></url><url>
	<loc> https://geoconnex.us/cuahsi/his/MOPEX/01321000 </loc>
		<lastmod> 2021-10-15 19:24:55.292380 </lastmod></url><url>
	<loc> https://geoconnex.us/cuahsi/his/MOPEX/01329500 </loc>
		<lastmod> 2021-10-15 19:24:55.292389 </lastmod></url><url>
	<loc> https://geoconnex.us/cuahsi/his/MOPEX/01334500 </loc>
		<lastmod> 2021-10-15 19:24:55.292398 </lastmod></url><url>
	<loc> https://geoconnex.us/cuahsi/his/MOPEX/01348000 </loc>
		<lastmod> 2021-10-15 19:24:55.292407 </lastmod></url><url>
	<loc> https://geoconnex.us/cuahsi/his/MOPEX/01361000 </loc>
		<lastmod> 2021-10-15 19:24:55.292417 </lastmod></url><url>
	<loc> https://geoconnex.us/cuahsi/his/MOPEX/01371500 </loc>
		<lastmod> 2021-10-15 19:24:55.292426 </lastmod></url><url>
	<loc> https://geoconnex.us/cuahsi/his/MOPEX/01372500 </loc>
		<lastmod> 2021-10-15 19:24:55.292435 </lastmod></url><url>
	<loc> https://geoconnex.us/cuahsi/his/MOPEX/01421000 </loc>
		<lastmod> 2021-10-15 19:24:55.292443 </lastmod></url><url>
	<loc> https://geoconnex.us/cuahsi/his/MOPEX/01423000 </loc>
		<lastmod> 2021-10-15 19:24:55.292452 </lastmod></url><url>
	<loc> https://geoconnex.us/cuahsi/his/MOPEX/01426500 </loc>
		<lastmod> 2021-10-15 19:24:55.292462 </lastmod></url><url>
	<loc> https://geoconnex.us/cuahsi/his/MOPEX/01503000 </loc>
		<lastmod> 2021-10-15 19:24:55.292471 </lastmod></url><url>
	<loc> https://geoconnex.us/cuahsi/his/MOPEX/01512500 </loc>
		<lastmod> 2021-10-15 19:24:55.292480 </lastmod></url><url>
	<loc> https://geoconnex.us/cuahsi/his/MOPEX/01514000 </loc>
		<lastmod> 2021-10-15 19:24:55.292488 </lastmod></url><url>
	<loc> https://geoconnex.us/cuahsi/his/MOPEX/01520500 </loc>
		<lastmod> 2021-10-15 19:24:55.292497 </lastmod></url><url>
	<loc> https://geoconnex.us/cuahsi/his/MOPEX/01531000 </loc>
		<lastmod> 2021-10-15 19:24:55.292506 </lastmod></url><url>
	<loc> https://geoconnex.us/cuahsi/his/MOPEX/03011020 </loc>
		<lastmod> 2021-10-15 19:24:55.292516 </lastmod></url><url>
	<loc> https://geoconnex.us/cuahsi/his/MOPEX/04221000 </loc>
		<lastmod> 2021-10-15 19:24:55.292525 </lastmod></url><url>
	<loc> https://geoconnex.us/cuahsi/his/MOPEX/04221500 </loc>
		<lastmod> 2021-10-15 19:24:55.292534 </lastmod></url><url>
	<loc> https://geoconnex.us/cuahsi/his/MOPEX/04223000 </loc>
		<lastmod> 2021-10-15 19:24:55.292543 </lastmod></url><url>
	<loc> https://geoconnex.us/cuahsi/his/MOPEX/02083500 </loc>
		<lastmod> 2021-10-15 19:24:55.292552 </lastmod></url><url>
	<loc> https://geoconnex.us/cuahsi/his/MOPEX/02102000 </loc>
		<lastmod> 2021-10-15 19:24:55.292561 </lastmod></url><url>
	<loc> https://geoconnex.us/cuahsi/his/MOPEX/02116500 </loc>
		<lastmod> 2021-10-15 19:24:55.292571 </lastmod></url><url>
	<loc> https://geoconnex.us/cuahsi/his/MOPEX/02118000 </loc>
		<lastmod> 2021-10-15 19:24:55.292599 </lastmod></url><url>
	<loc> https://geoconnex.us/cuahsi/his/MOPEX/02121000 </loc>
		<lastmod> 2021-10-15 19:24:55.292609 </lastmod></url><url>
	<loc> https://geoconnex.us/cuahsi/his/MOPEX/02126000 </loc>
		<lastmod> 2021-10-15 19:24:55.292618 </lastmod></url><url>
	<loc> https://geoconnex.us/cuahsi/his/MOPEX/02138500 </loc>
		<lastmod> 2021-10-15 19:24:55.292646 </lastmod></url><url>
	<loc> https://geoconnex.us/cuahsi/his/MOPEX/02143000 </loc>
		<lastmod> 2021-10-15 19:24:55.292656 </lastmod></url><url>
	<loc> https://geoconnex.us/cuahsi/his/MOPEX/02143040 </loc>
		<lastmod> 2021-10-15 19:24:55.292666 </lastmod></url><url>
	<loc> https://geoconnex.us/cuahsi/his/MOPEX/02143500 </loc>
		<lastmod> 2021-10-15 19:24:55.292676 </lastmod></url><url>
	<loc> https://geoconnex.us/cuahsi/his/MOPEX/03161000 </loc>
		<lastmod> 2021-10-15 19:24:55.292686 </lastmod></url><url>
	<loc> https://geoconnex.us/cuahsi/his/MOPEX/03443000 </loc>
		<lastmod> 2021-10-15 19:24:55.292696 </lastmod></url><url>
	<loc> https://geoconnex.us/cuahsi/his/MOPEX/03448000 </loc>
		<lastmod> 2021-10-15 19:24:55.292706 </lastmod></url><url>
	<loc> https://geoconnex.us/cuahsi/his/MOPEX/03451500 </loc>
		<lastmod> 2021-10-15 19:24:55.292743 </lastmod></url><url>
	<loc> https://geoconnex.us/cuahsi/his/MOPEX/03504000 </loc>
		<lastmod> 2021-10-15 19:24:55.292755 </lastmod></url><url>
	<loc> https://geoconnex.us/cuahsi/his/MOPEX/03512000 </loc>
		<lastmod> 2021-10-15 19:24:55.292765 </lastmod></url><url>
	<loc> https://geoconnex.us/cuahsi/his/MOPEX/03550000 </loc>
		<lastmod> 2021-10-15 19:24:55.292774 </lastmod></url><url>
	<loc> https://geoconnex.us/cuahsi/his/MOPEX/05053000 </loc>
		<lastmod> 2021-10-15 19:24:55.292784 </lastmod></url><url>
	<loc> https://geoconnex.us/cuahsi/his/MOPEX/06340500 </loc>
		<lastmod> 2021-10-15 19:24:55.292793 </lastmod></url><url>
	<loc> https://geoconnex.us/cuahsi/his/MOPEX/03109500 </loc>
		<lastmod> 2021-10-15 19:24:55.292803 </lastmod></url><url>
	<loc> https://geoconnex.us/cuahsi/his/MOPEX/03111500 </loc>
		<lastmod> 2021-10-15 19:24:55.292813 </lastmod></url><url>
	<loc> https://geoconnex.us/cuahsi/his/MOPEX/03136000 </loc>
		<lastmod> 2021-10-15 19:24:55.292822 </lastmod></url><url>
	<loc> https://geoconnex.us/cuahsi/his/MOPEX/03159500 </loc>
		<lastmod> 2021-10-15 19:24:55.292832 </lastmod></url><url>
	<loc> https://geoconnex.us/cuahsi/his/MOPEX/03237500 </loc>
		<lastmod> 2021-10-15 19:24:55.292842 </lastmod></url><url>
	<loc> https://geoconnex.us/cuahsi/his/MOPEX/03238500 </loc>
		<lastmod> 2021-10-15 19:24:55.292851 </lastmod></url><url>
	<loc> https://geoconnex.us/cuahsi/his/MOPEX/03265000 </loc>
		<lastmod> 2021-10-15 19:24:55.292861 </lastmod></url><url>
	<loc> https://geoconnex.us/cuahsi/his/MOPEX/03266000 </loc>
		<lastmod> 2021-10-15 19:24:55.292871 </lastmod></url><url>
	<loc> https://geoconnex.us/cuahsi/his/MOPEX/03269500 </loc>
		<lastmod> 2021-10-15 19:24:55.292880 </lastmod></url><url>
	<loc> https://geoconnex.us/cuahsi/his/MOPEX/03274000 </loc>
		<lastmod> 2021-10-15 19:24:55.292908 </lastmod></url><url>
	<loc> https://geoconnex.us/cuahsi/his/MOPEX/04178000 </loc>
		<lastmod> 2021-10-15 19:24:55.292918 </lastmod></url><url>
	<loc> https://geoconnex.us/cuahsi/his/MOPEX/04183500 </loc>
		<lastmod> 2021-10-15 19:24:55.292949 </lastmod></url><url>
	<loc> https://geoconnex.us/cuahsi/his/MOPEX/04185000 </loc>
		<lastmod> 2021-10-15 19:24:55.292959 </lastmod></url><url>
	<loc> https://geoconnex.us/cuahsi/his/MOPEX/04191500 </loc>
		<lastmod> 2021-10-15 19:24:55.292987 </lastmod></url><url>
	<loc> https://geoconnex.us/cuahsi/his/MOPEX/04198000 </loc>
		<lastmod> 2021-10-15 19:24:55.293020 </lastmod></url><url>
	<loc> https://geoconnex.us/cuahsi/his/MOPEX/04201500 </loc>
		<lastmod> 2021-10-15 19:24:55.293030 </lastmod></url><url>
	<loc> https://geoconnex.us/cuahsi/his/MOPEX/04212000 </loc>
		<lastmod> 2021-10-15 19:24:55.293041 </lastmod></url><url>
	<loc> https://geoconnex.us/cuahsi/his/MOPEX/07152000 </loc>
		<lastmod> 2021-10-15 19:24:55.293051 </lastmod></url><url>
	<loc> https://geoconnex.us/cuahsi/his/MOPEX/07163000 </loc>
		<lastmod> 2021-10-15 19:24:55.293061 </lastmod></url><url>
	<loc> https://geoconnex.us/cuahsi/his/MOPEX/07177500 </loc>
		<lastmod> 2021-10-15 19:24:55.293071 </lastmod></url><url>
	<loc> https://geoconnex.us/cuahsi/his/MOPEX/07196500 </loc>
		<lastmod> 2021-10-15 19:24:55.293081 </lastmod></url><url>
	<loc> https://geoconnex.us/cuahsi/his/MOPEX/07197000 </loc>
		<lastmod> 2021-10-15 19:24:55.293091 </lastmod></url><url>
	<loc> https://geoconnex.us/cuahsi/his/MOPEX/07243500 </loc>
		<lastmod> 2021-10-15 19:24:55.293102 </lastmod></url><url>
	<loc> https://geoconnex.us/cuahsi/his/MOPEX/11497500 </loc>
		<lastmod> 2021-10-15 19:24:55.293112 </lastmod></url><url>
	<loc> https://geoconnex.us/cuahsi/his/MOPEX/11501000 </loc>
		<lastmod> 2021-10-15 19:24:55.293123 </lastmod></url><url>
	<loc> https://geoconnex.us/cuahsi/his/MOPEX/14080500 </loc>
		<lastmod> 2021-10-15 19:24:55.293133 </lastmod></url><url>
	<loc> https://geoconnex.us/cuahsi/his/MOPEX/14101500 </loc>
		<lastmod> 2021-10-15 19:24:55.293143 </lastmod></url><url>
	<loc> https://geoconnex.us/cuahsi/his/MOPEX/14308000 </loc>
		<lastmod> 2021-10-15 19:24:55.293154 </lastmod></url><url>
	<loc> https://geoconnex.us/cuahsi/his/MOPEX/14321000 </loc>
		<lastmod> 2021-10-15 19:24:55.293164 </lastmod></url><url>
	<loc> https://geoconnex.us/cuahsi/his/MOPEX/14359000 </loc>
		<lastmod> 2021-10-15 19:24:55.293174 </lastmod></url><url>
	<loc> https://geoconnex.us/cuahsi/his/MOPEX/01518000 </loc>
		<lastmod> 2021-10-15 19:24:55.293184 </lastmod></url><url>
	<loc> https://geoconnex.us/cuahsi/his/MOPEX/01520000 </loc>
		<lastmod> 2021-10-15 19:24:55.293194 </lastmod></url><url>
	<loc> https://geoconnex.us/cuahsi/his/MOPEX/01534000 </loc>
		<lastmod> 2021-10-15 19:24:55.293204 </lastmod></url><url>
	<loc> https://geoconnex.us/cuahsi/his/MOPEX/01541000 </loc>
		<lastmod> 2021-10-15 19:24:55.293214 </lastmod></url><url>
	<loc> https://geoconnex.us/cuahsi/his/MOPEX/01541500 </loc>
		<lastmod> 2021-10-15 19:24:55.293224 </lastmod></url><url>
	<loc> https://geoconnex.us/cuahsi/his/MOPEX/01543500 </loc>
		<lastmod> 2021-10-15 19:24:55.293235 </lastmod></url><url>
	<loc> https://geoconnex.us/cuahsi/his/MOPEX/01548500 </loc>
		<lastmod> 2021-10-15 19:24:55.293245 </lastmod></url><url>
	<loc> https://geoconnex.us/cuahsi/his/MOPEX/01556000 </loc>
		<lastmod> 2021-10-15 19:24:55.293255 </lastmod></url><url>
	<loc> https://geoconnex.us/cuahsi/his/MOPEX/01558000 </loc>
		<lastmod> 2021-10-15 19:24:55.293265 </lastmod></url><url>
	<loc> https://geoconnex.us/cuahsi/his/MOPEX/01559000 </loc>
		<lastmod> 2021-10-15 19:24:55.293275 </lastmod></url><url>
	<loc> https://geoconnex.us/cuahsi/his/MOPEX/01560000 </loc>
		<lastmod> 2021-10-15 19:24:55.293285 </lastmod></url><url>
	<loc> https://geoconnex.us/cuahsi/his/MOPEX/01562000 </loc>
		<lastmod> 2021-10-15 19:24:55.293295 </lastmod></url><url>
	<loc> https://geoconnex.us/cuahsi/his/MOPEX/01567000 </loc>
		<lastmod> 2021-10-15 19:24:55.293306 </lastmod></url><url>
	<loc> https://geoconnex.us/cuahsi/his/MOPEX/01574000 </loc>
		<lastmod> 2021-10-15 19:24:55.293316 </lastmod></url><url>
	<loc> https://geoconnex.us/cuahsi/his/MOPEX/03010500 </loc>
		<lastmod> 2021-10-15 19:24:55.293326 </lastmod></url><url>
	<loc> https://geoconnex.us/cuahsi/his/MOPEX/03020500 </loc>
		<lastmod> 2021-10-15 19:24:55.293336 </lastmod></url><url>
	<loc> https://geoconnex.us/cuahsi/his/MOPEX/03024000 </loc>
		<lastmod> 2021-10-15 19:24:55.293346 </lastmod></url><url>
	<loc> https://geoconnex.us/cuahsi/his/MOPEX/03032500 </loc>
		<lastmod> 2021-10-15 19:24:55.293357 </lastmod></url><url>
	<loc> https://geoconnex.us/cuahsi/his/MOPEX/03079000 </loc>
		<lastmod> 2021-10-15 19:24:55.293367 </lastmod></url><url>
	<loc> https://geoconnex.us/cuahsi/his/MOPEX/02135000 </loc>
		<lastmod> 2021-10-15 19:24:55.293377 </lastmod></url><url>
	<loc> https://geoconnex.us/cuahsi/his/MOPEX/02156500 </loc>
		<lastmod> 2021-10-15 19:24:55.293388 </lastmod></url><url>
	<loc> https://geoconnex.us/cuahsi/his/MOPEX/02165000 </loc>
		<lastmod> 2021-10-15 19:24:55.293398 </lastmod></url><url>
	<loc> https://geoconnex.us/cuahsi/his/MOPEX/02174000 </loc>
		<lastmod> 2021-10-15 19:24:55.293408 </lastmod></url><url>
	<loc> https://geoconnex.us/cuahsi/his/MOPEX/06334500 </loc>
		<lastmod> 2021-10-15 19:24:55.293419 </lastmod></url><url>
	<loc> https://geoconnex.us/cuahsi/his/MOPEX/06359500 </loc>
		<lastmod> 2021-10-15 19:24:55.293429 </lastmod></url><url>
	<loc> https://geoconnex.us/cuahsi/his/MOPEX/06441500 </loc>
		<lastmod> 2021-10-15 19:24:55.293439 </lastmod></url><url>
	<loc> https://geoconnex.us/cuahsi/his/MOPEX/06446000 </loc>
		<lastmod> 2021-10-15 19:24:55.293449 </lastmod></url><url>
	<loc> https://geoconnex.us/cuahsi/his/MOPEX/06480000 </loc>
		<lastmod> 2021-10-15 19:24:55.293459 </lastmod></url><url>
	<loc> https://geoconnex.us/cuahsi/his/MOPEX/03455000 </loc>
		<lastmod> 2021-10-15 19:24:55.293469 </lastmod></url><url>
	<loc> https://geoconnex.us/cuahsi/his/MOPEX/03465500 </loc>
		<lastmod> 2021-10-15 19:24:55.293480 </lastmod></url><url>
	<loc> https://geoconnex.us/cuahsi/his/MOPEX/03470000 </loc>
		<lastmod> 2021-10-15 19:24:55.293491 </lastmod></url><url>
	<loc> https://geoconnex.us/cuahsi/his/MOPEX/03528000 </loc>
		<lastmod> 2021-10-15 19:24:55.293502 </lastmod></url><url>
	<loc> https://geoconnex.us/cuahsi/his/MOPEX/03532000 </loc>
		<lastmod> 2021-10-15 19:24:55.293512 </lastmod></url><url>
	<loc> https://geoconnex.us/cuahsi/his/MOPEX/03540500 </loc>
		<lastmod> 2021-10-15 19:24:55.293523 </lastmod></url><url>
	<loc> https://geoconnex.us/cuahsi/his/MOPEX/03567500 </loc>
		<lastmod> 2021-10-15 19:24:55.293533 </lastmod></url><url>
	<loc> https://geoconnex.us/cuahsi/his/MOPEX/03603000 </loc>
		<lastmod> 2021-10-15 19:24:55.293544 </lastmod></url><url>
	<loc> https://geoconnex.us/cuahsi/his/MOPEX/07029500 </loc>
		<lastmod> 2021-10-15 19:24:55.293555 </lastmod></url><url>
	<loc> https://geoconnex.us/cuahsi/his/MOPEX/07307800 </loc>
		<lastmod> 2021-10-15 19:24:55.293582 </lastmod></url><url>
	<loc> https://geoconnex.us/cuahsi/his/MOPEX/07346000 </loc>
		<lastmod> 2021-10-15 19:24:55.293593 </lastmod></url><url>
	<loc> https://geoconnex.us/cuahsi/his/MOPEX/07346050 </loc>
		<lastmod> 2021-10-15 19:24:55.293603 </lastmod></url><url>
	<loc> https://geoconnex.us/cuahsi/his/MOPEX/07346070 </loc>
		<lastmod> 2021-10-15 19:24:55.293631 </lastmod></url><url>
	<loc> https://geoconnex.us/cuahsi/his/MOPEX/08032000 </loc>
		<lastmod> 2021-10-15 19:24:55.293641 </lastmod></url><url>
	<loc> https://geoconnex.us/cuahsi/his/MOPEX/08033500 </loc>
		<lastmod> 2021-10-15 19:24:55.293651 </lastmod></url><url>
	<loc> https://geoconnex.us/cuahsi/his/MOPEX/08055500 </loc>
		<lastmod> 2021-10-15 19:24:55.293661 </lastmod></url><url>
	<loc> https://geoconnex.us/cuahsi/his/MOPEX/08085500 </loc>
		<lastmod> 2021-10-15 19:24:55.293671 </lastmod></url><url>
	<loc> https://geoconnex.us/cuahsi/his/MOPEX/08095000 </loc>
		<lastmod> 2021-10-15 19:24:55.293680 </lastmod></url><url>
	<loc> https://geoconnex.us/cuahsi/his/MOPEX/08103800 </loc>
		<lastmod> 2021-10-15 19:24:55.293690 </lastmod></url><url>
	<loc> https://geoconnex.us/cuahsi/his/MOPEX/08146000 </loc>
		<lastmod> 2021-10-15 19:24:55.293700 </lastmod></url><url>
	<loc> https://geoconnex.us/cuahsi/his/MOPEX/08150000 </loc>
		<lastmod> 2021-10-15 19:24:55.293710 </lastmod></url><url>
	<loc> https://geoconnex.us/cuahsi/his/MOPEX/08150700 </loc>
		<lastmod> 2021-10-15 19:24:55.293720 </lastmod></url><url>
	<loc> https://geoconnex.us/cuahsi/his/MOPEX/08167500 </loc>
		<lastmod> 2021-10-15 19:24:55.293730 </lastmod></url><url>
	<loc> https://geoconnex.us/cuahsi/his/MOPEX/08171000 </loc>
		<lastmod> 2021-10-15 19:24:55.293740 </lastmod></url><url>
	<loc> https://geoconnex.us/cuahsi/his/MOPEX/08171300 </loc>
		<lastmod> 2021-10-15 19:24:55.293749 </lastmod></url><url>
	<loc> https://geoconnex.us/cuahsi/his/MOPEX/08172000 </loc>
		<lastmod> 2021-10-15 19:24:55.293760 </lastmod></url><url>
	<loc> https://geoconnex.us/cuahsi/his/MOPEX/08189500 </loc>
		<lastmod> 2021-10-15 19:24:55.293769 </lastmod></url><url>
	<loc> https://geoconnex.us/cuahsi/his/MOPEX/08205500 </loc>
		<lastmod> 2021-10-15 19:24:55.293779 </lastmod></url><url>
	<loc> https://geoconnex.us/cuahsi/his/MOPEX/09292500 </loc>
		<lastmod> 2021-10-15 19:24:55.293789 </lastmod></url><url>
	<loc> https://geoconnex.us/cuahsi/his/MOPEX/09299500 </loc>
		<lastmod> 2021-10-15 19:24:55.293799 </lastmod></url><url>
	<loc> https://geoconnex.us/cuahsi/his/MOPEX/01329000 </loc>
		<lastmod> 2021-10-15 19:24:55.293809 </lastmod></url><url>
	<loc> https://geoconnex.us/cuahsi/his/MOPEX/01628500 </loc>
		<lastmod> 2021-10-15 19:24:55.293818 </lastmod></url><url>
	<loc> https://geoconnex.us/cuahsi/his/MOPEX/01631000 </loc>
		<lastmod> 2021-10-15 19:24:55.293829 </lastmod></url><url>
	<loc> https://geoconnex.us/cuahsi/his/MOPEX/01634000 </loc>
		<lastmod> 2021-10-15 19:24:55.293839 </lastmod></url><url>
	<loc> https://geoconnex.us/cuahsi/his/MOPEX/01663500 </loc>
		<lastmod> 2021-10-15 19:24:55.293849 </lastmod></url><url>
	<loc> https://geoconnex.us/cuahsi/his/MOPEX/01664000 </loc>
		<lastmod> 2021-10-15 19:24:55.293859 </lastmod></url><url>
	<loc> https://geoconnex.us/cuahsi/his/MOPEX/01667500 </loc>
		<lastmod> 2021-10-15 19:24:55.293869 </lastmod></url><url>
	<loc> https://geoconnex.us/cuahsi/his/MOPEX/01668000 </loc>
		<lastmod> 2021-10-15 19:24:55.293879 </lastmod></url><url>
	<loc> https://geoconnex.us/cuahsi/his/MOPEX/01672500 </loc>
		<lastmod> 2021-10-15 19:24:55.293889 </lastmod></url><url>
	<loc> https://geoconnex.us/cuahsi/his/MOPEX/01674500 </loc>
		<lastmod> 2021-10-15 19:24:55.293899 </lastmod></url><url>
	<loc> https://geoconnex.us/cuahsi/his/MOPEX/02016000 </loc>
		<lastmod> 2021-10-15 19:24:55.293910 </lastmod></url><url>
	<loc> https://geoconnex.us/cuahsi/his/MOPEX/02018000 </loc>
		<lastmod> 2021-10-15 19:24:55.293920 </lastmod></url><url>
	<loc> https://geoconnex.us/cuahsi/his/MOPEX/02030500 </loc>
		<lastmod> 2021-10-15 19:24:55.293929 </lastmod></url><url>
	<loc> https://geoconnex.us/cuahsi/his/MOPEX/02055000 </loc>
		<lastmod> 2021-10-15 19:24:55.293939 </lastmod></url><url>
	<loc> https://geoconnex.us/cuahsi/his/MOPEX/02058400 </loc>
		<lastmod> 2021-10-15 19:24:55.293967 </lastmod></url><url>
	<loc> https://geoconnex.us/cuahsi/his/MOPEX/03164000 </loc>
		<lastmod> 2021-10-15 19:24:55.293976 </lastmod></url><url>
	<loc> https://geoconnex.us/cuahsi/his/MOPEX/03165500 </loc>
		<lastmod> 2021-10-15 19:24:55.293986 </lastmod></url><url>
	<loc> https://geoconnex.us/cuahsi/his/MOPEX/03167000 </loc>
		<lastmod> 2021-10-15 19:24:55.293996 </lastmod></url><url>
	<loc> https://geoconnex.us/cuahsi/his/MOPEX/03168000 </loc>
		<lastmod> 2021-10-15 19:24:55.294006 </lastmod></url><url>
	<loc> https://geoconnex.us/cuahsi/his/MOPEX/03173000 </loc>
		<lastmod> 2021-10-15 19:24:55.294015 </lastmod></url><url>
	<loc> https://geoconnex.us/cuahsi/his/MOPEX/03175500 </loc>
		<lastmod> 2021-10-15 19:24:55.294025 </lastmod></url><url>
	<loc> https://geoconnex.us/cuahsi/his/MOPEX/03473000 </loc>
		<lastmod> 2021-10-15 19:24:55.294035 </lastmod></url><url>
	<loc> https://geoconnex.us/cuahsi/his/MOPEX/03490000 </loc>
		<lastmod> 2021-10-15 19:24:55.294044 </lastmod></url><url>
	<loc> https://geoconnex.us/cuahsi/his/MOPEX/03521500 </loc>
		<lastmod> 2021-10-15 19:24:55.294054 </lastmod></url><url>
	<loc> https://geoconnex.us/cuahsi/his/MOPEX/03524000 </loc>
		<lastmod> 2021-10-15 19:24:55.294064 </lastmod></url><url>
	<loc> https://geoconnex.us/cuahsi/his/MOPEX/03531500 </loc>
		<lastmod> 2021-10-15 19:24:55.294074 </lastmod></url><url>
	<loc> https://geoconnex.us/cuahsi/his/MOPEX/12027500 </loc>
		<lastmod> 2021-10-15 19:24:55.294083 </lastmod></url><url>
	<loc> https://geoconnex.us/cuahsi/his/MOPEX/12098500 </loc>
		<lastmod> 2021-10-15 19:24:55.294093 </lastmod></url><url>
	<loc> https://geoconnex.us/cuahsi/his/MOPEX/12134500 </loc>
		<lastmod> 2021-10-15 19:24:55.294104 </lastmod></url><url>
	<loc> https://geoconnex.us/cuahsi/his/MOPEX/12144500 </loc>
		<lastmod> 2021-10-15 19:24:55.294113 </lastmod></url><url>
	<loc> https://geoconnex.us/cuahsi/his/MOPEX/12149000 </loc>
		<lastmod> 2021-10-15 19:24:55.294123 </lastmod></url><url>
	<loc> https://geoconnex.us/cuahsi/his/MOPEX/12449500 </loc>
		<lastmod> 2021-10-15 19:24:55.294133 </lastmod></url><url>
	<loc> https://geoconnex.us/cuahsi/his/MOPEX/12449950 </loc>
		<lastmod> 2021-10-15 19:24:55.294143 </lastmod></url><url>
	<loc> https://geoconnex.us/cuahsi/his/MOPEX/12459000 </loc>
		<lastmod> 2021-10-15 19:24:55.294153 </lastmod></url><url>
	<loc> https://geoconnex.us/cuahsi/his/MOPEX/12462500 </loc>
		<lastmod> 2021-10-15 19:24:55.294162 </lastmod></url><url>
	<loc> https://geoconnex.us/cuahsi/his/MOPEX/13351000 </loc>
		<lastmod> 2021-10-15 19:24:55.294172 </lastmod></url><url>
	<loc> https://geoconnex.us/cuahsi/his/MOPEX/14113000 </loc>
		<lastmod> 2021-10-15 19:24:55.294182 </lastmod></url><url>
	<loc> https://geoconnex.us/cuahsi/his/MOPEX/14232500 </loc>
		<lastmod> 2021-10-15 19:24:55.294192 </lastmod></url><url>
	<loc> https://geoconnex.us/cuahsi/his/MOPEX/14233400 </loc>
		<lastmod> 2021-10-15 19:24:55.294202 </lastmod></url><url>
	<loc> https://geoconnex.us/cuahsi/his/MOPEX/01606500 </loc>
		<lastmod> 2021-10-15 19:24:55.294211 </lastmod></url><url>
	<loc> https://geoconnex.us/cuahsi/his/MOPEX/01608500 </loc>
		<lastmod> 2021-10-15 19:24:55.294221 </lastmod></url><url>
	<loc> https://geoconnex.us/cuahsi/his/MOPEX/01611500 </loc>
		<lastmod> 2021-10-15 19:24:55.294231 </lastmod></url><url>
	<loc> https://geoconnex.us/cuahsi/his/MOPEX/03050500 </loc>
		<lastmod> 2021-10-15 19:24:55.294240 </lastmod></url><url>
	<loc> https://geoconnex.us/cuahsi/his/MOPEX/03051000 </loc>
		<lastmod> 2021-10-15 19:24:55.294250 </lastmod></url><url>
	<loc> https://geoconnex.us/cuahsi/his/MOPEX/03054500 </loc>
		<lastmod> 2021-10-15 19:24:55.294260 </lastmod></url><url>
	<loc> https://geoconnex.us/cuahsi/his/MOPEX/03065000 </loc>
		<lastmod> 2021-10-15 19:24:55.294388 </lastmod></url><url>
	<loc> https://geoconnex.us/cuahsi/his/MOPEX/03069000 </loc>
		<lastmod> 2021-10-15 19:24:55.294400 </lastmod></url><url>
	<loc> https://geoconnex.us/cuahsi/his/MOPEX/03069500 </loc>
		<lastmod> 2021-10-15 19:24:55.294410 </lastmod></url><url>
	<loc> https://geoconnex.us/cuahsi/his/MOPEX/03070000 </loc>
		<lastmod> 2021-10-15 19:24:55.294419 </lastmod></url><url>
	<loc> https://geoconnex.us/cuahsi/his/MOPEX/03114500 </loc>
		<lastmod> 2021-10-15 19:24:55.294428 </lastmod></url><url>
	<loc> https://geoconnex.us/cuahsi/his/MOPEX/03155500 </loc>
		<lastmod> 2021-10-15 19:24:55.294438 </lastmod></url><url>
	<loc> https://geoconnex.us/cuahsi/his/MOPEX/03179000 </loc>
		<lastmod> 2021-10-15 19:24:55.294448 </lastmod></url><url>
	<loc> https://geoconnex.us/cuahsi/his/MOPEX/03180500 </loc>
		<lastmod> 2021-10-15 19:24:55.294457 </lastmod></url><url>
	<loc> https://geoconnex.us/cuahsi/his/MOPEX/03182500 </loc>
		<lastmod> 2021-10-15 19:24:55.294467 </lastmod></url><url>
	<loc> https://geoconnex.us/cuahsi/his/MOPEX/03183500 </loc>
		<lastmod> 2021-10-15 19:24:55.294476 </lastmod></url><url>
	<loc> https://geoconnex.us/cuahsi/his/MOPEX/03184000 </loc>
		<lastmod> 2021-10-15 19:24:55.294486 </lastmod></url><url>
	<loc> https://geoconnex.us/cuahsi/his/MOPEX/03186500 </loc>
		<lastmod> 2021-10-15 19:24:55.294496 </lastmod></url><url>
	<loc> https://geoconnex.us/cuahsi/his/MOPEX/03198500 </loc>
		<lastmod> 2021-10-15 19:24:55.294505 </lastmod></url><url>
	<loc> https://geoconnex.us/cuahsi/his/MOPEX/03199000 </loc>
		<lastmod> 2021-10-15 19:24:55.294515 </lastmod></url><url>
	<loc> https://geoconnex.us/cuahsi/his/MOPEX/03213000 </loc>
		<lastmod> 2021-10-15 19:24:55.294524 </lastmod></url><url>
	<loc> https://geoconnex.us/cuahsi/his/MOPEX/03214000 </loc>
		<lastmod> 2021-10-15 19:24:55.294534 </lastmod></url><url>
	<loc> https://geoconnex.us/cuahsi/his/MOPEX/04073500 </loc>
		<lastmod> 2021-10-15 19:24:55.294543 </lastmod></url><url>
	<loc> https://geoconnex.us/cuahsi/his/MOPEX/04079000 </loc>
		<lastmod> 2021-10-15 19:24:55.294552 </lastmod></url><url>
	<loc> https://geoconnex.us/cuahsi/his/MOPEX/05383000 </loc>
		<lastmod> 2021-10-15 19:24:55.294561 </lastmod></url><url>
	<loc> https://geoconnex.us/cuahsi/his/MOPEX/05408000 </loc>
		<lastmod> 2021-10-15 19:24:55.294571 </lastmod></url><url>
	<loc> https://geoconnex.us/cuahsi/his/MOPEX/05410490 </loc>
		<lastmod> 2021-10-15 19:24:55.294580 </lastmod></url><url>
	<loc> https://geoconnex.us/cuahsi/his/MOPEX/05410500 </loc>
		<lastmod> 2021-10-15 19:24:55.294589 </lastmod></url><url>
	<loc> https://geoconnex.us/cuahsi/his/MOPEX/05430500 </loc>
		<lastmod> 2021-10-15 19:24:55.294598 </lastmod></url><url>
	<loc> https://geoconnex.us/cuahsi/his/MOPEX/05546500 </loc>
		<lastmod> 2021-10-15 19:24:55.294607 </lastmod></url><url>
	<loc> https://geoconnex.us/cuahsi/his/MOPEX/06225500 </loc>
		<lastmod> 2021-10-15 19:24:55.294617 </lastmod></url><url>
	<loc> https://geoconnex.us/cuahsi/his/MOPEX/06426500 </loc>
		<lastmod> 2021-10-15 19:24:55.294626 </lastmod></url><url>
	<loc> https://geoconnex.us/cuahsi/his/MOPEX/01500500 </loc>
		<lastmod> 2021-10-15 19:24:55.294636 </lastmod></url></ns0:url>
</ns0:urlset>