<ns0:urlset xmlns:ns0="http://www.sitemaps.org/schemas/sitemap/0.9">
    <ns0:url>
    <url>
	<loc> https://geoconnex.us/cuahsi/his/NashRWA/BR1039 </loc>
		<lastmod> 2021-10-15 19:25:03.363339 </lastmod></url><url>
	<loc> https://geoconnex.us/cuahsi/his/NashRWA/CT0195 </loc>
		<lastmod> 2021-10-15 19:25:03.363366 </lastmod></url><url>
	<loc> https://geoconnex.us/cuahsi/his/NashRWA/CT0425 </loc>
		<lastmod> 2021-10-15 19:25:03.363380 </lastmod></url><url>
	<loc> https://geoconnex.us/cuahsi/his/NashRWA/FT0380 </loc>
		<lastmod> 2021-10-15 19:25:03.363408 </lastmod></url><url>
	<loc> https://geoconnex.us/cuahsi/his/NashRWA/GB0312 </loc>
		<lastmod> 2021-10-15 19:25:03.363418 </lastmod></url><url>
	<loc> https://geoconnex.us/cuahsi/his/NashRWA/JB0121 </loc>
		<lastmod> 2021-10-15 19:25:03.363429 </lastmod></url><url>
	<loc> https://geoconnex.us/cuahsi/his/NashRWA/JB0583 </loc>
		<lastmod> 2021-10-15 19:25:03.363439 </lastmod></url><url>
	<loc> https://geoconnex.us/cuahsi/his/NashRWA/MN0009 </loc>
		<lastmod> 2021-10-15 19:25:03.363449 </lastmod></url><url>
	<loc> https://geoconnex.us/cuahsi/his/NashRWA/MN0223 </loc>
		<lastmod> 2021-10-15 19:25:03.363459 </lastmod></url><url>
	<loc> https://geoconnex.us/cuahsi/his/NashRWA/MN0419 </loc>
		<lastmod> 2021-10-15 19:25:03.363469 </lastmod></url><url>
	<loc> https://geoconnex.us/cuahsi/his/NashRWA/MN0520 </loc>
		<lastmod> 2021-10-15 19:25:03.363495 </lastmod></url><url>
	<loc> https://geoconnex.us/cuahsi/his/NashRWA/MU0647 </loc>
		<lastmod> 2021-10-15 19:25:03.363505 </lastmod></url><url>
	<loc> https://geoconnex.us/cuahsi/his/NashRWA/MU2011 </loc>
		<lastmod> 2021-10-15 19:25:03.363515 </lastmod></url><url>
	<loc> https://geoconnex.us/cuahsi/his/NashRWA/NB0006 </loc>
		<lastmod> 2021-10-15 19:25:03.363542 </lastmod></url><url>
	<loc> https://geoconnex.us/cuahsi/his/NashRWA/NM0121 </loc>
		<lastmod> 2021-10-15 19:25:03.363552 </lastmod></url><url>
	<loc> https://geoconnex.us/cuahsi/his/NashRWA/NM0875 </loc>
		<lastmod> 2021-10-15 19:25:03.363577 </lastmod></url><url>
	<loc> https://geoconnex.us/cuahsi/his/NashRWA/NM1567 </loc>
		<lastmod> 2021-10-15 19:25:03.363586 </lastmod></url><url>
	<loc> https://geoconnex.us/cuahsi/his/NashRWA/NM2256 </loc>
		<lastmod> 2021-10-15 19:25:03.363595 </lastmod></url><url>
	<loc> https://geoconnex.us/cuahsi/his/NashRWA/NM2443B </loc>
		<lastmod> 2021-10-15 19:25:03.363604 </lastmod></url><url>
	<loc> https://geoconnex.us/cuahsi/his/NashRWA/NM2928 </loc>
		<lastmod> 2021-10-15 19:25:03.363614 </lastmod></url><url>
	<loc> https://geoconnex.us/cuahsi/his/NashRWA/NM4201 </loc>
		<lastmod> 2021-10-15 19:25:03.363622 </lastmod></url><url>
	<loc> https://geoconnex.us/cuahsi/his/NashRWA/NM5837 </loc>
		<lastmod> 2021-10-15 19:25:03.363631 </lastmod></url><url>
	<loc> https://geoconnex.us/cuahsi/his/NashRWA/NN0049 </loc>
		<lastmod> 2021-10-15 19:25:03.363640 </lastmod></url><url>
	<loc> https://geoconnex.us/cuahsi/his/NashRWA/NN0426 </loc>
		<lastmod> 2021-10-15 19:25:03.363649 </lastmod></url><url>
	<loc> https://geoconnex.us/cuahsi/his/NashRWA/NN1194 </loc>
		<lastmod> 2021-10-15 19:25:03.363658 </lastmod></url><url>
	<loc> https://geoconnex.us/cuahsi/his/NashRWA/NN1905 </loc>
		<lastmod> 2021-10-15 19:25:03.363667 </lastmod></url><url>
	<loc> https://geoconnex.us/cuahsi/his/NashRWA/NN2657 </loc>
		<lastmod> 2021-10-15 19:25:03.363676 </lastmod></url><url>
	<loc> https://geoconnex.us/cuahsi/his/NashRWA/NN2888 </loc>
		<lastmod> 2021-10-15 19:25:03.363684 </lastmod></url><url>
	<loc> https://geoconnex.us/cuahsi/his/NashRWA/NN3071 </loc>
		<lastmod> 2021-10-15 19:25:03.363693 </lastmod></url><url>
	<loc> https://geoconnex.us/cuahsi/his/NashRWA/NT0082 </loc>
		<lastmod> 2021-10-15 19:25:03.363702 </lastmod></url><url>
	<loc> https://geoconnex.us/cuahsi/his/NashRWA/NT0418 </loc>
		<lastmod> 2021-10-15 19:25:03.363711 </lastmod></url><url>
	<loc> https://geoconnex.us/cuahsi/his/NashRWA/NT0890 </loc>
		<lastmod> 2021-10-15 19:25:03.363720 </lastmod></url><url>
	<loc> https://geoconnex.us/cuahsi/his/NashRWA/PB0480 </loc>
		<lastmod> 2021-10-15 19:25:03.363729 </lastmod></url><url>
	<loc> https://geoconnex.us/cuahsi/his/NashRWA/SB0025 </loc>
		<lastmod> 2021-10-15 19:25:03.363738 </lastmod></url><url>
	<loc> https://geoconnex.us/cuahsi/his/NashRWA/SB0295 </loc>
		<lastmod> 2021-10-15 19:25:03.363746 </lastmod></url><url>
	<loc> https://geoconnex.us/cuahsi/his/NashRWA/SN0169 </loc>
		<lastmod> 2021-10-15 19:25:03.363755 </lastmod></url><url>
	<loc> https://geoconnex.us/cuahsi/his/NashRWA/SQ0356 </loc>
		<lastmod> 2021-10-15 19:25:03.363764 </lastmod></url><url>
	<loc> https://geoconnex.us/cuahsi/his/NashRWA/SQ1329 </loc>
		<lastmod> 2021-10-15 19:25:03.363773 </lastmod></url><url>
	<loc> https://geoconnex.us/cuahsi/his/NashRWA/SQ1788 </loc>
		<lastmod> 2021-10-15 19:25:03.363782 </lastmod></url><url>
	<loc> https://geoconnex.us/cuahsi/his/NashRWA/SQ2400 </loc>
		<lastmod> 2021-10-15 19:25:03.363791 </lastmod></url><url>
	<loc> https://geoconnex.us/cuahsi/his/NashRWA/WE0034 </loc>
		<lastmod> 2021-10-15 19:25:03.363800 </lastmod></url><url>
	<loc> https://geoconnex.us/cuahsi/his/NashRWA/WK0545 </loc>
		<lastmod> 2021-10-15 19:25:03.363809 </lastmod></url><url>
	<loc> https://geoconnex.us/cuahsi/his/NashRWA/WK0600 </loc>
		<lastmod> 2021-10-15 19:25:03.363818 </lastmod></url><url>
	<loc> https://geoconnex.us/cuahsi/his/NashRWA/BK0430 </loc>
		<lastmod> 2021-10-15 19:25:03.363827 </lastmod></url><url>
	<loc> https://geoconnex.us/cuahsi/his/NashRWA/BR0895 </loc>
		<lastmod> 2021-10-15 19:25:03.363836 </lastmod></url><url>
	<loc> https://geoconnex.us/cuahsi/his/NashRWA/CT0151 </loc>
		<lastmod> 2021-10-15 19:25:03.363845 </lastmod></url><url>
	<loc> https://geoconnex.us/cuahsi/his/NashRWA/CT0743 </loc>
		<lastmod> 2021-10-15 19:25:03.363854 </lastmod></url><url>
	<loc> https://geoconnex.us/cuahsi/his/NashRWA/EB0023 </loc>
		<lastmod> 2021-10-15 19:25:03.363863 </lastmod></url><url>
	<loc> https://geoconnex.us/cuahsi/his/NashRWA/FT0290 </loc>
		<lastmod> 2021-10-15 19:25:03.363872 </lastmod></url><url>
	<loc> https://geoconnex.us/cuahsi/his/NashRWA/JB0200 </loc>
		<lastmod> 2021-10-15 19:25:03.363881 </lastmod></url><url>
	<loc> https://geoconnex.us/cuahsi/his/NashRWA/JB0457 </loc>
		<lastmod> 2021-10-15 19:25:03.363890 </lastmod></url><url>
	<loc> https://geoconnex.us/cuahsi/his/NashRWA/LB0038 </loc>
		<lastmod> 2021-10-15 19:25:03.363899 </lastmod></url><url>
	<loc> https://geoconnex.us/cuahsi/his/NashRWA/MN0713 </loc>
		<lastmod> 2021-10-15 19:25:03.363908 </lastmod></url><url>
	<loc> https://geoconnex.us/cuahsi/his/NashRWA/NM0140 </loc>
		<lastmod> 2021-10-15 19:25:03.363917 </lastmod></url><url>
	<loc> https://geoconnex.us/cuahsi/his/NashRWA/NM0200 </loc>
		<lastmod> 2021-10-15 19:25:03.363926 </lastmod></url><url>
	<loc> https://geoconnex.us/cuahsi/his/NashRWA/NM6274 </loc>
		<lastmod> 2021-10-15 19:25:03.363935 </lastmod></url><url>
	<loc> https://geoconnex.us/cuahsi/his/NashRWA/NT0768 </loc>
		<lastmod> 2021-10-15 19:25:03.363943 </lastmod></url><url>
	<loc> https://geoconnex.us/cuahsi/his/NashRWA/NT1648 </loc>
		<lastmod> 2021-10-15 19:25:03.363952 </lastmod></url><url>
	<loc> https://geoconnex.us/cuahsi/his/NashRWA/PB0840 </loc>
		<lastmod> 2021-10-15 19:25:03.363981 </lastmod></url><url>
	<loc> https://geoconnex.us/cuahsi/his/NashRWA/SQ1840 </loc>
		<lastmod> 2021-10-15 19:25:03.363994 </lastmod></url><url>
	<loc> https://geoconnex.us/cuahsi/his/NashRWA/VB0075 </loc>
		<lastmod> 2021-10-15 19:25:03.364022 </lastmod></url><url>
	<loc> https://geoconnex.us/cuahsi/his/NashRWA/WB0300 </loc>
		<lastmod> 2021-10-15 19:25:03.364031 </lastmod></url><url>
	<loc> https://geoconnex.us/cuahsi/his/NashRWA/WE0180 </loc>
		<lastmod> 2021-10-15 19:25:03.364041 </lastmod></url><url>
	<loc> https://geoconnex.us/cuahsi/his/NashRWA/WK0550 </loc>
		<lastmod> 2021-10-15 19:25:03.364050 </lastmod></url><url>
	<loc> https://geoconnex.us/cuahsi/his/NashRWA/NM4426 </loc>
		<lastmod> 2021-10-15 19:25:03.364060 </lastmod></url></ns0:url>
</ns0:urlset>