<ns0:urlset xmlns:ns0="http://www.sitemaps.org/schemas/sitemap/0.9">
    <ns0:url>
    <url>
	<loc> https://geoconnex.us/cuahsi/his/IEER_at_Wilkes_University/Apal </loc>
		<lastmod> 2021-10-15 19:24:55.238194 </lastmod></url><url>
	<loc> https://geoconnex.us/cuahsi/his/IEER_at_Wilkes_University/BAKR0.1 </loc>
		<lastmod> 2021-10-15 19:24:55.238218 </lastmod></url><url>
	<loc> https://geoconnex.us/cuahsi/his/IEER_at_Wilkes_University/Baldwin </loc>
		<lastmod> 2021-10-15 19:24:55.238230 </lastmod></url><url>
	<loc> https://geoconnex.us/cuahsi/his/IEER_at_Wilkes_University/BLOC </loc>
		<lastmod> 2021-10-15 19:24:55.238241 </lastmod></url><url>
	<loc> https://geoconnex.us/cuahsi/his/IEER_at_Wilkes_University/BOBS </loc>
		<lastmod> 2021-10-15 19:24:55.238250 </lastmod></url><url>
	<loc> https://geoconnex.us/cuahsi/his/IEER_at_Wilkes_University/BOWN </loc>
		<lastmod> 2021-10-15 19:24:55.238260 </lastmod></url><url>
	<loc> https://geoconnex.us/cuahsi/his/IEER_at_Wilkes_University/CANA </loc>
		<lastmod> 2021-10-15 19:24:55.238269 </lastmod></url><url>
	<loc> https://geoconnex.us/cuahsi/his/IEER_at_Wilkes_University/Catatonk </loc>
		<lastmod> 2021-10-15 19:24:55.238278 </lastmod></url><url>
	<loc> https://geoconnex.us/cuahsi/his/IEER_at_Wilkes_University/Cherry </loc>
		<lastmod> 2021-10-15 19:24:55.238287 </lastmod></url><url>
	<loc> https://geoconnex.us/cuahsi/his/IEER_at_Wilkes_University/CHEST </loc>
		<lastmod> 2021-10-15 19:24:55.238296 </lastmod></url><url>
	<loc> https://geoconnex.us/cuahsi/his/IEER_at_Wilkes_University/CHOC </loc>
		<lastmod> 2021-10-15 19:24:55.238305 </lastmod></url><url>
	<loc> https://geoconnex.us/cuahsi/his/IEER_at_Wilkes_University/CROK </loc>
		<lastmod> 2021-10-15 19:24:55.238314 </lastmod></url><url>
	<loc> https://geoconnex.us/cuahsi/his/IEER_at_Wilkes_University/Driftwood </loc>
		<lastmod> 2021-10-15 19:24:55.238323 </lastmod></url><url>
	<loc> https://geoconnex.us/cuahsi/his/IEER_at_Wilkes_University/East_Fork </loc>
		<lastmod> 2021-10-15 19:24:55.238332 </lastmod></url><url>
	<loc> https://geoconnex.us/cuahsi/his/IEER_at_Wilkes_University/EBFC </loc>
		<lastmod> 2021-10-15 19:24:55.238341 </lastmod></url><url>
	<loc> https://geoconnex.us/cuahsi/his/IEER_at_Wilkes_University/ELKR </loc>
		<lastmod> 2021-10-15 19:24:55.238350 </lastmod></url><url>
	<loc> https://geoconnex.us/cuahsi/his/IEER_at_Wilkes_University/Grays </loc>
		<lastmod> 2021-10-15 19:24:55.238358 </lastmod></url><url>
	<loc> https://geoconnex.us/cuahsi/his/IEER_at_Wilkes_University/HAMM </loc>
		<lastmod> 2021-10-15 19:24:55.238367 </lastmod></url><url>
	<loc> https://geoconnex.us/cuahsi/his/IEER_at_Wilkes_University/Hicks </loc>
		<lastmod> 2021-10-15 19:24:55.238376 </lastmod></url><url>
	<loc> https://geoconnex.us/cuahsi/his/IEER_at_Wilkes_University/Hunts </loc>
		<lastmod> 2021-10-15 19:24:55.238385 </lastmod></url><url>
	<loc> https://geoconnex.us/cuahsi/his/IEER_at_Wilkes_University/Kettle </loc>
		<lastmod> 2021-10-15 19:24:55.238394 </lastmod></url><url>
	<loc> https://geoconnex.us/cuahsi/his/IEER_at_Wilkes_University/Kitchen </loc>
		<lastmod> 2021-10-15 19:24:55.238402 </lastmod></url><url>
	<loc> https://geoconnex.us/cuahsi/his/IEER_at_Wilkes_University/LACK </loc>
		<lastmod> 2021-10-15 19:24:55.238411 </lastmod></url><url>
	<loc> https://geoconnex.us/cuahsi/his/IEER_at_Wilkes_University/LARR </loc>
		<lastmod> 2021-10-15 19:24:55.238420 </lastmod></url><url>
	<loc> https://geoconnex.us/cuahsi/his/IEER_at_Wilkes_University/LCLF0.1 </loc>
		<lastmod> 2021-10-15 19:24:55.238429 </lastmod></url><url>
	<loc> https://geoconnex.us/cuahsi/his/IEER_at_Wilkes_University/LMEHOOP </loc>
		<lastmod> 2021-10-15 19:24:55.238437 </lastmod></url><url>
	<loc> https://geoconnex.us/cuahsi/his/IEER_at_Wilkes_University/LMUN </loc>
		<lastmod> 2021-10-15 19:24:55.238446 </lastmod></url><url>
	<loc> https://geoconnex.us/cuahsi/his/IEER_at_Wilkes_University/Long </loc>
		<lastmod> 2021-10-15 19:24:55.238455 </lastmod></url><url>
	<loc> https://geoconnex.us/cuahsi/his/IEER_at_Wilkes_University/LPIN0.2 </loc>
		<lastmod> 2021-10-15 19:24:55.238464 </lastmod></url><url>
	<loc> https://geoconnex.us/cuahsi/his/IEER_at_Wilkes_University/LYSK5.0 </loc>
		<lastmod> 2021-10-15 19:24:55.238473 </lastmod></url><url>
	<loc> https://geoconnex.us/cuahsi/his/IEER_at_Wilkes_University/MARS </loc>
		<lastmod> 2021-10-15 19:24:55.238481 </lastmod></url><url>
	<loc> https://geoconnex.us/cuahsi/his/IEER_at_Wilkes_University/Marsh_Tioga </loc>
		<lastmod> 2021-10-15 19:24:55.238490 </lastmod></url><url>
	<loc> https://geoconnex.us/cuahsi/his/IEER_at_Wilkes_University/MESH </loc>
		<lastmod> 2021-10-15 19:24:55.238499 </lastmod></url><url>
	<loc> https://geoconnex.us/cuahsi/his/IEER_at_Wilkes_University/Moose </loc>
		<lastmod> 2021-10-15 19:24:55.238508 </lastmod></url><url>
	<loc> https://geoconnex.us/cuahsi/his/IEER_at_Wilkes_University/Nanticoke </loc>
		<lastmod> 2021-10-15 19:24:55.238516 </lastmod></url><url>
	<loc> https://geoconnex.us/cuahsi/his/IEER_at_Wilkes_University/Ninemile </loc>
		<lastmod> 2021-10-15 19:24:55.238525 </lastmod></url><url>
	<loc> https://geoconnex.us/cuahsi/his/IEER_at_Wilkes_University/Pine_Blackwell </loc>
		<lastmod> 2021-10-15 19:24:55.238534 </lastmod></url><url>
	<loc> https://geoconnex.us/cuahsi/his/IEER_at_Wilkes_University/Portage </loc>
		<lastmod> 2021-10-15 19:24:55.238543 </lastmod></url><url>
	<loc> https://geoconnex.us/cuahsi/his/IEER_at_Wilkes_University/Sangerfield </loc>
		<lastmod> 2021-10-15 19:24:55.238553 </lastmod></url><url>
	<loc> https://geoconnex.us/cuahsi/his/IEER_at_Wilkes_University/SBTK </loc>
		<lastmod> 2021-10-15 19:24:55.238562 </lastmod></url><url>
	<loc> https://geoconnex.us/cuahsi/his/IEER_at_Wilkes_University/SING_0.9 </loc>
		<lastmod> 2021-10-15 19:24:55.238570 </lastmod></url><url>
	<loc> https://geoconnex.us/cuahsi/his/IEER_at_Wilkes_University/SNAK </loc>
		<lastmod> 2021-10-15 19:24:55.238579 </lastmod></url><url>
	<loc> https://geoconnex.us/cuahsi/his/IEER_at_Wilkes_University/STAR </loc>
		<lastmod> 2021-10-15 19:24:55.238588 </lastmod></url><url>
	<loc> https://geoconnex.us/cuahsi/his/IEER_at_Wilkes_University/Sugar_Run </loc>
		<lastmod> 2021-10-15 19:24:55.238597 </lastmod></url><url>
	<loc> https://geoconnex.us/cuahsi/his/IEER_at_Wilkes_University/SUGR </loc>
		<lastmod> 2021-10-15 19:24:55.238606 </lastmod></url><url>
	<loc> https://geoconnex.us/cuahsi/his/IEER_at_Wilkes_University/TIOG </loc>
		<lastmod> 2021-10-15 19:24:55.238615 </lastmod></url><url>
	<loc> https://geoconnex.us/cuahsi/his/IEER_at_Wilkes_University/TOMJ </loc>
		<lastmod> 2021-10-15 19:24:55.238624 </lastmod></url><url>
	<loc> https://geoconnex.us/cuahsi/his/IEER_at_Wilkes_University/TROT </loc>
		<lastmod> 2021-10-15 19:24:55.238633 </lastmod></url><url>
	<loc> https://geoconnex.us/cuahsi/his/IEER_at_Wilkes_University/Trout_Brook </loc>
		<lastmod> 2021-10-15 19:24:55.238642 </lastmod></url><url>
	<loc> https://geoconnex.us/cuahsi/his/IEER_at_Wilkes_University/Tuscarora </loc>
		<lastmod> 2021-10-15 19:24:55.238651 </lastmod></url><url>
	<loc> https://geoconnex.us/cuahsi/his/IEER_at_Wilkes_University/Upper_Pine </loc>
		<lastmod> 2021-10-15 19:24:55.238660 </lastmod></url><url>
	<loc> https://geoconnex.us/cuahsi/his/IEER_at_Wilkes_University/WAPP </loc>
		<lastmod> 2021-10-15 19:24:55.238668 </lastmod></url><url>
	<loc> https://geoconnex.us/cuahsi/his/IEER_at_Wilkes_University/WB_SUS </loc>
		<lastmod> 2021-10-15 19:24:55.238677 </lastmod></url><url>
	<loc> https://geoconnex.us/cuahsi/his/IEER_at_Wilkes_University/WEST2.0 </loc>
		<lastmod> 2021-10-15 19:24:55.238686 </lastmod></url><url>
	<loc> https://geoconnex.us/cuahsi/his/IEER_at_Wilkes_University/WPIN </loc>
		<lastmod> 2021-10-15 19:24:55.238695 </lastmod></url><url>
	<loc> https://geoconnex.us/cuahsi/his/IEER_at_Wilkes_University/YGWO4.5 </loc>
		<lastmod> 2021-10-15 19:24:55.238704 </lastmod></url></ns0:url>
</ns0:urlset>