<ns0:urlset xmlns:ns0="http://www.sitemaps.org/schemas/sitemap/0.9">
    <ns0:url>
    <url>
	<loc> https://geoconnex.us/cuahsi/his/Mazar_River_Project/Mazar1 </loc>
		<lastmod> 2021-10-15 19:25:03.229384 </lastmod></url><url>
	<loc> https://geoconnex.us/cuahsi/his/Mazar_River_Project/La_Libertad </loc>
		<lastmod> 2021-10-15 19:25:03.229411 </lastmod></url><url>
	<loc> https://geoconnex.us/cuahsi/his/Mazar_River_Project/Rio_Mazar </loc>
		<lastmod> 2021-10-15 19:25:03.229427 </lastmod></url><url>
	<loc> https://geoconnex.us/cuahsi/his/Mazar_River_Project/Jennings </loc>
		<lastmod> 2021-10-15 19:25:03.229439 </lastmod></url><url>
	<loc> https://geoconnex.us/cuahsi/his/Mazar_River_Project/KOH </loc>
		<lastmod> 2021-10-15 19:25:03.229467 </lastmod></url><url>
	<loc> https://geoconnex.us/cuahsi/his/Mazar_River_Project/391423077150501 </loc>
		<lastmod> 2021-10-15 19:25:03.229477 </lastmod></url><url>
	<loc> https://geoconnex.us/cuahsi/his/Mazar_River_Project/391426077151701 </loc>
		<lastmod> 2021-10-15 19:25:03.229488 </lastmod></url><url>
	<loc> https://geoconnex.us/cuahsi/his/Mazar_River_Project/391421077153901 </loc>
		<lastmod> 2021-10-15 19:25:03.229499 </lastmod></url><url>
	<loc> https://geoconnex.us/cuahsi/his/Mazar_River_Project/391433077154101 </loc>
		<lastmod> 2021-10-15 19:25:03.229509 </lastmod></url><url>
	<loc> https://geoconnex.us/cuahsi/his/Mazar_River_Project/391425077160301 </loc>
		<lastmod> 2021-10-15 19:25:03.229519 </lastmod></url><url>
	<loc> https://geoconnex.us/cuahsi/his/Mazar_River_Project/391420077153301 </loc>
		<lastmod> 2021-10-15 19:25:03.229529 </lastmod></url><url>
	<loc> https://geoconnex.us/cuahsi/his/Mazar_River_Project/391359077152601 </loc>
		<lastmod> 2021-10-15 19:25:03.229538 </lastmod></url><url>
	<loc> https://geoconnex.us/cuahsi/his/Mazar_River_Project/wq7 </loc>
		<lastmod> 2021-10-15 19:25:03.229548 </lastmod></url><url>
	<loc> https://geoconnex.us/cuahsi/his/Mazar_River_Project/wq8 </loc>
		<lastmod> 2021-10-15 19:25:03.229558 </lastmod></url><url>
	<loc> https://geoconnex.us/cuahsi/his/Mazar_River_Project/wq117 </loc>
		<lastmod> 2021-10-15 19:25:03.229568 </lastmod></url><url>
	<loc> https://geoconnex.us/cuahsi/his/Mazar_River_Project/wq118 </loc>
		<lastmod> 2021-10-15 19:25:03.229578 </lastmod></url><url>
	<loc> https://geoconnex.us/cuahsi/his/Mazar_River_Project/wq119 </loc>
		<lastmod> 2021-10-15 19:25:03.229588 </lastmod></url><url>
	<loc> https://geoconnex.us/cuahsi/his/Mazar_River_Project/wq120 </loc>
		<lastmod> 2021-10-15 19:25:03.229598 </lastmod></url><url>
	<loc> https://geoconnex.us/cuahsi/his/Mazar_River_Project/wq127 </loc>
		<lastmod> 2021-10-15 19:25:03.229607 </lastmod></url><url>
	<loc> https://geoconnex.us/cuahsi/his/Mazar_River_Project/wq129 </loc>
		<lastmod> 2021-10-15 19:25:03.229617 </lastmod></url><url>
	<loc> https://geoconnex.us/cuahsi/his/Mazar_River_Project/wq131 </loc>
		<lastmod> 2021-10-15 19:25:03.229643 </lastmod></url><url>
	<loc> https://geoconnex.us/cuahsi/his/Mazar_River_Project/wq133 </loc>
		<lastmod> 2021-10-15 19:25:03.229653 </lastmod></url><url>
	<loc> https://geoconnex.us/cuahsi/his/Mazar_River_Project/wq134 </loc>
		<lastmod> 2021-10-15 19:25:03.229663 </lastmod></url><url>
	<loc> https://geoconnex.us/cuahsi/his/Mazar_River_Project/wq135 </loc>
		<lastmod> 2021-10-15 19:25:03.229672 </lastmod></url><url>
	<loc> https://geoconnex.us/cuahsi/his/Mazar_River_Project/wq136 </loc>
		<lastmod> 2021-10-15 19:25:03.229682 </lastmod></url><url>
	<loc> https://geoconnex.us/cuahsi/his/Mazar_River_Project/wq138 </loc>
		<lastmod> 2021-10-15 19:25:03.229691 </lastmod></url><url>
	<loc> https://geoconnex.us/cuahsi/his/Mazar_River_Project/wq139 </loc>
		<lastmod> 2021-10-15 19:25:03.229701 </lastmod></url><url>
	<loc> https://geoconnex.us/cuahsi/his/Mazar_River_Project/wq140 </loc>
		<lastmod> 2021-10-15 19:25:03.229711 </lastmod></url><url>
	<loc> https://geoconnex.us/cuahsi/his/Mazar_River_Project/wq143 </loc>
		<lastmod> 2021-10-15 19:25:03.229721 </lastmod></url><url>
	<loc> https://geoconnex.us/cuahsi/his/Mazar_River_Project/wq193 </loc>
		<lastmod> 2021-10-15 19:25:03.229730 </lastmod></url><url>
	<loc> https://geoconnex.us/cuahsi/his/Mazar_River_Project/wq221 </loc>
		<lastmod> 2021-10-15 19:25:03.229740 </lastmod></url><url>
	<loc> https://geoconnex.us/cuahsi/his/Mazar_River_Project/wq222 </loc>
		<lastmod> 2021-10-15 19:25:03.229750 </lastmod></url><url>
	<loc> https://geoconnex.us/cuahsi/his/Mazar_River_Project/wq224 </loc>
		<lastmod> 2021-10-15 19:25:03.229759 </lastmod></url><url>
	<loc> https://geoconnex.us/cuahsi/his/Mazar_River_Project/wq225 </loc>
		<lastmod> 2021-10-15 19:25:03.229769 </lastmod></url><url>
	<loc> https://geoconnex.us/cuahsi/his/Mazar_River_Project/wq226 </loc>
		<lastmod> 2021-10-15 19:25:03.229778 </lastmod></url><url>
	<loc> https://geoconnex.us/cuahsi/his/Mazar_River_Project/wq227 </loc>
		<lastmod> 2021-10-15 19:25:03.229788 </lastmod></url><url>
	<loc> https://geoconnex.us/cuahsi/his/Mazar_River_Project/wq228 </loc>
		<lastmod> 2021-10-15 19:25:03.229816 </lastmod></url><url>
	<loc> https://geoconnex.us/cuahsi/his/Mazar_River_Project/wq233 </loc>
		<lastmod> 2021-10-15 19:25:03.229825 </lastmod></url><url>
	<loc> https://geoconnex.us/cuahsi/his/Mazar_River_Project/wq234 </loc>
		<lastmod> 2021-10-15 19:25:03.229835 </lastmod></url><url>
	<loc> https://geoconnex.us/cuahsi/his/Mazar_River_Project/wq235 </loc>
		<lastmod> 2021-10-15 19:25:03.229844 </lastmod></url><url>
	<loc> https://geoconnex.us/cuahsi/his/Mazar_River_Project/wq236 </loc>
		<lastmod> 2021-10-15 19:25:03.229853 </lastmod></url><url>
	<loc> https://geoconnex.us/cuahsi/his/Mazar_River_Project/wq238 </loc>
		<lastmod> 2021-10-15 19:25:03.229862 </lastmod></url><url>
	<loc> https://geoconnex.us/cuahsi/his/Mazar_River_Project/wq239 </loc>
		<lastmod> 2021-10-15 19:25:03.229872 </lastmod></url><url>
	<loc> https://geoconnex.us/cuahsi/his/Mazar_River_Project/wq240 </loc>
		<lastmod> 2021-10-15 19:25:03.229881 </lastmod></url><url>
	<loc> https://geoconnex.us/cuahsi/his/Mazar_River_Project/wq241 </loc>
		<lastmod> 2021-10-15 19:25:03.229890 </lastmod></url><url>
	<loc> https://geoconnex.us/cuahsi/his/Mazar_River_Project/wq253 </loc>
		<lastmod> 2021-10-15 19:25:03.229899 </lastmod></url><url>
	<loc> https://geoconnex.us/cuahsi/his/Mazar_River_Project/wq255 </loc>
		<lastmod> 2021-10-15 19:25:03.229908 </lastmod></url><url>
	<loc> https://geoconnex.us/cuahsi/his/Mazar_River_Project/wq259 </loc>
		<lastmod> 2021-10-15 19:25:03.229918 </lastmod></url><url>
	<loc> https://geoconnex.us/cuahsi/his/Mazar_River_Project/wq260 </loc>
		<lastmod> 2021-10-15 19:25:03.229945 </lastmod></url><url>
	<loc> https://geoconnex.us/cuahsi/his/Mazar_River_Project/wq261 </loc>
		<lastmod> 2021-10-15 19:25:03.229955 </lastmod></url><url>
	<loc> https://geoconnex.us/cuahsi/his/Mazar_River_Project/wq262 </loc>
		<lastmod> 2021-10-15 19:25:03.229964 </lastmod></url><url>
	<loc> https://geoconnex.us/cuahsi/his/Mazar_River_Project/wq264 </loc>
		<lastmod> 2021-10-15 19:25:03.229995 </lastmod></url><url>
	<loc> https://geoconnex.us/cuahsi/his/Mazar_River_Project/wq265 </loc>
		<lastmod> 2021-10-15 19:25:03.230004 </lastmod></url><url>
	<loc> https://geoconnex.us/cuahsi/his/Mazar_River_Project/wq266 </loc>
		<lastmod> 2021-10-15 19:25:03.230014 </lastmod></url><url>
	<loc> https://geoconnex.us/cuahsi/his/Mazar_River_Project/wq267 </loc>
		<lastmod> 2021-10-15 19:25:03.230024 </lastmod></url><url>
	<loc> https://geoconnex.us/cuahsi/his/Mazar_River_Project/wq268 </loc>
		<lastmod> 2021-10-15 19:25:03.230033 </lastmod></url><url>
	<loc> https://geoconnex.us/cuahsi/his/Mazar_River_Project/wq269 </loc>
		<lastmod> 2021-10-15 19:25:03.230043 </lastmod></url><url>
	<loc> https://geoconnex.us/cuahsi/his/Mazar_River_Project/wq270 </loc>
		<lastmod> 2021-10-15 19:25:03.230071 </lastmod></url><url>
	<loc> https://geoconnex.us/cuahsi/his/Mazar_River_Project/wq271 </loc>
		<lastmod> 2021-10-15 19:25:03.230081 </lastmod></url><url>
	<loc> https://geoconnex.us/cuahsi/his/Mazar_River_Project/wq272 </loc>
		<lastmod> 2021-10-15 19:25:03.230091 </lastmod></url><url>
	<loc> https://geoconnex.us/cuahsi/his/Mazar_River_Project/wq275 </loc>
		<lastmod> 2021-10-15 19:25:03.230101 </lastmod></url><url>
	<loc> https://geoconnex.us/cuahsi/his/Mazar_River_Project/wq290 </loc>
		<lastmod> 2021-10-15 19:25:03.230111 </lastmod></url><url>
	<loc> https://geoconnex.us/cuahsi/his/Mazar_River_Project/wq296 </loc>
		<lastmod> 2021-10-15 19:25:03.230121 </lastmod></url><url>
	<loc> https://geoconnex.us/cuahsi/his/Mazar_River_Project/wq297 </loc>
		<lastmod> 2021-10-15 19:25:03.230131 </lastmod></url><url>
	<loc> https://geoconnex.us/cuahsi/his/Mazar_River_Project/wq299 </loc>
		<lastmod> 2021-10-15 19:25:03.230141 </lastmod></url><url>
	<loc> https://geoconnex.us/cuahsi/his/Mazar_River_Project/wq300 </loc>
		<lastmod> 2021-10-15 19:25:03.230151 </lastmod></url><url>
	<loc> https://geoconnex.us/cuahsi/his/Mazar_River_Project/wq301 </loc>
		<lastmod> 2021-10-15 19:25:03.230161 </lastmod></url><url>
	<loc> https://geoconnex.us/cuahsi/his/Mazar_River_Project/wq302 </loc>
		<lastmod> 2021-10-15 19:25:03.230418 </lastmod></url><url>
	<loc> https://geoconnex.us/cuahsi/his/Mazar_River_Project/wq303 </loc>
		<lastmod> 2021-10-15 19:25:03.230432 </lastmod></url><url>
	<loc> https://geoconnex.us/cuahsi/his/Mazar_River_Project/wq304 </loc>
		<lastmod> 2021-10-15 19:25:03.230443 </lastmod></url><url>
	<loc> https://geoconnex.us/cuahsi/his/Mazar_River_Project/wq305 </loc>
		<lastmod> 2021-10-15 19:25:03.230474 </lastmod></url><url>
	<loc> https://geoconnex.us/cuahsi/his/Mazar_River_Project/wq306 </loc>
		<lastmod> 2021-10-15 19:25:03.230508 </lastmod></url><url>
	<loc> https://geoconnex.us/cuahsi/his/Mazar_River_Project/wq308 </loc>
		<lastmod> 2021-10-15 19:25:03.230519 </lastmod></url><url>
	<loc> https://geoconnex.us/cuahsi/his/Mazar_River_Project/wq309 </loc>
		<lastmod> 2021-10-15 19:25:03.230530 </lastmod></url><url>
	<loc> https://geoconnex.us/cuahsi/his/Mazar_River_Project/wq310 </loc>
		<lastmod> 2021-10-15 19:25:03.230699 </lastmod></url><url>
	<loc> https://geoconnex.us/cuahsi/his/Mazar_River_Project/wq311 </loc>
		<lastmod> 2021-10-15 19:25:03.230719 </lastmod></url><url>
	<loc> https://geoconnex.us/cuahsi/his/Mazar_River_Project/wq312 </loc>
		<lastmod> 2021-10-15 19:25:03.230731 </lastmod></url><url>
	<loc> https://geoconnex.us/cuahsi/his/Mazar_River_Project/wq325 </loc>
		<lastmod> 2021-10-15 19:25:03.230742 </lastmod></url><url>
	<loc> https://geoconnex.us/cuahsi/his/Mazar_River_Project/wq326 </loc>
		<lastmod> 2021-10-15 19:25:03.230753 </lastmod></url><url>
	<loc> https://geoconnex.us/cuahsi/his/Mazar_River_Project/wq456 </loc>
		<lastmod> 2021-10-15 19:25:03.230764 </lastmod></url><url>
	<loc> https://geoconnex.us/cuahsi/his/Mazar_River_Project/wq457 </loc>
		<lastmod> 2021-10-15 19:25:03.230774 </lastmod></url><url>
	<loc> https://geoconnex.us/cuahsi/his/Mazar_River_Project/wq475 </loc>
		<lastmod> 2021-10-15 19:25:03.230785 </lastmod></url><url>
	<loc> https://geoconnex.us/cuahsi/his/Mazar_River_Project/wq477 </loc>
		<lastmod> 2021-10-15 19:25:03.230796 </lastmod></url><url>
	<loc> https://geoconnex.us/cuahsi/his/Mazar_River_Project/wq478 </loc>
		<lastmod> 2021-10-15 19:25:03.230806 </lastmod></url><url>
	<loc> https://geoconnex.us/cuahsi/his/Mazar_River_Project/wq480 </loc>
		<lastmod> 2021-10-15 19:25:03.230817 </lastmod></url><url>
	<loc> https://geoconnex.us/cuahsi/his/Mazar_River_Project/wq482 </loc>
		<lastmod> 2021-10-15 19:25:03.230827 </lastmod></url><url>
	<loc> https://geoconnex.us/cuahsi/his/Mazar_River_Project/wq484 </loc>
		<lastmod> 2021-10-15 19:25:03.230854 </lastmod></url><url>
	<loc> https://geoconnex.us/cuahsi/his/Mazar_River_Project/wq553 </loc>
		<lastmod> 2021-10-15 19:25:03.230865 </lastmod></url><url>
	<loc> https://geoconnex.us/cuahsi/his/Mazar_River_Project/wq554 </loc>
		<lastmod> 2021-10-15 19:25:03.230875 </lastmod></url><url>
	<loc> https://geoconnex.us/cuahsi/his/Mazar_River_Project/wq555 </loc>
		<lastmod> 2021-10-15 19:25:03.230886 </lastmod></url><url>
	<loc> https://geoconnex.us/cuahsi/his/Mazar_River_Project/wq563 </loc>
		<lastmod> 2021-10-15 19:25:03.230896 </lastmod></url><url>
	<loc> https://geoconnex.us/cuahsi/his/Mazar_River_Project/wq566 </loc>
		<lastmod> 2021-10-15 19:25:03.230907 </lastmod></url><url>
	<loc> https://geoconnex.us/cuahsi/his/Mazar_River_Project/wq567 </loc>
		<lastmod> 2021-10-15 19:25:03.230917 </lastmod></url><url>
	<loc> https://geoconnex.us/cuahsi/his/Mazar_River_Project/wq568 </loc>
		<lastmod> 2021-10-15 19:25:03.230928 </lastmod></url><url>
	<loc> https://geoconnex.us/cuahsi/his/Mazar_River_Project/wq569 </loc>
		<lastmod> 2021-10-15 19:25:03.230938 </lastmod></url><url>
	<loc> https://geoconnex.us/cuahsi/his/Mazar_River_Project/wq572 </loc>
		<lastmod> 2021-10-15 19:25:03.230948 </lastmod></url><url>
	<loc> https://geoconnex.us/cuahsi/his/Mazar_River_Project/wq586 </loc>
		<lastmod> 2021-10-15 19:25:03.230959 </lastmod></url><url>
	<loc> https://geoconnex.us/cuahsi/his/Mazar_River_Project/wq872 </loc>
		<lastmod> 2021-10-15 19:25:03.230969 </lastmod></url><url>
	<loc> https://geoconnex.us/cuahsi/his/Mazar_River_Project/wq874 </loc>
		<lastmod> 2021-10-15 19:25:03.230997 </lastmod></url><url>
	<loc> https://geoconnex.us/cuahsi/his/Mazar_River_Project/wq880 </loc>
		<lastmod> 2021-10-15 19:25:03.231008 </lastmod></url><url>
	<loc> https://geoconnex.us/cuahsi/his/Mazar_River_Project/wq925 </loc>
		<lastmod> 2021-10-15 19:25:03.231045 </lastmod></url><url>
	<loc> https://geoconnex.us/cuahsi/his/Mazar_River_Project/wq926 </loc>
		<lastmod> 2021-10-15 19:25:03.231056 </lastmod></url><url>
	<loc> https://geoconnex.us/cuahsi/his/Mazar_River_Project/wq927 </loc>
		<lastmod> 2021-10-15 19:25:03.231067 </lastmod></url><url>
	<loc> https://geoconnex.us/cuahsi/his/Mazar_River_Project/wq928 </loc>
		<lastmod> 2021-10-15 19:25:03.231078 </lastmod></url><url>
	<loc> https://geoconnex.us/cuahsi/his/Mazar_River_Project/wq929 </loc>
		<lastmod> 2021-10-15 19:25:03.231089 </lastmod></url><url>
	<loc> https://geoconnex.us/cuahsi/his/Mazar_River_Project/wq1155 </loc>
		<lastmod> 2021-10-15 19:25:03.231127 </lastmod></url><url>
	<loc> https://geoconnex.us/cuahsi/his/Mazar_River_Project/wq1159 </loc>
		<lastmod> 2021-10-15 19:25:03.231138 </lastmod></url><url>
	<loc> https://geoconnex.us/cuahsi/his/Mazar_River_Project/wq1167 </loc>
		<lastmod> 2021-10-15 19:25:03.231150 </lastmod></url><url>
	<loc> https://geoconnex.us/cuahsi/his/Mazar_River_Project/wq1169 </loc>
		<lastmod> 2021-10-15 19:25:03.231162 </lastmod></url><url>
	<loc> https://geoconnex.us/cuahsi/his/Mazar_River_Project/wq1170 </loc>
		<lastmod> 2021-10-15 19:25:03.231173 </lastmod></url><url>
	<loc> https://geoconnex.us/cuahsi/his/Mazar_River_Project/wq1171 </loc>
		<lastmod> 2021-10-15 19:25:03.231185 </lastmod></url><url>
	<loc> https://geoconnex.us/cuahsi/his/Mazar_River_Project/wq1174 </loc>
		<lastmod> 2021-10-15 19:25:03.231196 </lastmod></url><url>
	<loc> https://geoconnex.us/cuahsi/his/Mazar_River_Project/wq1201 </loc>
		<lastmod> 2021-10-15 19:25:03.231227 </lastmod></url><url>
	<loc> https://geoconnex.us/cuahsi/his/Mazar_River_Project/wq1202 </loc>
		<lastmod> 2021-10-15 19:25:03.231238 </lastmod></url><url>
	<loc> https://geoconnex.us/cuahsi/his/Mazar_River_Project/wq1203 </loc>
		<lastmod> 2021-10-15 19:25:03.231249 </lastmod></url><url>
	<loc> https://geoconnex.us/cuahsi/his/Mazar_River_Project/wq1204 </loc>
		<lastmod> 2021-10-15 19:25:03.231260 </lastmod></url><url>
	<loc> https://geoconnex.us/cuahsi/his/Mazar_River_Project/wq1205 </loc>
		<lastmod> 2021-10-15 19:25:03.231271 </lastmod></url><url>
	<loc> https://geoconnex.us/cuahsi/his/Mazar_River_Project/wq1206 </loc>
		<lastmod> 2021-10-15 19:25:03.231282 </lastmod></url><url>
	<loc> https://geoconnex.us/cuahsi/his/Mazar_River_Project/wq1207 </loc>
		<lastmod> 2021-10-15 19:25:03.231292 </lastmod></url><url>
	<loc> https://geoconnex.us/cuahsi/his/Mazar_River_Project/wq1208 </loc>
		<lastmod> 2021-10-15 19:25:03.231303 </lastmod></url><url>
	<loc> https://geoconnex.us/cuahsi/his/Mazar_River_Project/wq1211 </loc>
		<lastmod> 2021-10-15 19:25:03.231314 </lastmod></url><url>
	<loc> https://geoconnex.us/cuahsi/his/Mazar_River_Project/wq1220 </loc>
		<lastmod> 2021-10-15 19:25:03.231325 </lastmod></url><url>
	<loc> https://geoconnex.us/cuahsi/his/Mazar_River_Project/wq1245 </loc>
		<lastmod> 2021-10-15 19:25:03.231336 </lastmod></url><url>
	<loc> https://geoconnex.us/cuahsi/his/Mazar_River_Project/wq1256 </loc>
		<lastmod> 2021-10-15 19:25:03.231363 </lastmod></url><url>
	<loc> https://geoconnex.us/cuahsi/his/Mazar_River_Project/wq1259 </loc>
		<lastmod> 2021-10-15 19:25:03.231392 </lastmod></url><url>
	<loc> https://geoconnex.us/cuahsi/his/Mazar_River_Project/wq1260 </loc>
		<lastmod> 2021-10-15 19:25:03.231419 </lastmod></url><url>
	<loc> https://geoconnex.us/cuahsi/his/Mazar_River_Project/wq1262 </loc>
		<lastmod> 2021-10-15 19:25:03.231430 </lastmod></url><url>
	<loc> https://geoconnex.us/cuahsi/his/Mazar_River_Project/wq1263 </loc>
		<lastmod> 2021-10-15 19:25:03.231441 </lastmod></url><url>
	<loc> https://geoconnex.us/cuahsi/his/Mazar_River_Project/wq1282 </loc>
		<lastmod> 2021-10-15 19:25:03.231468 </lastmod></url><url>
	<loc> https://geoconnex.us/cuahsi/his/Mazar_River_Project/wq1296 </loc>
		<lastmod> 2021-10-15 19:25:03.231501 </lastmod></url><url>
	<loc> https://geoconnex.us/cuahsi/his/Mazar_River_Project/wq1312 </loc>
		<lastmod> 2021-10-15 19:25:03.231533 </lastmod></url><url>
	<loc> https://geoconnex.us/cuahsi/his/Mazar_River_Project/wq1328 </loc>
		<lastmod> 2021-10-15 19:25:03.231544 </lastmod></url><url>
	<loc> https://geoconnex.us/cuahsi/his/Mazar_River_Project/wq1329 </loc>
		<lastmod> 2021-10-15 19:25:03.231555 </lastmod></url><url>
	<loc> https://geoconnex.us/cuahsi/his/Mazar_River_Project/wq1331 </loc>
		<lastmod> 2021-10-15 19:25:03.231566 </lastmod></url><url>
	<loc> https://geoconnex.us/cuahsi/his/Mazar_River_Project/wq1332 </loc>
		<lastmod> 2021-10-15 19:25:03.231596 </lastmod></url><url>
	<loc> https://geoconnex.us/cuahsi/his/Mazar_River_Project/wq1333 </loc>
		<lastmod> 2021-10-15 19:25:03.231607 </lastmod></url><url>
	<loc> https://geoconnex.us/cuahsi/his/Mazar_River_Project/wq1334 </loc>
		<lastmod> 2021-10-15 19:25:03.231619 </lastmod></url><url>
	<loc> https://geoconnex.us/cuahsi/his/Mazar_River_Project/wq1335 </loc>
		<lastmod> 2021-10-15 19:25:03.231630 </lastmod></url><url>
	<loc> https://geoconnex.us/cuahsi/his/Mazar_River_Project/wq1353 </loc>
		<lastmod> 2021-10-15 19:25:03.231641 </lastmod></url><url>
	<loc> https://geoconnex.us/cuahsi/his/Mazar_River_Project/wq1354 </loc>
		<lastmod> 2021-10-15 19:25:03.231653 </lastmod></url><url>
	<loc> https://geoconnex.us/cuahsi/his/Mazar_River_Project/wq1355 </loc>
		<lastmod> 2021-10-15 19:25:03.231664 </lastmod></url><url>
	<loc> https://geoconnex.us/cuahsi/his/Mazar_River_Project/wq1356 </loc>
		<lastmod> 2021-10-15 19:25:03.231676 </lastmod></url><url>
	<loc> https://geoconnex.us/cuahsi/his/Mazar_River_Project/wq1357 </loc>
		<lastmod> 2021-10-15 19:25:03.231750 </lastmod></url><url>
	<loc> https://geoconnex.us/cuahsi/his/Mazar_River_Project/wq1358 </loc>
		<lastmod> 2021-10-15 19:25:03.231763 </lastmod></url><url>
	<loc> https://geoconnex.us/cuahsi/his/Mazar_River_Project/wq1359 </loc>
		<lastmod> 2021-10-15 19:25:03.231775 </lastmod></url><url>
	<loc> https://geoconnex.us/cuahsi/his/Mazar_River_Project/wq1361 </loc>
		<lastmod> 2021-10-15 19:25:03.231785 </lastmod></url><url>
	<loc> https://geoconnex.us/cuahsi/his/Mazar_River_Project/wq1362 </loc>
		<lastmod> 2021-10-15 19:25:03.231813 </lastmod></url><url>
	<loc> https://geoconnex.us/cuahsi/his/Mazar_River_Project/wq1363 </loc>
		<lastmod> 2021-10-15 19:25:03.231840 </lastmod></url><url>
	<loc> https://geoconnex.us/cuahsi/his/Mazar_River_Project/wq1367 </loc>
		<lastmod> 2021-10-15 19:25:03.231851 </lastmod></url><url>
	<loc> https://geoconnex.us/cuahsi/his/Mazar_River_Project/wq1375 </loc>
		<lastmod> 2021-10-15 19:25:03.231886 </lastmod></url><url>
	<loc> https://geoconnex.us/cuahsi/his/Mazar_River_Project/wq1398 </loc>
		<lastmod> 2021-10-15 19:25:03.231902 </lastmod></url><url>
	<loc> https://geoconnex.us/cuahsi/his/Mazar_River_Project/wq1400 </loc>
		<lastmod> 2021-10-15 19:25:03.231913 </lastmod></url><url>
	<loc> https://geoconnex.us/cuahsi/his/Mazar_River_Project/wq1445 </loc>
		<lastmod> 2021-10-15 19:25:03.231924 </lastmod></url><url>
	<loc> https://geoconnex.us/cuahsi/his/Mazar_River_Project/wq1447 </loc>
		<lastmod> 2021-10-15 19:25:03.231935 </lastmod></url><url>
	<loc> https://geoconnex.us/cuahsi/his/Mazar_River_Project/wq1456 </loc>
		<lastmod> 2021-10-15 19:25:03.231946 </lastmod></url><url>
	<loc> https://geoconnex.us/cuahsi/his/Mazar_River_Project/wq1460 </loc>
		<lastmod> 2021-10-15 19:25:03.231956 </lastmod></url><url>
	<loc> https://geoconnex.us/cuahsi/his/Mazar_River_Project/wq1462 </loc>
		<lastmod> 2021-10-15 19:25:03.232013 </lastmod></url><url>
	<loc> https://geoconnex.us/cuahsi/his/Mazar_River_Project/wq1472 </loc>
		<lastmod> 2021-10-15 19:25:03.232027 </lastmod></url><url>
	<loc> https://geoconnex.us/cuahsi/his/Mazar_River_Project/wq1473 </loc>
		<lastmod> 2021-10-15 19:25:03.232038 </lastmod></url><url>
	<loc> https://geoconnex.us/cuahsi/his/Mazar_River_Project/wq1490 </loc>
		<lastmod> 2021-10-15 19:25:03.232049 </lastmod></url><url>
	<loc> https://geoconnex.us/cuahsi/his/Mazar_River_Project/wq1492 </loc>
		<lastmod> 2021-10-15 19:25:03.232060 </lastmod></url><url>
	<loc> https://geoconnex.us/cuahsi/his/Mazar_River_Project/wq1494 </loc>
		<lastmod> 2021-10-15 19:25:03.232071 </lastmod></url><url>
	<loc> https://geoconnex.us/cuahsi/his/Mazar_River_Project/wq1495 </loc>
		<lastmod> 2021-10-15 19:25:03.232082 </lastmod></url><url>
	<loc> https://geoconnex.us/cuahsi/his/Mazar_River_Project/wq1531 </loc>
		<lastmod> 2021-10-15 19:25:03.232093 </lastmod></url><url>
	<loc> https://geoconnex.us/cuahsi/his/Mazar_River_Project/wq1532 </loc>
		<lastmod> 2021-10-15 19:25:03.232104 </lastmod></url><url>
	<loc> https://geoconnex.us/cuahsi/his/Mazar_River_Project/wq1533 </loc>
		<lastmod> 2021-10-15 19:25:03.232115 </lastmod></url><url>
	<loc> https://geoconnex.us/cuahsi/his/Mazar_River_Project/wq1534 </loc>
		<lastmod> 2021-10-15 19:25:03.232127 </lastmod></url><url>
	<loc> https://geoconnex.us/cuahsi/his/Mazar_River_Project/wq1535 </loc>
		<lastmod> 2021-10-15 19:25:03.232138 </lastmod></url><url>
	<loc> https://geoconnex.us/cuahsi/his/Mazar_River_Project/wq1536 </loc>
		<lastmod> 2021-10-15 19:25:03.232150 </lastmod></url><url>
	<loc> https://geoconnex.us/cuahsi/his/Mazar_River_Project/wq1537 </loc>
		<lastmod> 2021-10-15 19:25:03.232161 </lastmod></url><url>
	<loc> https://geoconnex.us/cuahsi/his/Mazar_River_Project/wq1538 </loc>
		<lastmod> 2021-10-15 19:25:03.232172 </lastmod></url><url>
	<loc> https://geoconnex.us/cuahsi/his/Mazar_River_Project/wq1539 </loc>
		<lastmod> 2021-10-15 19:25:03.232183 </lastmod></url><url>
	<loc> https://geoconnex.us/cuahsi/his/Mazar_River_Project/wq1540 </loc>
		<lastmod> 2021-10-15 19:25:03.232195 </lastmod></url><url>
	<loc> https://geoconnex.us/cuahsi/his/Mazar_River_Project/wq1541 </loc>
		<lastmod> 2021-10-15 19:25:03.232206 </lastmod></url><url>
	<loc> https://geoconnex.us/cuahsi/his/Mazar_River_Project/wq1542 </loc>
		<lastmod> 2021-10-15 19:25:03.232217 </lastmod></url><url>
	<loc> https://geoconnex.us/cuahsi/his/Mazar_River_Project/wq1543 </loc>
		<lastmod> 2021-10-15 19:25:03.232246 </lastmod></url><url>
	<loc> https://geoconnex.us/cuahsi/his/Mazar_River_Project/wq1544 </loc>
		<lastmod> 2021-10-15 19:25:03.232258 </lastmod></url><url>
	<loc> https://geoconnex.us/cuahsi/his/Mazar_River_Project/wq1588 </loc>
		<lastmod> 2021-10-15 19:25:03.232269 </lastmod></url><url>
	<loc> https://geoconnex.us/cuahsi/his/Mazar_River_Project/wq1591 </loc>
		<lastmod> 2021-10-15 19:25:03.232297 </lastmod></url><url>
	<loc> https://geoconnex.us/cuahsi/his/Mazar_River_Project/wq1595 </loc>
		<lastmod> 2021-10-15 19:25:03.232326 </lastmod></url><url>
	<loc> https://geoconnex.us/cuahsi/his/Mazar_River_Project/wq1596 </loc>
		<lastmod> 2021-10-15 19:25:03.232337 </lastmod></url><url>
	<loc> https://geoconnex.us/cuahsi/his/Mazar_River_Project/wq1629 </loc>
		<lastmod> 2021-10-15 19:25:03.232349 </lastmod></url><url>
	<loc> https://geoconnex.us/cuahsi/his/Mazar_River_Project/wq1657 </loc>
		<lastmod> 2021-10-15 19:25:03.232360 </lastmod></url><url>
	<loc> https://geoconnex.us/cuahsi/his/Mazar_River_Project/wq1671 </loc>
		<lastmod> 2021-10-15 19:25:03.232371 </lastmod></url><url>
	<loc> https://geoconnex.us/cuahsi/his/Mazar_River_Project/wq1681 </loc>
		<lastmod> 2021-10-15 19:25:03.232383 </lastmod></url><url>
	<loc> https://geoconnex.us/cuahsi/his/Mazar_River_Project/wq1749 </loc>
		<lastmod> 2021-10-15 19:25:03.232395 </lastmod></url><url>
	<loc> https://geoconnex.us/cuahsi/his/Mazar_River_Project/wq1750 </loc>
		<lastmod> 2021-10-15 19:25:03.232407 </lastmod></url><url>
	<loc> https://geoconnex.us/cuahsi/his/Mazar_River_Project/wq1751 </loc>
		<lastmod> 2021-10-15 19:25:03.232418 </lastmod></url><url>
	<loc> https://geoconnex.us/cuahsi/his/Mazar_River_Project/wq1752 </loc>
		<lastmod> 2021-10-15 19:25:03.232430 </lastmod></url><url>
	<loc> https://geoconnex.us/cuahsi/his/Mazar_River_Project/wq1753 </loc>
		<lastmod> 2021-10-15 19:25:03.232441 </lastmod></url><url>
	<loc> https://geoconnex.us/cuahsi/his/Mazar_River_Project/wq1759 </loc>
		<lastmod> 2021-10-15 19:25:03.232453 </lastmod></url><url>
	<loc> https://geoconnex.us/cuahsi/his/Mazar_River_Project/wq1761 </loc>
		<lastmod> 2021-10-15 19:25:03.232464 </lastmod></url><url>
	<loc> https://geoconnex.us/cuahsi/his/Mazar_River_Project/wq1763 </loc>
		<lastmod> 2021-10-15 19:25:03.232476 </lastmod></url><url>
	<loc> https://geoconnex.us/cuahsi/his/Mazar_River_Project/wq1850 </loc>
		<lastmod> 2021-10-15 19:25:03.232487 </lastmod></url><url>
	<loc> https://geoconnex.us/cuahsi/his/Mazar_River_Project/wq1852 </loc>
		<lastmod> 2021-10-15 19:25:03.232499 </lastmod></url><url>
	<loc> https://geoconnex.us/cuahsi/his/Mazar_River_Project/wq1853 </loc>
		<lastmod> 2021-10-15 19:25:03.232511 </lastmod></url><url>
	<loc> https://geoconnex.us/cuahsi/his/Mazar_River_Project/wq1858 </loc>
		<lastmod> 2021-10-15 19:25:03.232538 </lastmod></url><url>
	<loc> https://geoconnex.us/cuahsi/his/Mazar_River_Project/wq1864 </loc>
		<lastmod> 2021-10-15 19:25:03.232550 </lastmod></url><url>
	<loc> https://geoconnex.us/cuahsi/his/Mazar_River_Project/wq1873 </loc>
		<lastmod> 2021-10-15 19:25:03.232562 </lastmod></url><url>
	<loc> https://geoconnex.us/cuahsi/his/Mazar_River_Project/wq1875 </loc>
		<lastmod> 2021-10-15 19:25:03.232573 </lastmod></url><url>
	<loc> https://geoconnex.us/cuahsi/his/Mazar_River_Project/wq1877 </loc>
		<lastmod> 2021-10-15 19:25:03.232584 </lastmod></url><url>
	<loc> https://geoconnex.us/cuahsi/his/Mazar_River_Project/wq1878 </loc>
		<lastmod> 2021-10-15 19:25:03.232595 </lastmod></url><url>
	<loc> https://geoconnex.us/cuahsi/his/Mazar_River_Project/wq1879 </loc>
		<lastmod> 2021-10-15 19:25:03.232639 </lastmod></url><url>
	<loc> https://geoconnex.us/cuahsi/his/Mazar_River_Project/wq2029 </loc>
		<lastmod> 2021-10-15 19:25:03.232650 </lastmod></url><url>
	<loc> https://geoconnex.us/cuahsi/his/Mazar_River_Project/wq2032 </loc>
		<lastmod> 2021-10-15 19:25:03.232677 </lastmod></url><url>
	<loc> https://geoconnex.us/cuahsi/his/Mazar_River_Project/wq2033 </loc>
		<lastmod> 2021-10-15 19:25:03.232687 </lastmod></url><url>
	<loc> https://geoconnex.us/cuahsi/his/Mazar_River_Project/wq2101 </loc>
		<lastmod> 2021-10-15 19:25:03.232715 </lastmod></url><url>
	<loc> https://geoconnex.us/cuahsi/his/Mazar_River_Project/wq2121 </loc>
		<lastmod> 2021-10-15 19:25:03.232725 </lastmod></url><url>
	<loc> https://geoconnex.us/cuahsi/his/Mazar_River_Project/wq2123 </loc>
		<lastmod> 2021-10-15 19:25:03.232734 </lastmod></url><url>
	<loc> https://geoconnex.us/cuahsi/his/Mazar_River_Project/wq2124 </loc>
		<lastmod> 2021-10-15 19:25:03.232744 </lastmod></url><url>
	<loc> https://geoconnex.us/cuahsi/his/Mazar_River_Project/wq2125 </loc>
		<lastmod> 2021-10-15 19:25:03.232754 </lastmod></url><url>
	<loc> https://geoconnex.us/cuahsi/his/Mazar_River_Project/wq2126 </loc>
		<lastmod> 2021-10-15 19:25:03.232763 </lastmod></url><url>
	<loc> https://geoconnex.us/cuahsi/his/Mazar_River_Project/wq2129 </loc>
		<lastmod> 2021-10-15 19:25:03.232773 </lastmod></url><url>
	<loc> https://geoconnex.us/cuahsi/his/Mazar_River_Project/wq2132 </loc>
		<lastmod> 2021-10-15 19:25:03.232783 </lastmod></url><url>
	<loc> https://geoconnex.us/cuahsi/his/Mazar_River_Project/wq2133 </loc>
		<lastmod> 2021-10-15 19:25:03.232792 </lastmod></url><url>
	<loc> https://geoconnex.us/cuahsi/his/Mazar_River_Project/wq2135 </loc>
		<lastmod> 2021-10-15 19:25:03.232802 </lastmod></url><url>
	<loc> https://geoconnex.us/cuahsi/his/Mazar_River_Project/wq2136 </loc>
		<lastmod> 2021-10-15 19:25:03.232812 </lastmod></url><url>
	<loc> https://geoconnex.us/cuahsi/his/Mazar_River_Project/wq2256 </loc>
		<lastmod> 2021-10-15 19:25:03.232821 </lastmod></url><url>
	<loc> https://geoconnex.us/cuahsi/his/Mazar_River_Project/wq2257 </loc>
		<lastmod> 2021-10-15 19:25:03.232831 </lastmod></url><url>
	<loc> https://geoconnex.us/cuahsi/his/Mazar_River_Project/wq2371 </loc>
		<lastmod> 2021-10-15 19:25:03.232841 </lastmod></url><url>
	<loc> https://geoconnex.us/cuahsi/his/Mazar_River_Project/wq2775 </loc>
		<lastmod> 2021-10-15 19:25:03.232851 </lastmod></url><url>
	<loc> https://geoconnex.us/cuahsi/his/Mazar_River_Project/wq2780 </loc>
		<lastmod> 2021-10-15 19:25:03.232861 </lastmod></url><url>
	<loc> https://geoconnex.us/cuahsi/his/Mazar_River_Project/wq2781 </loc>
		<lastmod> 2021-10-15 19:25:03.232870 </lastmod></url><url>
	<loc> https://geoconnex.us/cuahsi/his/Mazar_River_Project/wq2782 </loc>
		<lastmod> 2021-10-15 19:25:03.232880 </lastmod></url></ns0:url>
</ns0:urlset>