<ns0:urlset xmlns:ns0="http://www.sitemaps.org/schemas/sitemap/0.9">
    <ns0:url>
    <url>
	<loc> https://geoconnex.us/cuahsi/his/czo_merced/UpMetN </loc>
		<lastmod> 2021-10-15 19:24:58.005604 </lastmod></url><url>
	<loc> https://geoconnex.us/cuahsi/his/czo_merced/UpMetN_cdde </loc>
		<lastmod> 2021-10-15 19:24:58.005629 </lastmod></url><url>
	<loc> https://geoconnex.us/cuahsi/his/czo_merced/UpMetN_cduc </loc>
		<lastmod> 2021-10-15 19:24:58.005642 </lastmod></url><url>
	<loc> https://geoconnex.us/cuahsi/his/czo_merced/UpMetN_acde </loc>
		<lastmod> 2021-10-15 19:24:58.005652 </lastmod></url><url>
	<loc> https://geoconnex.us/cuahsi/his/czo_merced/UpMetN_acuc </loc>
		<lastmod> 2021-10-15 19:24:58.005662 </lastmod></url><url>
	<loc> https://geoconnex.us/cuahsi/his/czo_merced/UpMetN_plde </loc>
		<lastmod> 2021-10-15 19:24:58.005672 </lastmod></url><url>
	<loc> https://geoconnex.us/cuahsi/his/czo_merced/UpMetN_pluc </loc>
		<lastmod> 2021-10-15 19:24:58.005682 </lastmod></url><url>
	<loc> https://geoconnex.us/cuahsi/his/czo_merced/UpMetN_open </loc>
		<lastmod> 2021-10-15 19:24:58.005691 </lastmod></url><url>
	<loc> https://geoconnex.us/cuahsi/his/czo_merced/UpMetS </loc>
		<lastmod> 2021-10-15 19:24:58.005701 </lastmod></url><url>
	<loc> https://geoconnex.us/cuahsi/his/czo_merced/UpMetS_qkde </loc>
		<lastmod> 2021-10-15 19:24:58.005710 </lastmod></url><url>
	<loc> https://geoconnex.us/cuahsi/his/czo_merced/UpMetS_qkuc </loc>
		<lastmod> 2021-10-15 19:24:58.005720 </lastmod></url><url>
	<loc> https://geoconnex.us/cuahsi/his/czo_merced/UpMetS_acde </loc>
		<lastmod> 2021-10-15 19:24:58.005729 </lastmod></url><url>
	<loc> https://geoconnex.us/cuahsi/his/czo_merced/UpMetS_acuc </loc>
		<lastmod> 2021-10-15 19:24:58.005739 </lastmod></url><url>
	<loc> https://geoconnex.us/cuahsi/his/czo_merced/UpMetS_open </loc>
		<lastmod> 2021-10-15 19:24:58.005748 </lastmod></url><url>
	<loc> https://geoconnex.us/cuahsi/his/czo_merced/UpMetF </loc>
		<lastmod> 2021-10-15 19:24:58.005757 </lastmod></url><url>
	<loc> https://geoconnex.us/cuahsi/his/czo_merced/UpMetF_ppde </loc>
		<lastmod> 2021-10-15 19:24:58.005767 </lastmod></url><url>
	<loc> https://geoconnex.us/cuahsi/his/czo_merced/UpMetF_ppuc </loc>
		<lastmod> 2021-10-15 19:24:58.005776 </lastmod></url><url>
	<loc> https://geoconnex.us/cuahsi/his/czo_merced/UpMetF_acde </loc>
		<lastmod> 2021-10-15 19:24:58.005785 </lastmod></url><url>
	<loc> https://geoconnex.us/cuahsi/his/czo_merced/UpMetF_acuc </loc>
		<lastmod> 2021-10-15 19:24:58.005795 </lastmod></url><url>
	<loc> https://geoconnex.us/cuahsi/his/czo_merced/UpMetF_open </loc>
		<lastmod> 2021-10-15 19:24:58.005804 </lastmod></url><url>
	<loc> https://geoconnex.us/cuahsi/his/czo_merced/LowMetN </loc>
		<lastmod> 2021-10-15 19:24:58.005813 </lastmod></url><url>
	<loc> https://geoconnex.us/cuahsi/his/czo_merced/LowMetN_cdde </loc>
		<lastmod> 2021-10-15 19:24:58.005823 </lastmod></url><url>
	<loc> https://geoconnex.us/cuahsi/his/czo_merced/LowMetN_cduc </loc>
		<lastmod> 2021-10-15 19:24:58.005833 </lastmod></url><url>
	<loc> https://geoconnex.us/cuahsi/his/czo_merced/LowMetN_acde </loc>
		<lastmod> 2021-10-15 19:24:58.005842 </lastmod></url><url>
	<loc> https://geoconnex.us/cuahsi/his/czo_merced/LowMetN_acuc </loc>
		<lastmod> 2021-10-15 19:24:58.005851 </lastmod></url><url>
	<loc> https://geoconnex.us/cuahsi/his/czo_merced/LowMetN_open </loc>
		<lastmod> 2021-10-15 19:24:58.005860 </lastmod></url><url>
	<loc> https://geoconnex.us/cuahsi/his/czo_merced/LowMetS </loc>
		<lastmod> 2021-10-15 19:24:58.005870 </lastmod></url><url>
	<loc> https://geoconnex.us/cuahsi/his/czo_merced/LowMetS_ppde </loc>
		<lastmod> 2021-10-15 19:24:58.005879 </lastmod></url><url>
	<loc> https://geoconnex.us/cuahsi/his/czo_merced/LowMetS_ppuc </loc>
		<lastmod> 2021-10-15 19:24:58.005889 </lastmod></url><url>
	<loc> https://geoconnex.us/cuahsi/his/czo_merced/LowMetS_cdde </loc>
		<lastmod> 2021-10-15 19:24:58.005898 </lastmod></url><url>
	<loc> https://geoconnex.us/cuahsi/his/czo_merced/LowMetS_cduc </loc>
		<lastmod> 2021-10-15 19:24:58.005907 </lastmod></url><url>
	<loc> https://geoconnex.us/cuahsi/his/czo_merced/LowMetS_open </loc>
		<lastmod> 2021-10-15 19:24:58.005917 </lastmod></url><url>
	<loc> https://geoconnex.us/cuahsi/his/czo_merced/UppProv_Met </loc>
		<lastmod> 2021-10-15 19:24:58.005926 </lastmod></url><url>
	<loc> https://geoconnex.us/cuahsi/his/czo_merced/LowProv_Met </loc>
		<lastmod> 2021-10-15 19:24:58.005935 </lastmod></url><url>
	<loc> https://geoconnex.us/cuahsi/his/czo_merced/UppBull_Met </loc>
		<lastmod> 2021-10-15 19:24:58.005945 </lastmod></url><url>
	<loc> https://geoconnex.us/cuahsi/his/czo_merced/LowBull_Met </loc>
		<lastmod> 2021-10-15 19:24:58.005954 </lastmod></url><url>
	<loc> https://geoconnex.us/cuahsi/his/czo_merced/B203 </loc>
		<lastmod> 2021-10-15 19:24:58.005964 </lastmod></url><url>
	<loc> https://geoconnex.us/cuahsi/his/czo_merced/B204 </loc>
		<lastmod> 2021-10-15 19:24:58.005974 </lastmod></url><url>
	<loc> https://geoconnex.us/cuahsi/his/czo_merced/B200 </loc>
		<lastmod> 2021-10-15 19:24:58.005984 </lastmod></url><url>
	<loc> https://geoconnex.us/cuahsi/his/czo_merced/B201 </loc>
		<lastmod> 2021-10-15 19:24:58.005993 </lastmod></url><url>
	<loc> https://geoconnex.us/cuahsi/his/czo_merced/T003 </loc>
		<lastmod> 2021-10-15 19:24:58.006002 </lastmod></url><url>
	<loc> https://geoconnex.us/cuahsi/his/czo_merced/P301 </loc>
		<lastmod> 2021-10-15 19:24:58.006012 </lastmod></url><url>
	<loc> https://geoconnex.us/cuahsi/his/czo_merced/P303 </loc>
		<lastmod> 2021-10-15 19:24:58.006021 </lastmod></url><url>
	<loc> https://geoconnex.us/cuahsi/his/czo_merced/P304 </loc>
		<lastmod> 2021-10-15 19:24:58.006031 </lastmod></url><url>
	<loc> https://geoconnex.us/cuahsi/his/czo_merced/D102 </loc>
		<lastmod> 2021-10-15 19:24:58.006040 </lastmod></url><url>
	<loc> https://geoconnex.us/cuahsi/his/czo_merced/P300 </loc>
		<lastmod> 2021-10-15 19:24:58.006050 </lastmod></url><url>
	<loc> https://geoconnex.us/cuahsi/his/czo_merced/Mic-1 </loc>
		<lastmod> 2021-10-15 19:24:58.006059 </lastmod></url><url>
	<loc> https://geoconnex.us/cuahsi/his/czo_merced/Mic-2 </loc>
		<lastmod> 2021-10-15 19:24:58.006069 </lastmod></url><url>
	<loc> https://geoconnex.us/cuahsi/his/czo_merced/Mic-3 </loc>
		<lastmod> 2021-10-15 19:24:58.006078 </lastmod></url><url>
	<loc> https://geoconnex.us/cuahsi/his/czo_merced/Mic-5 </loc>
		<lastmod> 2021-10-15 19:24:58.006088 </lastmod></url><url>
	<loc> https://geoconnex.us/cuahsi/his/czo_merced/Mic-6 </loc>
		<lastmod> 2021-10-15 19:24:58.006097 </lastmod></url><url>
	<loc> https://geoconnex.us/cuahsi/his/czo_merced/Mic-7 </loc>
		<lastmod> 2021-10-15 19:24:58.006106 </lastmod></url><url>
	<loc> https://geoconnex.us/cuahsi/his/czo_merced/Mic-8 </loc>
		<lastmod> 2021-10-15 19:24:58.006116 </lastmod></url><url>
	<loc> https://geoconnex.us/cuahsi/his/czo_merced/Mic-9 </loc>
		<lastmod> 2021-10-15 19:24:58.006125 </lastmod></url><url>
	<loc> https://geoconnex.us/cuahsi/his/czo_merced/Mic-10 </loc>
		<lastmod> 2021-10-15 19:24:58.006134 </lastmod></url><url>
	<loc> https://geoconnex.us/cuahsi/his/czo_merced/Mic-11 </loc>
		<lastmod> 2021-10-15 19:24:58.006144 </lastmod></url><url>
	<loc> https://geoconnex.us/cuahsi/his/czo_merced/Mic-12 </loc>
		<lastmod> 2021-10-15 19:24:58.006153 </lastmod></url><url>
	<loc> https://geoconnex.us/cuahsi/his/czo_merced/Mic-13 </loc>
		<lastmod> 2021-10-15 19:24:58.006162 </lastmod></url><url>
	<loc> https://geoconnex.us/cuahsi/his/czo_merced/Mic-14 </loc>
		<lastmod> 2021-10-15 19:24:58.006172 </lastmod></url><url>
	<loc> https://geoconnex.us/cuahsi/his/czo_merced/Mic-15 </loc>
		<lastmod> 2021-10-15 19:24:58.006181 </lastmod></url><url>
	<loc> https://geoconnex.us/cuahsi/his/czo_merced/Mic-16 </loc>
		<lastmod> 2021-10-15 19:24:58.006191 </lastmod></url><url>
	<loc> https://geoconnex.us/cuahsi/his/czo_merced/Mic-17 </loc>
		<lastmod> 2021-10-15 19:24:58.006200 </lastmod></url><url>
	<loc> https://geoconnex.us/cuahsi/his/czo_merced/Mic-18 </loc>
		<lastmod> 2021-10-15 19:24:58.006209 </lastmod></url><url>
	<loc> https://geoconnex.us/cuahsi/his/czo_merced/Mic-19 </loc>
		<lastmod> 2021-10-15 19:24:58.006219 </lastmod></url><url>
	<loc> https://geoconnex.us/cuahsi/his/czo_merced/Mic-20 </loc>
		<lastmod> 2021-10-15 19:24:58.006228 </lastmod></url><url>
	<loc> https://geoconnex.us/cuahsi/his/czo_merced/Mic-21 </loc>
		<lastmod> 2021-10-15 19:24:58.006238 </lastmod></url><url>
	<loc> https://geoconnex.us/cuahsi/his/czo_merced/Mic-22 </loc>
		<lastmod> 2021-10-15 19:24:58.006247 </lastmod></url><url>
	<loc> https://geoconnex.us/cuahsi/his/czo_merced/Mic-23 </loc>
		<lastmod> 2021-10-15 19:24:58.006256 </lastmod></url><url>
	<loc> https://geoconnex.us/cuahsi/his/czo_merced/Mic-24 </loc>
		<lastmod> 2021-10-15 19:24:58.006266 </lastmod></url><url>
	<loc> https://geoconnex.us/cuahsi/his/czo_merced/Mic-25 </loc>
		<lastmod> 2021-10-15 19:24:58.006275 </lastmod></url><url>
	<loc> https://geoconnex.us/cuahsi/his/czo_merced/Mic-4 </loc>
		<lastmod> 2021-10-15 19:24:58.006284 </lastmod></url><url>
	<loc> https://geoconnex.us/cuahsi/his/czo_merced/Gateway </loc>
		<lastmod> 2021-10-15 19:24:58.006293 </lastmod></url><url>
	<loc> https://geoconnex.us/cuahsi/his/czo_merced/P301_CZO-1 </loc>
		<lastmod> 2021-10-15 19:24:58.006303 </lastmod></url><url>
	<loc> https://geoconnex.us/cuahsi/his/czo_merced/P301_CZO-2 </loc>
		<lastmod> 2021-10-15 19:24:58.006313 </lastmod></url><url>
	<loc> https://geoconnex.us/cuahsi/his/czo_merced/P301_CZO-3 </loc>
		<lastmod> 2021-10-15 19:24:58.006322 </lastmod></url><url>
	<loc> https://geoconnex.us/cuahsi/his/czo_merced/P301_CZO-4 </loc>
		<lastmod> 2021-10-15 19:24:58.006332 </lastmod></url><url>
	<loc> https://geoconnex.us/cuahsi/his/czo_merced/P301_CZO-5 </loc>
		<lastmod> 2021-10-15 19:24:58.006341 </lastmod></url><url>
	<loc> https://geoconnex.us/cuahsi/his/czo_merced/P301_CZO-6 </loc>
		<lastmod> 2021-10-15 19:24:58.006350 </lastmod></url><url>
	<loc> https://geoconnex.us/cuahsi/his/czo_merced/P301_CZO-7 </loc>
		<lastmod> 2021-10-15 19:24:58.006360 </lastmod></url><url>
	<loc> https://geoconnex.us/cuahsi/his/czo_merced/P301_CZO-8 </loc>
		<lastmod> 2021-10-15 19:24:58.006369 </lastmod></url><url>
	<loc> https://geoconnex.us/cuahsi/his/czo_merced/P301_CZO-9 </loc>
		<lastmod> 2021-10-15 19:24:58.006378 </lastmod></url><url>
	<loc> https://geoconnex.us/cuahsi/his/czo_merced/P301_CZO-10 </loc>
		<lastmod> 2021-10-15 19:24:58.006388 </lastmod></url><url>
	<loc> https://geoconnex.us/cuahsi/his/czo_merced/P301_CZO-26 </loc>
		<lastmod> 2021-10-15 19:24:58.006397 </lastmod></url><url>
	<loc> https://geoconnex.us/cuahsi/his/czo_merced/P301_CZO-12 </loc>
		<lastmod> 2021-10-15 19:24:58.006407 </lastmod></url><url>
	<loc> https://geoconnex.us/cuahsi/his/czo_merced/P301_CZO-29 </loc>
		<lastmod> 2021-10-15 19:24:58.006416 </lastmod></url><url>
	<loc> https://geoconnex.us/cuahsi/his/czo_merced/P301_CZO-14 </loc>
		<lastmod> 2021-10-15 19:24:58.006425 </lastmod></url><url>
	<loc> https://geoconnex.us/cuahsi/his/czo_merced/P301_CZO-30 </loc>
		<lastmod> 2021-10-15 19:24:58.006434 </lastmod></url><url>
	<loc> https://geoconnex.us/cuahsi/his/czo_merced/P301_CZO-16 </loc>
		<lastmod> 2021-10-15 19:24:58.006444 </lastmod></url><url>
	<loc> https://geoconnex.us/cuahsi/his/czo_merced/P301_CZO-17 </loc>
		<lastmod> 2021-10-15 19:24:58.006453 </lastmod></url><url>
	<loc> https://geoconnex.us/cuahsi/his/czo_merced/P301_CZO-18 </loc>
		<lastmod> 2021-10-15 19:24:58.006462 </lastmod></url><url>
	<loc> https://geoconnex.us/cuahsi/his/czo_merced/P301_CZO-19 </loc>
		<lastmod> 2021-10-15 19:24:58.006472 </lastmod></url><url>
	<loc> https://geoconnex.us/cuahsi/his/czo_merced/P301_CZO-20 </loc>
		<lastmod> 2021-10-15 19:24:58.006481 </lastmod></url><url>
	<loc> https://geoconnex.us/cuahsi/his/czo_merced/P301_CZO-21 </loc>
		<lastmod> 2021-10-15 19:24:58.006490 </lastmod></url><url>
	<loc> https://geoconnex.us/cuahsi/his/czo_merced/P301_CZO-22 </loc>
		<lastmod> 2021-10-15 19:24:58.006499 </lastmod></url><url>
	<loc> https://geoconnex.us/cuahsi/his/czo_merced/P301_CZO-25 </loc>
		<lastmod> 2021-10-15 19:24:58.006509 </lastmod></url></ns0:url>
</ns0:urlset>