<ns0:urlset xmlns:ns0="http://www.sitemaps.org/schemas/sitemap/0.9">
    <ns0:url>
    <url>
	<loc> https://geoconnex.us/cuahsi/his/czo_ariz/Met1 </loc>
		<lastmod> 2021-10-15 19:25:03.250569 </lastmod></url><url>
	<loc> https://geoconnex.us/cuahsi/his/czo_ariz/Tower_Vcm </loc>
		<lastmod> 2021-10-15 19:25:03.250637 </lastmod></url><url>
	<loc> https://geoconnex.us/cuahsi/his/czo_ariz/Tower_Vcp </loc>
		<lastmod> 2021-10-15 19:25:03.250651 </lastmod></url><url>
	<loc> https://geoconnex.us/cuahsi/his/czo_ariz/Met2 </loc>
		<lastmod> 2021-10-15 19:25:03.250682 </lastmod></url><url>
	<loc> https://geoconnex.us/cuahsi/his/czo_ariz/Burn_Met_Up </loc>
		<lastmod> 2021-10-15 19:25:03.250693 </lastmod></url><url>
	<loc> https://geoconnex.us/cuahsi/his/czo_ariz/Burn_Met_Low </loc>
		<lastmod> 2021-10-15 19:25:03.250720 </lastmod></url><url>
	<loc> https://geoconnex.us/cuahsi/his/czo_ariz/FLUME_LJ </loc>
		<lastmod> 2021-10-15 19:25:03.250730 </lastmod></url><url>
	<loc> https://geoconnex.us/cuahsi/his/czo_ariz/FLUME_LR </loc>
		<lastmod> 2021-10-15 19:25:03.250741 </lastmod></url><url>
	<loc> https://geoconnex.us/cuahsi/his/czo_ariz/FLUME_LLJ </loc>
		<lastmod> 2021-10-15 19:25:03.250750 </lastmod></url><url>
	<loc> https://geoconnex.us/cuahsi/his/czo_ariz/FLUME_HG </loc>
		<lastmod> 2021-10-15 19:25:03.250761 </lastmod></url><url>
	<loc> https://geoconnex.us/cuahsi/his/czo_ariz/FLUME_RM </loc>
		<lastmod> 2021-10-15 19:25:03.250787 </lastmod></url><url>
	<loc> https://geoconnex.us/cuahsi/his/czo_ariz/FLUME_UR </loc>
		<lastmod> 2021-10-15 19:25:03.250815 </lastmod></url><url>
	<loc> https://geoconnex.us/cuahsi/his/czo_ariz/FLUME_UJ </loc>
		<lastmod> 2021-10-15 19:25:03.250825 </lastmod></url><url>
	<loc> https://geoconnex.us/cuahsi/his/czo_ariz/FLUME_MCZOB </loc>
		<lastmod> 2021-10-15 19:25:03.250835 </lastmod></url><url>
	<loc> https://geoconnex.us/cuahsi/his/czo_ariz/FLUME_ULJ </loc>
		<lastmod> 2021-10-15 19:25:03.250845 </lastmod></url></ns0:url>
</ns0:urlset>