<ns0:urlset xmlns:ns0="http://www.sitemaps.org/schemas/sitemap/0.9">
    <ns0:url>
    <url>
	<loc> https://geoconnex.us/cuahsi/his/Logan_River_GAMUT/LR_WaterLab_AA </loc>
		<lastmod> 2021-10-15 19:25:03.206900 </lastmod></url><url>
	<loc> https://geoconnex.us/cuahsi/his/Logan_River_GAMUT/LR_Mendon_AA </loc>
		<lastmod> 2021-10-15 19:25:03.206943 </lastmod></url><url>
	<loc> https://geoconnex.us/cuahsi/his/Logan_River_GAMUT/LR_MainStreet_BA </loc>
		<lastmod> 2021-10-15 19:25:03.206957 </lastmod></url><url>
	<loc> https://geoconnex.us/cuahsi/his/Logan_River_GAMUT/LR_TWDEF_C </loc>
		<lastmod> 2021-10-15 19:25:03.206968 </lastmod></url><url>
	<loc> https://geoconnex.us/cuahsi/his/Logan_River_GAMUT/LR_GC_C </loc>
		<lastmod> 2021-10-15 19:25:03.206978 </lastmod></url><url>
	<loc> https://geoconnex.us/cuahsi/his/Logan_River_GAMUT/LR_Wilkins_R </loc>
		<lastmod> 2021-10-15 19:25:03.206988 </lastmod></url><url>
	<loc> https://geoconnex.us/cuahsi/his/Logan_River_GAMUT/LR_TG_C </loc>
		<lastmod> 2021-10-15 19:25:03.206998 </lastmod></url><url>
	<loc> https://geoconnex.us/cuahsi/his/Logan_River_GAMUT/LR_FB_C </loc>
		<lastmod> 2021-10-15 19:25:03.207008 </lastmod></url><url>
	<loc> https://geoconnex.us/cuahsi/his/Logan_River_GAMUT/LR_TG_BA </loc>
		<lastmod> 2021-10-15 19:25:03.207018 </lastmod></url><url>
	<loc> https://geoconnex.us/cuahsi/his/Logan_River_GAMUT/LR_FB_BA </loc>
		<lastmod> 2021-10-15 19:25:03.207027 </lastmod></url><url>
	<loc> https://geoconnex.us/cuahsi/his/Logan_River_GAMUT/LR_RH_SD </loc>
		<lastmod> 2021-10-15 19:25:03.207036 </lastmod></url><url>
	<loc> https://geoconnex.us/cuahsi/his/Logan_River_GAMUT/LR_SC_SD </loc>
		<lastmod> 2021-10-15 19:25:03.207045 </lastmod></url><url>
	<loc> https://geoconnex.us/cuahsi/his/Logan_River_GAMUT/BSF_CONF_BA </loc>
		<lastmod> 2021-10-15 19:25:03.207055 </lastmod></url><url>
	<loc> https://geoconnex.us/cuahsi/his/Logan_River_GAMUT/NWF_1600N_CNL </loc>
		<lastmod> 2021-10-15 19:25:03.207064 </lastmod></url><url>
	<loc> https://geoconnex.us/cuahsi/his/Logan_River_GAMUT/SLB_Pump_CNL </loc>
		<lastmod> 2021-10-15 19:25:03.207073 </lastmod></url><url>
	<loc> https://geoconnex.us/cuahsi/his/Logan_River_GAMUT/SC_CONF_A </loc>
		<lastmod> 2021-10-15 19:25:03.207082 </lastmod></url><url>
	<loc> https://geoconnex.us/cuahsi/his/Logan_River_GAMUT/LR_WCB_A </loc>
		<lastmod> 2021-10-15 19:25:03.207110 </lastmod></url><url>
	<loc> https://geoconnex.us/cuahsi/his/Logan_River_GAMUT/LR_GCB_A </loc>
		<lastmod> 2021-10-15 19:25:03.207119 </lastmod></url></ns0:url>
</ns0:urlset>