<ns0:urlset xmlns:ns0="http://www.sitemaps.org/schemas/sitemap/0.9">
    <ns0:url>
    <url>
	<loc> https://geoconnex.us/cuahsi/his/CALVIN_HHS/SR-1 </loc>
		<lastmod> 2021-10-15 19:25:03.347838 </lastmod></url><url>
	<loc> https://geoconnex.us/cuahsi/his/CALVIN_HHS/SR-10 </loc>
		<lastmod> 2021-10-15 19:25:03.347865 </lastmod></url><url>
	<loc> https://geoconnex.us/cuahsi/his/CALVIN_HHS/SR-12 </loc>
		<lastmod> 2021-10-15 19:25:03.347879 </lastmod></url><url>
	<loc> https://geoconnex.us/cuahsi/his/CALVIN_HHS/SR-15 </loc>
		<lastmod> 2021-10-15 19:25:03.347891 </lastmod></url><url>
	<loc> https://geoconnex.us/cuahsi/his/CALVIN_HHS/SR-18 </loc>
		<lastmod> 2021-10-15 19:25:03.347901 </lastmod></url><url>
	<loc> https://geoconnex.us/cuahsi/his/CALVIN_HHS/SR-20 </loc>
		<lastmod> 2021-10-15 19:25:03.347928 </lastmod></url><url>
	<loc> https://geoconnex.us/cuahsi/his/CALVIN_HHS/SR-22 </loc>
		<lastmod> 2021-10-15 19:25:03.347937 </lastmod></url><url>
	<loc> https://geoconnex.us/cuahsi/his/CALVIN_HHS/SR-3 </loc>
		<lastmod> 2021-10-15 19:25:03.347947 </lastmod></url><url>
	<loc> https://geoconnex.us/cuahsi/his/CALVIN_HHS/SR-4 </loc>
		<lastmod> 2021-10-15 19:25:03.347956 </lastmod></url><url>
	<loc> https://geoconnex.us/cuahsi/his/CALVIN_HHS/SR-52 </loc>
		<lastmod> 2021-10-15 19:25:03.348007 </lastmod></url><url>
	<loc> https://geoconnex.us/cuahsi/his/CALVIN_HHS/SR-53 </loc>
		<lastmod> 2021-10-15 19:25:03.348018 </lastmod></url><url>
	<loc> https://geoconnex.us/cuahsi/his/CALVIN_HHS/SR-6 </loc>
		<lastmod> 2021-10-15 19:25:03.348028 </lastmod></url><url>
	<loc> https://geoconnex.us/cuahsi/his/CALVIN_HHS/SR-7 </loc>
		<lastmod> 2021-10-15 19:25:03.348038 </lastmod></url><url>
	<loc> https://geoconnex.us/cuahsi/his/CALVIN_HHS/SR-8 </loc>
		<lastmod> 2021-10-15 19:25:03.348047 </lastmod></url><url>
	<loc> https://geoconnex.us/cuahsi/his/CALVIN_HHS/SR-81 </loc>
		<lastmod> 2021-10-15 19:25:03.348057 </lastmod></url><url>
	<loc> https://geoconnex.us/cuahsi/his/CALVIN_HHS/SR-ASF </loc>
		<lastmod> 2021-10-15 19:25:03.348067 </lastmod></url><url>
	<loc> https://geoconnex.us/cuahsi/his/CALVIN_HHS/SR-BBL </loc>
		<lastmod> 2021-10-15 19:25:03.348076 </lastmod></url><url>
	<loc> https://geoconnex.us/cuahsi/his/CALVIN_HHS/SR-CFW </loc>
		<lastmod> 2021-10-15 19:25:03.348086 </lastmod></url><url>
	<loc> https://geoconnex.us/cuahsi/his/CALVIN_HHS/SR-CL-IVR </loc>
		<lastmod> 2021-10-15 19:25:03.348113 </lastmod></url><url>
	<loc> https://geoconnex.us/cuahsi/his/CALVIN_HHS/SR-CR </loc>
		<lastmod> 2021-10-15 19:25:03.348123 </lastmod></url><url>
	<loc> https://geoconnex.us/cuahsi/his/CALVIN_HHS/SR-EBMUD </loc>
		<lastmod> 2021-10-15 19:25:03.348150 </lastmod></url><url>
	<loc> https://geoconnex.us/cuahsi/his/CALVIN_HHS/SR-EL </loc>
		<lastmod> 2021-10-15 19:25:03.348159 </lastmod></url><url>
	<loc> https://geoconnex.us/cuahsi/his/CALVIN_HHS/SR-HHR </loc>
		<lastmod> 2021-10-15 19:25:03.348168 </lastmod></url><url>
	<loc> https://geoconnex.us/cuahsi/his/CALVIN_HHS/SR-LB </loc>
		<lastmod> 2021-10-15 19:25:03.348177 </lastmod></url><url>
	<loc> https://geoconnex.us/cuahsi/his/CALVIN_HHS/SR-LI </loc>
		<lastmod> 2021-10-15 19:25:03.348186 </lastmod></url><url>
	<loc> https://geoconnex.us/cuahsi/his/CALVIN_HHS/SR-LK </loc>
		<lastmod> 2021-10-15 19:25:03.348195 </lastmod></url><url>
	<loc> https://geoconnex.us/cuahsi/his/CALVIN_HHS/SR-LL-LE </loc>
		<lastmod> 2021-10-15 19:25:03.348204 </lastmod></url><url>
	<loc> https://geoconnex.us/cuahsi/his/CALVIN_HHS/SR-LS </loc>
		<lastmod> 2021-10-15 19:25:03.348213 </lastmod></url><url>
	<loc> https://geoconnex.us/cuahsi/his/CALVIN_HHS/SR-LV </loc>
		<lastmod> 2021-10-15 19:25:03.348222 </lastmod></url><url>
	<loc> https://geoconnex.us/cuahsi/his/CALVIN_HHS/SR-NBB </loc>
		<lastmod> 2021-10-15 19:25:03.348230 </lastmod></url><url>
	<loc> https://geoconnex.us/cuahsi/his/CALVIN_HHS/SR-NHL </loc>
		<lastmod> 2021-10-15 19:25:03.348239 </lastmod></url><url>
	<loc> https://geoconnex.us/cuahsi/his/CALVIN_HHS/SR-PF </loc>
		<lastmod> 2021-10-15 19:25:03.348248 </lastmod></url><url>
	<loc> https://geoconnex.us/cuahsi/his/CALVIN_HHS/SR-PR </loc>
		<lastmod> 2021-10-15 19:25:03.348257 </lastmod></url><url>
	<loc> https://geoconnex.us/cuahsi/his/CALVIN_HHS/SR-SCV </loc>
		<lastmod> 2021-10-15 19:25:03.348265 </lastmod></url><url>
	<loc> https://geoconnex.us/cuahsi/his/CALVIN_HHS/SR-TR </loc>
		<lastmod> 2021-10-15 19:25:03.348274 </lastmod></url></ns0:url>
</ns0:urlset>