<ns0:urlset xmlns:ns0="http://www.sitemaps.org/schemas/sitemap/0.9">
    <ns0:url>
    <url>
	<loc> https://geoconnex.us/cuahsi/his/YosemiteHydroclimateNetwork/MC1 </loc>
		<lastmod> 2021-10-15 19:25:03.355457 </lastmod></url><url>
	<loc> https://geoconnex.us/cuahsi/his/YosemiteHydroclimateNetwork/BC1 </loc>
		<lastmod> 2021-10-15 19:25:03.355518 </lastmod></url><url>
	<loc> https://geoconnex.us/cuahsi/his/YosemiteHydroclimateNetwork/BC2 </loc>
		<lastmod> 2021-10-15 19:25:03.355533 </lastmod></url><url>
	<loc> https://geoconnex.us/cuahsi/his/YosemiteHydroclimateNetwork/DC1 </loc>
		<lastmod> 2021-10-15 19:25:03.355545 </lastmod></url><url>
	<loc> https://geoconnex.us/cuahsi/his/YosemiteHydroclimateNetwork/LF1 </loc>
		<lastmod> 2021-10-15 19:25:03.355572 </lastmod></url><url>
	<loc> https://geoconnex.us/cuahsi/his/YosemiteHydroclimateNetwork/LF2 </loc>
		<lastmod> 2021-10-15 19:25:03.355583 </lastmod></url><url>
	<loc> https://geoconnex.us/cuahsi/his/YosemiteHydroclimateNetwork/LF3 </loc>
		<lastmod> 2021-10-15 19:25:03.355593 </lastmod></url><url>
	<loc> https://geoconnex.us/cuahsi/his/YosemiteHydroclimateNetwork/DF1 </loc>
		<lastmod> 2021-10-15 19:25:03.355603 </lastmod></url><url>
	<loc> https://geoconnex.us/cuahsi/his/YosemiteHydroclimateNetwork/TR1 </loc>
		<lastmod> 2021-10-15 19:25:03.355613 </lastmod></url><url>
	<loc> https://geoconnex.us/cuahsi/his/YosemiteHydroclimateNetwork/T01 </loc>
		<lastmod> 2021-10-15 19:25:03.355623 </lastmod></url><url>
	<loc> https://geoconnex.us/cuahsi/his/YosemiteHydroclimateNetwork/T02 </loc>
		<lastmod> 2021-10-15 19:25:03.355633 </lastmod></url><url>
	<loc> https://geoconnex.us/cuahsi/his/YosemiteHydroclimateNetwork/TH03 </loc>
		<lastmod> 2021-10-15 19:25:03.355643 </lastmod></url><url>
	<loc> https://geoconnex.us/cuahsi/his/YosemiteHydroclimateNetwork/TH04 </loc>
		<lastmod> 2021-10-15 19:25:03.355653 </lastmod></url><url>
	<loc> https://geoconnex.us/cuahsi/his/YosemiteHydroclimateNetwork/TH08 </loc>
		<lastmod> 2021-10-15 19:25:03.355663 </lastmod></url><url>
	<loc> https://geoconnex.us/cuahsi/his/YosemiteHydroclimateNetwork/TH09 </loc>
		<lastmod> 2021-10-15 19:25:03.355672 </lastmod></url><url>
	<loc> https://geoconnex.us/cuahsi/his/YosemiteHydroclimateNetwork/TH10 </loc>
		<lastmod> 2021-10-15 19:25:03.355682 </lastmod></url><url>
	<loc> https://geoconnex.us/cuahsi/his/YosemiteHydroclimateNetwork/TH11 </loc>
		<lastmod> 2021-10-15 19:25:03.355692 </lastmod></url><url>
	<loc> https://geoconnex.us/cuahsi/his/YosemiteHydroclimateNetwork/TH12 </loc>
		<lastmod> 2021-10-15 19:25:03.355702 </lastmod></url><url>
	<loc> https://geoconnex.us/cuahsi/his/YosemiteHydroclimateNetwork/TH13 </loc>
		<lastmod> 2021-10-15 19:25:03.355712 </lastmod></url><url>
	<loc> https://geoconnex.us/cuahsi/his/YosemiteHydroclimateNetwork/TH14 </loc>
		<lastmod> 2021-10-15 19:25:03.355722 </lastmod></url><url>
	<loc> https://geoconnex.us/cuahsi/his/YosemiteHydroclimateNetwork/TH15 </loc>
		<lastmod> 2021-10-15 19:25:03.355732 </lastmod></url><url>
	<loc> https://geoconnex.us/cuahsi/his/YosemiteHydroclimateNetwork/TH18 </loc>
		<lastmod> 2021-10-15 19:25:03.355742 </lastmod></url><url>
	<loc> https://geoconnex.us/cuahsi/his/YosemiteHydroclimateNetwork/TH19 </loc>
		<lastmod> 2021-10-15 19:25:03.355752 </lastmod></url><url>
	<loc> https://geoconnex.us/cuahsi/his/YosemiteHydroclimateNetwork/TH31 </loc>
		<lastmod> 2021-10-15 19:25:03.355762 </lastmod></url><url>
	<loc> https://geoconnex.us/cuahsi/his/YosemiteHydroclimateNetwork/TH32 </loc>
		<lastmod> 2021-10-15 19:25:03.355772 </lastmod></url><url>
	<loc> https://geoconnex.us/cuahsi/his/YosemiteHydroclimateNetwork/T34 </loc>
		<lastmod> 2021-10-15 19:25:03.355782 </lastmod></url><url>
	<loc> https://geoconnex.us/cuahsi/his/YosemiteHydroclimateNetwork/T36 </loc>
		<lastmod> 2021-10-15 19:25:03.355792 </lastmod></url><url>
	<loc> https://geoconnex.us/cuahsi/his/YosemiteHydroclimateNetwork/T_E2950 </loc>
		<lastmod> 2021-10-15 19:25:03.355802 </lastmod></url><url>
	<loc> https://geoconnex.us/cuahsi/his/YosemiteHydroclimateNetwork/T_E2902 </loc>
		<lastmod> 2021-10-15 19:25:03.355812 </lastmod></url><url>
	<loc> https://geoconnex.us/cuahsi/his/YosemiteHydroclimateNetwork/T_E2772 </loc>
		<lastmod> 2021-10-15 19:25:03.355822 </lastmod></url><url>
	<loc> https://geoconnex.us/cuahsi/his/YosemiteHydroclimateNetwork/TH_E2759 </loc>
		<lastmod> 2021-10-15 19:25:03.355832 </lastmod></url><url>
	<loc> https://geoconnex.us/cuahsi/his/YosemiteHydroclimateNetwork/T_E2610 </loc>
		<lastmod> 2021-10-15 19:25:03.355842 </lastmod></url><url>
	<loc> https://geoconnex.us/cuahsi/his/YosemiteHydroclimateNetwork/TH_E2478 </loc>
		<lastmod> 2021-10-15 19:25:03.355852 </lastmod></url><url>
	<loc> https://geoconnex.us/cuahsi/his/YosemiteHydroclimateNetwork/T_E2374 </loc>
		<lastmod> 2021-10-15 19:25:03.355862 </lastmod></url><url>
	<loc> https://geoconnex.us/cuahsi/his/YosemiteHydroclimateNetwork/T_E2317 </loc>
		<lastmod> 2021-10-15 19:25:03.355872 </lastmod></url><url>
	<loc> https://geoconnex.us/cuahsi/his/YosemiteHydroclimateNetwork/TH_E2255 </loc>
		<lastmod> 2021-10-15 19:25:03.355882 </lastmod></url><url>
	<loc> https://geoconnex.us/cuahsi/his/YosemiteHydroclimateNetwork/T_E2244 </loc>
		<lastmod> 2021-10-15 19:25:03.355892 </lastmod></url><url>
	<loc> https://geoconnex.us/cuahsi/his/YosemiteHydroclimateNetwork/T_E2119 </loc>
		<lastmod> 2021-10-15 19:25:03.355902 </lastmod></url><url>
	<loc> https://geoconnex.us/cuahsi/his/YosemiteHydroclimateNetwork/TH_W2495 </loc>
		<lastmod> 2021-10-15 19:25:03.355912 </lastmod></url><url>
	<loc> https://geoconnex.us/cuahsi/his/YosemiteHydroclimateNetwork/TH_W2487 </loc>
		<lastmod> 2021-10-15 19:25:03.355922 </lastmod></url><url>
	<loc> https://geoconnex.us/cuahsi/his/YosemiteHydroclimateNetwork/TH_W2438 </loc>
		<lastmod> 2021-10-15 19:25:03.355932 </lastmod></url><url>
	<loc> https://geoconnex.us/cuahsi/his/YosemiteHydroclimateNetwork/TH_W2395 </loc>
		<lastmod> 2021-10-15 19:25:03.355942 </lastmod></url><url>
	<loc> https://geoconnex.us/cuahsi/his/YosemiteHydroclimateNetwork/TH_W2210 </loc>
		<lastmod> 2021-10-15 19:25:03.355952 </lastmod></url><url>
	<loc> https://geoconnex.us/cuahsi/his/YosemiteHydroclimateNetwork/TH_W1880 </loc>
		<lastmod> 2021-10-15 19:25:03.355999 </lastmod></url><url>
	<loc> https://geoconnex.us/cuahsi/his/YosemiteHydroclimateNetwork/TH_W1714 </loc>
		<lastmod> 2021-10-15 19:25:03.356014 </lastmod></url><url>
	<loc> https://geoconnex.us/cuahsi/his/YosemiteHydroclimateNetwork/TH_W1397 </loc>
		<lastmod> 2021-10-15 19:25:03.356025 </lastmod></url><url>
	<loc> https://geoconnex.us/cuahsi/his/YosemiteHydroclimateNetwork/TES </loc>
		<lastmod> 2021-10-15 19:25:03.356036 </lastmod></url><url>
	<loc> https://geoconnex.us/cuahsi/his/YosemiteHydroclimateNetwork/DAN </loc>
		<lastmod> 2021-10-15 19:25:03.356047 </lastmod></url><url>
	<loc> https://geoconnex.us/cuahsi/his/YosemiteHydroclimateNetwork/SLI </loc>
		<lastmod> 2021-10-15 19:25:03.356057 </lastmod></url><url>
	<loc> https://geoconnex.us/cuahsi/his/YosemiteHydroclimateNetwork/TUM </loc>
		<lastmod> 2021-10-15 19:25:03.356068 </lastmod></url><url>
	<loc> https://geoconnex.us/cuahsi/his/YosemiteHydroclimateNetwork/HRS </loc>
		<lastmod> 2021-10-15 19:25:03.356079 </lastmod></url><url>
	<loc> https://geoconnex.us/cuahsi/his/YosemiteHydroclimateNetwork/PDS </loc>
		<lastmod> 2021-10-15 19:25:03.356089 </lastmod></url><url>
	<loc> https://geoconnex.us/cuahsi/his/YosemiteHydroclimateNetwork/KIB </loc>
		<lastmod> 2021-10-15 19:25:03.356100 </lastmod></url><url>
	<loc> https://geoconnex.us/cuahsi/his/YosemiteHydroclimateNetwork/STR </loc>
		<lastmod> 2021-10-15 19:25:03.356110 </lastmod></url><url>
	<loc> https://geoconnex.us/cuahsi/his/YosemiteHydroclimateNetwork/TNY </loc>
		<lastmod> 2021-10-15 19:25:03.356121 </lastmod></url><url>
	<loc> https://geoconnex.us/cuahsi/his/YosemiteHydroclimateNetwork/GIN </loc>
		<lastmod> 2021-10-15 19:25:03.356131 </lastmod></url><url>
	<loc> https://geoconnex.us/cuahsi/his/YosemiteHydroclimateNetwork/VRG </loc>
		<lastmod> 2021-10-15 19:25:03.356142 </lastmod></url><url>
	<loc> https://geoconnex.us/cuahsi/his/YosemiteHydroclimateNetwork/40943 </loc>
		<lastmod> 2021-10-15 19:25:03.356152 </lastmod></url><url>
	<loc> https://geoconnex.us/cuahsi/his/YosemiteHydroclimateNetwork/41072 </loc>
		<lastmod> 2021-10-15 19:25:03.356163 </lastmod></url><url>
	<loc> https://geoconnex.us/cuahsi/his/YosemiteHydroclimateNetwork/41697 </loc>
		<lastmod> 2021-10-15 19:25:03.356174 </lastmod></url><url>
	<loc> https://geoconnex.us/cuahsi/his/YosemiteHydroclimateNetwork/43939 </loc>
		<lastmod> 2021-10-15 19:25:03.356184 </lastmod></url><url>
	<loc> https://geoconnex.us/cuahsi/his/YosemiteHydroclimateNetwork/44881 </loc>
		<lastmod> 2021-10-15 19:25:03.356195 </lastmod></url><url>
	<loc> https://geoconnex.us/cuahsi/his/YosemiteHydroclimateNetwork/45280 </loc>
		<lastmod> 2021-10-15 19:25:03.356205 </lastmod></url><url>
	<loc> https://geoconnex.us/cuahsi/his/YosemiteHydroclimateNetwork/45400 </loc>
		<lastmod> 2021-10-15 19:25:03.356216 </lastmod></url><url>
	<loc> https://geoconnex.us/cuahsi/his/YosemiteHydroclimateNetwork/48380 </loc>
		<lastmod> 2021-10-15 19:25:03.356226 </lastmod></url><url>
	<loc> https://geoconnex.us/cuahsi/his/YosemiteHydroclimateNetwork/49855 </loc>
		<lastmod> 2021-10-15 19:25:03.356237 </lastmod></url><url>
	<loc> https://geoconnex.us/cuahsi/his/YosemiteHydroclimateNetwork/R58 </loc>
		<lastmod> 2021-10-15 19:25:03.356247 </lastmod></url><url>
	<loc> https://geoconnex.us/cuahsi/his/YosemiteHydroclimateNetwork/R59 </loc>
		<lastmod> 2021-10-15 19:25:03.356258 </lastmod></url><url>
	<loc> https://geoconnex.us/cuahsi/his/YosemiteHydroclimateNetwork/R60 </loc>
		<lastmod> 2021-10-15 19:25:03.356285 </lastmod></url><url>
	<loc> https://geoconnex.us/cuahsi/his/YosemiteHydroclimateNetwork/R61 </loc>
		<lastmod> 2021-10-15 19:25:03.356295 </lastmod></url><url>
	<loc> https://geoconnex.us/cuahsi/his/YosemiteHydroclimateNetwork/R62 </loc>
		<lastmod> 2021-10-15 19:25:03.356321 </lastmod></url><url>
	<loc> https://geoconnex.us/cuahsi/his/YosemiteHydroclimateNetwork/B01 </loc>
		<lastmod> 2021-10-15 19:25:03.356331 </lastmod></url><url>
	<loc> https://geoconnex.us/cuahsi/his/YosemiteHydroclimateNetwork/B02 </loc>
		<lastmod> 2021-10-15 19:25:03.356340 </lastmod></url><url>
	<loc> https://geoconnex.us/cuahsi/his/YosemiteHydroclimateNetwork/B03 </loc>
		<lastmod> 2021-10-15 19:25:03.356351 </lastmod></url><url>
	<loc> https://geoconnex.us/cuahsi/his/YosemiteHydroclimateNetwork/B04 </loc>
		<lastmod> 2021-10-15 19:25:03.356361 </lastmod></url><url>
	<loc> https://geoconnex.us/cuahsi/his/YosemiteHydroclimateNetwork/B06 </loc>
		<lastmod> 2021-10-15 19:25:03.356370 </lastmod></url><url>
	<loc> https://geoconnex.us/cuahsi/his/YosemiteHydroclimateNetwork/Bre </loc>
		<lastmod> 2021-10-15 19:25:03.356380 </lastmod></url><url>
	<loc> https://geoconnex.us/cuahsi/his/YosemiteHydroclimateNetwork/TH_E2902 </loc>
		<lastmod> 2021-10-15 19:25:03.356390 </lastmod></url><url>
	<loc> https://geoconnex.us/cuahsi/his/YosemiteHydroclimateNetwork/DF2 </loc>
		<lastmod> 2021-10-15 19:25:03.356400 </lastmod></url><url>
	<loc> https://geoconnex.us/cuahsi/his/YosemiteHydroclimateNetwork/HH1 </loc>
		<lastmod> 2021-10-15 19:25:03.356427 </lastmod></url><url>
	<loc> https://geoconnex.us/cuahsi/his/YosemiteHydroclimateNetwork/AF01 </loc>
		<lastmod> 2021-10-15 19:25:03.356436 </lastmod></url></ns0:url>
</ns0:urlset>