<ns0:urlset xmlns:ns0="http://www.sitemaps.org/schemas/sitemap/0.9">
    <ns0:url>
    <url>
	<loc> https://geoconnex.us/cuahsi/his/MAAERI/site1 </loc>
		<lastmod> 2021-10-15 19:25:03.197422 </lastmod></url><url>
	<loc> https://geoconnex.us/cuahsi/his/MAAERI/site2 </loc>
		<lastmod> 2021-10-15 19:25:03.197447 </lastmod></url><url>
	<loc> https://geoconnex.us/cuahsi/his/MAAERI/site3 </loc>
		<lastmod> 2021-10-15 19:25:03.197461 </lastmod></url><url>
	<loc> https://geoconnex.us/cuahsi/his/MAAERI/site4 </loc>
		<lastmod> 2021-10-15 19:25:03.197471 </lastmod></url><url>
	<loc> https://geoconnex.us/cuahsi/his/MAAERI/site5 </loc>
		<lastmod> 2021-10-15 19:25:03.197481 </lastmod></url><url>
	<loc> https://geoconnex.us/cuahsi/his/MAAERI/site6 </loc>
		<lastmod> 2021-10-15 19:25:03.197490 </lastmod></url><url>
	<loc> https://geoconnex.us/cuahsi/his/MAAERI/site7 </loc>
		<lastmod> 2021-10-15 19:25:03.197500 </lastmod></url><url>
	<loc> https://geoconnex.us/cuahsi/his/MAAERI/site8 </loc>
		<lastmod> 2021-10-15 19:25:03.197509 </lastmod></url><url>
	<loc> https://geoconnex.us/cuahsi/his/MAAERI/site9 </loc>
		<lastmod> 2021-10-15 19:25:03.197517 </lastmod></url><url>
	<loc> https://geoconnex.us/cuahsi/his/MAAERI/site10 </loc>
		<lastmod> 2021-10-15 19:25:03.197526 </lastmod></url><url>
	<loc> https://geoconnex.us/cuahsi/his/MAAERI/site11 </loc>
		<lastmod> 2021-10-15 19:25:03.197535 </lastmod></url><url>
	<loc> https://geoconnex.us/cuahsi/his/MAAERI/site12 </loc>
		<lastmod> 2021-10-15 19:25:03.197544 </lastmod></url><url>
	<loc> https://geoconnex.us/cuahsi/his/MAAERI/site16 </loc>
		<lastmod> 2021-10-15 19:25:03.197591 </lastmod></url><url>
	<loc> https://geoconnex.us/cuahsi/his/MAAERI/site17 </loc>
		<lastmod> 2021-10-15 19:25:03.197605 </lastmod></url><url>
	<loc> https://geoconnex.us/cuahsi/his/MAAERI/site18 </loc>
		<lastmod> 2021-10-15 19:25:03.197749 </lastmod></url><url>
	<loc> https://geoconnex.us/cuahsi/his/MAAERI/site13 </loc>
		<lastmod> 2021-10-15 19:25:03.197770 </lastmod></url><url>
	<loc> https://geoconnex.us/cuahsi/his/MAAERI/site14 </loc>
		<lastmod> 2021-10-15 19:25:03.197782 </lastmod></url><url>
	<loc> https://geoconnex.us/cuahsi/his/MAAERI/site15 </loc>
		<lastmod> 2021-10-15 19:25:03.197794 </lastmod></url><url>
	<loc> https://geoconnex.us/cuahsi/his/MAAERI/site25 </loc>
		<lastmod> 2021-10-15 19:25:03.197806 </lastmod></url><url>
	<loc> https://geoconnex.us/cuahsi/his/MAAERI/site26 </loc>
		<lastmod> 2021-10-15 19:25:03.197817 </lastmod></url><url>
	<loc> https://geoconnex.us/cuahsi/his/MAAERI/site27 </loc>
		<lastmod> 2021-10-15 19:25:03.197829 </lastmod></url><url>
	<loc> https://geoconnex.us/cuahsi/his/MAAERI/site28 </loc>
		<lastmod> 2021-10-15 19:25:03.197841 </lastmod></url><url>
	<loc> https://geoconnex.us/cuahsi/his/MAAERI/site30 </loc>
		<lastmod> 2021-10-15 19:25:03.197852 </lastmod></url><url>
	<loc> https://geoconnex.us/cuahsi/his/MAAERI/site31 </loc>
		<lastmod> 2021-10-15 19:25:03.197864 </lastmod></url><url>
	<loc> https://geoconnex.us/cuahsi/his/MAAERI/site32 </loc>
		<lastmod> 2021-10-15 19:25:03.197875 </lastmod></url><url>
	<loc> https://geoconnex.us/cuahsi/his/MAAERI/site33 </loc>
		<lastmod> 2021-10-15 19:25:03.197887 </lastmod></url><url>
	<loc> https://geoconnex.us/cuahsi/his/MAAERI/site34 </loc>
		<lastmod> 2021-10-15 19:25:03.197899 </lastmod></url><url>
	<loc> https://geoconnex.us/cuahsi/his/MAAERI/site19 </loc>
		<lastmod> 2021-10-15 19:25:03.197911 </lastmod></url><url>
	<loc> https://geoconnex.us/cuahsi/his/MAAERI/site20 </loc>
		<lastmod> 2021-10-15 19:25:03.197922 </lastmod></url><url>
	<loc> https://geoconnex.us/cuahsi/his/MAAERI/site21 </loc>
		<lastmod> 2021-10-15 19:25:03.197934 </lastmod></url><url>
	<loc> https://geoconnex.us/cuahsi/his/MAAERI/site22 </loc>
		<lastmod> 2021-10-15 19:25:03.197945 </lastmod></url><url>
	<loc> https://geoconnex.us/cuahsi/his/MAAERI/site23 </loc>
		<lastmod> 2021-10-15 19:25:03.197957 </lastmod></url><url>
	<loc> https://geoconnex.us/cuahsi/his/MAAERI/site24 </loc>
		<lastmod> 2021-10-15 19:25:03.197969 </lastmod></url></ns0:url>
</ns0:urlset>