<ns0:urlset xmlns:ns0="http://www.sitemaps.org/schemas/sitemap/0.9">
    <ns0:url>
    <url>
	<loc> https://geoconnex.us/ref/hu02/07 </loc>
		<lastmod> 2021-10-15 19:25:03.406433 </lastmod></url><url>
	<loc> https://geoconnex.us/ref/hu02/09 </loc>
		<lastmod> 2021-10-15 19:25:03.406462 </lastmod></url><url>
	<loc> https://geoconnex.us/ref/hu02/18 </loc>
		<lastmod> 2021-10-15 19:25:03.406476 </lastmod></url><url>
	<loc> https://geoconnex.us/ref/hu02/14 </loc>
		<lastmod> 2021-10-15 19:25:03.406505 </lastmod></url><url>
	<loc> https://geoconnex.us/ref/hu02/20 </loc>
		<lastmod> 2021-10-15 19:25:03.406517 </lastmod></url><url>
	<loc> https://geoconnex.us/ref/hu02/17 </loc>
		<lastmod> 2021-10-15 19:25:03.406528 </lastmod></url><url>
	<loc> https://geoconnex.us/ref/hu02/05 </loc>
		<lastmod> 2021-10-15 19:25:03.406540 </lastmod></url><url>
	<loc> https://geoconnex.us/ref/hu02/01 </loc>
		<lastmod> 2021-10-15 19:25:03.406551 </lastmod></url><url>
	<loc> https://geoconnex.us/ref/hu02/12 </loc>
		<lastmod> 2021-10-15 19:25:03.406562 </lastmod></url><url>
	<loc> https://geoconnex.us/ref/hu02/15 </loc>
		<lastmod> 2021-10-15 19:25:03.406572 </lastmod></url><url>
	<loc> https://geoconnex.us/ref/hu02/02 </loc>
		<lastmod> 2021-10-15 19:25:03.406583 </lastmod></url><url>
	<loc> https://geoconnex.us/ref/hu02/08 </loc>
		<lastmod> 2021-10-15 19:25:03.406612 </lastmod></url><url>
	<loc> https://geoconnex.us/ref/hu02/21 </loc>
		<lastmod> 2021-10-15 19:25:03.406639 </lastmod></url><url>
	<loc> https://geoconnex.us/ref/hu02/11 </loc>
		<lastmod> 2021-10-15 19:25:03.406649 </lastmod></url><url>
	<loc> https://geoconnex.us/ref/hu02/03 </loc>
		<lastmod> 2021-10-15 19:25:03.406659 </lastmod></url><url>
	<loc> https://geoconnex.us/ref/hu02/06 </loc>
		<lastmod> 2021-10-15 19:25:03.406668 </lastmod></url><url>
	<loc> https://geoconnex.us/ref/hu02/22 </loc>
		<lastmod> 2021-10-15 19:25:03.406678 </lastmod></url><url>
	<loc> https://geoconnex.us/ref/hu02/13 </loc>
		<lastmod> 2021-10-15 19:25:03.406688 </lastmod></url><url>
	<loc> https://geoconnex.us/ref/hu02/16 </loc>
		<lastmod> 2021-10-15 19:25:03.406698 </lastmod></url><url>
	<loc> https://geoconnex.us/ref/hu02/10 </loc>
		<lastmod> 2021-10-15 19:25:03.406708 </lastmod></url><url>
	<loc> https://geoconnex.us/ref/hu02/04 </loc>
		<lastmod> 2021-10-15 19:25:03.406718 </lastmod></url><url>
	<loc> https://geoconnex.us/ref/hu02/19 </loc>
		<lastmod> 2021-10-15 19:25:03.406727 </lastmod></url></ns0:url>
</ns0:urlset>