<ns0:urlset xmlns:ns0="http://www.sitemaps.org/schemas/sitemap/0.9">
    <ns0:url>
    <url>
	<loc> https://geoconnex.us/ref/hu04/0315 </loc>
		<lastmod> 2021-10-15 19:25:19.295443 </lastmod></url><url>
	<loc> https://geoconnex.us/ref/hu04/0314 </loc>
		<lastmod> 2021-10-15 19:25:19.295467 </lastmod></url><url>
	<loc> https://geoconnex.us/ref/hu04/0316 </loc>
		<lastmod> 2021-10-15 19:25:19.295480 </lastmod></url><url>
	<loc> https://geoconnex.us/ref/hu04/0603 </loc>
		<lastmod> 2021-10-15 19:25:19.295490 </lastmod></url><url>
	<loc> https://geoconnex.us/ref/hu04/0802 </loc>
		<lastmod> 2021-10-15 19:25:19.295500 </lastmod></url><url>
	<loc> https://geoconnex.us/ref/hu04/1101 </loc>
		<lastmod> 2021-10-15 19:25:19.295509 </lastmod></url><url>
	<loc> https://geoconnex.us/ref/hu04/1111 </loc>
		<lastmod> 2021-10-15 19:25:19.295519 </lastmod></url><url>
	<loc> https://geoconnex.us/ref/hu04/2203 </loc>
		<lastmod> 2021-10-15 19:25:19.295528 </lastmod></url><url>
	<loc> https://geoconnex.us/ref/hu04/1503 </loc>
		<lastmod> 2021-10-15 19:25:19.295538 </lastmod></url><url>
	<loc> https://geoconnex.us/ref/hu04/1506 </loc>
		<lastmod> 2021-10-15 19:25:19.295548 </lastmod></url><url>
	<loc> https://geoconnex.us/ref/hu04/1507 </loc>
		<lastmod> 2021-10-15 19:25:19.295557 </lastmod></url><url>
	<loc> https://geoconnex.us/ref/hu04/1505 </loc>
		<lastmod> 2021-10-15 19:25:19.295566 </lastmod></url><url>
	<loc> https://geoconnex.us/ref/hu04/1508 </loc>
		<lastmod> 2021-10-15 19:25:19.295575 </lastmod></url><url>
	<loc> https://geoconnex.us/ref/hu04/1502 </loc>
		<lastmod> 2021-10-15 19:25:19.295584 </lastmod></url><url>
	<loc> https://geoconnex.us/ref/hu04/1501 </loc>
		<lastmod> 2021-10-15 19:25:19.295593 </lastmod></url><url>
	<loc> https://geoconnex.us/ref/hu04/1407 </loc>
		<lastmod> 2021-10-15 19:25:19.295602 </lastmod></url><url>
	<loc> https://geoconnex.us/ref/hu04/1801 </loc>
		<lastmod> 2021-10-15 19:25:19.295611 </lastmod></url><url>
	<loc> https://geoconnex.us/ref/hu04/1802 </loc>
		<lastmod> 2021-10-15 19:25:19.295620 </lastmod></url><url>
	<loc> https://geoconnex.us/ref/hu04/1803 </loc>
		<lastmod> 2021-10-15 19:25:19.295629 </lastmod></url><url>
	<loc> https://geoconnex.us/ref/hu04/1804 </loc>
		<lastmod> 2021-10-15 19:25:19.295637 </lastmod></url><url>
	<loc> https://geoconnex.us/ref/hu04/1805 </loc>
		<lastmod> 2021-10-15 19:25:19.295646 </lastmod></url><url>
	<loc> https://geoconnex.us/ref/hu04/1806 </loc>
		<lastmod> 2021-10-15 19:25:19.295655 </lastmod></url><url>
	<loc> https://geoconnex.us/ref/hu04/1807 </loc>
		<lastmod> 2021-10-15 19:25:19.295664 </lastmod></url><url>
	<loc> https://geoconnex.us/ref/hu04/1809 </loc>
		<lastmod> 2021-10-15 19:25:19.295673 </lastmod></url><url>
	<loc> https://geoconnex.us/ref/hu04/1810 </loc>
		<lastmod> 2021-10-15 19:25:19.295682 </lastmod></url><url>
	<loc> https://geoconnex.us/ref/hu04/1606 </loc>
		<lastmod> 2021-10-15 19:25:19.295691 </lastmod></url><url>
	<loc> https://geoconnex.us/ref/hu04/1808 </loc>
		<lastmod> 2021-10-15 19:25:19.295770 </lastmod></url><url>
	<loc> https://geoconnex.us/ref/hu04/0101 </loc>
		<lastmod> 2021-10-15 19:25:19.295796 </lastmod></url><url>
	<loc> https://geoconnex.us/ref/hu04/1102 </loc>
		<lastmod> 2021-10-15 19:25:19.295809 </lastmod></url><url>
	<loc> https://geoconnex.us/ref/hu04/1401 </loc>
		<lastmod> 2021-10-15 19:25:19.295821 </lastmod></url><url>
	<loc> https://geoconnex.us/ref/hu04/1402 </loc>
		<lastmod> 2021-10-15 19:25:19.295832 </lastmod></url><url>
	<loc> https://geoconnex.us/ref/hu04/1025 </loc>
		<lastmod> 2021-10-15 19:25:19.295844 </lastmod></url><url>
	<loc> https://geoconnex.us/ref/hu04/1019 </loc>
		<lastmod> 2021-10-15 19:25:19.295856 </lastmod></url><url>
	<loc> https://geoconnex.us/ref/hu04/1018 </loc>
		<lastmod> 2021-10-15 19:25:19.295868 </lastmod></url><url>
	<loc> https://geoconnex.us/ref/hu04/1403 </loc>
		<lastmod> 2021-10-15 19:25:19.295879 </lastmod></url><url>
	<loc> https://geoconnex.us/ref/hu04/1405 </loc>
		<lastmod> 2021-10-15 19:25:19.295891 </lastmod></url><url>
	<loc> https://geoconnex.us/ref/hu04/0108 </loc>
		<lastmod> 2021-10-15 19:25:19.295902 </lastmod></url><url>
	<loc> https://geoconnex.us/ref/hu04/0110 </loc>
		<lastmod> 2021-10-15 19:25:19.295914 </lastmod></url><url>
	<loc> https://geoconnex.us/ref/hu04/0308 </loc>
		<lastmod> 2021-10-15 19:25:19.295926 </lastmod></url><url>
	<loc> https://geoconnex.us/ref/hu04/0309 </loc>
		<lastmod> 2021-10-15 19:25:19.295938 </lastmod></url><url>
	<loc> https://geoconnex.us/ref/hu04/0310 </loc>
		<lastmod> 2021-10-15 19:25:19.295950 </lastmod></url><url>
	<loc> https://geoconnex.us/ref/hu04/0311 </loc>
		<lastmod> 2021-10-15 19:25:19.295987 </lastmod></url><url>
	<loc> https://geoconnex.us/ref/hu04/0307 </loc>
		<lastmod> 2021-10-15 19:25:19.296004 </lastmod></url><url>
	<loc> https://geoconnex.us/ref/hu04/0312 </loc>
		<lastmod> 2021-10-15 19:25:19.296017 </lastmod></url><url>
	<loc> https://geoconnex.us/ref/hu04/0313 </loc>
		<lastmod> 2021-10-15 19:25:19.296029 </lastmod></url><url>
	<loc> https://geoconnex.us/ref/hu04/0306 </loc>
		<lastmod> 2021-10-15 19:25:19.296040 </lastmod></url><url>
	<loc> https://geoconnex.us/ref/hu04/0602 </loc>
		<lastmod> 2021-10-15 19:25:19.296052 </lastmod></url><url>
	<loc> https://geoconnex.us/ref/hu04/2201 </loc>
		<lastmod> 2021-10-15 19:25:19.296081 </lastmod></url><url>
	<loc> https://geoconnex.us/ref/hu04/2001 </loc>
		<lastmod> 2021-10-15 19:25:19.296090 </lastmod></url><url>
	<loc> https://geoconnex.us/ref/hu04/2002 </loc>
		<lastmod> 2021-10-15 19:25:19.296099 </lastmod></url><url>
	<loc> https://geoconnex.us/ref/hu04/2003 </loc>
		<lastmod> 2021-10-15 19:25:19.296108 </lastmod></url><url>
	<loc> https://geoconnex.us/ref/hu04/2004 </loc>
		<lastmod> 2021-10-15 19:25:19.296117 </lastmod></url><url>
	<loc> https://geoconnex.us/ref/hu04/2005 </loc>
		<lastmod> 2021-10-15 19:25:19.296126 </lastmod></url><url>
	<loc> https://geoconnex.us/ref/hu04/2006 </loc>
		<lastmod> 2021-10-15 19:25:19.296135 </lastmod></url><url>
	<loc> https://geoconnex.us/ref/hu04/2007 </loc>
		<lastmod> 2021-10-15 19:25:19.296144 </lastmod></url><url>
	<loc> https://geoconnex.us/ref/hu04/2008 </loc>
		<lastmod> 2021-10-15 19:25:19.296153 </lastmod></url><url>
	<loc> https://geoconnex.us/ref/hu04/0706 </loc>
		<lastmod> 2021-10-15 19:25:19.296162 </lastmod></url><url>
	<loc> https://geoconnex.us/ref/hu04/0710 </loc>
		<lastmod> 2021-10-15 19:25:19.296171 </lastmod></url><url>
	<loc> https://geoconnex.us/ref/hu04/1023 </loc>
		<lastmod> 2021-10-15 19:25:19.296180 </lastmod></url><url>
	<loc> https://geoconnex.us/ref/hu04/0713 </loc>
		<lastmod> 2021-10-15 19:25:19.296189 </lastmod></url><url>
	<loc> https://geoconnex.us/ref/hu04/0708 </loc>
		<lastmod> 2021-10-15 19:25:19.296198 </lastmod></url><url>
	<loc> https://geoconnex.us/ref/hu04/0712 </loc>
		<lastmod> 2021-10-15 19:25:19.296207 </lastmod></url><url>
	<loc> https://geoconnex.us/ref/hu04/0711 </loc>
		<lastmod> 2021-10-15 19:25:19.296216 </lastmod></url><url>
	<loc> https://geoconnex.us/ref/hu04/0714 </loc>
		<lastmod> 2021-10-15 19:25:19.296225 </lastmod></url><url>
	<loc> https://geoconnex.us/ref/hu04/0709 </loc>
		<lastmod> 2021-10-15 19:25:19.296234 </lastmod></url><url>
	<loc> https://geoconnex.us/ref/hu04/0404 </loc>
		<lastmod> 2021-10-15 19:25:19.296243 </lastmod></url><url>
	<loc> https://geoconnex.us/ref/hu04/0512 </loc>
		<lastmod> 2021-10-15 19:25:19.296252 </lastmod></url><url>
	<loc> https://geoconnex.us/ref/hu04/0405 </loc>
		<lastmod> 2021-10-15 19:25:19.296261 </lastmod></url><url>
	<loc> https://geoconnex.us/ref/hu04/1027 </loc>
		<lastmod> 2021-10-15 19:25:19.296270 </lastmod></url><url>
	<loc> https://geoconnex.us/ref/hu04/1103 </loc>
		<lastmod> 2021-10-15 19:25:19.296278 </lastmod></url><url>
	<loc> https://geoconnex.us/ref/hu04/1026 </loc>
		<lastmod> 2021-10-15 19:25:19.296287 </lastmod></url><url>
	<loc> https://geoconnex.us/ref/hu04/0510 </loc>
		<lastmod> 2021-10-15 19:25:19.296296 </lastmod></url><url>
	<loc> https://geoconnex.us/ref/hu04/0511 </loc>
		<lastmod> 2021-10-15 19:25:19.296305 </lastmod></url><url>
	<loc> https://geoconnex.us/ref/hu04/0514 </loc>
		<lastmod> 2021-10-15 19:25:19.296315 </lastmod></url><url>
	<loc> https://geoconnex.us/ref/hu04/0805 </loc>
		<lastmod> 2021-10-15 19:25:19.296324 </lastmod></url><url>
	<loc> https://geoconnex.us/ref/hu04/0807 </loc>
		<lastmod> 2021-10-15 19:25:19.296333 </lastmod></url><url>
	<loc> https://geoconnex.us/ref/hu04/0809 </loc>
		<lastmod> 2021-10-15 19:25:19.296341 </lastmod></url><url>
	<loc> https://geoconnex.us/ref/hu04/0804 </loc>
		<lastmod> 2021-10-15 19:25:19.296350 </lastmod></url><url>
	<loc> https://geoconnex.us/ref/hu04/0806 </loc>
		<lastmod> 2021-10-15 19:25:19.296359 </lastmod></url><url>
	<loc> https://geoconnex.us/ref/hu04/0803 </loc>
		<lastmod> 2021-10-15 19:25:19.296368 </lastmod></url><url>
	<loc> https://geoconnex.us/ref/hu04/0107 </loc>
		<lastmod> 2021-10-15 19:25:19.296377 </lastmod></url><url>
	<loc> https://geoconnex.us/ref/hu04/0206 </loc>
		<lastmod> 2021-10-15 19:25:19.296386 </lastmod></url><url>
	<loc> https://geoconnex.us/ref/hu04/0207 </loc>
		<lastmod> 2021-10-15 19:25:19.296395 </lastmod></url><url>
	<loc> https://geoconnex.us/ref/hu04/0105 </loc>
		<lastmod> 2021-10-15 19:25:19.296404 </lastmod></url><url>
	<loc> https://geoconnex.us/ref/hu04/0103 </loc>
		<lastmod> 2021-10-15 19:25:19.296413 </lastmod></url><url>
	<loc> https://geoconnex.us/ref/hu04/0104 </loc>
		<lastmod> 2021-10-15 19:25:19.296421 </lastmod></url><url>
	<loc> https://geoconnex.us/ref/hu04/0402 </loc>
		<lastmod> 2021-10-15 19:25:19.296430 </lastmod></url><url>
	<loc> https://geoconnex.us/ref/hu04/0406 </loc>
		<lastmod> 2021-10-15 19:25:19.296439 </lastmod></url><url>
	<loc> https://geoconnex.us/ref/hu04/0407 </loc>
		<lastmod> 2021-10-15 19:25:19.296448 </lastmod></url><url>
	<loc> https://geoconnex.us/ref/hu04/0409 </loc>
		<lastmod> 2021-10-15 19:25:19.296457 </lastmod></url><url>
	<loc> https://geoconnex.us/ref/hu04/0408 </loc>
		<lastmod> 2021-10-15 19:25:19.296466 </lastmod></url><url>
	<loc> https://geoconnex.us/ref/hu04/0701 </loc>
		<lastmod> 2021-10-15 19:25:19.296475 </lastmod></url><url>
	<loc> https://geoconnex.us/ref/hu04/0903 </loc>
		<lastmod> 2021-10-15 19:25:19.296484 </lastmod></url><url>
	<loc> https://geoconnex.us/ref/hu04/0702 </loc>
		<lastmod> 2021-10-15 19:25:19.296492 </lastmod></url><url>
	<loc> https://geoconnex.us/ref/hu04/0902 </loc>
		<lastmod> 2021-10-15 19:25:19.296501 </lastmod></url><url>
	<loc> https://geoconnex.us/ref/hu04/0704 </loc>
		<lastmod> 2021-10-15 19:25:19.296510 </lastmod></url><url>
	<loc> https://geoconnex.us/ref/hu04/1028 </loc>
		<lastmod> 2021-10-15 19:25:19.296519 </lastmod></url><url>
	<loc> https://geoconnex.us/ref/hu04/1029 </loc>
		<lastmod> 2021-10-15 19:25:19.296528 </lastmod></url><url>
	<loc> https://geoconnex.us/ref/hu04/1030 </loc>
		<lastmod> 2021-10-15 19:25:19.296537 </lastmod></url><url>
	<loc> https://geoconnex.us/ref/hu04/1024 </loc>
		<lastmod> 2021-10-15 19:25:19.296546 </lastmod></url><url>
	<loc> https://geoconnex.us/ref/hu04/2202 </loc>
		<lastmod> 2021-10-15 19:25:19.296555 </lastmod></url><url>
	<loc> https://geoconnex.us/ref/hu04/0317 </loc>
		<lastmod> 2021-10-15 19:25:19.296564 </lastmod></url><url>
	<loc> https://geoconnex.us/ref/hu04/0318 </loc>
		<lastmod> 2021-10-15 19:25:19.296573 </lastmod></url><url>
	<loc> https://geoconnex.us/ref/hu04/0904 </loc>
		<lastmod> 2021-10-15 19:25:19.296581 </lastmod></url><url>
	<loc> https://geoconnex.us/ref/hu04/1002 </loc>
		<lastmod> 2021-10-15 19:25:19.296590 </lastmod></url><url>
	<loc> https://geoconnex.us/ref/hu04/1003 </loc>
		<lastmod> 2021-10-15 19:25:19.296599 </lastmod></url><url>
	<loc> https://geoconnex.us/ref/hu04/1004 </loc>
		<lastmod> 2021-10-15 19:25:19.296608 </lastmod></url><url>
	<loc> https://geoconnex.us/ref/hu04/1005 </loc>
		<lastmod> 2021-10-15 19:25:19.296617 </lastmod></url><url>
	<loc> https://geoconnex.us/ref/hu04/1010 </loc>
		<lastmod> 2021-10-15 19:25:19.296626 </lastmod></url><url>
	<loc> https://geoconnex.us/ref/hu04/1006 </loc>
		<lastmod> 2021-10-15 19:25:19.296635 </lastmod></url><url>
	<loc> https://geoconnex.us/ref/hu04/1011 </loc>
		<lastmod> 2021-10-15 19:25:19.296644 </lastmod></url><url>
	<loc> https://geoconnex.us/ref/hu04/0302 </loc>
		<lastmod> 2021-10-15 19:25:19.296653 </lastmod></url><url>
	<loc> https://geoconnex.us/ref/hu04/0303 </loc>
		<lastmod> 2021-10-15 19:25:19.296662 </lastmod></url><url>
	<loc> https://geoconnex.us/ref/hu04/0601 </loc>
		<lastmod> 2021-10-15 19:25:19.296671 </lastmod></url><url>
	<loc> https://geoconnex.us/ref/hu04/0301 </loc>
		<lastmod> 2021-10-15 19:25:19.296680 </lastmod></url><url>
	<loc> https://geoconnex.us/ref/hu04/0505 </loc>
		<lastmod> 2021-10-15 19:25:19.296689 </lastmod></url><url>
	<loc> https://geoconnex.us/ref/hu04/0901 </loc>
		<lastmod> 2021-10-15 19:25:19.296698 </lastmod></url><url>
	<loc> https://geoconnex.us/ref/hu04/1015 </loc>
		<lastmod> 2021-10-15 19:25:19.296706 </lastmod></url><url>
	<loc> https://geoconnex.us/ref/hu04/1020 </loc>
		<lastmod> 2021-10-15 19:25:19.296715 </lastmod></url><url>
	<loc> https://geoconnex.us/ref/hu04/1021 </loc>
		<lastmod> 2021-10-15 19:25:19.296724 </lastmod></url><url>
	<loc> https://geoconnex.us/ref/hu04/1022 </loc>
		<lastmod> 2021-10-15 19:25:19.296733 </lastmod></url><url>
	<loc> https://geoconnex.us/ref/hu04/1017 </loc>
		<lastmod> 2021-10-15 19:25:19.296742 </lastmod></url><url>
	<loc> https://geoconnex.us/ref/hu04/1012 </loc>
		<lastmod> 2021-10-15 19:25:19.296751 </lastmod></url><url>
	<loc> https://geoconnex.us/ref/hu04/0106 </loc>
		<lastmod> 2021-10-15 19:25:19.296760 </lastmod></url><url>
	<loc> https://geoconnex.us/ref/hu04/0202 </loc>
		<lastmod> 2021-10-15 19:25:19.296769 </lastmod></url><url>
	<loc> https://geoconnex.us/ref/hu04/1108 </loc>
		<lastmod> 2021-10-15 19:25:19.296778 </lastmod></url><url>
	<loc> https://geoconnex.us/ref/hu04/1302 </loc>
		<lastmod> 2021-10-15 19:25:19.296787 </lastmod></url><url>
	<loc> https://geoconnex.us/ref/hu04/1303 </loc>
		<lastmod> 2021-10-15 19:25:19.296796 </lastmod></url><url>
	<loc> https://geoconnex.us/ref/hu04/1306 </loc>
		<lastmod> 2021-10-15 19:25:19.296805 </lastmod></url><url>
	<loc> https://geoconnex.us/ref/hu04/1504 </loc>
		<lastmod> 2021-10-15 19:25:19.296814 </lastmod></url><url>
	<loc> https://geoconnex.us/ref/hu04/1301 </loc>
		<lastmod> 2021-10-15 19:25:19.296823 </lastmod></url><url>
	<loc> https://geoconnex.us/ref/hu04/1408 </loc>
		<lastmod> 2021-10-15 19:25:19.296832 </lastmod></url><url>
	<loc> https://geoconnex.us/ref/hu04/1104 </loc>
		<lastmod> 2021-10-15 19:25:19.296841 </lastmod></url><url>
	<loc> https://geoconnex.us/ref/hu04/1604 </loc>
		<lastmod> 2021-10-15 19:25:19.296850 </lastmod></url><url>
	<loc> https://geoconnex.us/ref/hu04/1605 </loc>
		<lastmod> 2021-10-15 19:25:19.296859 </lastmod></url><url>
	<loc> https://geoconnex.us/ref/hu04/0414 </loc>
		<lastmod> 2021-10-15 19:25:19.296868 </lastmod></url><url>
	<loc> https://geoconnex.us/ref/hu04/0203 </loc>
		<lastmod> 2021-10-15 19:25:19.296877 </lastmod></url><url>
	<loc> https://geoconnex.us/ref/hu04/0411 </loc>
		<lastmod> 2021-10-15 19:25:19.296886 </lastmod></url><url>
	<loc> https://geoconnex.us/ref/hu04/0504 </loc>
		<lastmod> 2021-10-15 19:25:19.296895 </lastmod></url><url>
	<loc> https://geoconnex.us/ref/hu04/0506 </loc>
		<lastmod> 2021-10-15 19:25:19.296904 </lastmod></url><url>
	<loc> https://geoconnex.us/ref/hu04/0508 </loc>
		<lastmod> 2021-10-15 19:25:19.296913 </lastmod></url><url>
	<loc> https://geoconnex.us/ref/hu04/0410 </loc>
		<lastmod> 2021-10-15 19:25:19.296922 </lastmod></url><url>
	<loc> https://geoconnex.us/ref/hu04/1105 </loc>
		<lastmod> 2021-10-15 19:25:19.296930 </lastmod></url><url>
	<loc> https://geoconnex.us/ref/hu04/1106 </loc>
		<lastmod> 2021-10-15 19:25:19.296939 </lastmod></url><url>
	<loc> https://geoconnex.us/ref/hu04/1107 </loc>
		<lastmod> 2021-10-15 19:25:19.296948 </lastmod></url><url>
	<loc> https://geoconnex.us/ref/hu04/1110 </loc>
		<lastmod> 2021-10-15 19:25:19.296957 </lastmod></url><url>
	<loc> https://geoconnex.us/ref/hu04/1112 </loc>
		<lastmod> 2021-10-15 19:25:19.296966 </lastmod></url><url>
	<loc> https://geoconnex.us/ref/hu04/1109 </loc>
		<lastmod> 2021-10-15 19:25:19.296975 </lastmod></url><url>
	<loc> https://geoconnex.us/ref/hu04/0501 </loc>
		<lastmod> 2021-10-15 19:25:19.296984 </lastmod></url><url>
	<loc> https://geoconnex.us/ref/hu04/0205 </loc>
		<lastmod> 2021-10-15 19:25:19.296993 </lastmod></url><url>
	<loc> https://geoconnex.us/ref/hu04/0413 </loc>
		<lastmod> 2021-10-15 19:25:19.297002 </lastmod></url><url>
	<loc> https://geoconnex.us/ref/hu04/2101 </loc>
		<lastmod> 2021-10-15 19:25:19.297011 </lastmod></url><url>
	<loc> https://geoconnex.us/ref/hu04/2102 </loc>
		<lastmod> 2021-10-15 19:25:19.297020 </lastmod></url><url>
	<loc> https://geoconnex.us/ref/hu04/0109 </loc>
		<lastmod> 2021-10-15 19:25:19.297074 </lastmod></url><url>
	<loc> https://geoconnex.us/ref/hu04/0305 </loc>
		<lastmod> 2021-10-15 19:25:19.297086 </lastmod></url><url>
	<loc> https://geoconnex.us/ref/hu04/0304 </loc>
		<lastmod> 2021-10-15 19:25:19.297095 </lastmod></url><url>
	<loc> https://geoconnex.us/ref/hu04/1013 </loc>
		<lastmod> 2021-10-15 19:25:19.297104 </lastmod></url><url>
	<loc> https://geoconnex.us/ref/hu04/1016 </loc>
		<lastmod> 2021-10-15 19:25:19.297113 </lastmod></url><url>
	<loc> https://geoconnex.us/ref/hu04/1014 </loc>
		<lastmod> 2021-10-15 19:25:19.297122 </lastmod></url><url>
	<loc> https://geoconnex.us/ref/hu04/0513 </loc>
		<lastmod> 2021-10-15 19:25:19.297131 </lastmod></url><url>
	<loc> https://geoconnex.us/ref/hu04/0604 </loc>
		<lastmod> 2021-10-15 19:25:19.297140 </lastmod></url><url>
	<loc> https://geoconnex.us/ref/hu04/0801 </loc>
		<lastmod> 2021-10-15 19:25:19.297149 </lastmod></url><url>
	<loc> https://geoconnex.us/ref/hu04/1202 </loc>
		<lastmod> 2021-10-15 19:25:19.297158 </lastmod></url><url>
	<loc> https://geoconnex.us/ref/hu04/1203 </loc>
		<lastmod> 2021-10-15 19:25:19.297166 </lastmod></url><url>
	<loc> https://geoconnex.us/ref/hu04/1204 </loc>
		<lastmod> 2021-10-15 19:25:19.297175 </lastmod></url><url>
	<loc> https://geoconnex.us/ref/hu04/1205 </loc>
		<lastmod> 2021-10-15 19:25:19.297184 </lastmod></url><url>
	<loc> https://geoconnex.us/ref/hu04/1206 </loc>
		<lastmod> 2021-10-15 19:25:19.297193 </lastmod></url><url>
	<loc> https://geoconnex.us/ref/hu04/1207 </loc>
		<lastmod> 2021-10-15 19:25:19.297202 </lastmod></url><url>
	<loc> https://geoconnex.us/ref/hu04/1208 </loc>
		<lastmod> 2021-10-15 19:25:19.297211 </lastmod></url><url>
	<loc> https://geoconnex.us/ref/hu04/1209 </loc>
		<lastmod> 2021-10-15 19:25:19.297220 </lastmod></url><url>
	<loc> https://geoconnex.us/ref/hu04/1210 </loc>
		<lastmod> 2021-10-15 19:25:19.297229 </lastmod></url><url>
	<loc> https://geoconnex.us/ref/hu04/1211 </loc>
		<lastmod> 2021-10-15 19:25:19.297238 </lastmod></url><url>
	<loc> https://geoconnex.us/ref/hu04/1304 </loc>
		<lastmod> 2021-10-15 19:25:19.297247 </lastmod></url><url>
	<loc> https://geoconnex.us/ref/hu04/1307 </loc>
		<lastmod> 2021-10-15 19:25:19.297255 </lastmod></url><url>
	<loc> https://geoconnex.us/ref/hu04/1114 </loc>
		<lastmod> 2021-10-15 19:25:19.297265 </lastmod></url><url>
	<loc> https://geoconnex.us/ref/hu04/1201 </loc>
		<lastmod> 2021-10-15 19:25:19.297274 </lastmod></url><url>
	<loc> https://geoconnex.us/ref/hu04/1309 </loc>
		<lastmod> 2021-10-15 19:25:19.297283 </lastmod></url><url>
	<loc> https://geoconnex.us/ref/hu04/1305 </loc>
		<lastmod> 2021-10-15 19:25:19.297292 </lastmod></url><url>
	<loc> https://geoconnex.us/ref/hu04/1113 </loc>
		<lastmod> 2021-10-15 19:25:19.297301 </lastmod></url><url>
	<loc> https://geoconnex.us/ref/hu04/1406 </loc>
		<lastmod> 2021-10-15 19:25:19.297310 </lastmod></url><url>
	<loc> https://geoconnex.us/ref/hu04/1602 </loc>
		<lastmod> 2021-10-15 19:25:19.297319 </lastmod></url><url>
	<loc> https://geoconnex.us/ref/hu04/1601 </loc>
		<lastmod> 2021-10-15 19:25:19.297328 </lastmod></url><url>
	<loc> https://geoconnex.us/ref/hu04/1603 </loc>
		<lastmod> 2021-10-15 19:25:19.297337 </lastmod></url><url>
	<loc> https://geoconnex.us/ref/hu04/0208 </loc>
		<lastmod> 2021-10-15 19:25:19.297345 </lastmod></url><url>
	<loc> https://geoconnex.us/ref/hu04/0507 </loc>
		<lastmod> 2021-10-15 19:25:19.297354 </lastmod></url><url>
	<loc> https://geoconnex.us/ref/hu04/0204 </loc>
		<lastmod> 2021-10-15 19:25:19.297363 </lastmod></url><url>
	<loc> https://geoconnex.us/ref/hu04/0403 </loc>
		<lastmod> 2021-10-15 19:25:19.297372 </lastmod></url><url>
	<loc> https://geoconnex.us/ref/hu04/0705 </loc>
		<lastmod> 2021-10-15 19:25:19.297381 </lastmod></url><url>
	<loc> https://geoconnex.us/ref/hu04/0707 </loc>
		<lastmod> 2021-10-15 19:25:19.297390 </lastmod></url><url>
	<loc> https://geoconnex.us/ref/hu04/0401 </loc>
		<lastmod> 2021-10-15 19:25:19.297399 </lastmod></url><url>
	<loc> https://geoconnex.us/ref/hu04/0703 </loc>
		<lastmod> 2021-10-15 19:25:19.297408 </lastmod></url><url>
	<loc> https://geoconnex.us/ref/hu04/0509 </loc>
		<lastmod> 2021-10-15 19:25:19.297417 </lastmod></url><url>
	<loc> https://geoconnex.us/ref/hu04/0502 </loc>
		<lastmod> 2021-10-15 19:25:19.297426 </lastmod></url><url>
	<loc> https://geoconnex.us/ref/hu04/0503 </loc>
		<lastmod> 2021-10-15 19:25:19.297435 </lastmod></url><url>
	<loc> https://geoconnex.us/ref/hu04/1404 </loc>
		<lastmod> 2021-10-15 19:25:19.297444 </lastmod></url><url>
	<loc> https://geoconnex.us/ref/hu04/1007 </loc>
		<lastmod> 2021-10-15 19:25:19.297452 </lastmod></url><url>
	<loc> https://geoconnex.us/ref/hu04/1008 </loc>
		<lastmod> 2021-10-15 19:25:19.297461 </lastmod></url><url>
	<loc> https://geoconnex.us/ref/hu04/1009 </loc>
		<lastmod> 2021-10-15 19:25:19.297470 </lastmod></url><url>
	<loc> https://geoconnex.us/ref/hu04/1710 </loc>
		<lastmod> 2021-10-15 19:25:19.297480 </lastmod></url><url>
	<loc> https://geoconnex.us/ref/hu04/1706 </loc>
		<lastmod> 2021-10-15 19:25:19.297489 </lastmod></url><url>
	<loc> https://geoconnex.us/ref/hu04/1701 </loc>
		<lastmod> 2021-10-15 19:25:19.297497 </lastmod></url><url>
	<loc> https://geoconnex.us/ref/hu04/1704 </loc>
		<lastmod> 2021-10-15 19:25:19.297507 </lastmod></url><url>
	<loc> https://geoconnex.us/ref/hu04/1705 </loc>
		<lastmod> 2021-10-15 19:25:19.297516 </lastmod></url><url>
	<loc> https://geoconnex.us/ref/hu04/1712 </loc>
		<lastmod> 2021-10-15 19:25:19.297524 </lastmod></url><url>
	<loc> https://geoconnex.us/ref/hu04/1707 </loc>
		<lastmod> 2021-10-15 19:25:19.297533 </lastmod></url><url>
	<loc> https://geoconnex.us/ref/hu04/1708 </loc>
		<lastmod> 2021-10-15 19:25:19.297542 </lastmod></url><url>
	<loc> https://geoconnex.us/ref/hu04/1702 </loc>
		<lastmod> 2021-10-15 19:25:19.297551 </lastmod></url><url>
	<loc> https://geoconnex.us/ref/hu04/1703 </loc>
		<lastmod> 2021-10-15 19:25:19.297560 </lastmod></url><url>
	<loc> https://geoconnex.us/ref/hu04/1711 </loc>
		<lastmod> 2021-10-15 19:25:19.297569 </lastmod></url><url>
	<loc> https://geoconnex.us/ref/hu04/1709 </loc>
		<lastmod> 2021-10-15 19:25:19.297578 </lastmod></url><url>
	<loc> https://geoconnex.us/ref/hu04/0808 </loc>
		<lastmod> 2021-10-15 19:25:19.297586 </lastmod></url><url>
	<loc> https://geoconnex.us/ref/hu04/0102 </loc>
		<lastmod> 2021-10-15 19:25:19.297595 </lastmod></url><url>
	<loc> https://geoconnex.us/ref/hu04/1308 </loc>
		<lastmod> 2021-10-15 19:25:19.297604 </lastmod></url><url>
	<loc> https://geoconnex.us/ref/hu04/0412 </loc>
		<lastmod> 2021-10-15 19:25:19.297613 </lastmod></url><url>
	<loc> https://geoconnex.us/ref/hu04/1901 </loc>
		<lastmod> 2021-10-15 19:25:19.297622 </lastmod></url><url>
	<loc> https://geoconnex.us/ref/hu04/1902 </loc>
		<lastmod> 2021-10-15 19:25:19.297631 </lastmod></url><url>
	<loc> https://geoconnex.us/ref/hu04/1903 </loc>
		<lastmod> 2021-10-15 19:25:19.297640 </lastmod></url><url>
	<loc> https://geoconnex.us/ref/hu04/1907 </loc>
		<lastmod> 2021-10-15 19:25:19.297649 </lastmod></url><url>
	<loc> https://geoconnex.us/ref/hu04/1909 </loc>
		<lastmod> 2021-10-15 19:25:19.297658 </lastmod></url><url>
	<loc> https://geoconnex.us/ref/hu04/1905 </loc>
		<lastmod> 2021-10-15 19:25:19.297667 </lastmod></url><url>
	<loc> https://geoconnex.us/ref/hu04/1908 </loc>
		<lastmod> 2021-10-15 19:25:19.297676 </lastmod></url><url>
	<loc> https://geoconnex.us/ref/hu04/1906 </loc>
		<lastmod> 2021-10-15 19:25:19.297685 </lastmod></url><url>
	<loc> https://geoconnex.us/ref/hu04/1310 </loc>
		<lastmod> 2021-10-15 19:25:19.297694 </lastmod></url><url>
	<loc> https://geoconnex.us/ref/hu04/1311 </loc>
		<lastmod> 2021-10-15 19:25:19.297703 </lastmod></url><url>
	<loc> https://geoconnex.us/ref/hu04/1312 </loc>
		<lastmod> 2021-10-15 19:25:19.297729 </lastmod></url><url>
	<loc> https://geoconnex.us/ref/hu04/0416 </loc>
		<lastmod> 2021-10-15 19:25:19.297738 </lastmod></url><url>
	<loc> https://geoconnex.us/ref/hu04/0433 </loc>
		<lastmod> 2021-10-15 19:25:19.297747 </lastmod></url><url>
	<loc> https://geoconnex.us/ref/hu04/0432 </loc>
		<lastmod> 2021-10-15 19:25:19.297755 </lastmod></url><url>
	<loc> https://geoconnex.us/ref/hu04/0417 </loc>
		<lastmod> 2021-10-15 19:25:19.297764 </lastmod></url><url>
	<loc> https://geoconnex.us/ref/hu04/0419 </loc>
		<lastmod> 2021-10-15 19:25:19.297772 </lastmod></url><url>
	<loc> https://geoconnex.us/ref/hu04/0420 </loc>
		<lastmod> 2021-10-15 19:25:19.297781 </lastmod></url><url>
	<loc> https://geoconnex.us/ref/hu04/0423 </loc>
		<lastmod> 2021-10-15 19:25:19.297790 </lastmod></url><url>
	<loc> https://geoconnex.us/ref/hu04/0422 </loc>
		<lastmod> 2021-10-15 19:25:19.297799 </lastmod></url><url>
	<loc> https://geoconnex.us/ref/hu04/0421 </loc>
		<lastmod> 2021-10-15 19:25:19.297807 </lastmod></url><url>
	<loc> https://geoconnex.us/ref/hu04/0425 </loc>
		<lastmod> 2021-10-15 19:25:19.297817 </lastmod></url><url>
	<loc> https://geoconnex.us/ref/hu04/0426 </loc>
		<lastmod> 2021-10-15 19:25:19.297826 </lastmod></url><url>
	<loc> https://geoconnex.us/ref/hu04/0424 </loc>
		<lastmod> 2021-10-15 19:25:19.297835 </lastmod></url><url>
	<loc> https://geoconnex.us/ref/hu04/0418 </loc>
		<lastmod> 2021-10-15 19:25:19.297844 </lastmod></url><url>
	<loc> https://geoconnex.us/ref/hu04/0427 </loc>
		<lastmod> 2021-10-15 19:25:19.297852 </lastmod></url><url>
	<loc> https://geoconnex.us/ref/hu04/0428 </loc>
		<lastmod> 2021-10-15 19:25:19.297861 </lastmod></url><url>
	<loc> https://geoconnex.us/ref/hu04/0429 </loc>
		<lastmod> 2021-10-15 19:25:19.297870 </lastmod></url><url>
	<loc> https://geoconnex.us/ref/hu04/0430 </loc>
		<lastmod> 2021-10-15 19:25:19.297879 </lastmod></url><url>
	<loc> https://geoconnex.us/ref/hu04/0431 </loc>
		<lastmod> 2021-10-15 19:25:19.297887 </lastmod></url><url>
	<loc> https://geoconnex.us/ref/hu04/2204 </loc>
		<lastmod> 2021-10-15 19:25:19.297896 </lastmod></url></ns0:url>
</ns0:urlset>