<ns0:urlset xmlns:ns0="http://www.sitemaps.org/schemas/sitemap/0.9">
    <ns0:url>
    <url>
	<loc> https://geoconnex.us/ref/hu06/043100 </loc>
		<lastmod> 2021-10-15 19:25:03.395371 </lastmod></url><url>
	<loc> https://geoconnex.us/ref/hu06/031502 </loc>
		<lastmod> 2021-10-15 19:25:03.395398 </lastmod></url><url>
	<loc> https://geoconnex.us/ref/hu06/031401 </loc>
		<lastmod> 2021-10-15 19:25:03.395411 </lastmod></url><url>
	<loc> https://geoconnex.us/ref/hu06/031501 </loc>
		<lastmod> 2021-10-15 19:25:03.395422 </lastmod></url><url>
	<loc> https://geoconnex.us/ref/hu06/031601 </loc>
		<lastmod> 2021-10-15 19:25:03.395432 </lastmod></url><url>
	<loc> https://geoconnex.us/ref/hu06/031602 </loc>
		<lastmod> 2021-10-15 19:25:03.395442 </lastmod></url><url>
	<loc> https://geoconnex.us/ref/hu06/060300 </loc>
		<lastmod> 2021-10-15 19:25:03.395451 </lastmod></url><url>
	<loc> https://geoconnex.us/ref/hu06/080201 </loc>
		<lastmod> 2021-10-15 19:25:03.395461 </lastmod></url><url>
	<loc> https://geoconnex.us/ref/hu06/080203 </loc>
		<lastmod> 2021-10-15 19:25:03.395471 </lastmod></url><url>
	<loc> https://geoconnex.us/ref/hu06/080204 </loc>
		<lastmod> 2021-10-15 19:25:03.395480 </lastmod></url><url>
	<loc> https://geoconnex.us/ref/hu06/080401 </loc>
		<lastmod> 2021-10-15 19:25:03.395490 </lastmod></url><url>
	<loc> https://geoconnex.us/ref/hu06/111102 </loc>
		<lastmod> 2021-10-15 19:25:03.395500 </lastmod></url><url>
	<loc> https://geoconnex.us/ref/hu06/080202 </loc>
		<lastmod> 2021-10-15 19:25:03.395509 </lastmod></url><url>
	<loc> https://geoconnex.us/ref/hu06/110100 </loc>
		<lastmod> 2021-10-15 19:25:03.395519 </lastmod></url><url>
	<loc> https://geoconnex.us/ref/hu06/080101 </loc>
		<lastmod> 2021-10-15 19:25:03.395528 </lastmod></url><url>
	<loc> https://geoconnex.us/ref/hu06/220300 </loc>
		<lastmod> 2021-10-15 19:25:03.395555 </lastmod></url><url>
	<loc> https://geoconnex.us/ref/hu06/150302 </loc>
		<lastmod> 2021-10-15 19:25:03.395581 </lastmod></url><url>
	<loc> https://geoconnex.us/ref/hu06/150501 </loc>
		<lastmod> 2021-10-15 19:25:03.395590 </lastmod></url><url>
	<loc> https://geoconnex.us/ref/hu06/150503 </loc>
		<lastmod> 2021-10-15 19:25:03.395599 </lastmod></url><url>
	<loc> https://geoconnex.us/ref/hu06/150601 </loc>
		<lastmod> 2021-10-15 19:25:03.395609 </lastmod></url><url>
	<loc> https://geoconnex.us/ref/hu06/150602 </loc>
		<lastmod> 2021-10-15 19:25:03.395618 </lastmod></url><url>
	<loc> https://geoconnex.us/ref/hu06/150701 </loc>
		<lastmod> 2021-10-15 19:25:03.395627 </lastmod></url><url>
	<loc> https://geoconnex.us/ref/hu06/150702 </loc>
		<lastmod> 2021-10-15 19:25:03.395636 </lastmod></url><url>
	<loc> https://geoconnex.us/ref/hu06/150502 </loc>
		<lastmod> 2021-10-15 19:25:03.395645 </lastmod></url><url>
	<loc> https://geoconnex.us/ref/hu06/150801 </loc>
		<lastmod> 2021-10-15 19:25:03.395654 </lastmod></url><url>
	<loc> https://geoconnex.us/ref/hu06/150802 </loc>
		<lastmod> 2021-10-15 19:25:03.395663 </lastmod></url><url>
	<loc> https://geoconnex.us/ref/hu06/150301 </loc>
		<lastmod> 2021-10-15 19:25:03.395672 </lastmod></url><url>
	<loc> https://geoconnex.us/ref/hu06/150200 </loc>
		<lastmod> 2021-10-15 19:25:03.395681 </lastmod></url><url>
	<loc> https://geoconnex.us/ref/hu06/140802 </loc>
		<lastmod> 2021-10-15 19:25:03.395690 </lastmod></url><url>
	<loc> https://geoconnex.us/ref/hu06/150100 </loc>
		<lastmod> 2021-10-15 19:25:03.395699 </lastmod></url><url>
	<loc> https://geoconnex.us/ref/hu06/140700 </loc>
		<lastmod> 2021-10-15 19:25:03.395708 </lastmod></url><url>
	<loc> https://geoconnex.us/ref/hu06/180101 </loc>
		<lastmod> 2021-10-15 19:25:03.395717 </lastmod></url><url>
	<loc> https://geoconnex.us/ref/hu06/180200 </loc>
		<lastmod> 2021-10-15 19:25:03.395726 </lastmod></url><url>
	<loc> https://geoconnex.us/ref/hu06/180201 </loc>
		<lastmod> 2021-10-15 19:25:03.395753 </lastmod></url><url>
	<loc> https://geoconnex.us/ref/hu06/180300 </loc>
		<lastmod> 2021-10-15 19:25:03.395762 </lastmod></url><url>
	<loc> https://geoconnex.us/ref/hu06/180400 </loc>
		<lastmod> 2021-10-15 19:25:03.395772 </lastmod></url><url>
	<loc> https://geoconnex.us/ref/hu06/180500 </loc>
		<lastmod> 2021-10-15 19:25:03.395781 </lastmod></url><url>
	<loc> https://geoconnex.us/ref/hu06/180600 </loc>
		<lastmod> 2021-10-15 19:25:03.395791 </lastmod></url><url>
	<loc> https://geoconnex.us/ref/hu06/180701 </loc>
		<lastmod> 2021-10-15 19:25:03.395800 </lastmod></url><url>
	<loc> https://geoconnex.us/ref/hu06/180702 </loc>
		<lastmod> 2021-10-15 19:25:03.395810 </lastmod></url><url>
	<loc> https://geoconnex.us/ref/hu06/180703 </loc>
		<lastmod> 2021-10-15 19:25:03.395819 </lastmod></url><url>
	<loc> https://geoconnex.us/ref/hu06/180901 </loc>
		<lastmod> 2021-10-15 19:25:03.395828 </lastmod></url><url>
	<loc> https://geoconnex.us/ref/hu06/180902 </loc>
		<lastmod> 2021-10-15 19:25:03.395837 </lastmod></url><url>
	<loc> https://geoconnex.us/ref/hu06/181001 </loc>
		<lastmod> 2021-10-15 19:25:03.395847 </lastmod></url><url>
	<loc> https://geoconnex.us/ref/hu06/181002 </loc>
		<lastmod> 2021-10-15 19:25:03.395856 </lastmod></url><url>
	<loc> https://geoconnex.us/ref/hu06/160501 </loc>
		<lastmod> 2021-10-15 19:25:03.395884 </lastmod></url><url>
	<loc> https://geoconnex.us/ref/hu06/160502 </loc>
		<lastmod> 2021-10-15 19:25:03.395893 </lastmod></url><url>
	<loc> https://geoconnex.us/ref/hu06/160600 </loc>
		<lastmod> 2021-10-15 19:25:03.395903 </lastmod></url><url>
	<loc> https://geoconnex.us/ref/hu06/180800 </loc>
		<lastmod> 2021-10-15 19:25:03.395913 </lastmod></url><url>
	<loc> https://geoconnex.us/ref/hu06/180102 </loc>
		<lastmod> 2021-10-15 19:25:03.395922 </lastmod></url><url>
	<loc> https://geoconnex.us/ref/hu06/010100 </loc>
		<lastmod> 2021-10-15 19:25:03.395932 </lastmod></url><url>
	<loc> https://geoconnex.us/ref/hu06/042400 </loc>
		<lastmod> 2021-10-15 19:25:03.395941 </lastmod></url><url>
	<loc> https://geoconnex.us/ref/hu06/042600 </loc>
		<lastmod> 2021-10-15 19:25:03.395951 </lastmod></url><url>
	<loc> https://geoconnex.us/ref/hu06/110200 </loc>
		<lastmod> 2021-10-15 19:25:03.395986 </lastmod></url><url>
	<loc> https://geoconnex.us/ref/hu06/140100 </loc>
		<lastmod> 2021-10-15 19:25:03.396020 </lastmod></url><url>
	<loc> https://geoconnex.us/ref/hu06/140200 </loc>
		<lastmod> 2021-10-15 19:25:03.396031 </lastmod></url><url>
	<loc> https://geoconnex.us/ref/hu06/102500 </loc>
		<lastmod> 2021-10-15 19:25:03.396041 </lastmod></url><url>
	<loc> https://geoconnex.us/ref/hu06/101900 </loc>
		<lastmod> 2021-10-15 19:25:03.396051 </lastmod></url><url>
	<loc> https://geoconnex.us/ref/hu06/101800 </loc>
		<lastmod> 2021-10-15 19:25:03.396060 </lastmod></url><url>
	<loc> https://geoconnex.us/ref/hu06/140300 </loc>
		<lastmod> 2021-10-15 19:25:03.396071 </lastmod></url><url>
	<loc> https://geoconnex.us/ref/hu06/140401 </loc>
		<lastmod> 2021-10-15 19:25:03.396081 </lastmod></url><url>
	<loc> https://geoconnex.us/ref/hu06/140500 </loc>
		<lastmod> 2021-10-15 19:25:03.396091 </lastmod></url><url>
	<loc> https://geoconnex.us/ref/hu06/010802 </loc>
		<lastmod> 2021-10-15 19:25:03.396100 </lastmod></url><url>
	<loc> https://geoconnex.us/ref/hu06/011000 </loc>
		<lastmod> 2021-10-15 19:25:03.396111 </lastmod></url><url>
	<loc> https://geoconnex.us/ref/hu06/020402 </loc>
		<lastmod> 2021-10-15 19:25:03.396121 </lastmod></url><url>
	<loc> https://geoconnex.us/ref/hu06/030801 </loc>
		<lastmod> 2021-10-15 19:25:03.396130 </lastmod></url><url>
	<loc> https://geoconnex.us/ref/hu06/030802 </loc>
		<lastmod> 2021-10-15 19:25:03.396140 </lastmod></url><url>
	<loc> https://geoconnex.us/ref/hu06/030901 </loc>
		<lastmod> 2021-10-15 19:25:03.396150 </lastmod></url><url>
	<loc> https://geoconnex.us/ref/hu06/030902 </loc>
		<lastmod> 2021-10-15 19:25:03.396160 </lastmod></url><url>
	<loc> https://geoconnex.us/ref/hu06/031001 </loc>
		<lastmod> 2021-10-15 19:25:03.396170 </lastmod></url><url>
	<loc> https://geoconnex.us/ref/hu06/031002 </loc>
		<lastmod> 2021-10-15 19:25:03.396180 </lastmod></url><url>
	<loc> https://geoconnex.us/ref/hu06/031101 </loc>
		<lastmod> 2021-10-15 19:25:03.396190 </lastmod></url><url>
	<loc> https://geoconnex.us/ref/hu06/031402 </loc>
		<lastmod> 2021-10-15 19:25:03.396200 </lastmod></url><url>
	<loc> https://geoconnex.us/ref/hu06/031403 </loc>
		<lastmod> 2021-10-15 19:25:03.396226 </lastmod></url><url>
	<loc> https://geoconnex.us/ref/hu06/030702 </loc>
		<lastmod> 2021-10-15 19:25:03.396236 </lastmod></url><url>
	<loc> https://geoconnex.us/ref/hu06/031102 </loc>
		<lastmod> 2021-10-15 19:25:03.396246 </lastmod></url><url>
	<loc> https://geoconnex.us/ref/hu06/031200 </loc>
		<lastmod> 2021-10-15 19:25:03.396255 </lastmod></url><url>
	<loc> https://geoconnex.us/ref/hu06/031300 </loc>
		<lastmod> 2021-10-15 19:25:03.396265 </lastmod></url><url>
	<loc> https://geoconnex.us/ref/hu06/030602 </loc>
		<lastmod> 2021-10-15 19:25:03.396274 </lastmod></url><url>
	<loc> https://geoconnex.us/ref/hu06/030701 </loc>
		<lastmod> 2021-10-15 19:25:03.396284 </lastmod></url><url>
	<loc> https://geoconnex.us/ref/hu06/060200 </loc>
		<lastmod> 2021-10-15 19:25:03.396293 </lastmod></url><url>
	<loc> https://geoconnex.us/ref/hu06/220100 </loc>
		<lastmod> 2021-10-15 19:25:03.396303 </lastmod></url><url>
	<loc> https://geoconnex.us/ref/hu06/200100 </loc>
		<lastmod> 2021-10-15 19:25:03.396330 </lastmod></url><url>
	<loc> https://geoconnex.us/ref/hu06/200200 </loc>
		<lastmod> 2021-10-15 19:25:03.396340 </lastmod></url><url>
	<loc> https://geoconnex.us/ref/hu06/200300 </loc>
		<lastmod> 2021-10-15 19:25:03.396350 </lastmod></url><url>
	<loc> https://geoconnex.us/ref/hu06/200400 </loc>
		<lastmod> 2021-10-15 19:25:03.396359 </lastmod></url><url>
	<loc> https://geoconnex.us/ref/hu06/200500 </loc>
		<lastmod> 2021-10-15 19:25:03.396369 </lastmod></url><url>
	<loc> https://geoconnex.us/ref/hu06/200600 </loc>
		<lastmod> 2021-10-15 19:25:03.396379 </lastmod></url><url>
	<loc> https://geoconnex.us/ref/hu06/200700 </loc>
		<lastmod> 2021-10-15 19:25:03.396388 </lastmod></url><url>
	<loc> https://geoconnex.us/ref/hu06/200800 </loc>
		<lastmod> 2021-10-15 19:25:03.396398 </lastmod></url><url>
	<loc> https://geoconnex.us/ref/hu06/070600 </loc>
		<lastmod> 2021-10-15 19:25:03.396407 </lastmod></url><url>
	<loc> https://geoconnex.us/ref/hu06/070802 </loc>
		<lastmod> 2021-10-15 19:25:03.396417 </lastmod></url><url>
	<loc> https://geoconnex.us/ref/hu06/071000 </loc>
		<lastmod> 2021-10-15 19:25:03.396426 </lastmod></url><url>
	<loc> https://geoconnex.us/ref/hu06/101702 </loc>
		<lastmod> 2021-10-15 19:25:03.396436 </lastmod></url><url>
	<loc> https://geoconnex.us/ref/hu06/102300 </loc>
		<lastmod> 2021-10-15 19:25:03.396463 </lastmod></url><url>
	<loc> https://geoconnex.us/ref/hu06/071300 </loc>
		<lastmod> 2021-10-15 19:25:03.396473 </lastmod></url><url>
	<loc> https://geoconnex.us/ref/hu06/071402 </loc>
		<lastmod> 2021-10-15 19:25:03.396483 </lastmod></url><url>
	<loc> https://geoconnex.us/ref/hu06/070801 </loc>
		<lastmod> 2021-10-15 19:25:03.396493 </lastmod></url><url>
	<loc> https://geoconnex.us/ref/hu06/071200 </loc>
		<lastmod> 2021-10-15 19:25:03.396502 </lastmod></url><url>
	<loc> https://geoconnex.us/ref/hu06/051201 </loc>
		<lastmod> 2021-10-15 19:25:03.396512 </lastmod></url><url>
	<loc> https://geoconnex.us/ref/hu06/071100 </loc>
		<lastmod> 2021-10-15 19:25:03.396539 </lastmod></url><url>
	<loc> https://geoconnex.us/ref/hu06/071401 </loc>
		<lastmod> 2021-10-15 19:25:03.396549 </lastmod></url><url>
	<loc> https://geoconnex.us/ref/hu06/070900 </loc>
		<lastmod> 2021-10-15 19:25:03.396559 </lastmod></url><url>
	<loc> https://geoconnex.us/ref/hu06/041900 </loc>
		<lastmod> 2021-10-15 19:25:03.396568 </lastmod></url><url>
	<loc> https://geoconnex.us/ref/hu06/051202 </loc>
		<lastmod> 2021-10-15 19:25:03.396578 </lastmod></url><url>
	<loc> https://geoconnex.us/ref/hu06/040500 </loc>
		<lastmod> 2021-10-15 19:25:03.396587 </lastmod></url><url>
	<loc> https://geoconnex.us/ref/hu06/102701 </loc>
		<lastmod> 2021-10-15 19:25:03.396596 </lastmod></url><url>
	<loc> https://geoconnex.us/ref/hu06/110300 </loc>
		<lastmod> 2021-10-15 19:25:03.396606 </lastmod></url><url>
	<loc> https://geoconnex.us/ref/hu06/102600 </loc>
		<lastmod> 2021-10-15 19:25:03.396616 </lastmod></url><url>
	<loc> https://geoconnex.us/ref/hu06/102702 </loc>
		<lastmod> 2021-10-15 19:25:03.396625 </lastmod></url><url>
	<loc> https://geoconnex.us/ref/hu06/051001 </loc>
		<lastmod> 2021-10-15 19:25:03.396634 </lastmod></url><url>
	<loc> https://geoconnex.us/ref/hu06/051002 </loc>
		<lastmod> 2021-10-15 19:25:03.396662 </lastmod></url><url>
	<loc> https://geoconnex.us/ref/hu06/051100 </loc>
		<lastmod> 2021-10-15 19:25:03.396672 </lastmod></url><url>
	<loc> https://geoconnex.us/ref/hu06/051402 </loc>
		<lastmod> 2021-10-15 19:25:03.396681 </lastmod></url><url>
	<loc> https://geoconnex.us/ref/hu06/051401 </loc>
		<lastmod> 2021-10-15 19:25:03.396691 </lastmod></url><url>
	<loc> https://geoconnex.us/ref/hu06/050902 </loc>
		<lastmod> 2021-10-15 19:25:03.396700 </lastmod></url><url>
	<loc> https://geoconnex.us/ref/hu06/080403 </loc>
		<lastmod> 2021-10-15 19:25:03.396710 </lastmod></url><url>
	<loc> https://geoconnex.us/ref/hu06/080500 </loc>
		<lastmod> 2021-10-15 19:25:03.396720 </lastmod></url><url>
	<loc> https://geoconnex.us/ref/hu06/080701 </loc>
		<lastmod> 2021-10-15 19:25:03.396729 </lastmod></url><url>
	<loc> https://geoconnex.us/ref/hu06/080702 </loc>
		<lastmod> 2021-10-15 19:25:03.396739 </lastmod></url><url>
	<loc> https://geoconnex.us/ref/hu06/080703 </loc>
		<lastmod> 2021-10-15 19:25:03.396749 </lastmod></url><url>
	<loc> https://geoconnex.us/ref/hu06/080801 </loc>
		<lastmod> 2021-10-15 19:25:03.396777 </lastmod></url><url>
	<loc> https://geoconnex.us/ref/hu06/080802 </loc>
		<lastmod> 2021-10-15 19:25:03.396786 </lastmod></url><url>
	<loc> https://geoconnex.us/ref/hu06/080901 </loc>
		<lastmod> 2021-10-15 19:25:03.396795 </lastmod></url><url>
	<loc> https://geoconnex.us/ref/hu06/080902 </loc>
		<lastmod> 2021-10-15 19:25:03.396804 </lastmod></url><url>
	<loc> https://geoconnex.us/ref/hu06/080903 </loc>
		<lastmod> 2021-10-15 19:25:03.396813 </lastmod></url><url>
	<loc> https://geoconnex.us/ref/hu06/080402 </loc>
		<lastmod> 2021-10-15 19:25:03.396822 </lastmod></url><url>
	<loc> https://geoconnex.us/ref/hu06/111402 </loc>
		<lastmod> 2021-10-15 19:25:03.396831 </lastmod></url><url>
	<loc> https://geoconnex.us/ref/hu06/080302 </loc>
		<lastmod> 2021-10-15 19:25:03.396840 </lastmod></url><url>
	<loc> https://geoconnex.us/ref/hu06/080601 </loc>
		<lastmod> 2021-10-15 19:25:03.396849 </lastmod></url><url>
	<loc> https://geoconnex.us/ref/hu06/080301 </loc>
		<lastmod> 2021-10-15 19:25:03.396858 </lastmod></url><url>
	<loc> https://geoconnex.us/ref/hu06/010700 </loc>
		<lastmod> 2021-10-15 19:25:03.396867 </lastmod></url><url>
	<loc> https://geoconnex.us/ref/hu06/020600 </loc>
		<lastmod> 2021-10-15 19:25:03.396876 </lastmod></url><url>
	<loc> https://geoconnex.us/ref/hu06/020700 </loc>
		<lastmod> 2021-10-15 19:25:03.396885 </lastmod></url><url>
	<loc> https://geoconnex.us/ref/hu06/010200 </loc>
		<lastmod> 2021-10-15 19:25:03.396894 </lastmod></url><url>
	<loc> https://geoconnex.us/ref/hu06/010500 </loc>
		<lastmod> 2021-10-15 19:25:03.396903 </lastmod></url><url>
	<loc> https://geoconnex.us/ref/hu06/010300 </loc>
		<lastmod> 2021-10-15 19:25:03.396912 </lastmod></url><url>
	<loc> https://geoconnex.us/ref/hu06/010400 </loc>
		<lastmod> 2021-10-15 19:25:03.396921 </lastmod></url><url>
	<loc> https://geoconnex.us/ref/hu06/040201 </loc>
		<lastmod> 2021-10-15 19:25:03.396930 </lastmod></url><url>
	<loc> https://geoconnex.us/ref/hu06/040202 </loc>
		<lastmod> 2021-10-15 19:25:03.396939 </lastmod></url><url>
	<loc> https://geoconnex.us/ref/hu06/040601 </loc>
		<lastmod> 2021-10-15 19:25:03.396949 </lastmod></url><url>
	<loc> https://geoconnex.us/ref/hu06/040700 </loc>
		<lastmod> 2021-10-15 19:25:03.396958 </lastmod></url><url>
	<loc> https://geoconnex.us/ref/hu06/040801 </loc>
		<lastmod> 2021-10-15 19:25:03.396967 </lastmod></url><url>
	<loc> https://geoconnex.us/ref/hu06/040802 </loc>
		<lastmod> 2021-10-15 19:25:03.396976 </lastmod></url><url>
	<loc> https://geoconnex.us/ref/hu06/040900 </loc>
		<lastmod> 2021-10-15 19:25:03.396985 </lastmod></url><url>
	<loc> https://geoconnex.us/ref/hu06/041800 </loc>
		<lastmod> 2021-10-15 19:25:03.396994 </lastmod></url><url>
	<loc> https://geoconnex.us/ref/hu06/040101 </loc>
		<lastmod> 2021-10-15 19:25:03.397003 </lastmod></url><url>
	<loc> https://geoconnex.us/ref/hu06/040102 </loc>
		<lastmod> 2021-10-15 19:25:03.397012 </lastmod></url><url>
	<loc> https://geoconnex.us/ref/hu06/070101 </loc>
		<lastmod> 2021-10-15 19:25:03.397021 </lastmod></url><url>
	<loc> https://geoconnex.us/ref/hu06/090300 </loc>
		<lastmod> 2021-10-15 19:25:03.397030 </lastmod></url><url>
	<loc> https://geoconnex.us/ref/hu06/090203 </loc>
		<lastmod> 2021-10-15 19:25:03.397040 </lastmod></url><url>
	<loc> https://geoconnex.us/ref/hu06/070200 </loc>
		<lastmod> 2021-10-15 19:25:03.397049 </lastmod></url><url>
	<loc> https://geoconnex.us/ref/hu06/090201 </loc>
		<lastmod> 2021-10-15 19:25:03.397058 </lastmod></url><url>
	<loc> https://geoconnex.us/ref/hu06/070400 </loc>
		<lastmod> 2021-10-15 19:25:03.397114 </lastmod></url><url>
	<loc> https://geoconnex.us/ref/hu06/102802 </loc>
		<lastmod> 2021-10-15 19:25:03.397126 </lastmod></url><url>
	<loc> https://geoconnex.us/ref/hu06/102902 </loc>
		<lastmod> 2021-10-15 19:25:03.397135 </lastmod></url><url>
	<loc> https://geoconnex.us/ref/hu06/103002 </loc>
		<lastmod> 2021-10-15 19:25:03.397144 </lastmod></url><url>
	<loc> https://geoconnex.us/ref/hu06/102801 </loc>
		<lastmod> 2021-10-15 19:25:03.397153 </lastmod></url><url>
	<loc> https://geoconnex.us/ref/hu06/102901 </loc>
		<lastmod> 2021-10-15 19:25:03.397162 </lastmod></url><url>
	<loc> https://geoconnex.us/ref/hu06/103001 </loc>
		<lastmod> 2021-10-15 19:25:03.397171 </lastmod></url><url>
	<loc> https://geoconnex.us/ref/hu06/102400 </loc>
		<lastmod> 2021-10-15 19:25:03.397180 </lastmod></url><url>
	<loc> https://geoconnex.us/ref/hu06/080602 </loc>
		<lastmod> 2021-10-15 19:25:03.397189 </lastmod></url><url>
	<loc> https://geoconnex.us/ref/hu06/031700 </loc>
		<lastmod> 2021-10-15 19:25:03.397198 </lastmod></url><url>
	<loc> https://geoconnex.us/ref/hu06/031800 </loc>
		<lastmod> 2021-10-15 19:25:03.397207 </lastmod></url><url>
	<loc> https://geoconnex.us/ref/hu06/090400 </loc>
		<lastmod> 2021-10-15 19:25:03.397216 </lastmod></url><url>
	<loc> https://geoconnex.us/ref/hu06/100200 </loc>
		<lastmod> 2021-10-15 19:25:03.397225 </lastmod></url><url>
	<loc> https://geoconnex.us/ref/hu06/100301 </loc>
		<lastmod> 2021-10-15 19:25:03.397234 </lastmod></url><url>
	<loc> https://geoconnex.us/ref/hu06/100302 </loc>
		<lastmod> 2021-10-15 19:25:03.397243 </lastmod></url><url>
	<loc> https://geoconnex.us/ref/hu06/100401 </loc>
		<lastmod> 2021-10-15 19:25:03.397252 </lastmod></url><url>
	<loc> https://geoconnex.us/ref/hu06/100402 </loc>
		<lastmod> 2021-10-15 19:25:03.397262 </lastmod></url><url>
	<loc> https://geoconnex.us/ref/hu06/100500 </loc>
		<lastmod> 2021-10-15 19:25:03.397270 </lastmod></url><url>
	<loc> https://geoconnex.us/ref/hu06/101000 </loc>
		<lastmod> 2021-10-15 19:25:03.397279 </lastmod></url><url>
	<loc> https://geoconnex.us/ref/hu06/100600 </loc>
		<lastmod> 2021-10-15 19:25:03.397288 </lastmod></url><url>
	<loc> https://geoconnex.us/ref/hu06/101102 </loc>
		<lastmod> 2021-10-15 19:25:03.397297 </lastmod></url><url>
	<loc> https://geoconnex.us/ref/hu06/030201 </loc>
		<lastmod> 2021-10-15 19:25:03.397306 </lastmod></url><url>
	<loc> https://geoconnex.us/ref/hu06/030202 </loc>
		<lastmod> 2021-10-15 19:25:03.397316 </lastmod></url><url>
	<loc> https://geoconnex.us/ref/hu06/030203 </loc>
		<lastmod> 2021-10-15 19:25:03.397325 </lastmod></url><url>
	<loc> https://geoconnex.us/ref/hu06/030300 </loc>
		<lastmod> 2021-10-15 19:25:03.397334 </lastmod></url><url>
	<loc> https://geoconnex.us/ref/hu06/030401 </loc>
		<lastmod> 2021-10-15 19:25:03.397342 </lastmod></url><url>
	<loc> https://geoconnex.us/ref/hu06/060102 </loc>
		<lastmod> 2021-10-15 19:25:03.397351 </lastmod></url><url>
	<loc> https://geoconnex.us/ref/hu06/060101 </loc>
		<lastmod> 2021-10-15 19:25:03.397360 </lastmod></url><url>
	<loc> https://geoconnex.us/ref/hu06/030101 </loc>
		<lastmod> 2021-10-15 19:25:03.397369 </lastmod></url><url>
	<loc> https://geoconnex.us/ref/hu06/030102 </loc>
		<lastmod> 2021-10-15 19:25:03.397378 </lastmod></url><url>
	<loc> https://geoconnex.us/ref/hu06/050500 </loc>
		<lastmod> 2021-10-15 19:25:03.397387 </lastmod></url><url>
	<loc> https://geoconnex.us/ref/hu06/090202 </loc>
		<lastmod> 2021-10-15 19:25:03.397396 </lastmod></url><url>
	<loc> https://geoconnex.us/ref/hu06/101101 </loc>
		<lastmod> 2021-10-15 19:25:03.397405 </lastmod></url><url>
	<loc> https://geoconnex.us/ref/hu06/090100 </loc>
		<lastmod> 2021-10-15 19:25:03.397414 </lastmod></url><url>
	<loc> https://geoconnex.us/ref/hu06/101302 </loc>
		<lastmod> 2021-10-15 19:25:03.397423 </lastmod></url><url>
	<loc> https://geoconnex.us/ref/hu06/101500 </loc>
		<lastmod> 2021-10-15 19:25:03.397433 </lastmod></url><url>
	<loc> https://geoconnex.us/ref/hu06/102001 </loc>
		<lastmod> 2021-10-15 19:25:03.397442 </lastmod></url><url>
	<loc> https://geoconnex.us/ref/hu06/102002 </loc>
		<lastmod> 2021-10-15 19:25:03.397452 </lastmod></url><url>
	<loc> https://geoconnex.us/ref/hu06/102100 </loc>
		<lastmod> 2021-10-15 19:25:03.397461 </lastmod></url><url>
	<loc> https://geoconnex.us/ref/hu06/102200 </loc>
		<lastmod> 2021-10-15 19:25:03.397470 </lastmod></url><url>
	<loc> https://geoconnex.us/ref/hu06/101701 </loc>
		<lastmod> 2021-10-15 19:25:03.397479 </lastmod></url><url>
	<loc> https://geoconnex.us/ref/hu06/101201 </loc>
		<lastmod> 2021-10-15 19:25:03.397488 </lastmod></url><url>
	<loc> https://geoconnex.us/ref/hu06/010600 </loc>
		<lastmod> 2021-10-15 19:25:03.397497 </lastmod></url><url>
	<loc> https://geoconnex.us/ref/hu06/010801 </loc>
		<lastmod> 2021-10-15 19:25:03.397506 </lastmod></url><url>
	<loc> https://geoconnex.us/ref/hu06/020301 </loc>
		<lastmod> 2021-10-15 19:25:03.397515 </lastmod></url><url>
	<loc> https://geoconnex.us/ref/hu06/020200 </loc>
		<lastmod> 2021-10-15 19:25:03.397525 </lastmod></url><url>
	<loc> https://geoconnex.us/ref/hu06/020401 </loc>
		<lastmod> 2021-10-15 19:25:03.397534 </lastmod></url><url>
	<loc> https://geoconnex.us/ref/hu06/110800 </loc>
		<lastmod> 2021-10-15 19:25:03.397543 </lastmod></url><url>
	<loc> https://geoconnex.us/ref/hu06/130201 </loc>
		<lastmod> 2021-10-15 19:25:03.397552 </lastmod></url><url>
	<loc> https://geoconnex.us/ref/hu06/130202 </loc>
		<lastmod> 2021-10-15 19:25:03.397561 </lastmod></url><url>
	<loc> https://geoconnex.us/ref/hu06/130302 </loc>
		<lastmod> 2021-10-15 19:25:03.397570 </lastmod></url><url>
	<loc> https://geoconnex.us/ref/hu06/130600 </loc>
		<lastmod> 2021-10-15 19:25:03.397579 </lastmod></url><url>
	<loc> https://geoconnex.us/ref/hu06/150400 </loc>
		<lastmod> 2021-10-15 19:25:03.397589 </lastmod></url><url>
	<loc> https://geoconnex.us/ref/hu06/130100 </loc>
		<lastmod> 2021-10-15 19:25:03.397598 </lastmod></url><url>
	<loc> https://geoconnex.us/ref/hu06/140801 </loc>
		<lastmod> 2021-10-15 19:25:03.397607 </lastmod></url><url>
	<loc> https://geoconnex.us/ref/hu06/110400 </loc>
		<lastmod> 2021-10-15 19:25:03.397617 </lastmod></url><url>
	<loc> https://geoconnex.us/ref/hu06/150803 </loc>
		<lastmod> 2021-10-15 19:25:03.397626 </lastmod></url><url>
	<loc> https://geoconnex.us/ref/hu06/130301 </loc>
		<lastmod> 2021-10-15 19:25:03.397635 </lastmod></url><url>
	<loc> https://geoconnex.us/ref/hu06/160401 </loc>
		<lastmod> 2021-10-15 19:25:03.397644 </lastmod></url><url>
	<loc> https://geoconnex.us/ref/hu06/160402 </loc>
		<lastmod> 2021-10-15 19:25:03.397653 </lastmod></url><url>
	<loc> https://geoconnex.us/ref/hu06/160503 </loc>
		<lastmod> 2021-10-15 19:25:03.397662 </lastmod></url><url>
	<loc> https://geoconnex.us/ref/hu06/041401 </loc>
		<lastmod> 2021-10-15 19:25:03.397671 </lastmod></url><url>
	<loc> https://geoconnex.us/ref/hu06/041402 </loc>
		<lastmod> 2021-10-15 19:25:03.397681 </lastmod></url><url>
	<loc> https://geoconnex.us/ref/hu06/041403 </loc>
		<lastmod> 2021-10-15 19:25:03.397690 </lastmod></url><url>
	<loc> https://geoconnex.us/ref/hu06/042900 </loc>
		<lastmod> 2021-10-15 19:25:03.397699 </lastmod></url><url>
	<loc> https://geoconnex.us/ref/hu06/020302 </loc>
		<lastmod> 2021-10-15 19:25:03.397708 </lastmod></url><url>
	<loc> https://geoconnex.us/ref/hu06/043001 </loc>
		<lastmod> 2021-10-15 19:25:03.397718 </lastmod></url><url>
	<loc> https://geoconnex.us/ref/hu06/041100 </loc>
		<lastmod> 2021-10-15 19:25:03.397727 </lastmod></url><url>
	<loc> https://geoconnex.us/ref/hu06/050400 </loc>
		<lastmod> 2021-10-15 19:25:03.397736 </lastmod></url><url>
	<loc> https://geoconnex.us/ref/hu06/050600 </loc>
		<lastmod> 2021-10-15 19:25:03.397745 </lastmod></url><url>
	<loc> https://geoconnex.us/ref/hu06/050800 </loc>
		<lastmod> 2021-10-15 19:25:03.397754 </lastmod></url><url>
	<loc> https://geoconnex.us/ref/hu06/041000 </loc>
		<lastmod> 2021-10-15 19:25:03.397763 </lastmod></url><url>
	<loc> https://geoconnex.us/ref/hu06/110500 </loc>
		<lastmod> 2021-10-15 19:25:03.397772 </lastmod></url><url>
	<loc> https://geoconnex.us/ref/hu06/110902 </loc>
		<lastmod> 2021-10-15 19:25:03.397782 </lastmod></url><url>
	<loc> https://geoconnex.us/ref/hu06/111003 </loc>
		<lastmod> 2021-10-15 19:25:03.397791 </lastmod></url><url>
	<loc> https://geoconnex.us/ref/hu06/111101 </loc>
		<lastmod> 2021-10-15 19:25:03.397800 </lastmod></url><url>
	<loc> https://geoconnex.us/ref/hu06/111303 </loc>
		<lastmod> 2021-10-15 19:25:03.397809 </lastmod></url><url>
	<loc> https://geoconnex.us/ref/hu06/110702 </loc>
		<lastmod> 2021-10-15 19:25:03.397818 </lastmod></url><url>
	<loc> https://geoconnex.us/ref/hu06/110600 </loc>
		<lastmod> 2021-10-15 19:25:03.397827 </lastmod></url><url>
	<loc> https://geoconnex.us/ref/hu06/110701 </loc>
		<lastmod> 2021-10-15 19:25:03.397837 </lastmod></url><url>
	<loc> https://geoconnex.us/ref/hu06/111202 </loc>
		<lastmod> 2021-10-15 19:25:03.397846 </lastmod></url><url>
	<loc> https://geoconnex.us/ref/hu06/111203 </loc>
		<lastmod> 2021-10-15 19:25:03.397855 </lastmod></url><url>
	<loc> https://geoconnex.us/ref/hu06/020502 </loc>
		<lastmod> 2021-10-15 19:25:03.397864 </lastmod></url><url>
	<loc> https://geoconnex.us/ref/hu06/050100 </loc>
		<lastmod> 2021-10-15 19:25:03.397874 </lastmod></url><url>
	<loc> https://geoconnex.us/ref/hu06/020503 </loc>
		<lastmod> 2021-10-15 19:25:03.397883 </lastmod></url><url>
	<loc> https://geoconnex.us/ref/hu06/020501 </loc>
		<lastmod> 2021-10-15 19:25:03.397892 </lastmod></url><url>
	<loc> https://geoconnex.us/ref/hu06/041300 </loc>
		<lastmod> 2021-10-15 19:25:03.397902 </lastmod></url><url>
	<loc> https://geoconnex.us/ref/hu06/050301 </loc>
		<lastmod> 2021-10-15 19:25:03.397911 </lastmod></url><url>
	<loc> https://geoconnex.us/ref/hu06/210200 </loc>
		<lastmod> 2021-10-15 19:25:03.397920 </lastmod></url><url>
	<loc> https://geoconnex.us/ref/hu06/010900 </loc>
		<lastmod> 2021-10-15 19:25:03.397929 </lastmod></url><url>
	<loc> https://geoconnex.us/ref/hu06/030402 </loc>
		<lastmod> 2021-10-15 19:25:03.397939 </lastmod></url><url>
	<loc> https://geoconnex.us/ref/hu06/030502 </loc>
		<lastmod> 2021-10-15 19:25:03.397948 </lastmod></url><url>
	<loc> https://geoconnex.us/ref/hu06/030601 </loc>
		<lastmod> 2021-10-15 19:25:03.397957 </lastmod></url><url>
	<loc> https://geoconnex.us/ref/hu06/030501 </loc>
		<lastmod> 2021-10-15 19:25:03.397966 </lastmod></url><url>
	<loc> https://geoconnex.us/ref/hu06/101303 </loc>
		<lastmod> 2021-10-15 19:25:03.397975 </lastmod></url><url>
	<loc> https://geoconnex.us/ref/hu06/101301 </loc>
		<lastmod> 2021-10-15 19:25:03.397984 </lastmod></url><url>
	<loc> https://geoconnex.us/ref/hu06/101600 </loc>
		<lastmod> 2021-10-15 19:25:03.397994 </lastmod></url><url>
	<loc> https://geoconnex.us/ref/hu06/101401 </loc>
		<lastmod> 2021-10-15 19:25:03.398003 </lastmod></url><url>
	<loc> https://geoconnex.us/ref/hu06/101402 </loc>
		<lastmod> 2021-10-15 19:25:03.398012 </lastmod></url><url>
	<loc> https://geoconnex.us/ref/hu06/101202 </loc>
		<lastmod> 2021-10-15 19:25:03.398021 </lastmod></url><url>
	<loc> https://geoconnex.us/ref/hu06/051302 </loc>
		<lastmod> 2021-10-15 19:25:03.398030 </lastmod></url><url>
	<loc> https://geoconnex.us/ref/hu06/051301 </loc>
		<lastmod> 2021-10-15 19:25:03.398039 </lastmod></url><url>
	<loc> https://geoconnex.us/ref/hu06/060400 </loc>
		<lastmod> 2021-10-15 19:25:03.398048 </lastmod></url><url>
	<loc> https://geoconnex.us/ref/hu06/080102 </loc>
		<lastmod> 2021-10-15 19:25:03.398057 </lastmod></url><url>
	<loc> https://geoconnex.us/ref/hu06/111002 </loc>
		<lastmod> 2021-10-15 19:25:03.398066 </lastmod></url><url>
	<loc> https://geoconnex.us/ref/hu06/120200 </loc>
		<lastmod> 2021-10-15 19:25:03.398076 </lastmod></url><url>
	<loc> https://geoconnex.us/ref/hu06/120301 </loc>
		<lastmod> 2021-10-15 19:25:03.398085 </lastmod></url><url>
	<loc> https://geoconnex.us/ref/hu06/120302 </loc>
		<lastmod> 2021-10-15 19:25:03.398094 </lastmod></url><url>
	<loc> https://geoconnex.us/ref/hu06/120401 </loc>
		<lastmod> 2021-10-15 19:25:03.398103 </lastmod></url><url>
	<loc> https://geoconnex.us/ref/hu06/120402 </loc>
		<lastmod> 2021-10-15 19:25:03.398113 </lastmod></url><url>
	<loc> https://geoconnex.us/ref/hu06/120500 </loc>
		<lastmod> 2021-10-15 19:25:03.398122 </lastmod></url><url>
	<loc> https://geoconnex.us/ref/hu06/120601 </loc>
		<lastmod> 2021-10-15 19:25:03.398131 </lastmod></url><url>
	<loc> https://geoconnex.us/ref/hu06/120602 </loc>
		<lastmod> 2021-10-15 19:25:03.398140 </lastmod></url><url>
	<loc> https://geoconnex.us/ref/hu06/120701 </loc>
		<lastmod> 2021-10-15 19:25:03.398149 </lastmod></url><url>
	<loc> https://geoconnex.us/ref/hu06/120702 </loc>
		<lastmod> 2021-10-15 19:25:03.398158 </lastmod></url><url>
	<loc> https://geoconnex.us/ref/hu06/120800 </loc>
		<lastmod> 2021-10-15 19:25:03.398167 </lastmod></url><url>
	<loc> https://geoconnex.us/ref/hu06/120901 </loc>
		<lastmod> 2021-10-15 19:25:03.398176 </lastmod></url><url>
	<loc> https://geoconnex.us/ref/hu06/120902 </loc>
		<lastmod> 2021-10-15 19:25:03.398186 </lastmod></url><url>
	<loc> https://geoconnex.us/ref/hu06/120903 </loc>
		<lastmod> 2021-10-15 19:25:03.398195 </lastmod></url><url>
	<loc> https://geoconnex.us/ref/hu06/120904 </loc>
		<lastmod> 2021-10-15 19:25:03.398205 </lastmod></url><url>
	<loc> https://geoconnex.us/ref/hu06/121001 </loc>
		<lastmod> 2021-10-15 19:25:03.398214 </lastmod></url><url>
	<loc> https://geoconnex.us/ref/hu06/121002 </loc>
		<lastmod> 2021-10-15 19:25:03.398223 </lastmod></url><url>
	<loc> https://geoconnex.us/ref/hu06/121003 </loc>
		<lastmod> 2021-10-15 19:25:03.398232 </lastmod></url><url>
	<loc> https://geoconnex.us/ref/hu06/121004 </loc>
		<lastmod> 2021-10-15 19:25:03.398241 </lastmod></url><url>
	<loc> https://geoconnex.us/ref/hu06/121101 </loc>
		<lastmod> 2021-10-15 19:25:03.398250 </lastmod></url><url>
	<loc> https://geoconnex.us/ref/hu06/121102 </loc>
		<lastmod> 2021-10-15 19:25:03.398259 </lastmod></url><url>
	<loc> https://geoconnex.us/ref/hu06/130401 </loc>
		<lastmod> 2021-10-15 19:25:03.398268 </lastmod></url><url>
	<loc> https://geoconnex.us/ref/hu06/130402 </loc>
		<lastmod> 2021-10-15 19:25:03.398277 </lastmod></url><url>
	<loc> https://geoconnex.us/ref/hu06/130403 </loc>
		<lastmod> 2021-10-15 19:25:03.398286 </lastmod></url><url>
	<loc> https://geoconnex.us/ref/hu06/130700 </loc>
		<lastmod> 2021-10-15 19:25:03.398295 </lastmod></url><url>
	<loc> https://geoconnex.us/ref/hu06/130800 </loc>
		<lastmod> 2021-10-15 19:25:03.398304 </lastmod></url><url>
	<loc> https://geoconnex.us/ref/hu06/111403 </loc>
		<lastmod> 2021-10-15 19:25:03.398313 </lastmod></url><url>
	<loc> https://geoconnex.us/ref/hu06/120100 </loc>
		<lastmod> 2021-10-15 19:25:03.398322 </lastmod></url><url>
	<loc> https://geoconnex.us/ref/hu06/130900 </loc>
		<lastmod> 2021-10-15 19:25:03.398332 </lastmod></url><url>
	<loc> https://geoconnex.us/ref/hu06/110901 </loc>
		<lastmod> 2021-10-15 19:25:03.398341 </lastmod></url><url>
	<loc> https://geoconnex.us/ref/hu06/111201 </loc>
		<lastmod> 2021-10-15 19:25:03.398350 </lastmod></url><url>
	<loc> https://geoconnex.us/ref/hu06/130500 </loc>
		<lastmod> 2021-10-15 19:25:03.398358 </lastmod></url><url>
	<loc> https://geoconnex.us/ref/hu06/111001 </loc>
		<lastmod> 2021-10-15 19:25:03.398367 </lastmod></url><url>
	<loc> https://geoconnex.us/ref/hu06/111301 </loc>
		<lastmod> 2021-10-15 19:25:03.398377 </lastmod></url><url>
	<loc> https://geoconnex.us/ref/hu06/111302 </loc>
		<lastmod> 2021-10-15 19:25:03.398412 </lastmod></url><url>
	<loc> https://geoconnex.us/ref/hu06/111401 </loc>
		<lastmod> 2021-10-15 19:25:03.398424 </lastmod></url><url>
	<loc> https://geoconnex.us/ref/hu06/140600 </loc>
		<lastmod> 2021-10-15 19:25:03.398433 </lastmod></url><url>
	<loc> https://geoconnex.us/ref/hu06/160201 </loc>
		<lastmod> 2021-10-15 19:25:03.398442 </lastmod></url><url>
	<loc> https://geoconnex.us/ref/hu06/160202 </loc>
		<lastmod> 2021-10-15 19:25:03.398452 </lastmod></url><url>
	<loc> https://geoconnex.us/ref/hu06/160102 </loc>
		<lastmod> 2021-10-15 19:25:03.398461 </lastmod></url><url>
	<loc> https://geoconnex.us/ref/hu06/160101 </loc>
		<lastmod> 2021-10-15 19:25:03.398471 </lastmod></url><url>
	<loc> https://geoconnex.us/ref/hu06/160203 </loc>
		<lastmod> 2021-10-15 19:25:03.398480 </lastmod></url><url>
	<loc> https://geoconnex.us/ref/hu06/160300 </loc>
		<lastmod> 2021-10-15 19:25:03.398489 </lastmod></url><url>
	<loc> https://geoconnex.us/ref/hu06/020802 </loc>
		<lastmod> 2021-10-15 19:25:03.398498 </lastmod></url><url>
	<loc> https://geoconnex.us/ref/hu06/050702 </loc>
		<lastmod> 2021-10-15 19:25:03.398508 </lastmod></url><url>
	<loc> https://geoconnex.us/ref/hu06/020801 </loc>
		<lastmod> 2021-10-15 19:25:03.398517 </lastmod></url><url>
	<loc> https://geoconnex.us/ref/hu06/020403 </loc>
		<lastmod> 2021-10-15 19:25:03.398527 </lastmod></url><url>
	<loc> https://geoconnex.us/ref/hu06/043002 </loc>
		<lastmod> 2021-10-15 19:25:03.398536 </lastmod></url><url>
	<loc> https://geoconnex.us/ref/hu06/040302 </loc>
		<lastmod> 2021-10-15 19:25:03.398545 </lastmod></url><url>
	<loc> https://geoconnex.us/ref/hu06/070500 </loc>
		<lastmod> 2021-10-15 19:25:03.398554 </lastmod></url><url>
	<loc> https://geoconnex.us/ref/hu06/070700 </loc>
		<lastmod> 2021-10-15 19:25:03.398563 </lastmod></url><url>
	<loc> https://geoconnex.us/ref/hu06/040301 </loc>
		<lastmod> 2021-10-15 19:25:03.398573 </lastmod></url><url>
	<loc> https://geoconnex.us/ref/hu06/040103 </loc>
		<lastmod> 2021-10-15 19:25:03.398582 </lastmod></url><url>
	<loc> https://geoconnex.us/ref/hu06/070300 </loc>
		<lastmod> 2021-10-15 19:25:03.398592 </lastmod></url><url>
	<loc> https://geoconnex.us/ref/hu06/050701 </loc>
		<lastmod> 2021-10-15 19:25:03.398601 </lastmod></url><url>
	<loc> https://geoconnex.us/ref/hu06/050901 </loc>
		<lastmod> 2021-10-15 19:25:03.398610 </lastmod></url><url>
	<loc> https://geoconnex.us/ref/hu06/050200 </loc>
		<lastmod> 2021-10-15 19:25:03.398620 </lastmod></url><url>
	<loc> https://geoconnex.us/ref/hu06/050302 </loc>
		<lastmod> 2021-10-15 19:25:03.398629 </lastmod></url><url>
	<loc> https://geoconnex.us/ref/hu06/140402 </loc>
		<lastmod> 2021-10-15 19:25:03.398638 </lastmod></url><url>
	<loc> https://geoconnex.us/ref/hu06/100700 </loc>
		<lastmod> 2021-10-15 19:25:03.398647 </lastmod></url><url>
	<loc> https://geoconnex.us/ref/hu06/100800 </loc>
		<lastmod> 2021-10-15 19:25:03.398656 </lastmod></url><url>
	<loc> https://geoconnex.us/ref/hu06/100901 </loc>
		<lastmod> 2021-10-15 19:25:03.398665 </lastmod></url><url>
	<loc> https://geoconnex.us/ref/hu06/100902 </loc>
		<lastmod> 2021-10-15 19:25:03.398674 </lastmod></url><url>
	<loc> https://geoconnex.us/ref/hu06/040400 </loc>
		<lastmod> 2021-10-15 19:25:03.398683 </lastmod></url><url>
	<loc> https://geoconnex.us/ref/hu06/171003 </loc>
		<lastmod> 2021-10-15 19:25:03.398693 </lastmod></url><url>
	<loc> https://geoconnex.us/ref/hu06/170602 </loc>
		<lastmod> 2021-10-15 19:25:03.398702 </lastmod></url><url>
	<loc> https://geoconnex.us/ref/hu06/170603 </loc>
		<lastmod> 2021-10-15 19:25:03.398711 </lastmod></url><url>
	<loc> https://geoconnex.us/ref/hu06/170402 </loc>
		<lastmod> 2021-10-15 19:25:03.398720 </lastmod></url><url>
	<loc> https://geoconnex.us/ref/hu06/170103 </loc>
		<lastmod> 2021-10-15 19:25:03.398729 </lastmod></url><url>
	<loc> https://geoconnex.us/ref/hu06/170401 </loc>
		<lastmod> 2021-10-15 19:25:03.398738 </lastmod></url><url>
	<loc> https://geoconnex.us/ref/hu06/170101 </loc>
		<lastmod> 2021-10-15 19:25:03.398747 </lastmod></url><url>
	<loc> https://geoconnex.us/ref/hu06/170102 </loc>
		<lastmod> 2021-10-15 19:25:03.398756 </lastmod></url><url>
	<loc> https://geoconnex.us/ref/hu06/170501 </loc>
		<lastmod> 2021-10-15 19:25:03.398765 </lastmod></url><url>
	<loc> https://geoconnex.us/ref/hu06/171200 </loc>
		<lastmod> 2021-10-15 19:25:03.398774 </lastmod></url><url>
	<loc> https://geoconnex.us/ref/hu06/170502 </loc>
		<lastmod> 2021-10-15 19:25:03.398784 </lastmod></url><url>
	<loc> https://geoconnex.us/ref/hu06/170702 </loc>
		<lastmod> 2021-10-15 19:25:03.398793 </lastmod></url><url>
	<loc> https://geoconnex.us/ref/hu06/170703 </loc>
		<lastmod> 2021-10-15 19:25:03.398802 </lastmod></url><url>
	<loc> https://geoconnex.us/ref/hu06/171002 </loc>
		<lastmod> 2021-10-15 19:25:03.398812 </lastmod></url><url>
	<loc> https://geoconnex.us/ref/hu06/170701 </loc>
		<lastmod> 2021-10-15 19:25:03.398821 </lastmod></url><url>
	<loc> https://geoconnex.us/ref/hu06/170800 </loc>
		<lastmod> 2021-10-15 19:25:03.398831 </lastmod></url><url>
	<loc> https://geoconnex.us/ref/hu06/170200 </loc>
		<lastmod> 2021-10-15 19:25:03.398840 </lastmod></url><url>
	<loc> https://geoconnex.us/ref/hu06/170300 </loc>
		<lastmod> 2021-10-15 19:25:03.398849 </lastmod></url><url>
	<loc> https://geoconnex.us/ref/hu06/171001 </loc>
		<lastmod> 2021-10-15 19:25:03.398858 </lastmod></url><url>
	<loc> https://geoconnex.us/ref/hu06/171100 </loc>
		<lastmod> 2021-10-15 19:25:03.398867 </lastmod></url><url>
	<loc> https://geoconnex.us/ref/hu06/042800 </loc>
		<lastmod> 2021-10-15 19:25:03.398876 </lastmod></url><url>
	<loc> https://geoconnex.us/ref/hu06/070102 </loc>
		<lastmod> 2021-10-15 19:25:03.398886 </lastmod></url><url>
	<loc> https://geoconnex.us/ref/hu06/210100 </loc>
		<lastmod> 2021-10-15 19:25:03.398895 </lastmod></url><url>
	<loc> https://geoconnex.us/ref/hu06/170601 </loc>
		<lastmod> 2021-10-15 19:25:03.398904 </lastmod></url><url>
	<loc> https://geoconnex.us/ref/hu06/170900 </loc>
		<lastmod> 2021-10-15 19:25:03.398913 </lastmod></url><url>
	<loc> https://geoconnex.us/ref/hu06/041201 </loc>
		<lastmod> 2021-10-15 19:25:03.398922 </lastmod></url><url>
	<loc> https://geoconnex.us/ref/hu06/190301 </loc>
		<lastmod> 2021-10-15 19:25:03.398932 </lastmod></url><url>
	<loc> https://geoconnex.us/ref/hu06/190101 </loc>
		<lastmod> 2021-10-15 19:25:03.398941 </lastmod></url><url>
	<loc> https://geoconnex.us/ref/hu06/190105 </loc>
		<lastmod> 2021-10-15 19:25:03.398950 </lastmod></url><url>
	<loc> https://geoconnex.us/ref/hu06/190102 </loc>
		<lastmod> 2021-10-15 19:25:03.398960 </lastmod></url><url>
	<loc> https://geoconnex.us/ref/hu06/190207 </loc>
		<lastmod> 2021-10-15 19:25:03.398969 </lastmod></url><url>
	<loc> https://geoconnex.us/ref/hu06/190103 </loc>
		<lastmod> 2021-10-15 19:25:03.398978 </lastmod></url><url>
	<loc> https://geoconnex.us/ref/hu06/190303 </loc>
		<lastmod> 2021-10-15 19:25:03.398987 </lastmod></url><url>
	<loc> https://geoconnex.us/ref/hu06/190302 </loc>
		<lastmod> 2021-10-15 19:25:03.398997 </lastmod></url><url>
	<loc> https://geoconnex.us/ref/hu06/190203 </loc>
		<lastmod> 2021-10-15 19:25:03.399006 </lastmod></url><url>
	<loc> https://geoconnex.us/ref/hu06/190701 </loc>
		<lastmod> 2021-10-15 19:25:03.399015 </lastmod></url><url>
	<loc> https://geoconnex.us/ref/hu06/190208 </loc>
		<lastmod> 2021-10-15 19:25:03.399024 </lastmod></url><url>
	<loc> https://geoconnex.us/ref/hu06/190104 </loc>
		<lastmod> 2021-10-15 19:25:03.399034 </lastmod></url><url>
	<loc> https://geoconnex.us/ref/hu06/190202 </loc>
		<lastmod> 2021-10-15 19:25:03.399043 </lastmod></url><url>
	<loc> https://geoconnex.us/ref/hu06/190206 </loc>
		<lastmod> 2021-10-15 19:25:03.399052 </lastmod></url><url>
	<loc> https://geoconnex.us/ref/hu06/190204 </loc>
		<lastmod> 2021-10-15 19:25:03.399061 </lastmod></url><url>
	<loc> https://geoconnex.us/ref/hu06/190305 </loc>
		<lastmod> 2021-10-15 19:25:03.399070 </lastmod></url><url>
	<loc> https://geoconnex.us/ref/hu06/190205 </loc>
		<lastmod> 2021-10-15 19:25:03.399080 </lastmod></url><url>
	<loc> https://geoconnex.us/ref/hu06/190704 </loc>
		<lastmod> 2021-10-15 19:25:03.399089 </lastmod></url><url>
	<loc> https://geoconnex.us/ref/hu06/190903 </loc>
		<lastmod> 2021-10-15 19:25:03.399099 </lastmod></url><url>
	<loc> https://geoconnex.us/ref/hu06/190304 </loc>
		<lastmod> 2021-10-15 19:25:03.399108 </lastmod></url><url>
	<loc> https://geoconnex.us/ref/hu06/190803 </loc>
		<lastmod> 2021-10-15 19:25:03.399117 </lastmod></url><url>
	<loc> https://geoconnex.us/ref/hu06/190501 </loc>
		<lastmod> 2021-10-15 19:25:03.399126 </lastmod></url><url>
	<loc> https://geoconnex.us/ref/hu06/190902 </loc>
		<lastmod> 2021-10-15 19:25:03.399135 </lastmod></url><url>
	<loc> https://geoconnex.us/ref/hu06/190705 </loc>
		<lastmod> 2021-10-15 19:25:03.399144 </lastmod></url><url>
	<loc> https://geoconnex.us/ref/hu06/190502 </loc>
		<lastmod> 2021-10-15 19:25:03.399154 </lastmod></url><url>
	<loc> https://geoconnex.us/ref/hu06/190804 </loc>
		<lastmod> 2021-10-15 19:25:03.399163 </lastmod></url><url>
	<loc> https://geoconnex.us/ref/hu06/190505 </loc>
		<lastmod> 2021-10-15 19:25:03.399172 </lastmod></url><url>
	<loc> https://geoconnex.us/ref/hu06/190503 </loc>
		<lastmod> 2021-10-15 19:25:03.399181 </lastmod></url><url>
	<loc> https://geoconnex.us/ref/hu06/190901 </loc>
		<lastmod> 2021-10-15 19:25:03.399190 </lastmod></url><url>
	<loc> https://geoconnex.us/ref/hu06/190504 </loc>
		<lastmod> 2021-10-15 19:25:03.399200 </lastmod></url><url>
	<loc> https://geoconnex.us/ref/hu06/190802 </loc>
		<lastmod> 2021-10-15 19:25:03.399209 </lastmod></url><url>
	<loc> https://geoconnex.us/ref/hu06/190801 </loc>
		<lastmod> 2021-10-15 19:25:03.399218 </lastmod></url><url>
	<loc> https://geoconnex.us/ref/hu06/190605 </loc>
		<lastmod> 2021-10-15 19:25:03.399227 </lastmod></url><url>
	<loc> https://geoconnex.us/ref/hu06/190601 </loc>
		<lastmod> 2021-10-15 19:25:03.399236 </lastmod></url><url>
	<loc> https://geoconnex.us/ref/hu06/190603 </loc>
		<lastmod> 2021-10-15 19:25:03.399245 </lastmod></url><url>
	<loc> https://geoconnex.us/ref/hu06/190604 </loc>
		<lastmod> 2021-10-15 19:25:03.399254 </lastmod></url><url>
	<loc> https://geoconnex.us/ref/hu06/190602 </loc>
		<lastmod> 2021-10-15 19:25:03.399263 </lastmod></url><url>
	<loc> https://geoconnex.us/ref/hu06/190201 </loc>
		<lastmod> 2021-10-15 19:25:03.399272 </lastmod></url><url>
	<loc> https://geoconnex.us/ref/hu06/131000 </loc>
		<lastmod> 2021-10-15 19:25:03.399281 </lastmod></url><url>
	<loc> https://geoconnex.us/ref/hu06/131100 </loc>
		<lastmod> 2021-10-15 19:25:03.399290 </lastmod></url><url>
	<loc> https://geoconnex.us/ref/hu06/131200 </loc>
		<lastmod> 2021-10-15 19:25:03.399299 </lastmod></url><url>
	<loc> https://geoconnex.us/ref/hu06/080103 </loc>
		<lastmod> 2021-10-15 19:25:03.399308 </lastmod></url><url>
	<loc> https://geoconnex.us/ref/hu06/041600 </loc>
		<lastmod> 2021-10-15 19:25:03.399317 </lastmod></url><url>
	<loc> https://geoconnex.us/ref/hu06/043300 </loc>
		<lastmod> 2021-10-15 19:25:03.399326 </lastmod></url><url>
	<loc> https://geoconnex.us/ref/hu06/043200 </loc>
		<lastmod> 2021-10-15 19:25:03.399335 </lastmod></url><url>
	<loc> https://geoconnex.us/ref/hu06/041700 </loc>
		<lastmod> 2021-10-15 19:25:03.399344 </lastmod></url><url>
	<loc> https://geoconnex.us/ref/hu06/042000 </loc>
		<lastmod> 2021-10-15 19:25:03.399353 </lastmod></url><url>
	<loc> https://geoconnex.us/ref/hu06/042300 </loc>
		<lastmod> 2021-10-15 19:25:03.399362 </lastmod></url><url>
	<loc> https://geoconnex.us/ref/hu06/042200 </loc>
		<lastmod> 2021-10-15 19:25:03.399371 </lastmod></url><url>
	<loc> https://geoconnex.us/ref/hu06/042100 </loc>
		<lastmod> 2021-10-15 19:25:03.399380 </lastmod></url><url>
	<loc> https://geoconnex.us/ref/hu06/042500 </loc>
		<lastmod> 2021-10-15 19:25:03.399389 </lastmod></url><url>
	<loc> https://geoconnex.us/ref/hu06/042701 </loc>
		<lastmod> 2021-10-15 19:25:03.399398 </lastmod></url><url>
	<loc> https://geoconnex.us/ref/hu06/042702 </loc>
		<lastmod> 2021-10-15 19:25:03.399407 </lastmod></url><url>
	<loc> https://geoconnex.us/ref/hu06/220202 </loc>
		<lastmod> 2021-10-15 19:25:03.399416 </lastmod></url><url>
	<loc> https://geoconnex.us/ref/hu06/220201 </loc>
		<lastmod> 2021-10-15 19:25:03.399425 </lastmod></url><url>
	<loc> https://geoconnex.us/ref/hu06/220400 </loc>
		<lastmod> 2021-10-15 19:25:03.399435 </lastmod></url></ns0:url>
</ns0:urlset>