<ns0:backup xmlns:ns0="urn:csiro:xmlns:pidsvc:backup:1.0" type="partial" scope="record">
  <ns0:mapping>
    <ns0:path>^/ref/hu10/([0-9]+).*$</ns0:path>
    <ns0:type>Regex</ns0:type>
    <ns0:title>Ten Digit Hydrologic Units</ns0:title>
    <ns0:creator>iow</ns0:creator>
    <ns0:action>
      <ns0:type>303</ns0:type>
      <ns0:name>location</ns0:name>
      <ns0:value>https://info.geoconnex.us/collections/hu10/items/$1</ns0:value>
    </ns0:action>
    <ns0:conditions>
      <ns0:condition>
        <ns0:type>QueryString</ns0:type>
        <ns0:match>f=.*</ns0:match>
        <ns0:actions>
          <ns0:action>
            <ns0:type>303</ns0:type>
            <ns0:name>location</ns0:name>
            <ns0:value>https://info.geoconnex.us/collections/hu10/items/$1?f=${C:f:1}</ns0:value>
          </ns0:action>
        </ns0:actions>
      </ns0:condition>
    </ns0:conditions>
  </ns0:mapping>
</ns0:backup>