<ns0:urlset xmlns:ns0="http://www.sitemaps.org/schemas/sitemap/0.9">
    <ns0:url>
    <url>
	<loc> https://geoconnex.us/ref/nat_aq/N100BSNRGB </loc>
		<lastmod> 2021-10-15 19:25:16.827492 </lastmod></url><url>
	<loc> https://geoconnex.us/ref/nat_aq/N100CACSTL </loc>
		<lastmod> 2021-10-15 19:25:16.827524 </lastmod></url><url>
	<loc> https://geoconnex.us/ref/nat_aq/N100CMBPLB </loc>
		<lastmod> 2021-10-15 19:25:16.827537 </lastmod></url><url>
	<loc> https://geoconnex.us/ref/nat_aq/N100HGHPLN </loc>
		<lastmod> 2021-10-15 19:25:16.827548 </lastmod></url><url>
	<loc> https://geoconnex.us/ref/nat_aq/N100MSRVVL </loc>
		<lastmod> 2021-10-15 19:25:16.827558 </lastmod></url><url>
	<loc> https://geoconnex.us/ref/nat_aq/N100PCFNWB </loc>
		<lastmod> 2021-10-15 19:25:16.827567 </lastmod></url><url>
	<loc> https://geoconnex.us/ref/nat_aq/N100PCFNWV </loc>
		<lastmod> 2021-10-15 19:25:16.827577 </lastmod></url><url>
	<loc> https://geoconnex.us/ref/nat_aq/N100PCSRVR </loc>
		<lastmod> 2021-10-15 19:25:16.827604 </lastmod></url><url>
	<loc> https://geoconnex.us/ref/nat_aq/N100SYMOUR </loc>
		<lastmod> 2021-10-15 19:25:16.827613 </lastmod></url><url>
	<loc> https://geoconnex.us/ref/nat_aq/N100WLMLWD </loc>
		<lastmod> 2021-10-15 19:25:16.827623 </lastmod></url><url>
	<loc> https://geoconnex.us/ref/nat_aq/N300ADAVMS </loc>
		<lastmod> 2021-10-15 19:25:16.827632 </lastmod></url><url>
	<loc> https://geoconnex.us/ref/nat_aq/N300CNRLOK </loc>
		<lastmod> 2021-10-15 19:25:16.827641 </lastmod></url><url>
	<loc> https://geoconnex.us/ref/nat_aq/N300COPLTS </loc>
		<lastmod> 2021-10-15 19:25:16.827651 </lastmod></url><url>
	<loc> https://geoconnex.us/ref/nat_aq/N300ERLMZC </loc>
		<lastmod> 2021-10-15 19:25:16.827660 </lastmod></url><url>
	<loc> https://geoconnex.us/ref/nat_aq/N300JCBSVL </loc>
		<lastmod> 2021-10-15 19:25:16.827669 </lastmod></url><url>
	<loc> https://geoconnex.us/ref/nat_aq/N300LCRTCS </loc>
		<lastmod> 2021-10-15 19:25:16.827679 </lastmod></url><url>
	<loc> https://geoconnex.us/ref/nat_aq/N300LTRTRY </loc>
		<lastmod> 2021-10-15 19:25:16.827688 </lastmod></url><url>
	<loc> https://geoconnex.us/ref/nat_aq/N300MRSHLL </loc>
		<lastmod> 2021-10-15 19:25:16.827697 </lastmod></url><url>
	<loc> https://geoconnex.us/ref/nat_aq/N300NYSDSN </loc>
		<lastmod> 2021-10-15 19:25:16.827707 </lastmod></url><url>
	<loc> https://geoconnex.us/ref/nat_aq/N300PNSLVN </loc>
		<lastmod> 2021-10-15 19:25:16.827716 </lastmod></url><url>
	<loc> https://geoconnex.us/ref/nat_aq/N300RSHSPG </loc>
		<lastmod> 2021-10-15 19:25:16.827725 </lastmod></url><url>
	<loc> https://geoconnex.us/ref/nat_aq/N300UPCTCS </loc>
		<lastmod> 2021-10-15 19:25:16.827735 </lastmod></url><url>
	<loc> https://geoconnex.us/ref/nat_aq/N400ABKSMP </loc>
		<lastmod> 2021-10-15 19:25:16.827744 </lastmod></url><url>
	<loc> https://geoconnex.us/ref/nat_aq/N400BISCYN </loc>
		<lastmod> 2021-10-15 19:25:16.827753 </lastmod></url><url>
	<loc> https://geoconnex.us/ref/nat_aq/N400BLAINE </loc>
		<lastmod> 2021-10-15 19:25:16.827762 </lastmod></url><url>
	<loc> https://geoconnex.us/ref/nat_aq/N400BSNRGC </loc>
		<lastmod> 2021-10-15 19:25:16.827772 </lastmod></url><url>
	<loc> https://geoconnex.us/ref/nat_aq/N400CSLHYN </loc>
		<lastmod> 2021-10-15 19:25:16.827781 </lastmod></url><url>
	<loc> https://geoconnex.us/ref/nat_aq/N400KNGSHL </loc>
		<lastmod> 2021-10-15 19:25:16.827790 </lastmod></url><url>
	<loc> https://geoconnex.us/ref/nat_aq/N400NYNECB </loc>
		<lastmod> 2021-10-15 19:25:16.827799 </lastmod></url><url>
	<loc> https://geoconnex.us/ref/nat_aq/N400ORDVCN </loc>
		<lastmod> 2021-10-15 19:25:16.827808 </lastmod></url><url>
	<loc> https://geoconnex.us/ref/nat_aq/N400PDMBRC </loc>
		<lastmod> 2021-10-15 19:25:16.827817 </lastmod></url><url>
	<loc> https://geoconnex.us/ref/nat_aq/N400PDMBRX </loc>
		<lastmod> 2021-10-15 19:25:16.827827 </lastmod></url><url>
	<loc> https://geoconnex.us/ref/nat_aq/N400SLRDVN </loc>
		<lastmod> 2021-10-15 19:25:16.827836 </lastmod></url><url>
	<loc> https://geoconnex.us/ref/nat_aq/N400UPCRBN </loc>
		<lastmod> 2021-10-15 19:25:16.827845 </lastmod></url><url>
	<loc> https://geoconnex.us/ref/nat_aq/N500MSSPPI </loc>
		<lastmod> 2021-10-15 19:25:16.827855 </lastmod></url><url>
	<loc> https://geoconnex.us/ref/nat_aq/N500PLOZOC </loc>
		<lastmod> 2021-10-15 19:25:16.827865 </lastmod></url><url>
	<loc> https://geoconnex.us/ref/nat_aq/N500VLYRDG </loc>
		<lastmod> 2021-10-15 19:25:16.827875 </lastmod></url><url>
	<loc> https://geoconnex.us/ref/nat_aq/N600CMBPLV </loc>
		<lastmod> 2021-10-15 19:25:16.827884 </lastmod></url><url>
	<loc> https://geoconnex.us/ref/nat_aq/N600HIVLCC </loc>
		<lastmod> 2021-10-15 19:25:16.827894 </lastmod></url><url>
	<loc> https://geoconnex.us/ref/nat_aq/N600SKRVPB </loc>
		<lastmod> 2021-10-15 19:25:16.827904 </lastmod></url><url>
	<loc> https://geoconnex.us/ref/nat_aq/N600SKRVPV </loc>
		<lastmod> 2021-10-15 19:25:16.827913 </lastmod></url><url>
	<loc> https://geoconnex.us/ref/nat_aq/N600SRNVDV </loc>
		<lastmod> 2021-10-15 19:25:16.827923 </lastmod></url><url>
	<loc> https://geoconnex.us/ref/nat_aq/N9999OTHER </loc>
		<lastmod> 2021-10-15 19:25:16.827933 </lastmod></url><url>
	<loc> https://geoconnex.us/ref/nat_aq/S100CNRLVL </loc>
		<lastmod> 2021-10-15 19:25:16.827943 </lastmod></url><url>
	<loc> https://geoconnex.us/ref/nat_aq/S100CSLLWD </loc>
		<lastmod> 2021-10-15 19:25:16.827953 </lastmod></url><url>
	<loc> https://geoconnex.us/ref/nat_aq/S100MSEMBM </loc>
		<lastmod> 2021-10-15 19:25:16.827983 </lastmod></url><url>
	<loc> https://geoconnex.us/ref/nat_aq/S100NATLCP </loc>
		<lastmod> 2021-10-15 19:25:16.827997 </lastmod></url><url>
	<loc> https://geoconnex.us/ref/nat_aq/S100NRMTIB </loc>
		<lastmod> 2021-10-15 19:25:16.828007 </lastmod></url><url>
	<loc> https://geoconnex.us/ref/nat_aq/S100PGTSND </loc>
		<lastmod> 2021-10-15 19:25:16.828017 </lastmod></url><url>
	<loc> https://geoconnex.us/ref/nat_aq/S100RIOGRD </loc>
		<lastmod> 2021-10-15 19:25:16.828027 </lastmod></url><url>
	<loc> https://geoconnex.us/ref/nat_aq/S100SECSLP </loc>
		<lastmod> 2021-10-15 19:25:16.828037 </lastmod></url><url>
	<loc> https://geoconnex.us/ref/nat_aq/S100SURFCL </loc>
		<lastmod> 2021-10-15 19:25:16.828046 </lastmod></url><url>
	<loc> https://geoconnex.us/ref/nat_aq/S100TXCLUP </loc>
		<lastmod> 2021-10-15 19:25:16.828056 </lastmod></url><url>
	<loc> https://geoconnex.us/ref/nat_aq/S300CAMORD </loc>
		<lastmod> 2021-10-15 19:25:16.828066 </lastmod></url><url>
	<loc> https://geoconnex.us/ref/nat_aq/S300DNVRBS </loc>
		<lastmod> 2021-10-15 19:25:16.828076 </lastmod></url><url>
	<loc> https://geoconnex.us/ref/nat_aq/S400FLORDN </loc>
		<lastmod> 2021-10-15 19:25:16.828086 </lastmod></url><url>
	<loc> https://geoconnex.us/ref/nat_aq/S400OZRKPL </loc>
		<lastmod> 2021-10-15 19:25:16.828096 </lastmod></url><url>
	<loc> https://geoconnex.us/ref/nat_aq/S400RSWLBS </loc>
		<lastmod> 2021-10-15 19:25:16.828106 </lastmod></url><url>
	<loc> https://geoconnex.us/ref/nat_aq/S500EDRTRN </loc>
		<lastmod> 2021-10-15 19:25:16.828116 </lastmod></url></ns0:url>
</ns0:urlset>