<ns0:urlset xmlns:ns0="http://www.sitemaps.org/schemas/sitemap/0.9">
    <ns0:url>
    <url>
	<loc> https://geoconnex.us/SELFIE/usgs/huc/huc12obs/070900020601 </loc>
		<lastmod> 2021-10-15 19:25:19.437119 </lastmod></url><url>
	<loc> https://geoconnex.us/SELFIE/usgs/hucboundary/huc12obs/070900020601 </loc>
		<lastmod> 2021-10-15 19:25:19.437145 </lastmod></url><url>
	<loc> https://geoconnex.us/SELFIE/usgs/hydrometricnetwork/huc12obs/070900020601 </loc>
		<lastmod> 2021-10-15 19:25:19.437160 </lastmod></url><url>
	<loc> https://geoconnex.us/SELFIE/usgs/nhdplusflowline/huc12obs/070900020601 </loc>
		<lastmod> 2021-10-15 19:25:19.437173 </lastmod></url><url>
	<loc> https://geoconnex.us/SELFIE/usgs/nwissite/huc12obs/USGS-05427880 </loc>
		<lastmod> 2021-10-15 19:25:19.437184 </lastmod></url><url>
	<loc> https://geoconnex.us/SELFIE/usgs/wqp/huc12obs/WIDNR_WQX-10001227 </loc>
		<lastmod> 2021-10-15 19:25:19.437195 </lastmod></url><url>
	<loc> https://geoconnex.us/SELFIE/usgs/wqp/huc12obs/WIDNR_WQX-10001222 </loc>
		<lastmod> 2021-10-15 19:25:19.437205 </lastmod></url><url>
	<loc> https://geoconnex.us/SELFIE/usgs/wqp/huc12obs/WIDNR_WQX-134002 </loc>
		<lastmod> 2021-10-15 19:25:19.437216 </lastmod></url><url>
	<loc> https://geoconnex.us/SELFIE/usgs/wqp/huc12obs/USGS-431208089314901 </loc>
		<lastmod> 2021-10-15 19:25:19.437226 </lastmod></url><url>
	<loc> https://geoconnex.us/SELFIE/usgs/wqp/huc12obs/USGS-431212089314801 </loc>
		<lastmod> 2021-10-15 19:25:19.437237 </lastmod></url><url>
	<loc> https://geoconnex.us/SELFIE/usgs/wqp/huc12obs/USGS-431212089314802 </loc>
		<lastmod> 2021-10-15 19:25:19.437262 </lastmod></url><url>
	<loc> https://geoconnex.us/SELFIE/usgs/wqp/huc12obs/USGS-431250089282902 </loc>
		<lastmod> 2021-10-15 19:25:19.437273 </lastmod></url><url>
	<loc> https://geoconnex.us/SELFIE/usgs/wqp/huc12obs/USGS-431250089282901 </loc>
		<lastmod> 2021-10-15 19:25:19.437298 </lastmod></url><url>
	<loc> https://geoconnex.us/SELFIE/usgs/wqp/huc12obs/USGS-05427880 </loc>
		<lastmod> 2021-10-15 19:25:19.437308 </lastmod></url><url>
	<loc> https://geoconnex.us/SELFIE/usgs/wqp/huc12obs/WIDNR_WQX-10017024 </loc>
		<lastmod> 2021-10-15 19:25:19.437335 </lastmod></url><url>
	<loc> https://geoconnex.us/SELFIE/usgs/wqp/huc12obs/WIDNR_WQX-10001221 </loc>
		<lastmod> 2021-10-15 19:25:19.437345 </lastmod></url><url>
	<loc> https://geoconnex.us/SELFIE/usgs/wqp/huc12obs/WIDNR_WQX-10016974 </loc>
		<lastmod> 2021-10-15 19:25:19.437354 </lastmod></url><url>
	<loc> https://geoconnex.us/SELFIE/usgs/wqp/huc12obs/WIDNR_WQX-10043697 </loc>
		<lastmod> 2021-10-15 19:25:19.437363 </lastmod></url><url>
	<loc> https://geoconnex.us/SELFIE/usgs/wqp/huc12obs/WIDNR_WQX-10001223 </loc>
		<lastmod> 2021-10-15 19:25:19.437372 </lastmod></url></ns0:url>
</ns0:urlset>