<ns0:urlset xmlns:ns0="http://www.sitemaps.org/schemas/sitemap/0.9">
    <ns0:url>
    <url>
	<loc> https://geoconnex.us/iow/sta-demo/station/TV-157 </loc>
		<lastmod> 2021-10-15 19:25:19.317027 </lastmod></url><url>
	<loc> https://geoconnex.us/iow/sta-demo/station/QU-100 </loc>
		<lastmod> 2021-10-15 19:25:19.317051 </lastmod></url><url>
	<loc> https://geoconnex.us/iow/sta-demo/station/QU-004 </loc>
		<lastmod> 2021-10-15 19:25:19.317082 </lastmod></url><url>
	<loc> https://geoconnex.us/iow/sta-demo/station/354235108170703 </loc>
		<lastmod> 2021-10-15 19:25:19.317093 </lastmod></url><url>
	<loc> https://geoconnex.us/iow/sta-demo/station/364934108242601 </loc>
		<lastmod> 2021-10-15 19:25:19.317103 </lastmod></url><url>
	<loc> https://geoconnex.us/iow/sta-demo/station/364826108234301 </loc>
		<lastmod> 2021-10-15 19:25:19.317113 </lastmod></url><url>
	<loc> https://geoconnex.us/iow/sta-demo/station/353659107564101 </loc>
		<lastmod> 2021-10-15 19:25:19.317122 </lastmod></url><url>
	<loc> https://geoconnex.us/iow/sta-demo/station/353700107563901 </loc>
		<lastmod> 2021-10-15 19:25:19.317132 </lastmod></url><url>
	<loc> https://geoconnex.us/iow/sta-demo/station/364255108053202 </loc>
		<lastmod> 2021-10-15 19:25:19.317141 </lastmod></url><url>
	<loc> https://geoconnex.us/iow/sta-demo/station/354915107191901 </loc>
		<lastmod> 2021-10-15 19:25:19.317151 </lastmod></url><url>
	<loc> https://geoconnex.us/iow/sta-demo/station/351821106333902 </loc>
		<lastmod> 2021-10-15 19:25:19.317176 </lastmod></url><url>
	<loc> https://geoconnex.us/iow/sta-demo/station/354056106215801 </loc>
		<lastmod> 2021-10-15 19:25:19.317185 </lastmod></url><url>
	<loc> https://geoconnex.us/iow/sta-demo/station/EB-220 </loc>
		<lastmod> 2021-10-15 19:25:19.317193 </lastmod></url><url>
	<loc> https://geoconnex.us/iow/sta-demo/station/353824106040902 </loc>
		<lastmod> 2021-10-15 19:25:19.317202 </lastmod></url><url>
	<loc> https://geoconnex.us/iow/sta-demo/station/353945105574502 </loc>
		<lastmod> 2021-10-15 19:25:19.317211 </lastmod></url><url>
	<loc> https://geoconnex.us/iow/sta-demo/station/SA-0034 </loc>
		<lastmod> 2021-10-15 19:25:19.317220 </lastmod></url><url>
	<loc> https://geoconnex.us/iow/sta-demo/station/351304107543701 </loc>
		<lastmod> 2021-10-15 19:25:19.317228 </lastmod></url><url>
	<loc> https://geoconnex.us/iow/sta-demo/station/350923107522701 </loc>
		<lastmod> 2021-10-15 19:25:19.317237 </lastmod></url><url>
	<loc> https://geoconnex.us/iow/sta-demo/station/SA-0076 </loc>
		<lastmod> 2021-10-15 19:25:19.317246 </lastmod></url><url>
	<loc> https://geoconnex.us/iow/sta-demo/station/350603107485801 </loc>
		<lastmod> 2021-10-15 19:25:19.317255 </lastmod></url><url>
	<loc> https://geoconnex.us/iow/sta-demo/station/350306107263401 </loc>
		<lastmod> 2021-10-15 19:25:19.317264 </lastmod></url><url>
	<loc> https://geoconnex.us/iow/sta-demo/station/MG-038 </loc>
		<lastmod> 2021-10-15 19:25:19.317273 </lastmod></url><url>
	<loc> https://geoconnex.us/iow/sta-demo/station/342107106530401 </loc>
		<lastmod> 2021-10-15 19:25:19.317282 </lastmod></url><url>
	<loc> https://geoconnex.us/iow/sta-demo/station/351040106482801 </loc>
		<lastmod> 2021-10-15 19:25:19.317291 </lastmod></url><url>
	<loc> https://geoconnex.us/iow/sta-demo/station/344431106393402 </loc>
		<lastmod> 2021-10-15 19:25:19.317300 </lastmod></url><url>
	<loc> https://geoconnex.us/iow/sta-demo/station/350056106370102 </loc>
		<lastmod> 2021-10-15 19:25:19.317309 </lastmod></url><url>
	<loc> https://geoconnex.us/iow/sta-demo/station/351114106330602 </loc>
		<lastmod> 2021-10-15 19:25:19.317318 </lastmod></url><url>
	<loc> https://geoconnex.us/iow/sta-demo/station/TB-0203 </loc>
		<lastmod> 2021-10-15 19:25:19.317326 </lastmod></url><url>
	<loc> https://geoconnex.us/iow/sta-demo/station/320230107013501 </loc>
		<lastmod> 2021-10-15 19:25:19.317335 </lastmod></url><url>
	<loc> https://geoconnex.us/iow/sta-demo/station/354017108445201_2 </loc>
		<lastmod> 2021-10-15 19:25:19.317344 </lastmod></url><url>
	<loc> https://geoconnex.us/iow/sta-demo/station/TV-196 </loc>
		<lastmod> 2021-10-15 19:25:19.317353 </lastmod></url><url>
	<loc> https://geoconnex.us/iow/sta-demo/station/354235108170702 </loc>
		<lastmod> 2021-10-15 19:25:19.317362 </lastmod></url><url>
	<loc> https://geoconnex.us/iow/sta-demo/station/364916108234301 </loc>
		<lastmod> 2021-10-15 19:25:19.317371 </lastmod></url><url>
	<loc> https://geoconnex.us/iow/sta-demo/station/351515106410402 </loc>
		<lastmod> 2021-10-15 19:25:19.317379 </lastmod></url><url>
	<loc> https://geoconnex.us/iow/sta-demo/station/354731106072002 </loc>
		<lastmod> 2021-10-15 19:25:19.317388 </lastmod></url><url>
	<loc> https://geoconnex.us/iow/sta-demo/station/354228106044902 </loc>
		<lastmod> 2021-10-15 19:25:19.317397 </lastmod></url><url>
	<loc> https://geoconnex.us/iow/sta-demo/station/SA-0009 </loc>
		<lastmod> 2021-10-15 19:25:19.317405 </lastmod></url><url>
	<loc> https://geoconnex.us/iow/sta-demo/station/MG-030 </loc>
		<lastmod> 2021-10-15 19:25:19.317415 </lastmod></url><url>
	<loc> https://geoconnex.us/iow/sta-demo/station/343753106430602 </loc>
		<lastmod> 2021-10-15 19:25:19.317424 </lastmod></url><url>
	<loc> https://geoconnex.us/iow/sta-demo/station/344431106393403 </loc>
		<lastmod> 2021-10-15 19:25:19.317432 </lastmod></url><url>
	<loc> https://geoconnex.us/iow/sta-demo/station/343347103345001 </loc>
		<lastmod> 2021-10-15 19:25:19.317441 </lastmod></url><url>
	<loc> https://geoconnex.us/iow/sta-demo/station/321945106595001 </loc>
		<lastmod> 2021-10-15 19:25:19.317450 </lastmod></url><url>
	<loc> https://geoconnex.us/iow/sta-demo/station/314810106513601 </loc>
		<lastmod> 2021-10-15 19:25:19.317459 </lastmod></url><url>
	<loc> https://geoconnex.us/iow/sta-demo/station/321740106481001 </loc>
		<lastmod> 2021-10-15 19:25:19.317468 </lastmod></url><url>
	<loc> https://geoconnex.us/iow/sta-demo/station/314723106420001 </loc>
		<lastmod> 2021-10-15 19:25:19.317477 </lastmod></url><url>
	<loc> https://geoconnex.us/iow/sta-demo/station/321332106443701 </loc>
		<lastmod> 2021-10-15 19:25:19.317486 </lastmod></url><url>
	<loc> https://geoconnex.us/iow/sta-demo/station/322323106314701 </loc>
		<lastmod> 2021-10-15 19:25:19.317495 </lastmod></url><url>
	<loc> https://geoconnex.us/iow/sta-demo/station/TB-0084 </loc>
		<lastmod> 2021-10-15 19:25:19.317504 </lastmod></url><url>
	<loc> https://geoconnex.us/iow/sta-demo/station/TB-0029 </loc>
		<lastmod> 2021-10-15 19:25:19.317513 </lastmod></url><url>
	<loc> https://geoconnex.us/iow/sta-demo/station/TB-0071 </loc>
		<lastmod> 2021-10-15 19:25:19.317624 </lastmod></url><url>
	<loc> https://geoconnex.us/iow/sta-demo/station/SM-0049 </loc>
		<lastmod> 2021-10-15 19:25:19.317641 </lastmod></url><url>
	<loc> https://geoconnex.us/iow/sta-demo/station/332937105314501 </loc>
		<lastmod> 2021-10-15 19:25:19.317653 </lastmod></url><url>
	<loc> https://geoconnex.us/iow/sta-demo/station/SM-0246 </loc>
		<lastmod> 2021-10-15 19:25:19.317665 </lastmod></url><url>
	<loc> https://geoconnex.us/iow/sta-demo/station/362714103071201 </loc>
		<lastmod> 2021-10-15 19:25:19.317677 </lastmod></url><url>
	<loc> https://geoconnex.us/iow/sta-demo/station/324940103365801 </loc>
		<lastmod> 2021-10-15 19:25:19.317689 </lastmod></url><url>
	<loc> https://geoconnex.us/iow/sta-demo/station/330458103251001 </loc>
		<lastmod> 2021-10-15 19:25:19.317701 </lastmod></url><url>
	<loc> https://geoconnex.us/iow/sta-demo/station/Test </loc>
		<lastmod> 2021-10-15 19:25:19.317713 </lastmod></url><url>
	<loc> https://geoconnex.us/iow/sta-demo/station/test0 </loc>
		<lastmod> 2021-10-15 19:25:19.317725 </lastmod></url><url>
	<loc> https://geoconnex.us/iow/sta-demo/station/325115105321401 </loc>
		<lastmod> 2021-10-15 19:25:19.317737 </lastmod></url><url>
	<loc> https://geoconnex.us/iow/sta-demo/station/324620104255001 </loc>
		<lastmod> 2021-10-15 19:25:19.317750 </lastmod></url><url>
	<loc> https://geoconnex.us/iow/sta-demo/station/332115103403301 </loc>
		<lastmod> 2021-10-15 19:25:19.317762 </lastmod></url></ns0:url>
</ns0:urlset>