<ns0:urlset xmlns:ns0="http://www.sitemaps.org/schemas/sitemap/0.9">
    <ns0:url>
    <url>
	<loc> https://geoconnex.us/ref/states/12 </loc>
		<lastmod> 2021-10-15 19:25:03.578266 </lastmod></url><url>
	<loc> https://geoconnex.us/ref/states/78 </loc>
		<lastmod> 2021-10-15 19:25:03.578291 </lastmod></url><url>
	<loc> https://geoconnex.us/ref/states/30 </loc>
		<lastmod> 2021-10-15 19:25:03.578377 </lastmod></url><url>
	<loc> https://geoconnex.us/ref/states/27 </loc>
		<lastmod> 2021-10-15 19:25:03.578392 </lastmod></url><url>
	<loc> https://geoconnex.us/ref/states/24 </loc>
		<lastmod> 2021-10-15 19:25:03.578404 </lastmod></url><url>
	<loc> https://geoconnex.us/ref/states/45 </loc>
		<lastmod> 2021-10-15 19:25:03.578414 </lastmod></url><url>
	<loc> https://geoconnex.us/ref/states/23 </loc>
		<lastmod> 2021-10-15 19:25:03.578424 </lastmod></url><url>
	<loc> https://geoconnex.us/ref/states/15 </loc>
		<lastmod> 2021-10-15 19:25:03.578434 </lastmod></url><url>
	<loc> https://geoconnex.us/ref/states/11 </loc>
		<lastmod> 2021-10-15 19:25:03.578444 </lastmod></url><url>
	<loc> https://geoconnex.us/ref/states/69 </loc>
		<lastmod> 2021-10-15 19:25:03.578453 </lastmod></url><url>
	<loc> https://geoconnex.us/ref/states/44 </loc>
		<lastmod> 2021-10-15 19:25:03.578462 </lastmod></url><url>
	<loc> https://geoconnex.us/ref/states/31 </loc>
		<lastmod> 2021-10-15 19:25:03.578471 </lastmod></url><url>
	<loc> https://geoconnex.us/ref/states/53 </loc>
		<lastmod> 2021-10-15 19:25:03.578480 </lastmod></url><url>
	<loc> https://geoconnex.us/ref/states/35 </loc>
		<lastmod> 2021-10-15 19:25:03.578489 </lastmod></url><url>
	<loc> https://geoconnex.us/ref/states/72 </loc>
		<lastmod> 2021-10-15 19:25:03.578498 </lastmod></url><url>
	<loc> https://geoconnex.us/ref/states/46 </loc>
		<lastmod> 2021-10-15 19:25:03.578507 </lastmod></url><url>
	<loc> https://geoconnex.us/ref/states/48 </loc>
		<lastmod> 2021-10-15 19:25:03.578516 </lastmod></url><url>
	<loc> https://geoconnex.us/ref/states/06 </loc>
		<lastmod> 2021-10-15 19:25:03.578526 </lastmod></url><url>
	<loc> https://geoconnex.us/ref/states/01 </loc>
		<lastmod> 2021-10-15 19:25:03.578535 </lastmod></url><url>
	<loc> https://geoconnex.us/ref/states/13 </loc>
		<lastmod> 2021-10-15 19:25:03.578544 </lastmod></url><url>
	<loc> https://geoconnex.us/ref/states/05 </loc>
		<lastmod> 2021-10-15 19:25:03.578553 </lastmod></url><url>
	<loc> https://geoconnex.us/ref/states/42 </loc>
		<lastmod> 2021-10-15 19:25:03.578561 </lastmod></url><url>
	<loc> https://geoconnex.us/ref/states/29 </loc>
		<lastmod> 2021-10-15 19:25:03.578571 </lastmod></url><url>
	<loc> https://geoconnex.us/ref/states/49 </loc>
		<lastmod> 2021-10-15 19:25:03.578580 </lastmod></url><url>
	<loc> https://geoconnex.us/ref/states/40 </loc>
		<lastmod> 2021-10-15 19:25:03.578589 </lastmod></url><url>
	<loc> https://geoconnex.us/ref/states/47 </loc>
		<lastmod> 2021-10-15 19:25:03.578597 </lastmod></url><url>
	<loc> https://geoconnex.us/ref/states/56 </loc>
		<lastmod> 2021-10-15 19:25:03.578607 </lastmod></url><url>
	<loc> https://geoconnex.us/ref/states/18 </loc>
		<lastmod> 2021-10-15 19:25:03.578616 </lastmod></url><url>
	<loc> https://geoconnex.us/ref/states/20 </loc>
		<lastmod> 2021-10-15 19:25:03.578625 </lastmod></url><url>
	<loc> https://geoconnex.us/ref/states/16 </loc>
		<lastmod> 2021-10-15 19:25:03.578634 </lastmod></url><url>
	<loc> https://geoconnex.us/ref/states/02 </loc>
		<lastmod> 2021-10-15 19:25:03.578643 </lastmod></url><url>
	<loc> https://geoconnex.us/ref/states/32 </loc>
		<lastmod> 2021-10-15 19:25:03.578652 </lastmod></url><url>
	<loc> https://geoconnex.us/ref/states/17 </loc>
		<lastmod> 2021-10-15 19:25:03.578661 </lastmod></url><url>
	<loc> https://geoconnex.us/ref/states/50 </loc>
		<lastmod> 2021-10-15 19:25:03.578670 </lastmod></url><url>
	<loc> https://geoconnex.us/ref/states/09 </loc>
		<lastmod> 2021-10-15 19:25:03.578679 </lastmod></url><url>
	<loc> https://geoconnex.us/ref/states/34 </loc>
		<lastmod> 2021-10-15 19:25:03.578688 </lastmod></url><url>
	<loc> https://geoconnex.us/ref/states/38 </loc>
		<lastmod> 2021-10-15 19:25:03.578697 </lastmod></url><url>
	<loc> https://geoconnex.us/ref/states/19 </loc>
		<lastmod> 2021-10-15 19:25:03.578706 </lastmod></url><url>
	<loc> https://geoconnex.us/ref/states/33 </loc>
		<lastmod> 2021-10-15 19:25:03.578715 </lastmod></url><url>
	<loc> https://geoconnex.us/ref/states/04 </loc>
		<lastmod> 2021-10-15 19:25:03.578725 </lastmod></url><url>
	<loc> https://geoconnex.us/ref/states/10 </loc>
		<lastmod> 2021-10-15 19:25:03.578734 </lastmod></url><url>
	<loc> https://geoconnex.us/ref/states/66 </loc>
		<lastmod> 2021-10-15 19:25:03.578743 </lastmod></url><url>
	<loc> https://geoconnex.us/ref/states/60 </loc>
		<lastmod> 2021-10-15 19:25:03.578752 </lastmod></url><url>
	<loc> https://geoconnex.us/ref/states/21 </loc>
		<lastmod> 2021-10-15 19:25:03.578761 </lastmod></url><url>
	<loc> https://geoconnex.us/ref/states/39 </loc>
		<lastmod> 2021-10-15 19:25:03.578770 </lastmod></url><url>
	<loc> https://geoconnex.us/ref/states/55 </loc>
		<lastmod> 2021-10-15 19:25:03.578779 </lastmod></url><url>
	<loc> https://geoconnex.us/ref/states/41 </loc>
		<lastmod> 2021-10-15 19:25:03.578788 </lastmod></url><url>
	<loc> https://geoconnex.us/ref/states/28 </loc>
		<lastmod> 2021-10-15 19:25:03.578797 </lastmod></url><url>
	<loc> https://geoconnex.us/ref/states/08 </loc>
		<lastmod> 2021-10-15 19:25:03.578806 </lastmod></url><url>
	<loc> https://geoconnex.us/ref/states/37 </loc>
		<lastmod> 2021-10-15 19:25:03.578834 </lastmod></url><url>
	<loc> https://geoconnex.us/ref/states/51 </loc>
		<lastmod> 2021-10-15 19:25:03.578861 </lastmod></url><url>
	<loc> https://geoconnex.us/ref/states/54 </loc>
		<lastmod> 2021-10-15 19:25:03.578871 </lastmod></url><url>
	<loc> https://geoconnex.us/ref/states/22 </loc>
		<lastmod> 2021-10-15 19:25:03.578881 </lastmod></url><url>
	<loc> https://geoconnex.us/ref/states/36 </loc>
		<lastmod> 2021-10-15 19:25:03.578890 </lastmod></url><url>
	<loc> https://geoconnex.us/ref/states/26 </loc>
		<lastmod> 2021-10-15 19:25:03.578900 </lastmod></url><url>
	<loc> https://geoconnex.us/ref/states/25 </loc>
		<lastmod> 2021-10-15 19:25:03.578910 </lastmod></url></ns0:url>
</ns0:urlset>