<?xml version='1.0' encoding='utf-8'?>
<ns0:urlset xmlns:ns0="http://www.sitemaps.org/schemas/sitemap/0.9">
<url>
		<loc> https://geoconnex.us/ref/nat_aq/N100BSNRGB </loc>
		<lastmod> 2022-08-22 17:04:53.312095 </lastmod>
	</url><url>
		<loc> https://geoconnex.us/ref/nat_aq/N100CACSTL </loc>
		<lastmod> 2022-08-22 17:04:53.312137 </lastmod>
	</url><url>
		<loc> https://geoconnex.us/ref/nat_aq/N100CMBPLB </loc>
		<lastmod> 2022-08-22 17:04:53.312159 </lastmod>
	</url><url>
		<loc> https://geoconnex.us/ref/nat_aq/N100HGHPLN </loc>
		<lastmod> 2022-08-22 17:04:53.312177 </lastmod>
	</url><url>
		<loc> https://geoconnex.us/ref/nat_aq/N100MSRVVL </loc>
		<lastmod> 2022-08-22 17:04:53.312194 </lastmod>
	</url><url>
		<loc> https://geoconnex.us/ref/nat_aq/N100PCFNWB </loc>
		<lastmod> 2022-08-22 17:04:53.312209 </lastmod>
	</url><url>
		<loc> https://geoconnex.us/ref/nat_aq/N100PCFNWV </loc>
		<lastmod> 2022-08-22 17:04:53.312227 </lastmod>
	</url><url>
		<loc> https://geoconnex.us/ref/nat_aq/N100PCSRVR </loc>
		<lastmod> 2022-08-22 17:04:53.312243 </lastmod>
	</url><url>
		<loc> https://geoconnex.us/ref/nat_aq/N100SYMOUR </loc>
		<lastmod> 2022-08-22 17:04:53.312258 </lastmod>
	</url><url>
		<loc> https://geoconnex.us/ref/nat_aq/N100WLMLWD </loc>
		<lastmod> 2022-08-22 17:04:53.312273 </lastmod>
	</url><url>
		<loc> https://geoconnex.us/ref/nat_aq/N300ADAVMS </loc>
		<lastmod> 2022-08-22 17:04:53.312289 </lastmod>
	</url><url>
		<loc> https://geoconnex.us/ref/nat_aq/N300CNRLOK </loc>
		<lastmod> 2022-08-22 17:04:53.312304 </lastmod>
	</url><url>
		<loc> https://geoconnex.us/ref/nat_aq/N300COPLTS </loc>
		<lastmod> 2022-08-22 17:04:53.312319 </lastmod>
	</url><url>
		<loc> https://geoconnex.us/ref/nat_aq/N300ERLMZC </loc>
		<lastmod> 2022-08-22 17:04:53.312335 </lastmod>
	</url><url>
		<loc> https://geoconnex.us/ref/nat_aq/N300JCBSVL </loc>
		<lastmod> 2022-08-22 17:04:53.312350 </lastmod>
	</url><url>
		<loc> https://geoconnex.us/ref/nat_aq/N300LCRTCS </loc>
		<lastmod> 2022-08-22 17:04:53.312365 </lastmod>
	</url><url>
		<loc> https://geoconnex.us/ref/nat_aq/N300LTRTRY </loc>
		<lastmod> 2022-08-22 17:04:53.312381 </lastmod>
	</url><url>
		<loc> https://geoconnex.us/ref/nat_aq/N300MRSHLL </loc>
		<lastmod> 2022-08-22 17:04:53.312396 </lastmod>
	</url><url>
		<loc> https://geoconnex.us/ref/nat_aq/N300NYSDSN </loc>
		<lastmod> 2022-08-22 17:04:53.312411 </lastmod>
	</url><url>
		<loc> https://geoconnex.us/ref/nat_aq/N300PNSLVN </loc>
		<lastmod> 2022-08-22 17:04:53.312426 </lastmod>
	</url><url>
		<loc> https://geoconnex.us/ref/nat_aq/N300RSHSPG </loc>
		<lastmod> 2022-08-22 17:04:53.312442 </lastmod>
	</url><url>
		<loc> https://geoconnex.us/ref/nat_aq/N300UPCTCS </loc>
		<lastmod> 2022-08-22 17:04:53.312457 </lastmod>
	</url><url>
		<loc> https://geoconnex.us/ref/nat_aq/N400ABKSMP </loc>
		<lastmod> 2022-08-22 17:04:53.312472 </lastmod>
	</url><url>
		<loc> https://geoconnex.us/ref/nat_aq/N400BISCYN </loc>
		<lastmod> 2022-08-22 17:04:53.312487 </lastmod>
	</url><url>
		<loc> https://geoconnex.us/ref/nat_aq/N400BLAINE </loc>
		<lastmod> 2022-08-22 17:04:53.312503 </lastmod>
	</url><url>
		<loc> https://geoconnex.us/ref/nat_aq/N400BSNRGC </loc>
		<lastmod> 2022-08-22 17:04:53.312518 </lastmod>
	</url><url>
		<loc> https://geoconnex.us/ref/nat_aq/N400CSLHYN </loc>
		<lastmod> 2022-08-22 17:04:53.312534 </lastmod>
	</url><url>
		<loc> https://geoconnex.us/ref/nat_aq/N400KNGSHL </loc>
		<lastmod> 2022-08-22 17:04:53.312549 </lastmod>
	</url><url>
		<loc> https://geoconnex.us/ref/nat_aq/N400NYNECB </loc>
		<lastmod> 2022-08-22 17:04:53.312564 </lastmod>
	</url><url>
		<loc> https://geoconnex.us/ref/nat_aq/N400ORDVCN </loc>
		<lastmod> 2022-08-22 17:04:53.312579 </lastmod>
	</url><url>
		<loc> https://geoconnex.us/ref/nat_aq/N400PDMBRC </loc>
		<lastmod> 2022-08-22 17:04:53.312595 </lastmod>
	</url><url>
		<loc> https://geoconnex.us/ref/nat_aq/N400PDMBRX </loc>
		<lastmod> 2022-08-22 17:04:53.312610 </lastmod>
	</url><url>
		<loc> https://geoconnex.us/ref/nat_aq/N400SLRDVN </loc>
		<lastmod> 2022-08-22 17:04:53.312625 </lastmod>
	</url><url>
		<loc> https://geoconnex.us/ref/nat_aq/N400UPCRBN </loc>
		<lastmod> 2022-08-22 17:04:53.312640 </lastmod>
	</url><url>
		<loc> https://geoconnex.us/ref/nat_aq/N500MSSPPI </loc>
		<lastmod> 2022-08-22 17:04:53.312655 </lastmod>
	</url><url>
		<loc> https://geoconnex.us/ref/nat_aq/N500PLOZOC </loc>
		<lastmod> 2022-08-22 17:04:53.312671 </lastmod>
	</url><url>
		<loc> https://geoconnex.us/ref/nat_aq/N500VLYRDG </loc>
		<lastmod> 2022-08-22 17:04:53.312686 </lastmod>
	</url><url>
		<loc> https://geoconnex.us/ref/nat_aq/N600CMBPLV </loc>
		<lastmod> 2022-08-22 17:04:53.312701 </lastmod>
	</url><url>
		<loc> https://geoconnex.us/ref/nat_aq/N600HIVLCC </loc>
		<lastmod> 2022-08-22 17:04:53.312716 </lastmod>
	</url><url>
		<loc> https://geoconnex.us/ref/nat_aq/N600SKRVPB </loc>
		<lastmod> 2022-08-22 17:04:53.312731 </lastmod>
	</url><url>
		<loc> https://geoconnex.us/ref/nat_aq/N600SKRVPV </loc>
		<lastmod> 2022-08-22 17:04:53.312746 </lastmod>
	</url><url>
		<loc> https://geoconnex.us/ref/nat_aq/N600SRNVDV </loc>
		<lastmod> 2022-08-22 17:04:53.312761 </lastmod>
	</url><url>
		<loc> https://geoconnex.us/ref/nat_aq/N9999OTHER </loc>
		<lastmod> 2022-08-22 17:04:53.312776 </lastmod>
	</url><url>
		<loc> https://geoconnex.us/ref/nat_aq/S100CNRLVL </loc>
		<lastmod> 2022-08-22 17:04:53.312791 </lastmod>
	</url><url>
		<loc> https://geoconnex.us/ref/nat_aq/S100CSLLWD </loc>
		<lastmod> 2022-08-22 17:04:53.312806 </lastmod>
	</url><url>
		<loc> https://geoconnex.us/ref/nat_aq/S100MSEMBM </loc>
		<lastmod> 2022-08-22 17:04:53.312821 </lastmod>
	</url><url>
		<loc> https://geoconnex.us/ref/nat_aq/S100NATLCP </loc>
		<lastmod> 2022-08-22 17:04:53.312835 </lastmod>
	</url><url>
		<loc> https://geoconnex.us/ref/nat_aq/S100NRMTIB </loc>
		<lastmod> 2022-08-22 17:04:53.312851 </lastmod>
	</url><url>
		<loc> https://geoconnex.us/ref/nat_aq/S100PGTSND </loc>
		<lastmod> 2022-08-22 17:04:53.312866 </lastmod>
	</url><url>
		<loc> https://geoconnex.us/ref/nat_aq/S100RIOGRD </loc>
		<lastmod> 2022-08-22 17:04:53.312881 </lastmod>
	</url><url>
		<loc> https://geoconnex.us/ref/nat_aq/S100SECSLP </loc>
		<lastmod> 2022-08-22 17:04:53.312896 </lastmod>
	</url><url>
		<loc> https://geoconnex.us/ref/nat_aq/S100SURFCL </loc>
		<lastmod> 2022-08-22 17:04:53.312911 </lastmod>
	</url><url>
		<loc> https://geoconnex.us/ref/nat_aq/S100TXCLUP </loc>
		<lastmod> 2022-08-22 17:04:53.312926 </lastmod>
	</url><url>
		<loc> https://geoconnex.us/ref/nat_aq/S300CAMORD </loc>
		<lastmod> 2022-08-22 17:04:53.312941 </lastmod>
	</url><url>
		<loc> https://geoconnex.us/ref/nat_aq/S300DNVRBS </loc>
		<lastmod> 2022-08-22 17:04:53.312956 </lastmod>
	</url><url>
		<loc> https://geoconnex.us/ref/nat_aq/S400FLORDN </loc>
		<lastmod> 2022-08-22 17:04:53.312970 </lastmod>
	</url><url>
		<loc> https://geoconnex.us/ref/nat_aq/S400OZRKPL </loc>
		<lastmod> 2022-08-22 17:04:53.312985 </lastmod>
	</url><url>
		<loc> https://geoconnex.us/ref/nat_aq/S400RSWLBS </loc>
		<lastmod> 2022-08-22 17:04:53.313000 </lastmod>
	</url><url>
		<loc> https://geoconnex.us/ref/nat_aq/S500EDRTRN </loc>
		<lastmod> 2022-08-22 17:04:53.313015 </lastmod>
	</url></ns0:urlset>