<?xml version='1.0' encoding='utf-8'?>
<ns0:urlset xmlns:ns0="http://www.sitemaps.org/schemas/sitemap/0.9">
<url>
		<loc> https://geoconnex.us/ref/hu06/043100 </loc>
		<lastmod> 2022-08-22 17:04:53.272627 </lastmod>
	</url><url>
		<loc> https://geoconnex.us/ref/hu06/031502 </loc>
		<lastmod> 2022-08-22 17:04:53.272676 </lastmod>
	</url><url>
		<loc> https://geoconnex.us/ref/hu06/031401 </loc>
		<lastmod> 2022-08-22 17:04:53.272698 </lastmod>
	</url><url>
		<loc> https://geoconnex.us/ref/hu06/031501 </loc>
		<lastmod> 2022-08-22 17:04:53.272716 </lastmod>
	</url><url>
		<loc> https://geoconnex.us/ref/hu06/031601 </loc>
		<lastmod> 2022-08-22 17:04:53.272733 </lastmod>
	</url><url>
		<loc> https://geoconnex.us/ref/hu06/031602 </loc>
		<lastmod> 2022-08-22 17:04:53.272749 </lastmod>
	</url><url>
		<loc> https://geoconnex.us/ref/hu06/060300 </loc>
		<lastmod> 2022-08-22 17:04:53.272766 </lastmod>
	</url><url>
		<loc> https://geoconnex.us/ref/hu06/080201 </loc>
		<lastmod> 2022-08-22 17:04:53.272784 </lastmod>
	</url><url>
		<loc> https://geoconnex.us/ref/hu06/080203 </loc>
		<lastmod> 2022-08-22 17:04:53.272801 </lastmod>
	</url><url>
		<loc> https://geoconnex.us/ref/hu06/080204 </loc>
		<lastmod> 2022-08-22 17:04:53.272818 </lastmod>
	</url><url>
		<loc> https://geoconnex.us/ref/hu06/080401 </loc>
		<lastmod> 2022-08-22 17:04:53.272835 </lastmod>
	</url><url>
		<loc> https://geoconnex.us/ref/hu06/111102 </loc>
		<lastmod> 2022-08-22 17:04:53.272851 </lastmod>
	</url><url>
		<loc> https://geoconnex.us/ref/hu06/080202 </loc>
		<lastmod> 2022-08-22 17:04:53.272867 </lastmod>
	</url><url>
		<loc> https://geoconnex.us/ref/hu06/110100 </loc>
		<lastmod> 2022-08-22 17:04:53.272882 </lastmod>
	</url><url>
		<loc> https://geoconnex.us/ref/hu06/080101 </loc>
		<lastmod> 2022-08-22 17:04:53.272898 </lastmod>
	</url><url>
		<loc> https://geoconnex.us/ref/hu06/220300 </loc>
		<lastmod> 2022-08-22 17:04:53.272913 </lastmod>
	</url><url>
		<loc> https://geoconnex.us/ref/hu06/150302 </loc>
		<lastmod> 2022-08-22 17:04:53.272928 </lastmod>
	</url><url>
		<loc> https://geoconnex.us/ref/hu06/150501 </loc>
		<lastmod> 2022-08-22 17:04:53.272944 </lastmod>
	</url><url>
		<loc> https://geoconnex.us/ref/hu06/150503 </loc>
		<lastmod> 2022-08-22 17:04:53.272959 </lastmod>
	</url><url>
		<loc> https://geoconnex.us/ref/hu06/150601 </loc>
		<lastmod> 2022-08-22 17:04:53.272975 </lastmod>
	</url><url>
		<loc> https://geoconnex.us/ref/hu06/150602 </loc>
		<lastmod> 2022-08-22 17:04:53.272991 </lastmod>
	</url><url>
		<loc> https://geoconnex.us/ref/hu06/150701 </loc>
		<lastmod> 2022-08-22 17:04:53.273007 </lastmod>
	</url><url>
		<loc> https://geoconnex.us/ref/hu06/150702 </loc>
		<lastmod> 2022-08-22 17:04:53.273024 </lastmod>
	</url><url>
		<loc> https://geoconnex.us/ref/hu06/150502 </loc>
		<lastmod> 2022-08-22 17:04:53.273040 </lastmod>
	</url><url>
		<loc> https://geoconnex.us/ref/hu06/150801 </loc>
		<lastmod> 2022-08-22 17:04:53.273055 </lastmod>
	</url><url>
		<loc> https://geoconnex.us/ref/hu06/150802 </loc>
		<lastmod> 2022-08-22 17:04:53.273071 </lastmod>
	</url><url>
		<loc> https://geoconnex.us/ref/hu06/150301 </loc>
		<lastmod> 2022-08-22 17:04:53.273086 </lastmod>
	</url><url>
		<loc> https://geoconnex.us/ref/hu06/150200 </loc>
		<lastmod> 2022-08-22 17:04:53.273102 </lastmod>
	</url><url>
		<loc> https://geoconnex.us/ref/hu06/140802 </loc>
		<lastmod> 2022-08-22 17:04:53.273117 </lastmod>
	</url><url>
		<loc> https://geoconnex.us/ref/hu06/150100 </loc>
		<lastmod> 2022-08-22 17:04:53.273132 </lastmod>
	</url><url>
		<loc> https://geoconnex.us/ref/hu06/140700 </loc>
		<lastmod> 2022-08-22 17:04:53.273147 </lastmod>
	</url><url>
		<loc> https://geoconnex.us/ref/hu06/180101 </loc>
		<lastmod> 2022-08-22 17:04:53.273162 </lastmod>
	</url><url>
		<loc> https://geoconnex.us/ref/hu06/180200 </loc>
		<lastmod> 2022-08-22 17:04:53.273177 </lastmod>
	</url><url>
		<loc> https://geoconnex.us/ref/hu06/180201 </loc>
		<lastmod> 2022-08-22 17:04:53.273193 </lastmod>
	</url><url>
		<loc> https://geoconnex.us/ref/hu06/180300 </loc>
		<lastmod> 2022-08-22 17:04:53.273208 </lastmod>
	</url><url>
		<loc> https://geoconnex.us/ref/hu06/180400 </loc>
		<lastmod> 2022-08-22 17:04:53.273223 </lastmod>
	</url><url>
		<loc> https://geoconnex.us/ref/hu06/180500 </loc>
		<lastmod> 2022-08-22 17:04:53.273239 </lastmod>
	</url><url>
		<loc> https://geoconnex.us/ref/hu06/180600 </loc>
		<lastmod> 2022-08-22 17:04:53.273255 </lastmod>
	</url><url>
		<loc> https://geoconnex.us/ref/hu06/180701 </loc>
		<lastmod> 2022-08-22 17:04:53.273271 </lastmod>
	</url><url>
		<loc> https://geoconnex.us/ref/hu06/180702 </loc>
		<lastmod> 2022-08-22 17:04:53.273287 </lastmod>
	</url><url>
		<loc> https://geoconnex.us/ref/hu06/180703 </loc>
		<lastmod> 2022-08-22 17:04:53.273303 </lastmod>
	</url><url>
		<loc> https://geoconnex.us/ref/hu06/180901 </loc>
		<lastmod> 2022-08-22 17:04:53.273318 </lastmod>
	</url><url>
		<loc> https://geoconnex.us/ref/hu06/180902 </loc>
		<lastmod> 2022-08-22 17:04:53.273333 </lastmod>
	</url><url>
		<loc> https://geoconnex.us/ref/hu06/181001 </loc>
		<lastmod> 2022-08-22 17:04:53.273348 </lastmod>
	</url><url>
		<loc> https://geoconnex.us/ref/hu06/181002 </loc>
		<lastmod> 2022-08-22 17:04:53.273363 </lastmod>
	</url><url>
		<loc> https://geoconnex.us/ref/hu06/160501 </loc>
		<lastmod> 2022-08-22 17:04:53.273379 </lastmod>
	</url><url>
		<loc> https://geoconnex.us/ref/hu06/160502 </loc>
		<lastmod> 2022-08-22 17:04:53.273394 </lastmod>
	</url><url>
		<loc> https://geoconnex.us/ref/hu06/160600 </loc>
		<lastmod> 2022-08-22 17:04:53.273409 </lastmod>
	</url><url>
		<loc> https://geoconnex.us/ref/hu06/180800 </loc>
		<lastmod> 2022-08-22 17:04:53.273425 </lastmod>
	</url><url>
		<loc> https://geoconnex.us/ref/hu06/180102 </loc>
		<lastmod> 2022-08-22 17:04:53.273440 </lastmod>
	</url><url>
		<loc> https://geoconnex.us/ref/hu06/010100 </loc>
		<lastmod> 2022-08-22 17:04:53.273455 </lastmod>
	</url><url>
		<loc> https://geoconnex.us/ref/hu06/042400 </loc>
		<lastmod> 2022-08-22 17:04:53.273470 </lastmod>
	</url><url>
		<loc> https://geoconnex.us/ref/hu06/042600 </loc>
		<lastmod> 2022-08-22 17:04:53.273485 </lastmod>
	</url><url>
		<loc> https://geoconnex.us/ref/hu06/110200 </loc>
		<lastmod> 2022-08-22 17:04:53.273500 </lastmod>
	</url><url>
		<loc> https://geoconnex.us/ref/hu06/140100 </loc>
		<lastmod> 2022-08-22 17:04:53.273515 </lastmod>
	</url><url>
		<loc> https://geoconnex.us/ref/hu06/140200 </loc>
		<lastmod> 2022-08-22 17:04:53.273530 </lastmod>
	</url><url>
		<loc> https://geoconnex.us/ref/hu06/102500 </loc>
		<lastmod> 2022-08-22 17:04:53.273545 </lastmod>
	</url><url>
		<loc> https://geoconnex.us/ref/hu06/101900 </loc>
		<lastmod> 2022-08-22 17:04:53.273561 </lastmod>
	</url><url>
		<loc> https://geoconnex.us/ref/hu06/101800 </loc>
		<lastmod> 2022-08-22 17:04:53.273576 </lastmod>
	</url><url>
		<loc> https://geoconnex.us/ref/hu06/140300 </loc>
		<lastmod> 2022-08-22 17:04:53.273592 </lastmod>
	</url><url>
		<loc> https://geoconnex.us/ref/hu06/140401 </loc>
		<lastmod> 2022-08-22 17:04:53.273607 </lastmod>
	</url><url>
		<loc> https://geoconnex.us/ref/hu06/140500 </loc>
		<lastmod> 2022-08-22 17:04:53.273623 </lastmod>
	</url><url>
		<loc> https://geoconnex.us/ref/hu06/010802 </loc>
		<lastmod> 2022-08-22 17:04:53.273638 </lastmod>
	</url><url>
		<loc> https://geoconnex.us/ref/hu06/011000 </loc>
		<lastmod> 2022-08-22 17:04:53.273672 </lastmod>
	</url><url>
		<loc> https://geoconnex.us/ref/hu06/020402 </loc>
		<lastmod> 2022-08-22 17:04:53.273688 </lastmod>
	</url><url>
		<loc> https://geoconnex.us/ref/hu06/030801 </loc>
		<lastmod> 2022-08-22 17:04:53.273703 </lastmod>
	</url><url>
		<loc> https://geoconnex.us/ref/hu06/030802 </loc>
		<lastmod> 2022-08-22 17:04:53.273719 </lastmod>
	</url><url>
		<loc> https://geoconnex.us/ref/hu06/030901 </loc>
		<lastmod> 2022-08-22 17:04:53.273734 </lastmod>
	</url><url>
		<loc> https://geoconnex.us/ref/hu06/030902 </loc>
		<lastmod> 2022-08-22 17:04:53.273749 </lastmod>
	</url><url>
		<loc> https://geoconnex.us/ref/hu06/031001 </loc>
		<lastmod> 2022-08-22 17:04:53.273764 </lastmod>
	</url><url>
		<loc> https://geoconnex.us/ref/hu06/031002 </loc>
		<lastmod> 2022-08-22 17:04:53.273779 </lastmod>
	</url><url>
		<loc> https://geoconnex.us/ref/hu06/031101 </loc>
		<lastmod> 2022-08-22 17:04:53.273795 </lastmod>
	</url><url>
		<loc> https://geoconnex.us/ref/hu06/031402 </loc>
		<lastmod> 2022-08-22 17:04:53.273810 </lastmod>
	</url><url>
		<loc> https://geoconnex.us/ref/hu06/031403 </loc>
		<lastmod> 2022-08-22 17:04:53.273825 </lastmod>
	</url><url>
		<loc> https://geoconnex.us/ref/hu06/030702 </loc>
		<lastmod> 2022-08-22 17:04:53.273840 </lastmod>
	</url><url>
		<loc> https://geoconnex.us/ref/hu06/031102 </loc>
		<lastmod> 2022-08-22 17:04:53.273856 </lastmod>
	</url><url>
		<loc> https://geoconnex.us/ref/hu06/031200 </loc>
		<lastmod> 2022-08-22 17:04:53.273871 </lastmod>
	</url><url>
		<loc> https://geoconnex.us/ref/hu06/031300 </loc>
		<lastmod> 2022-08-22 17:04:53.273886 </lastmod>
	</url><url>
		<loc> https://geoconnex.us/ref/hu06/030602 </loc>
		<lastmod> 2022-08-22 17:04:53.273901 </lastmod>
	</url><url>
		<loc> https://geoconnex.us/ref/hu06/030701 </loc>
		<lastmod> 2022-08-22 17:04:53.273916 </lastmod>
	</url><url>
		<loc> https://geoconnex.us/ref/hu06/060200 </loc>
		<lastmod> 2022-08-22 17:04:53.273931 </lastmod>
	</url><url>
		<loc> https://geoconnex.us/ref/hu06/220100 </loc>
		<lastmod> 2022-08-22 17:04:53.273947 </lastmod>
	</url><url>
		<loc> https://geoconnex.us/ref/hu06/200100 </loc>
		<lastmod> 2022-08-22 17:04:53.273962 </lastmod>
	</url><url>
		<loc> https://geoconnex.us/ref/hu06/200200 </loc>
		<lastmod> 2022-08-22 17:04:53.273977 </lastmod>
	</url><url>
		<loc> https://geoconnex.us/ref/hu06/200300 </loc>
		<lastmod> 2022-08-22 17:04:53.273993 </lastmod>
	</url><url>
		<loc> https://geoconnex.us/ref/hu06/200400 </loc>
		<lastmod> 2022-08-22 17:04:53.274008 </lastmod>
	</url><url>
		<loc> https://geoconnex.us/ref/hu06/200500 </loc>
		<lastmod> 2022-08-22 17:04:53.274023 </lastmod>
	</url><url>
		<loc> https://geoconnex.us/ref/hu06/200600 </loc>
		<lastmod> 2022-08-22 17:04:53.274039 </lastmod>
	</url><url>
		<loc> https://geoconnex.us/ref/hu06/200700 </loc>
		<lastmod> 2022-08-22 17:04:53.274055 </lastmod>
	</url><url>
		<loc> https://geoconnex.us/ref/hu06/200800 </loc>
		<lastmod> 2022-08-22 17:04:53.274071 </lastmod>
	</url><url>
		<loc> https://geoconnex.us/ref/hu06/070600 </loc>
		<lastmod> 2022-08-22 17:04:53.274087 </lastmod>
	</url><url>
		<loc> https://geoconnex.us/ref/hu06/070802 </loc>
		<lastmod> 2022-08-22 17:04:53.274102 </lastmod>
	</url><url>
		<loc> https://geoconnex.us/ref/hu06/071000 </loc>
		<lastmod> 2022-08-22 17:04:53.274117 </lastmod>
	</url><url>
		<loc> https://geoconnex.us/ref/hu06/101702 </loc>
		<lastmod> 2022-08-22 17:04:53.274133 </lastmod>
	</url><url>
		<loc> https://geoconnex.us/ref/hu06/102300 </loc>
		<lastmod> 2022-08-22 17:04:53.274148 </lastmod>
	</url><url>
		<loc> https://geoconnex.us/ref/hu06/071300 </loc>
		<lastmod> 2022-08-22 17:04:53.274163 </lastmod>
	</url><url>
		<loc> https://geoconnex.us/ref/hu06/071402 </loc>
		<lastmod> 2022-08-22 17:04:53.274178 </lastmod>
	</url><url>
		<loc> https://geoconnex.us/ref/hu06/070801 </loc>
		<lastmod> 2022-08-22 17:04:53.274193 </lastmod>
	</url><url>
		<loc> https://geoconnex.us/ref/hu06/071200 </loc>
		<lastmod> 2022-08-22 17:04:53.274208 </lastmod>
	</url><url>
		<loc> https://geoconnex.us/ref/hu06/051201 </loc>
		<lastmod> 2022-08-22 17:04:53.274223 </lastmod>
	</url><url>
		<loc> https://geoconnex.us/ref/hu06/071100 </loc>
		<lastmod> 2022-08-22 17:04:53.274238 </lastmod>
	</url><url>
		<loc> https://geoconnex.us/ref/hu06/071401 </loc>
		<lastmod> 2022-08-22 17:04:53.274254 </lastmod>
	</url><url>
		<loc> https://geoconnex.us/ref/hu06/070900 </loc>
		<lastmod> 2022-08-22 17:04:53.274269 </lastmod>
	</url><url>
		<loc> https://geoconnex.us/ref/hu06/041900 </loc>
		<lastmod> 2022-08-22 17:04:53.274284 </lastmod>
	</url><url>
		<loc> https://geoconnex.us/ref/hu06/051202 </loc>
		<lastmod> 2022-08-22 17:04:53.274299 </lastmod>
	</url><url>
		<loc> https://geoconnex.us/ref/hu06/040500 </loc>
		<lastmod> 2022-08-22 17:04:53.274314 </lastmod>
	</url><url>
		<loc> https://geoconnex.us/ref/hu06/102701 </loc>
		<lastmod> 2022-08-22 17:04:53.274329 </lastmod>
	</url><url>
		<loc> https://geoconnex.us/ref/hu06/110300 </loc>
		<lastmod> 2022-08-22 17:04:53.274345 </lastmod>
	</url><url>
		<loc> https://geoconnex.us/ref/hu06/102600 </loc>
		<lastmod> 2022-08-22 17:04:53.274365 </lastmod>
	</url><url>
		<loc> https://geoconnex.us/ref/hu06/102702 </loc>
		<lastmod> 2022-08-22 17:04:53.274381 </lastmod>
	</url><url>
		<loc> https://geoconnex.us/ref/hu06/051001 </loc>
		<lastmod> 2022-08-22 17:04:53.274396 </lastmod>
	</url><url>
		<loc> https://geoconnex.us/ref/hu06/051002 </loc>
		<lastmod> 2022-08-22 17:04:53.274412 </lastmod>
	</url><url>
		<loc> https://geoconnex.us/ref/hu06/051100 </loc>
		<lastmod> 2022-08-22 17:04:53.274427 </lastmod>
	</url><url>
		<loc> https://geoconnex.us/ref/hu06/051402 </loc>
		<lastmod> 2022-08-22 17:04:53.274442 </lastmod>
	</url><url>
		<loc> https://geoconnex.us/ref/hu06/051401 </loc>
		<lastmod> 2022-08-22 17:04:53.274458 </lastmod>
	</url><url>
		<loc> https://geoconnex.us/ref/hu06/050902 </loc>
		<lastmod> 2022-08-22 17:04:53.274473 </lastmod>
	</url><url>
		<loc> https://geoconnex.us/ref/hu06/080403 </loc>
		<lastmod> 2022-08-22 17:04:53.274489 </lastmod>
	</url><url>
		<loc> https://geoconnex.us/ref/hu06/080500 </loc>
		<lastmod> 2022-08-22 17:04:53.274504 </lastmod>
	</url><url>
		<loc> https://geoconnex.us/ref/hu06/080701 </loc>
		<lastmod> 2022-08-22 17:04:53.274519 </lastmod>
	</url><url>
		<loc> https://geoconnex.us/ref/hu06/080702 </loc>
		<lastmod> 2022-08-22 17:04:53.274534 </lastmod>
	</url><url>
		<loc> https://geoconnex.us/ref/hu06/080703 </loc>
		<lastmod> 2022-08-22 17:04:53.274549 </lastmod>
	</url><url>
		<loc> https://geoconnex.us/ref/hu06/080801 </loc>
		<lastmod> 2022-08-22 17:04:53.274564 </lastmod>
	</url><url>
		<loc> https://geoconnex.us/ref/hu06/080802 </loc>
		<lastmod> 2022-08-22 17:04:53.274587 </lastmod>
	</url><url>
		<loc> https://geoconnex.us/ref/hu06/080901 </loc>
		<lastmod> 2022-08-22 17:04:53.274603 </lastmod>
	</url><url>
		<loc> https://geoconnex.us/ref/hu06/080902 </loc>
		<lastmod> 2022-08-22 17:04:53.274618 </lastmod>
	</url><url>
		<loc> https://geoconnex.us/ref/hu06/080903 </loc>
		<lastmod> 2022-08-22 17:04:53.274634 </lastmod>
	</url><url>
		<loc> https://geoconnex.us/ref/hu06/080402 </loc>
		<lastmod> 2022-08-22 17:04:53.274649 </lastmod>
	</url><url>
		<loc> https://geoconnex.us/ref/hu06/111402 </loc>
		<lastmod> 2022-08-22 17:04:53.274664 </lastmod>
	</url><url>
		<loc> https://geoconnex.us/ref/hu06/080302 </loc>
		<lastmod> 2022-08-22 17:04:53.274723 </lastmod>
	</url><url>
		<loc> https://geoconnex.us/ref/hu06/080601 </loc>
		<lastmod> 2022-08-22 17:04:53.274739 </lastmod>
	</url><url>
		<loc> https://geoconnex.us/ref/hu06/080301 </loc>
		<lastmod> 2022-08-22 17:04:53.274754 </lastmod>
	</url><url>
		<loc> https://geoconnex.us/ref/hu06/010700 </loc>
		<lastmod> 2022-08-22 17:04:53.274770 </lastmod>
	</url><url>
		<loc> https://geoconnex.us/ref/hu06/020600 </loc>
		<lastmod> 2022-08-22 17:04:53.274785 </lastmod>
	</url><url>
		<loc> https://geoconnex.us/ref/hu06/020700 </loc>
		<lastmod> 2022-08-22 17:04:53.274800 </lastmod>
	</url><url>
		<loc> https://geoconnex.us/ref/hu06/010200 </loc>
		<lastmod> 2022-08-22 17:04:53.274815 </lastmod>
	</url><url>
		<loc> https://geoconnex.us/ref/hu06/010500 </loc>
		<lastmod> 2022-08-22 17:04:53.274830 </lastmod>
	</url><url>
		<loc> https://geoconnex.us/ref/hu06/010300 </loc>
		<lastmod> 2022-08-22 17:04:53.274845 </lastmod>
	</url><url>
		<loc> https://geoconnex.us/ref/hu06/010400 </loc>
		<lastmod> 2022-08-22 17:04:53.274861 </lastmod>
	</url><url>
		<loc> https://geoconnex.us/ref/hu06/040201 </loc>
		<lastmod> 2022-08-22 17:04:53.274877 </lastmod>
	</url><url>
		<loc> https://geoconnex.us/ref/hu06/040202 </loc>
		<lastmod> 2022-08-22 17:04:53.274893 </lastmod>
	</url><url>
		<loc> https://geoconnex.us/ref/hu06/040601 </loc>
		<lastmod> 2022-08-22 17:04:53.274908 </lastmod>
	</url><url>
		<loc> https://geoconnex.us/ref/hu06/040700 </loc>
		<lastmod> 2022-08-22 17:04:53.274923 </lastmod>
	</url><url>
		<loc> https://geoconnex.us/ref/hu06/040801 </loc>
		<lastmod> 2022-08-22 17:04:53.274938 </lastmod>
	</url><url>
		<loc> https://geoconnex.us/ref/hu06/040802 </loc>
		<lastmod> 2022-08-22 17:04:53.274954 </lastmod>
	</url><url>
		<loc> https://geoconnex.us/ref/hu06/040900 </loc>
		<lastmod> 2022-08-22 17:04:53.274969 </lastmod>
	</url><url>
		<loc> https://geoconnex.us/ref/hu06/041800 </loc>
		<lastmod> 2022-08-22 17:04:53.274984 </lastmod>
	</url><url>
		<loc> https://geoconnex.us/ref/hu06/040101 </loc>
		<lastmod> 2022-08-22 17:04:53.274999 </lastmod>
	</url><url>
		<loc> https://geoconnex.us/ref/hu06/040102 </loc>
		<lastmod> 2022-08-22 17:04:53.275015 </lastmod>
	</url><url>
		<loc> https://geoconnex.us/ref/hu06/070101 </loc>
		<lastmod> 2022-08-22 17:04:53.275030 </lastmod>
	</url><url>
		<loc> https://geoconnex.us/ref/hu06/090300 </loc>
		<lastmod> 2022-08-22 17:04:53.275045 </lastmod>
	</url><url>
		<loc> https://geoconnex.us/ref/hu06/090203 </loc>
		<lastmod> 2022-08-22 17:04:53.275060 </lastmod>
	</url><url>
		<loc> https://geoconnex.us/ref/hu06/070200 </loc>
		<lastmod> 2022-08-22 17:04:53.275076 </lastmod>
	</url><url>
		<loc> https://geoconnex.us/ref/hu06/090201 </loc>
		<lastmod> 2022-08-22 17:04:53.275091 </lastmod>
	</url><url>
		<loc> https://geoconnex.us/ref/hu06/070400 </loc>
		<lastmod> 2022-08-22 17:04:53.275106 </lastmod>
	</url><url>
		<loc> https://geoconnex.us/ref/hu06/102802 </loc>
		<lastmod> 2022-08-22 17:04:53.275121 </lastmod>
	</url><url>
		<loc> https://geoconnex.us/ref/hu06/102902 </loc>
		<lastmod> 2022-08-22 17:04:53.275136 </lastmod>
	</url><url>
		<loc> https://geoconnex.us/ref/hu06/103002 </loc>
		<lastmod> 2022-08-22 17:04:53.275151 </lastmod>
	</url><url>
		<loc> https://geoconnex.us/ref/hu06/102801 </loc>
		<lastmod> 2022-08-22 17:04:53.275167 </lastmod>
	</url><url>
		<loc> https://geoconnex.us/ref/hu06/102901 </loc>
		<lastmod> 2022-08-22 17:04:53.275186 </lastmod>
	</url><url>
		<loc> https://geoconnex.us/ref/hu06/103001 </loc>
		<lastmod> 2022-08-22 17:04:53.275201 </lastmod>
	</url><url>
		<loc> https://geoconnex.us/ref/hu06/102400 </loc>
		<lastmod> 2022-08-22 17:04:53.275223 </lastmod>
	</url><url>
		<loc> https://geoconnex.us/ref/hu06/080602 </loc>
		<lastmod> 2022-08-22 17:04:53.275239 </lastmod>
	</url><url>
		<loc> https://geoconnex.us/ref/hu06/031700 </loc>
		<lastmod> 2022-08-22 17:04:53.275255 </lastmod>
	</url><url>
		<loc> https://geoconnex.us/ref/hu06/031800 </loc>
		<lastmod> 2022-08-22 17:04:53.275270 </lastmod>
	</url><url>
		<loc> https://geoconnex.us/ref/hu06/090400 </loc>
		<lastmod> 2022-08-22 17:04:53.275285 </lastmod>
	</url><url>
		<loc> https://geoconnex.us/ref/hu06/100200 </loc>
		<lastmod> 2022-08-22 17:04:53.275300 </lastmod>
	</url><url>
		<loc> https://geoconnex.us/ref/hu06/100301 </loc>
		<lastmod> 2022-08-22 17:04:53.275316 </lastmod>
	</url><url>
		<loc> https://geoconnex.us/ref/hu06/100302 </loc>
		<lastmod> 2022-08-22 17:04:53.275332 </lastmod>
	</url><url>
		<loc> https://geoconnex.us/ref/hu06/100401 </loc>
		<lastmod> 2022-08-22 17:04:53.275347 </lastmod>
	</url><url>
		<loc> https://geoconnex.us/ref/hu06/100402 </loc>
		<lastmod> 2022-08-22 17:04:53.275363 </lastmod>
	</url><url>
		<loc> https://geoconnex.us/ref/hu06/100500 </loc>
		<lastmod> 2022-08-22 17:04:53.275378 </lastmod>
	</url><url>
		<loc> https://geoconnex.us/ref/hu06/101000 </loc>
		<lastmod> 2022-08-22 17:04:53.275393 </lastmod>
	</url><url>
		<loc> https://geoconnex.us/ref/hu06/100600 </loc>
		<lastmod> 2022-08-22 17:04:53.275408 </lastmod>
	</url><url>
		<loc> https://geoconnex.us/ref/hu06/101102 </loc>
		<lastmod> 2022-08-22 17:04:53.275423 </lastmod>
	</url><url>
		<loc> https://geoconnex.us/ref/hu06/030201 </loc>
		<lastmod> 2022-08-22 17:04:53.275439 </lastmod>
	</url><url>
		<loc> https://geoconnex.us/ref/hu06/030202 </loc>
		<lastmod> 2022-08-22 17:04:53.275455 </lastmod>
	</url><url>
		<loc> https://geoconnex.us/ref/hu06/030203 </loc>
		<lastmod> 2022-08-22 17:04:53.275470 </lastmod>
	</url><url>
		<loc> https://geoconnex.us/ref/hu06/030300 </loc>
		<lastmod> 2022-08-22 17:04:53.275486 </lastmod>
	</url><url>
		<loc> https://geoconnex.us/ref/hu06/030401 </loc>
		<lastmod> 2022-08-22 17:04:53.275501 </lastmod>
	</url><url>
		<loc> https://geoconnex.us/ref/hu06/060102 </loc>
		<lastmod> 2022-08-22 17:04:53.275516 </lastmod>
	</url><url>
		<loc> https://geoconnex.us/ref/hu06/060101 </loc>
		<lastmod> 2022-08-22 17:04:53.275531 </lastmod>
	</url><url>
		<loc> https://geoconnex.us/ref/hu06/030101 </loc>
		<lastmod> 2022-08-22 17:04:53.275546 </lastmod>
	</url><url>
		<loc> https://geoconnex.us/ref/hu06/030102 </loc>
		<lastmod> 2022-08-22 17:04:53.275561 </lastmod>
	</url><url>
		<loc> https://geoconnex.us/ref/hu06/050500 </loc>
		<lastmod> 2022-08-22 17:04:53.275577 </lastmod>
	</url><url>
		<loc> https://geoconnex.us/ref/hu06/090202 </loc>
		<lastmod> 2022-08-22 17:04:53.275593 </lastmod>
	</url><url>
		<loc> https://geoconnex.us/ref/hu06/101101 </loc>
		<lastmod> 2022-08-22 17:04:53.275608 </lastmod>
	</url><url>
		<loc> https://geoconnex.us/ref/hu06/090100 </loc>
		<lastmod> 2022-08-22 17:04:53.275624 </lastmod>
	</url><url>
		<loc> https://geoconnex.us/ref/hu06/101302 </loc>
		<lastmod> 2022-08-22 17:04:53.275639 </lastmod>
	</url><url>
		<loc> https://geoconnex.us/ref/hu06/101500 </loc>
		<lastmod> 2022-08-22 17:04:53.275654 </lastmod>
	</url><url>
		<loc> https://geoconnex.us/ref/hu06/102001 </loc>
		<lastmod> 2022-08-22 17:04:53.275887 </lastmod>
	</url><url>
		<loc> https://geoconnex.us/ref/hu06/102002 </loc>
		<lastmod> 2022-08-22 17:04:53.275908 </lastmod>
	</url><url>
		<loc> https://geoconnex.us/ref/hu06/102100 </loc>
		<lastmod> 2022-08-22 17:04:53.275924 </lastmod>
	</url><url>
		<loc> https://geoconnex.us/ref/hu06/102200 </loc>
		<lastmod> 2022-08-22 17:04:53.275940 </lastmod>
	</url><url>
		<loc> https://geoconnex.us/ref/hu06/101701 </loc>
		<lastmod> 2022-08-22 17:04:53.275971 </lastmod>
	</url><url>
		<loc> https://geoconnex.us/ref/hu06/101201 </loc>
		<lastmod> 2022-08-22 17:04:53.275989 </lastmod>
	</url><url>
		<loc> https://geoconnex.us/ref/hu06/010600 </loc>
		<lastmod> 2022-08-22 17:04:53.276005 </lastmod>
	</url><url>
		<loc> https://geoconnex.us/ref/hu06/010801 </loc>
		<lastmod> 2022-08-22 17:04:53.276020 </lastmod>
	</url><url>
		<loc> https://geoconnex.us/ref/hu06/020301 </loc>
		<lastmod> 2022-08-22 17:04:53.276057 </lastmod>
	</url><url>
		<loc> https://geoconnex.us/ref/hu06/020200 </loc>
		<lastmod> 2022-08-22 17:04:53.276089 </lastmod>
	</url><url>
		<loc> https://geoconnex.us/ref/hu06/020401 </loc>
		<lastmod> 2022-08-22 17:04:53.276106 </lastmod>
	</url><url>
		<loc> https://geoconnex.us/ref/hu06/110800 </loc>
		<lastmod> 2022-08-22 17:04:53.276122 </lastmod>
	</url><url>
		<loc> https://geoconnex.us/ref/hu06/130201 </loc>
		<lastmod> 2022-08-22 17:04:53.276137 </lastmod>
	</url><url>
		<loc> https://geoconnex.us/ref/hu06/130202 </loc>
		<lastmod> 2022-08-22 17:04:53.276154 </lastmod>
	</url><url>
		<loc> https://geoconnex.us/ref/hu06/130302 </loc>
		<lastmod> 2022-08-22 17:04:53.276169 </lastmod>
	</url><url>
		<loc> https://geoconnex.us/ref/hu06/130600 </loc>
		<lastmod> 2022-08-22 17:04:53.276185 </lastmod>
	</url><url>
		<loc> https://geoconnex.us/ref/hu06/150400 </loc>
		<lastmod> 2022-08-22 17:04:53.276200 </lastmod>
	</url><url>
		<loc> https://geoconnex.us/ref/hu06/130100 </loc>
		<lastmod> 2022-08-22 17:04:53.276216 </lastmod>
	</url><url>
		<loc> https://geoconnex.us/ref/hu06/140801 </loc>
		<lastmod> 2022-08-22 17:04:53.276231 </lastmod>
	</url><url>
		<loc> https://geoconnex.us/ref/hu06/110400 </loc>
		<lastmod> 2022-08-22 17:04:53.276246 </lastmod>
	</url><url>
		<loc> https://geoconnex.us/ref/hu06/150803 </loc>
		<lastmod> 2022-08-22 17:04:53.276261 </lastmod>
	</url><url>
		<loc> https://geoconnex.us/ref/hu06/130301 </loc>
		<lastmod> 2022-08-22 17:04:53.276277 </lastmod>
	</url><url>
		<loc> https://geoconnex.us/ref/hu06/160401 </loc>
		<lastmod> 2022-08-22 17:04:53.276292 </lastmod>
	</url><url>
		<loc> https://geoconnex.us/ref/hu06/160402 </loc>
		<lastmod> 2022-08-22 17:04:53.276307 </lastmod>
	</url><url>
		<loc> https://geoconnex.us/ref/hu06/160503 </loc>
		<lastmod> 2022-08-22 17:04:53.276323 </lastmod>
	</url><url>
		<loc> https://geoconnex.us/ref/hu06/041401 </loc>
		<lastmod> 2022-08-22 17:04:53.276338 </lastmod>
	</url><url>
		<loc> https://geoconnex.us/ref/hu06/041402 </loc>
		<lastmod> 2022-08-22 17:04:53.276353 </lastmod>
	</url><url>
		<loc> https://geoconnex.us/ref/hu06/041403 </loc>
		<lastmod> 2022-08-22 17:04:53.276369 </lastmod>
	</url><url>
		<loc> https://geoconnex.us/ref/hu06/042900 </loc>
		<lastmod> 2022-08-22 17:04:53.276384 </lastmod>
	</url><url>
		<loc> https://geoconnex.us/ref/hu06/020302 </loc>
		<lastmod> 2022-08-22 17:04:53.276399 </lastmod>
	</url><url>
		<loc> https://geoconnex.us/ref/hu06/043001 </loc>
		<lastmod> 2022-08-22 17:04:53.276414 </lastmod>
	</url><url>
		<loc> https://geoconnex.us/ref/hu06/041100 </loc>
		<lastmod> 2022-08-22 17:04:53.276431 </lastmod>
	</url><url>
		<loc> https://geoconnex.us/ref/hu06/050400 </loc>
		<lastmod> 2022-08-22 17:04:53.276447 </lastmod>
	</url><url>
		<loc> https://geoconnex.us/ref/hu06/050600 </loc>
		<lastmod> 2022-08-22 17:04:53.276463 </lastmod>
	</url><url>
		<loc> https://geoconnex.us/ref/hu06/050800 </loc>
		<lastmod> 2022-08-22 17:04:53.276478 </lastmod>
	</url><url>
		<loc> https://geoconnex.us/ref/hu06/041000 </loc>
		<lastmod> 2022-08-22 17:04:53.276494 </lastmod>
	</url><url>
		<loc> https://geoconnex.us/ref/hu06/110500 </loc>
		<lastmod> 2022-08-22 17:04:53.276509 </lastmod>
	</url><url>
		<loc> https://geoconnex.us/ref/hu06/110902 </loc>
		<lastmod> 2022-08-22 17:04:53.276525 </lastmod>
	</url><url>
		<loc> https://geoconnex.us/ref/hu06/111003 </loc>
		<lastmod> 2022-08-22 17:04:53.276540 </lastmod>
	</url><url>
		<loc> https://geoconnex.us/ref/hu06/111101 </loc>
		<lastmod> 2022-08-22 17:04:53.276556 </lastmod>
	</url><url>
		<loc> https://geoconnex.us/ref/hu06/111303 </loc>
		<lastmod> 2022-08-22 17:04:53.276572 </lastmod>
	</url><url>
		<loc> https://geoconnex.us/ref/hu06/110702 </loc>
		<lastmod> 2022-08-22 17:04:53.276587 </lastmod>
	</url><url>
		<loc> https://geoconnex.us/ref/hu06/110600 </loc>
		<lastmod> 2022-08-22 17:04:53.276602 </lastmod>
	</url><url>
		<loc> https://geoconnex.us/ref/hu06/110701 </loc>
		<lastmod> 2022-08-22 17:04:53.276617 </lastmod>
	</url><url>
		<loc> https://geoconnex.us/ref/hu06/111202 </loc>
		<lastmod> 2022-08-22 17:04:53.276632 </lastmod>
	</url><url>
		<loc> https://geoconnex.us/ref/hu06/111203 </loc>
		<lastmod> 2022-08-22 17:04:53.276649 </lastmod>
	</url><url>
		<loc> https://geoconnex.us/ref/hu06/020502 </loc>
		<lastmod> 2022-08-22 17:04:53.276664 </lastmod>
	</url><url>
		<loc> https://geoconnex.us/ref/hu06/050100 </loc>
		<lastmod> 2022-08-22 17:04:53.276680 </lastmod>
	</url><url>
		<loc> https://geoconnex.us/ref/hu06/020503 </loc>
		<lastmod> 2022-08-22 17:04:53.276695 </lastmod>
	</url><url>
		<loc> https://geoconnex.us/ref/hu06/020501 </loc>
		<lastmod> 2022-08-22 17:04:53.276711 </lastmod>
	</url><url>
		<loc> https://geoconnex.us/ref/hu06/041300 </loc>
		<lastmod> 2022-08-22 17:04:53.276727 </lastmod>
	</url><url>
		<loc> https://geoconnex.us/ref/hu06/050301 </loc>
		<lastmod> 2022-08-22 17:04:53.276742 </lastmod>
	</url><url>
		<loc> https://geoconnex.us/ref/hu06/210200 </loc>
		<lastmod> 2022-08-22 17:04:53.276758 </lastmod>
	</url><url>
		<loc> https://geoconnex.us/ref/hu06/010900 </loc>
		<lastmod> 2022-08-22 17:04:53.276774 </lastmod>
	</url><url>
		<loc> https://geoconnex.us/ref/hu06/030402 </loc>
		<lastmod> 2022-08-22 17:04:53.276790 </lastmod>
	</url><url>
		<loc> https://geoconnex.us/ref/hu06/030502 </loc>
		<lastmod> 2022-08-22 17:04:53.276839 </lastmod>
	</url><url>
		<loc> https://geoconnex.us/ref/hu06/030601 </loc>
		<lastmod> 2022-08-22 17:04:53.276855 </lastmod>
	</url><url>
		<loc> https://geoconnex.us/ref/hu06/030501 </loc>
		<lastmod> 2022-08-22 17:04:53.276870 </lastmod>
	</url><url>
		<loc> https://geoconnex.us/ref/hu06/101303 </loc>
		<lastmod> 2022-08-22 17:04:53.276885 </lastmod>
	</url><url>
		<loc> https://geoconnex.us/ref/hu06/101301 </loc>
		<lastmod> 2022-08-22 17:04:53.276901 </lastmod>
	</url><url>
		<loc> https://geoconnex.us/ref/hu06/101600 </loc>
		<lastmod> 2022-08-22 17:04:53.276917 </lastmod>
	</url><url>
		<loc> https://geoconnex.us/ref/hu06/101401 </loc>
		<lastmod> 2022-08-22 17:04:53.276933 </lastmod>
	</url><url>
		<loc> https://geoconnex.us/ref/hu06/101402 </loc>
		<lastmod> 2022-08-22 17:04:53.276948 </lastmod>
	</url><url>
		<loc> https://geoconnex.us/ref/hu06/101202 </loc>
		<lastmod> 2022-08-22 17:04:53.276964 </lastmod>
	</url><url>
		<loc> https://geoconnex.us/ref/hu06/051302 </loc>
		<lastmod> 2022-08-22 17:04:53.276979 </lastmod>
	</url><url>
		<loc> https://geoconnex.us/ref/hu06/051301 </loc>
		<lastmod> 2022-08-22 17:04:53.276995 </lastmod>
	</url><url>
		<loc> https://geoconnex.us/ref/hu06/060400 </loc>
		<lastmod> 2022-08-22 17:04:53.277010 </lastmod>
	</url><url>
		<loc> https://geoconnex.us/ref/hu06/080102 </loc>
		<lastmod> 2022-08-22 17:04:53.277025 </lastmod>
	</url><url>
		<loc> https://geoconnex.us/ref/hu06/111002 </loc>
		<lastmod> 2022-08-22 17:04:53.277041 </lastmod>
	</url><url>
		<loc> https://geoconnex.us/ref/hu06/120200 </loc>
		<lastmod> 2022-08-22 17:04:53.277056 </lastmod>
	</url><url>
		<loc> https://geoconnex.us/ref/hu06/120301 </loc>
		<lastmod> 2022-08-22 17:04:53.277071 </lastmod>
	</url><url>
		<loc> https://geoconnex.us/ref/hu06/120302 </loc>
		<lastmod> 2022-08-22 17:04:53.277086 </lastmod>
	</url><url>
		<loc> https://geoconnex.us/ref/hu06/120401 </loc>
		<lastmod> 2022-08-22 17:04:53.277102 </lastmod>
	</url><url>
		<loc> https://geoconnex.us/ref/hu06/120402 </loc>
		<lastmod> 2022-08-22 17:04:53.277117 </lastmod>
	</url><url>
		<loc> https://geoconnex.us/ref/hu06/120500 </loc>
		<lastmod> 2022-08-22 17:04:53.277132 </lastmod>
	</url><url>
		<loc> https://geoconnex.us/ref/hu06/120601 </loc>
		<lastmod> 2022-08-22 17:04:53.277147 </lastmod>
	</url><url>
		<loc> https://geoconnex.us/ref/hu06/120602 </loc>
		<lastmod> 2022-08-22 17:04:53.277162 </lastmod>
	</url><url>
		<loc> https://geoconnex.us/ref/hu06/120701 </loc>
		<lastmod> 2022-08-22 17:04:53.277177 </lastmod>
	</url><url>
		<loc> https://geoconnex.us/ref/hu06/120702 </loc>
		<lastmod> 2022-08-22 17:04:53.277193 </lastmod>
	</url><url>
		<loc> https://geoconnex.us/ref/hu06/120800 </loc>
		<lastmod> 2022-08-22 17:04:53.277208 </lastmod>
	</url><url>
		<loc> https://geoconnex.us/ref/hu06/120901 </loc>
		<lastmod> 2022-08-22 17:04:53.277223 </lastmod>
	</url><url>
		<loc> https://geoconnex.us/ref/hu06/120902 </loc>
		<lastmod> 2022-08-22 17:04:53.277238 </lastmod>
	</url><url>
		<loc> https://geoconnex.us/ref/hu06/120903 </loc>
		<lastmod> 2022-08-22 17:04:53.277254 </lastmod>
	</url><url>
		<loc> https://geoconnex.us/ref/hu06/120904 </loc>
		<lastmod> 2022-08-22 17:04:53.277269 </lastmod>
	</url><url>
		<loc> https://geoconnex.us/ref/hu06/121001 </loc>
		<lastmod> 2022-08-22 17:04:53.277284 </lastmod>
	</url><url>
		<loc> https://geoconnex.us/ref/hu06/121002 </loc>
		<lastmod> 2022-08-22 17:04:53.277299 </lastmod>
	</url><url>
		<loc> https://geoconnex.us/ref/hu06/121003 </loc>
		<lastmod> 2022-08-22 17:04:53.277314 </lastmod>
	</url><url>
		<loc> https://geoconnex.us/ref/hu06/121004 </loc>
		<lastmod> 2022-08-22 17:04:53.277330 </lastmod>
	</url><url>
		<loc> https://geoconnex.us/ref/hu06/121101 </loc>
		<lastmod> 2022-08-22 17:04:53.277346 </lastmod>
	</url><url>
		<loc> https://geoconnex.us/ref/hu06/121102 </loc>
		<lastmod> 2022-08-22 17:04:53.277362 </lastmod>
	</url><url>
		<loc> https://geoconnex.us/ref/hu06/130401 </loc>
		<lastmod> 2022-08-22 17:04:53.277378 </lastmod>
	</url><url>
		<loc> https://geoconnex.us/ref/hu06/130402 </loc>
		<lastmod> 2022-08-22 17:04:53.277394 </lastmod>
	</url><url>
		<loc> https://geoconnex.us/ref/hu06/130403 </loc>
		<lastmod> 2022-08-22 17:04:53.277409 </lastmod>
	</url><url>
		<loc> https://geoconnex.us/ref/hu06/130700 </loc>
		<lastmod> 2022-08-22 17:04:53.277425 </lastmod>
	</url><url>
		<loc> https://geoconnex.us/ref/hu06/130800 </loc>
		<lastmod> 2022-08-22 17:04:53.277440 </lastmod>
	</url><url>
		<loc> https://geoconnex.us/ref/hu06/111403 </loc>
		<lastmod> 2022-08-22 17:04:53.277455 </lastmod>
	</url><url>
		<loc> https://geoconnex.us/ref/hu06/120100 </loc>
		<lastmod> 2022-08-22 17:04:53.277471 </lastmod>
	</url><url>
		<loc> https://geoconnex.us/ref/hu06/130900 </loc>
		<lastmod> 2022-08-22 17:04:53.277486 </lastmod>
	</url><url>
		<loc> https://geoconnex.us/ref/hu06/110901 </loc>
		<lastmod> 2022-08-22 17:04:53.277501 </lastmod>
	</url><url>
		<loc> https://geoconnex.us/ref/hu06/111201 </loc>
		<lastmod> 2022-08-22 17:04:53.277517 </lastmod>
	</url><url>
		<loc> https://geoconnex.us/ref/hu06/130500 </loc>
		<lastmod> 2022-08-22 17:04:53.277532 </lastmod>
	</url><url>
		<loc> https://geoconnex.us/ref/hu06/111001 </loc>
		<lastmod> 2022-08-22 17:04:53.277547 </lastmod>
	</url><url>
		<loc> https://geoconnex.us/ref/hu06/111301 </loc>
		<lastmod> 2022-08-22 17:04:53.277562 </lastmod>
	</url><url>
		<loc> https://geoconnex.us/ref/hu06/111302 </loc>
		<lastmod> 2022-08-22 17:04:53.277577 </lastmod>
	</url><url>
		<loc> https://geoconnex.us/ref/hu06/111401 </loc>
		<lastmod> 2022-08-22 17:04:53.277593 </lastmod>
	</url><url>
		<loc> https://geoconnex.us/ref/hu06/140600 </loc>
		<lastmod> 2022-08-22 17:04:53.277608 </lastmod>
	</url><url>
		<loc> https://geoconnex.us/ref/hu06/160201 </loc>
		<lastmod> 2022-08-22 17:04:53.277623 </lastmod>
	</url><url>
		<loc> https://geoconnex.us/ref/hu06/160202 </loc>
		<lastmod> 2022-08-22 17:04:53.277638 </lastmod>
	</url><url>
		<loc> https://geoconnex.us/ref/hu06/160102 </loc>
		<lastmod> 2022-08-22 17:04:53.277654 </lastmod>
	</url><url>
		<loc> https://geoconnex.us/ref/hu06/160101 </loc>
		<lastmod> 2022-08-22 17:04:53.277669 </lastmod>
	</url><url>
		<loc> https://geoconnex.us/ref/hu06/160203 </loc>
		<lastmod> 2022-08-22 17:04:53.277684 </lastmod>
	</url><url>
		<loc> https://geoconnex.us/ref/hu06/160300 </loc>
		<lastmod> 2022-08-22 17:04:53.277700 </lastmod>
	</url><url>
		<loc> https://geoconnex.us/ref/hu06/020802 </loc>
		<lastmod> 2022-08-22 17:04:53.277715 </lastmod>
	</url><url>
		<loc> https://geoconnex.us/ref/hu06/050702 </loc>
		<lastmod> 2022-08-22 17:04:53.277730 </lastmod>
	</url><url>
		<loc> https://geoconnex.us/ref/hu06/020801 </loc>
		<lastmod> 2022-08-22 17:04:53.277746 </lastmod>
	</url><url>
		<loc> https://geoconnex.us/ref/hu06/020403 </loc>
		<lastmod> 2022-08-22 17:04:53.277762 </lastmod>
	</url><url>
		<loc> https://geoconnex.us/ref/hu06/043002 </loc>
		<lastmod> 2022-08-22 17:04:53.277777 </lastmod>
	</url><url>
		<loc> https://geoconnex.us/ref/hu06/040302 </loc>
		<lastmod> 2022-08-22 17:04:53.277792 </lastmod>
	</url><url>
		<loc> https://geoconnex.us/ref/hu06/070500 </loc>
		<lastmod> 2022-08-22 17:04:53.277807 </lastmod>
	</url><url>
		<loc> https://geoconnex.us/ref/hu06/070700 </loc>
		<lastmod> 2022-08-22 17:04:53.277823 </lastmod>
	</url><url>
		<loc> https://geoconnex.us/ref/hu06/040301 </loc>
		<lastmod> 2022-08-22 17:04:53.277839 </lastmod>
	</url><url>
		<loc> https://geoconnex.us/ref/hu06/040103 </loc>
		<lastmod> 2022-08-22 17:04:53.277854 </lastmod>
	</url><url>
		<loc> https://geoconnex.us/ref/hu06/070300 </loc>
		<lastmod> 2022-08-22 17:04:53.277870 </lastmod>
	</url><url>
		<loc> https://geoconnex.us/ref/hu06/050701 </loc>
		<lastmod> 2022-08-22 17:04:53.277886 </lastmod>
	</url><url>
		<loc> https://geoconnex.us/ref/hu06/050901 </loc>
		<lastmod> 2022-08-22 17:04:53.277901 </lastmod>
	</url><url>
		<loc> https://geoconnex.us/ref/hu06/050200 </loc>
		<lastmod> 2022-08-22 17:04:53.277916 </lastmod>
	</url><url>
		<loc> https://geoconnex.us/ref/hu06/050302 </loc>
		<lastmod> 2022-08-22 17:04:53.277931 </lastmod>
	</url><url>
		<loc> https://geoconnex.us/ref/hu06/140402 </loc>
		<lastmod> 2022-08-22 17:04:53.277947 </lastmod>
	</url><url>
		<loc> https://geoconnex.us/ref/hu06/100700 </loc>
		<lastmod> 2022-08-22 17:04:53.277962 </lastmod>
	</url><url>
		<loc> https://geoconnex.us/ref/hu06/100800 </loc>
		<lastmod> 2022-08-22 17:04:53.277978 </lastmod>
	</url><url>
		<loc> https://geoconnex.us/ref/hu06/100901 </loc>
		<lastmod> 2022-08-22 17:04:53.277993 </lastmod>
	</url><url>
		<loc> https://geoconnex.us/ref/hu06/100902 </loc>
		<lastmod> 2022-08-22 17:04:53.278008 </lastmod>
	</url><url>
		<loc> https://geoconnex.us/ref/hu06/040400 </loc>
		<lastmod> 2022-08-22 17:04:53.278024 </lastmod>
	</url><url>
		<loc> https://geoconnex.us/ref/hu06/171003 </loc>
		<lastmod> 2022-08-22 17:04:53.278039 </lastmod>
	</url><url>
		<loc> https://geoconnex.us/ref/hu06/170602 </loc>
		<lastmod> 2022-08-22 17:04:53.278055 </lastmod>
	</url><url>
		<loc> https://geoconnex.us/ref/hu06/170603 </loc>
		<lastmod> 2022-08-22 17:04:53.278070 </lastmod>
	</url><url>
		<loc> https://geoconnex.us/ref/hu06/170402 </loc>
		<lastmod> 2022-08-22 17:04:53.278085 </lastmod>
	</url><url>
		<loc> https://geoconnex.us/ref/hu06/170103 </loc>
		<lastmod> 2022-08-22 17:04:53.278100 </lastmod>
	</url><url>
		<loc> https://geoconnex.us/ref/hu06/170401 </loc>
		<lastmod> 2022-08-22 17:04:53.278116 </lastmod>
	</url><url>
		<loc> https://geoconnex.us/ref/hu06/170101 </loc>
		<lastmod> 2022-08-22 17:04:53.278131 </lastmod>
	</url><url>
		<loc> https://geoconnex.us/ref/hu06/170102 </loc>
		<lastmod> 2022-08-22 17:04:53.278147 </lastmod>
	</url><url>
		<loc> https://geoconnex.us/ref/hu06/170501 </loc>
		<lastmod> 2022-08-22 17:04:53.278163 </lastmod>
	</url><url>
		<loc> https://geoconnex.us/ref/hu06/171200 </loc>
		<lastmod> 2022-08-22 17:04:53.278178 </lastmod>
	</url><url>
		<loc> https://geoconnex.us/ref/hu06/170502 </loc>
		<lastmod> 2022-08-22 17:04:53.278193 </lastmod>
	</url><url>
		<loc> https://geoconnex.us/ref/hu06/170702 </loc>
		<lastmod> 2022-08-22 17:04:53.278209 </lastmod>
	</url><url>
		<loc> https://geoconnex.us/ref/hu06/170703 </loc>
		<lastmod> 2022-08-22 17:04:53.278225 </lastmod>
	</url><url>
		<loc> https://geoconnex.us/ref/hu06/171002 </loc>
		<lastmod> 2022-08-22 17:04:53.278241 </lastmod>
	</url><url>
		<loc> https://geoconnex.us/ref/hu06/170701 </loc>
		<lastmod> 2022-08-22 17:04:53.278257 </lastmod>
	</url><url>
		<loc> https://geoconnex.us/ref/hu06/170800 </loc>
		<lastmod> 2022-08-22 17:04:53.278272 </lastmod>
	</url><url>
		<loc> https://geoconnex.us/ref/hu06/170200 </loc>
		<lastmod> 2022-08-22 17:04:53.278287 </lastmod>
	</url><url>
		<loc> https://geoconnex.us/ref/hu06/170300 </loc>
		<lastmod> 2022-08-22 17:04:53.278303 </lastmod>
	</url><url>
		<loc> https://geoconnex.us/ref/hu06/171001 </loc>
		<lastmod> 2022-08-22 17:04:53.278318 </lastmod>
	</url><url>
		<loc> https://geoconnex.us/ref/hu06/171100 </loc>
		<lastmod> 2022-08-22 17:04:53.278334 </lastmod>
	</url><url>
		<loc> https://geoconnex.us/ref/hu06/042800 </loc>
		<lastmod> 2022-08-22 17:04:53.278349 </lastmod>
	</url><url>
		<loc> https://geoconnex.us/ref/hu06/070102 </loc>
		<lastmod> 2022-08-22 17:04:53.278365 </lastmod>
	</url><url>
		<loc> https://geoconnex.us/ref/hu06/210100 </loc>
		<lastmod> 2022-08-22 17:04:53.278380 </lastmod>
	</url><url>
		<loc> https://geoconnex.us/ref/hu06/170601 </loc>
		<lastmod> 2022-08-22 17:04:53.278395 </lastmod>
	</url><url>
		<loc> https://geoconnex.us/ref/hu06/170900 </loc>
		<lastmod> 2022-08-22 17:04:53.278411 </lastmod>
	</url><url>
		<loc> https://geoconnex.us/ref/hu06/041201 </loc>
		<lastmod> 2022-08-22 17:04:53.278426 </lastmod>
	</url><url>
		<loc> https://geoconnex.us/ref/hu06/190301 </loc>
		<lastmod> 2022-08-22 17:04:53.278442 </lastmod>
	</url><url>
		<loc> https://geoconnex.us/ref/hu06/190101 </loc>
		<lastmod> 2022-08-22 17:04:53.278457 </lastmod>
	</url><url>
		<loc> https://geoconnex.us/ref/hu06/190105 </loc>
		<lastmod> 2022-08-22 17:04:53.278472 </lastmod>
	</url><url>
		<loc> https://geoconnex.us/ref/hu06/190102 </loc>
		<lastmod> 2022-08-22 17:04:53.278487 </lastmod>
	</url><url>
		<loc> https://geoconnex.us/ref/hu06/190207 </loc>
		<lastmod> 2022-08-22 17:04:53.278503 </lastmod>
	</url><url>
		<loc> https://geoconnex.us/ref/hu06/190103 </loc>
		<lastmod> 2022-08-22 17:04:53.278518 </lastmod>
	</url><url>
		<loc> https://geoconnex.us/ref/hu06/190303 </loc>
		<lastmod> 2022-08-22 17:04:53.278534 </lastmod>
	</url><url>
		<loc> https://geoconnex.us/ref/hu06/190302 </loc>
		<lastmod> 2022-08-22 17:04:53.278550 </lastmod>
	</url><url>
		<loc> https://geoconnex.us/ref/hu06/190203 </loc>
		<lastmod> 2022-08-22 17:04:53.278565 </lastmod>
	</url><url>
		<loc> https://geoconnex.us/ref/hu06/190701 </loc>
		<lastmod> 2022-08-22 17:04:53.278580 </lastmod>
	</url><url>
		<loc> https://geoconnex.us/ref/hu06/190208 </loc>
		<lastmod> 2022-08-22 17:04:53.278595 </lastmod>
	</url><url>
		<loc> https://geoconnex.us/ref/hu06/190104 </loc>
		<lastmod> 2022-08-22 17:04:53.278610 </lastmod>
	</url><url>
		<loc> https://geoconnex.us/ref/hu06/190202 </loc>
		<lastmod> 2022-08-22 17:04:53.278651 </lastmod>
	</url><url>
		<loc> https://geoconnex.us/ref/hu06/190206 </loc>
		<lastmod> 2022-08-22 17:04:53.278667 </lastmod>
	</url><url>
		<loc> https://geoconnex.us/ref/hu06/190204 </loc>
		<lastmod> 2022-08-22 17:04:53.278682 </lastmod>
	</url><url>
		<loc> https://geoconnex.us/ref/hu06/190305 </loc>
		<lastmod> 2022-08-22 17:04:53.278699 </lastmod>
	</url><url>
		<loc> https://geoconnex.us/ref/hu06/190205 </loc>
		<lastmod> 2022-08-22 17:04:53.278715 </lastmod>
	</url><url>
		<loc> https://geoconnex.us/ref/hu06/190704 </loc>
		<lastmod> 2022-08-22 17:04:53.278731 </lastmod>
	</url><url>
		<loc> https://geoconnex.us/ref/hu06/190903 </loc>
		<lastmod> 2022-08-22 17:04:53.278746 </lastmod>
	</url><url>
		<loc> https://geoconnex.us/ref/hu06/190304 </loc>
		<lastmod> 2022-08-22 17:04:53.278762 </lastmod>
	</url><url>
		<loc> https://geoconnex.us/ref/hu06/190803 </loc>
		<lastmod> 2022-08-22 17:04:53.278777 </lastmod>
	</url><url>
		<loc> https://geoconnex.us/ref/hu06/190501 </loc>
		<lastmod> 2022-08-22 17:04:53.278793 </lastmod>
	</url><url>
		<loc> https://geoconnex.us/ref/hu06/190902 </loc>
		<lastmod> 2022-08-22 17:04:53.278808 </lastmod>
	</url><url>
		<loc> https://geoconnex.us/ref/hu06/190705 </loc>
		<lastmod> 2022-08-22 17:04:53.278823 </lastmod>
	</url><url>
		<loc> https://geoconnex.us/ref/hu06/190502 </loc>
		<lastmod> 2022-08-22 17:04:53.278839 </lastmod>
	</url><url>
		<loc> https://geoconnex.us/ref/hu06/190804 </loc>
		<lastmod> 2022-08-22 17:04:53.278854 </lastmod>
	</url><url>
		<loc> https://geoconnex.us/ref/hu06/190505 </loc>
		<lastmod> 2022-08-22 17:04:53.278869 </lastmod>
	</url><url>
		<loc> https://geoconnex.us/ref/hu06/190503 </loc>
		<lastmod> 2022-08-22 17:04:53.278885 </lastmod>
	</url><url>
		<loc> https://geoconnex.us/ref/hu06/190901 </loc>
		<lastmod> 2022-08-22 17:04:53.278900 </lastmod>
	</url><url>
		<loc> https://geoconnex.us/ref/hu06/190504 </loc>
		<lastmod> 2022-08-22 17:04:53.278915 </lastmod>
	</url><url>
		<loc> https://geoconnex.us/ref/hu06/190802 </loc>
		<lastmod> 2022-08-22 17:04:53.278930 </lastmod>
	</url><url>
		<loc> https://geoconnex.us/ref/hu06/190801 </loc>
		<lastmod> 2022-08-22 17:04:53.278946 </lastmod>
	</url><url>
		<loc> https://geoconnex.us/ref/hu06/190605 </loc>
		<lastmod> 2022-08-22 17:04:53.278961 </lastmod>
	</url><url>
		<loc> https://geoconnex.us/ref/hu06/190601 </loc>
		<lastmod> 2022-08-22 17:04:53.278976 </lastmod>
	</url><url>
		<loc> https://geoconnex.us/ref/hu06/190603 </loc>
		<lastmod> 2022-08-22 17:04:53.278991 </lastmod>
	</url><url>
		<loc> https://geoconnex.us/ref/hu06/190604 </loc>
		<lastmod> 2022-08-22 17:04:53.279006 </lastmod>
	</url><url>
		<loc> https://geoconnex.us/ref/hu06/190602 </loc>
		<lastmod> 2022-08-22 17:04:53.279021 </lastmod>
	</url><url>
		<loc> https://geoconnex.us/ref/hu06/190201 </loc>
		<lastmod> 2022-08-22 17:04:53.279036 </lastmod>
	</url><url>
		<loc> https://geoconnex.us/ref/hu06/131000 </loc>
		<lastmod> 2022-08-22 17:04:53.279052 </lastmod>
	</url><url>
		<loc> https://geoconnex.us/ref/hu06/131100 </loc>
		<lastmod> 2022-08-22 17:04:53.279067 </lastmod>
	</url><url>
		<loc> https://geoconnex.us/ref/hu06/131200 </loc>
		<lastmod> 2022-08-22 17:04:53.279082 </lastmod>
	</url><url>
		<loc> https://geoconnex.us/ref/hu06/080103 </loc>
		<lastmod> 2022-08-22 17:04:53.279098 </lastmod>
	</url><url>
		<loc> https://geoconnex.us/ref/hu06/041600 </loc>
		<lastmod> 2022-08-22 17:04:53.279113 </lastmod>
	</url><url>
		<loc> https://geoconnex.us/ref/hu06/043300 </loc>
		<lastmod> 2022-08-22 17:04:53.279130 </lastmod>
	</url><url>
		<loc> https://geoconnex.us/ref/hu06/043200 </loc>
		<lastmod> 2022-08-22 17:04:53.279145 </lastmod>
	</url><url>
		<loc> https://geoconnex.us/ref/hu06/041700 </loc>
		<lastmod> 2022-08-22 17:04:53.279161 </lastmod>
	</url><url>
		<loc> https://geoconnex.us/ref/hu06/042000 </loc>
		<lastmod> 2022-08-22 17:04:53.279176 </lastmod>
	</url><url>
		<loc> https://geoconnex.us/ref/hu06/042300 </loc>
		<lastmod> 2022-08-22 17:04:53.279192 </lastmod>
	</url><url>
		<loc> https://geoconnex.us/ref/hu06/042200 </loc>
		<lastmod> 2022-08-22 17:04:53.279208 </lastmod>
	</url><url>
		<loc> https://geoconnex.us/ref/hu06/042100 </loc>
		<lastmod> 2022-08-22 17:04:53.279223 </lastmod>
	</url><url>
		<loc> https://geoconnex.us/ref/hu06/042500 </loc>
		<lastmod> 2022-08-22 17:04:53.279238 </lastmod>
	</url><url>
		<loc> https://geoconnex.us/ref/hu06/042701 </loc>
		<lastmod> 2022-08-22 17:04:53.279253 </lastmod>
	</url><url>
		<loc> https://geoconnex.us/ref/hu06/042702 </loc>
		<lastmod> 2022-08-22 17:04:53.279269 </lastmod>
	</url><url>
		<loc> https://geoconnex.us/ref/hu06/220202 </loc>
		<lastmod> 2022-08-22 17:04:53.279284 </lastmod>
	</url><url>
		<loc> https://geoconnex.us/ref/hu06/220201 </loc>
		<lastmod> 2022-08-22 17:04:53.279299 </lastmod>
	</url><url>
		<loc> https://geoconnex.us/ref/hu06/220400 </loc>
		<lastmod> 2022-08-22 17:04:53.279315 </lastmod>
	</url></ns0:urlset>